# This file uses centimeters as units for non-parametric coordinates.

mtllib box_send.mtl
g default
v -1.845766 1.179964 1.845766
v -1.845766 1.385026 2.050828
v -2.050828 1.385026 1.845766
v 2.050828 1.385026 1.845766
v 1.845766 1.385026 2.050828
v 1.845766 1.179964 1.845766
v -2.050828 5.076558 1.845766
v -1.845766 5.076558 2.050828
v -1.845766 5.281621 1.845766
v 1.845766 5.281621 1.845766
v 1.845766 5.076558 2.050828
v 2.050828 5.076558 1.845766
v -2.050828 5.076558 -1.845766
v -1.845766 5.281621 -1.845766
v -1.845766 5.076558 -2.050828
v 1.845766 5.076558 -2.050828
v 1.845766 5.281621 -1.845766
v 2.050828 5.076558 -1.845766
v -2.050828 1.385026 -1.845766
v -1.845766 1.385026 -2.050828
v -1.845766 1.179964 -1.845766
v 1.845766 1.179964 -1.845766
v 1.845766 1.385026 -2.050828
v 2.050828 1.385026 -1.845766
v -1.845766 5.281621 0.186234
v 1.845766 5.281621 0.122703
v 0.082672 5.281621 -1.845766
v 0.000000 5.281621 0.154468
v 0.000000 5.281621 1.845766
v 1.012254 5.281621 -1.845766
v 0.922883 5.281621 0.138586
v 0.922883 5.281621 1.845766
v -0.969013 5.281621 -1.845766
v -0.922883 5.346846 0.170351
v -0.922883 5.281621 1.845766
v -1.845766 5.281621 1.052156
v -0.922883 5.352543 1.035175
v 0.000000 5.281621 1.018196
v 0.922883 5.346846 1.001215
v 1.845766 5.281621 0.984234
v -1.845766 5.281621 -0.805061
v -0.945516 5.281621 -0.818832
v -0.028641 5.319179 -0.910705
v 0.967321 5.352543 -0.848094
v 1.845766 5.281621 -0.861532
vt 0.387499 0.987501
vt 0.375000 0.987501
vt 0.375000 0.762499
vt 0.387499 0.762499
vt 0.387499 0.012499
vt 0.387499 0.000000
vt 0.612501 0.000000
vt 0.612501 0.012499
vt 0.362501 0.012499
vt 0.387499 0.237501
vt 0.362501 0.237501
vt 0.625000 0.987501
vt 0.612501 0.987501
vt 0.612501 0.762499
vt 0.625000 0.762499
vt 0.637499 0.012499
vt 0.637499 0.237501
vt 0.612501 0.237501
vt 0.375000 0.262499
vt 0.387499 0.262499
vt 0.387499 0.487501
vt 0.375000 0.487501
vt 0.612501 0.262499
vt 0.625000 0.262499
vt 0.625000 0.487501
vt 0.612501 0.487501
vt 0.375000 0.512499
vt 0.387499 0.512499
vt 0.387499 0.737501
vt 0.375000 0.737501
vt 0.612501 0.512499
vt 0.625000 0.512499
vt 0.625000 0.737501
vt 0.612501 0.737501
vt 0.862501 0.012499
vt 0.862501 0.237501
vt 0.137499 0.012499
vt 0.137499 0.237501
vt 0.387499 0.363649
vt 0.612501 0.367521
vt 0.505039 0.487501
vt 0.500000 0.365585
vt 0.500000 0.262499
vt 0.561698 0.487501
vt 0.556251 0.366553
vt 0.556251 0.262499
vt 0.440938 0.487501
vt 0.443749 0.364617
vt 0.443749 0.262499
vt 0.387499 0.310870
vt 0.443749 0.311905
vt 0.500000 0.312940
vt 0.556251 0.313975
vt 0.612501 0.315010
vt 0.387499 0.424069
vt 0.442370 0.424909
vt 0.502490 0.425828
vt 0.558959 0.426692
vt 0.612501 0.427511
vn -0.707107 -0.707107 0.000000
vn -0.707107 -0.707107 0.000000
vn -0.707107 -0.707107 0.000000
vn -0.707107 -0.707107 0.000000
vn 0.000000 -0.707107 0.707107
vn 0.000000 -0.707107 0.707107
vn 0.000000 -0.707107 0.707107
vn 0.000000 -0.707107 0.707107
vn -0.707107 0.000000 0.707107
vn -0.707107 0.000000 0.707107
vn -0.707107 0.000000 0.707107
vn -0.707107 0.000000 0.707107
vn 0.707107 -0.707107 0.000000
vn 0.707107 -0.707107 0.000000
vn 0.707107 -0.707107 0.000000
vn 0.707107 -0.707107 0.000000
vn 0.707107 0.000000 0.707107
vn 0.707107 0.000000 0.707107
vn 0.707107 0.000000 0.707107
vn 0.707107 0.000000 0.707107
vn -0.707107 0.707107 0.000000
vn -0.707107 0.707107 0.000000
vn -0.707109 0.707105 0.000000
vn -0.707109 0.707105 0.000000
vn -0.707109 0.707105 0.000000
vn -0.707107 0.707107 0.000000
vn -0.707107 0.707107 0.000000
vn 0.000000 0.707107 0.707107
vn 0.000000 0.707107 0.707107
vn 0.000000 0.707107 0.707107
vn 0.000000 0.707107 0.707107
vn 0.000000 0.707105 0.707108
vn 0.000000 0.707105 0.707108
vn 0.000000 0.707105 0.707108
vn 0.707107 0.707107 0.000000
vn 0.707107 0.707107 0.000000
vn 0.707107 0.707107 0.000000
vn 0.707107 0.707107 0.000000
vn 0.707108 0.707105 0.000000
vn 0.707108 0.707105 0.000000
vn 0.707108 0.707105 0.000000
vn -0.707107 0.000000 -0.707107
vn -0.707107 0.000000 -0.707107
vn -0.707107 0.000000 -0.707107
vn -0.707107 0.000000 -0.707107
vn 0.000000 0.707107 -0.707107
vn 0.000000 0.707107 -0.707107
vn 0.000000 0.707105 -0.707108
vn 0.000000 0.707105 -0.707108
vn 0.000000 0.707105 -0.707108
vn 0.000000 0.707107 -0.707107
vn 0.000000 0.707107 -0.707107
vn 0.707107 0.000000 -0.707107
vn 0.707107 0.000000 -0.707107
vn 0.707107 0.000000 -0.707107
vn 0.707107 0.000000 -0.707107
vn 0.000000 -0.707107 -0.707107
vn 0.000000 -0.707107 -0.707107
vn 0.000000 -0.707107 -0.707107
vn 0.000000 -0.707107 -0.707107
vn 0.000000 0.000000 1.000000
vn 0.000000 0.000000 1.000000
vn 0.000000 0.000000 1.000000
vn 0.000000 0.000000 1.000000
vn 0.012293 0.998853 -0.046276
vn 0.010240 0.999947 0.001401
vn 0.040522 0.999178 0.001477
vn 0.000000 1.000000 0.000000
vn 0.000000 0.000000 -1.000000
vn 0.000000 0.000000 -1.000000
vn 0.000000 0.000000 -1.000000
vn 0.000000 0.000000 -1.000000
vn 0.000000 -1.000000 0.000000
vn 0.000000 -1.000000 0.000000
vn 0.000000 -1.000000 0.000000
vn 0.000000 -1.000000 0.000000
vn 1.000000 0.000000 0.000000
vn 1.000000 0.000000 0.000000
vn 1.000000 0.000000 0.000000
vn 1.000000 0.000000 0.000000
vn -1.000000 0.000000 0.000000
vn -1.000000 0.000000 0.000000
vn -1.000000 0.000000 0.000000
vn -1.000000 0.000000 0.000000
vn -0.577350 -0.577350 0.577350
vn -0.577350 -0.577350 0.577350
vn -0.577350 -0.577350 0.577350
vn 0.577350 -0.577350 0.577350
vn 0.577350 -0.577350 0.577350
vn 0.577350 -0.577350 0.577350
vn -0.577350 0.577350 0.577350
vn -0.577350 0.577350 0.577350
vn -0.577350 0.577350 0.577350
vn 0.577350 0.577350 0.577350
vn 0.577350 0.577350 0.577350
vn 0.577350 0.577350 0.577350
vn -0.577350 0.577350 -0.577350
vn -0.577350 0.577350 -0.577350
vn -0.577350 0.577350 -0.577350
vn 0.577350 0.577350 -0.577350
vn 0.577350 0.577350 -0.577350
vn 0.577350 0.577350 -0.577350
vn -0.577350 -0.577350 -0.577350
vn -0.577350 -0.577350 -0.577350
vn -0.577350 -0.577350 -0.577350
vn 0.577350 -0.577350 -0.577350
vn 0.577350 -0.577350 -0.577350
vn 0.577350 -0.577350 -0.577350
vn 0.004171 0.999965 0.007266
vn -0.000004 1.000000 -0.000001
vn 0.035146 0.999382 -0.000444
vn 0.037465 0.999296 0.001969
vn -0.010099 0.999898 -0.010112
vn -0.009969 0.999814 -0.016507
vn -0.010551 0.999897 -0.009696
vn -0.017586 0.999054 -0.039777
vn -0.005223 0.999891 -0.013809
vn 0.000105 0.999812 0.019414
vn 0.010512 0.999897 0.009733
vn 0.006813 0.999975 0.001765
vn -0.018166 0.999703 -0.016272
vn 0.000000 1.000000 0.000000
vn -0.056289 0.998218 0.019800
vn -0.054030 0.998366 -0.018611
vn 0.000000 1.000000 0.000000
vn 0.000804 0.999044 0.043706
vn 0.001542 0.999154 0.041094
vn 0.000710 0.999255 0.038586
vn 0.000000 1.000000 0.000000
s off
g box:pCube1
usemtl initialShadingGroup
f 1/1/1 3/2/2 19/3/3 21/4/4
f 2/5/5 1/6/6 6/7/7 5/8/8
f 3/9/9 2/5/10 8/10/11 7/11/12
f 4/12/13 6/13/14 22/14/15 24/15/16
f 5/8/17 4/16/18 12/17/19 11/18/20
f 7/19/21 9/20/22 36/50/23 25/39/24 41/55/25 14/21/26 13/22/27
f 9/20/28 8/10/29 11/18/30 10/23/31 32/46/32 29/43/33 35/49/34
f 10/23/35 12/24/36 18/25/37 17/26/38 45/59/39 26/40/40 40/54/41
f 13/27/42 15/28/43 20/29/44 19/30/45
f 15/28/46 14/21/47 33/47/48 27/41/49 30/44/50 17/26/51 16/31/52
f 16/31/53 18/32/54 24/33/55 23/34/56
f 21/4/57 20/29/58 23/34/59 22/14/60
f 2/5/61 5/8/62 11/18/63 8/10/64
s 1
f 30/44/65 44/58/66 45/59/67 17/26/68
s off
f 15/28/69 16/31/70 23/34/71 20/29/72
f 21/4/73 22/14/74 6/13/75 1/1/76
f 4/16/77 24/35/78 18/36/79 12/17/80
f 19/37/81 3/9/82 7/11/83 13/38/84
f 1/6/85 2/5/86 3/9/87
f 4/16/88 5/8/89 6/7/90
f 7/11/91 8/10/92 9/20/93
f 10/23/94 11/18/95 12/17/96
f 13/22/97 14/21/98 15/28/99
f 16/31/100 17/26/101 18/25/102
f 19/30/103 20/29/104 21/4/105
f 22/14/106 23/34/107 24/33/108
s 1
f 31/45/109 39/53/110 40/54/111 26/40/112
f 33/47/113 42/56/114 43/57/115 27/41/116
f 34/48/117 37/51/118 38/52/119 28/42/120
f 27/41/116 43/57/115 44/58/66 30/44/65
f 28/42/120 38/52/119 39/53/110 31/45/109
f 41/55/121 42/56/114 33/47/113 14/21/122
f 36/50/123 37/51/118 34/48/117 25/39/124
f 9/20/125 35/49/126 37/51/118 36/50/123
f 38/52/119 37/51/118 35/49/126 29/43/127
f 39/53/110 38/52/119 29/43/127 32/46/128
f 40/54/111 39/53/110 32/46/128 10/23/129
f 25/39/124 34/48/117 42/56/114 41/55/121
f 43/57/115 42/56/114 34/48/117 28/42/120
f 44/58/66 43/57/115 28/42/120 31/45/109
f 45/59/67 44/58/66 31/45/109 26/40/112
g default
v 0.117166 5.242611 -1.061317
v 0.019163 5.242611 -1.253660
v -0.133481 5.242611 -1.406303
v -0.325823 5.242611 -1.504306
v -0.539036 5.242611 -1.538076
v -0.752249 5.242611 -1.504306
v -0.944591 5.242611 -1.406303
v -1.097235 5.242611 -1.253660
v -1.195238 5.242611 -1.061317
v -1.229007 5.242611 -0.848104
v -1.195238 5.242611 -0.634892
v -1.097234 5.242611 -0.442549
v -0.944591 5.242611 -0.289906
v -0.752249 5.242611 -0.191903
v -0.539036 5.242611 -0.158133
v -0.325823 5.242611 -0.191903
v -0.133481 5.242611 -0.289906
v 0.019162 5.242611 -0.442550
v 0.117166 5.242611 -0.634892
v 0.150935 5.242611 -0.848104
v -0.107236 5.382493 -0.988405
v -0.171725 5.382493 -1.114971
v -0.272169 5.382493 -1.215415
v -0.398736 5.382493 -1.279904
v -0.539036 5.382493 -1.302125
v -0.679336 5.382493 -1.279904
v -0.805903 5.382493 -1.215415
v -0.906346 5.382493 -1.114971
v -0.970835 5.382493 -0.988405
v -0.993057 5.382493 -0.848105
v -0.970835 5.382493 -0.707804
v -0.906346 5.382493 -0.581238
v -0.805903 5.382493 -0.480794
v -0.679336 5.382493 -0.416305
v -0.539036 5.382493 -0.394084
v -0.398736 5.382493 -0.416305
v -0.272169 5.382493 -0.480794
v -0.171726 5.382493 -0.581238
v -0.107237 5.382493 -0.707805
v -0.085015 5.382493 -0.848105
v -0.539036 5.242611 -0.848105
v -0.165422 5.349424 -0.969499
v -0.221221 5.349424 -1.079011
v -0.539036 5.349424 -0.848105
v -0.308130 5.349424 -1.165920
v -0.417641 5.349424 -1.221719
v -0.539036 5.349424 -1.240946
v -0.660431 5.349424 -1.221719
v -0.769942 5.349424 -1.165920
v -0.856851 5.349424 -1.079011
v -0.912650 5.349424 -0.969499
v -0.931877 5.349424 -0.848105
v -0.912650 5.349424 -0.726710
v -0.856851 5.349424 -0.617198
v -0.769942 5.349424 -0.530289
v -0.660431 5.349424 -0.474490
v -0.539036 5.349424 -0.455263
v -0.417641 5.349424 -0.474490
v -0.308130 5.349424 -0.530289
v -0.221221 5.349424 -0.617198
v -0.165422 5.349424 -0.726710
v -0.146195 5.349424 -0.848105
vt 0.648603 0.107966
vt 0.626409 0.064408
vt 0.591842 0.029841
vt 0.548284 0.007647
vt 0.500000 -0.000000
vt 0.451716 0.007647
vt 0.408159 0.029841
vt 0.373591 0.064409
vt 0.351397 0.107966
vt 0.343750 0.156250
vt 0.351397 0.204534
vt 0.373591 0.248091
vt 0.408159 0.282659
vt 0.451716 0.304853
vt 0.500000 0.312500
vt 0.548284 0.304853
vt 0.591841 0.282659
vt 0.626409 0.248091
vt 0.648603 0.204534
vt 0.656250 0.156250
vt 0.375000 0.312500
vt 0.387500 0.312500
vt 0.400000 0.312500
vt 0.412500 0.312500
vt 0.425000 0.312500
vt 0.437500 0.312500
vt 0.450000 0.312500
vt 0.462500 0.312500
vt 0.475000 0.312500
vt 0.487500 0.312500
vt 0.500000 0.312500
vt 0.512500 0.312500
vt 0.525000 0.312500
vt 0.537500 0.312500
vt 0.550000 0.312500
vt 0.562500 0.312500
vt 0.575000 0.312500
vt 0.587500 0.312500
vt 0.600000 0.312500
vt 0.612500 0.312500
vt 0.625000 0.312500
vt 0.375000 0.687500
vt 0.387500 0.687500
vt 0.400000 0.687500
vt 0.412500 0.687500
vt 0.425000 0.687500
vt 0.437500 0.687500
vt 0.450000 0.687500
vt 0.462500 0.687500
vt 0.475000 0.687500
vt 0.487500 0.687500
vt 0.500000 0.687500
vt 0.512500 0.687500
vt 0.525000 0.687500
vt 0.537500 0.687500
vt 0.550000 0.687500
vt 0.562500 0.687500
vt 0.575000 0.687500
vt 0.587500 0.687500
vt 0.600000 0.687500
vt 0.612500 0.687500
vt 0.625000 0.687500
vt 0.648603 0.795466
vt 0.626409 0.751908
vt 0.591842 0.717341
vt 0.548284 0.695147
vt 0.500000 0.687500
vt 0.451716 0.695147
vt 0.408159 0.717341
vt 0.373591 0.751909
vt 0.351397 0.795466
vt 0.343750 0.843750
vt 0.351397 0.892034
vt 0.373591 0.935591
vt 0.408159 0.970159
vt 0.451716 0.992353
vt 0.500000 1.000000
vt 0.548284 0.992353
vt 0.591841 0.970159
vt 0.626409 0.935591
vt 0.648603 0.892034
vt 0.656250 0.843750
vt 0.500000 0.156250
vt 0.500000 0.843750
vt 0.648603 0.892034
vt 0.626409 0.935591
vt 0.591841 0.970159
vt 0.548284 0.992353
vt 0.500000 1.000000
vt 0.451716 0.992353
vt 0.408159 0.970159
vt 0.373591 0.935591
vt 0.351397 0.892034
vt 0.343750 0.843750
vt 0.351397 0.795466
vt 0.373591 0.751909
vt 0.408159 0.717341
vt 0.451716 0.695147
vt 0.500000 0.687500
vt 0.548284 0.695147
vt 0.591842 0.717341
vt 0.626409 0.751908
vt 0.648603 0.795466
vt 0.656250 0.843750
vn 0.485002 0.860198 -0.157586
vn 0.412567 0.860198 -0.299748
vn 0.412567 0.860198 -0.299747
vn 0.485002 0.860198 -0.157586
vn 0.299747 0.860198 -0.412567
vn 0.299747 0.860198 -0.412567
vn 0.157587 0.860198 -0.485002
vn 0.157587 0.860198 -0.485002
vn 0.000000 0.860198 -0.509961
vn 0.000000 0.860198 -0.509961
vn -0.157587 0.860198 -0.485002
vn -0.157587 0.860198 -0.485002
vn -0.299748 0.860197 -0.412567
vn -0.299748 0.860197 -0.412567
vn -0.412567 0.860198 -0.299747
vn -0.412567 0.860197 -0.299747
vn -0.485002 0.860197 -0.157587
vn -0.485002 0.860197 -0.157587
vn -0.509961 0.860197 0.000000
vn -0.509961 0.860197 -0.000000
vn -0.485002 0.860197 0.157587
vn -0.485002 0.860197 0.157587
vn -0.412567 0.860197 0.299748
vn -0.412567 0.860197 0.299748
vn -0.299748 0.860197 0.412567
vn -0.299748 0.860197 0.412567
vn -0.157587 0.860197 0.485002
vn -0.157587 0.860197 0.485002
vn 0.000000 0.860198 0.509961
vn 0.000000 0.860197 0.509961
vn 0.157587 0.860197 0.485002
vn 0.157587 0.860197 0.485002
vn 0.299747 0.860198 0.412567
vn 0.299748 0.860198 0.412567
vn 0.412567 0.860198 0.299747
vn 0.412567 0.860198 0.299747
vn 0.485002 0.860198 0.157587
vn 0.485002 0.860197 0.157587
vn 0.509961 0.860197 0.000000
vn 0.509961 0.860197 0.000000
vn 0.000000 -1.000000 0.000000
vn 0.000000 -1.000000 0.000000
vn 0.000000 -1.000000 0.000000
vn 0.000000 -1.000000 0.000000
vn 0.000000 -1.000000 0.000000
vn 0.000000 -1.000000 0.000000
vn 0.000000 -1.000000 0.000000
vn 0.000000 -1.000000 0.000000
vn 0.000000 -1.000000 0.000000
vn 0.000000 -1.000000 0.000000
vn 0.000000 -1.000000 0.000000
vn 0.000000 -1.000000 0.000000
vn 0.000000 -1.000000 0.000000
vn 0.000000 -1.000000 0.000000
vn 0.000000 -1.000000 0.000000
vn 0.000000 -1.000000 0.000000
vn 0.000000 -1.000000 0.000000
vn 0.000000 -1.000000 0.000000
vn 0.000000 -1.000000 0.000000
vn 0.000000 -1.000000 0.000000
vn 0.000000 -1.000000 0.000000
vn 0.000000 1.000000 0.000000
vn 0.000000 1.000000 0.000000
vn 0.000000 1.000000 0.000000
vn 0.000000 1.000000 0.000000
vn 0.000000 1.000000 0.000000
vn 0.000000 1.000000 0.000000
vn 0.000000 1.000000 -0.000000
vn 0.000000 1.000000 -0.000000
vn 0.000000 1.000000 0.000000
vn 0.000000 1.000000 0.000000
vn 0.000000 1.000000 0.000000
vn 0.000000 1.000000 0.000000
vn 0.000000 1.000000 0.000000
vn 0.000000 1.000000 0.000000
vn 0.000000 1.000000 0.000000
vn 0.000000 1.000000 0.000000
vn 0.000000 1.000000 -0.000000
vn 0.000000 1.000000 0.000000
vn 0.000000 1.000000 0.000000
vn 0.000000 1.000000 0.000000
vn 0.000000 1.000000 0.000000
vn -0.427749 0.877228 0.217949
vn -0.427749 0.877228 0.217949
vn -0.427749 0.877228 0.217949
vn -0.427749 0.877228 0.217949
vn -0.339463 0.877228 0.339464
vn -0.339463 0.877228 0.339464
vn -0.339463 0.877228 0.339464
vn -0.339463 0.877228 0.339464
vn -0.217949 0.877228 0.427749
vn -0.217949 0.877228 0.427749
vn -0.217949 0.877228 0.427749
vn -0.217949 0.877228 0.427749
vn -0.075100 0.877228 0.474164
vn -0.075100 0.877228 0.474164
vn -0.075100 0.877228 0.474164
vn -0.075100 0.877228 0.474164
vn 0.075100 0.877228 0.474164
vn 0.075100 0.877228 0.474163
vn 0.075100 0.877228 0.474164
vn 0.075100 0.877228 0.474164
vn 0.217949 0.877228 0.427749
vn 0.217949 0.877228 0.427749
vn 0.217949 0.877228 0.427749
vn 0.217949 0.877228 0.427749
vn 0.339464 0.877228 0.339463
vn 0.339464 0.877228 0.339463
vn 0.339464 0.877228 0.339463
vn 0.339464 0.877228 0.339463
vn 0.427749 0.877228 0.217949
vn 0.427749 0.877228 0.217949
vn 0.427749 0.877228 0.217949
vn 0.427749 0.877228 0.217949
vn 0.474163 0.877228 0.075100
vn 0.474163 0.877228 0.075100
vn 0.474163 0.877228 0.075100
vn 0.474163 0.877228 0.075100
vn 0.474164 0.877228 -0.075100
vn 0.474164 0.877228 -0.075100
vn 0.474164 0.877228 -0.075100
vn 0.474164 0.877228 -0.075100
vn 0.427749 0.877228 -0.217949
vn 0.427749 0.877228 -0.217949
vn 0.427749 0.877228 -0.217949
vn 0.427749 0.877228 -0.217949
vn 0.339463 0.877228 -0.339464
vn 0.339463 0.877228 -0.339464
vn 0.339463 0.877228 -0.339464
vn 0.339463 0.877228 -0.339464
vn 0.217949 0.877228 -0.427749
vn 0.217949 0.877228 -0.427749
vn 0.217949 0.877228 -0.427749
vn 0.217949 0.877228 -0.427749
vn 0.075100 0.877228 -0.474164
vn 0.075100 0.877228 -0.474164
vn 0.075100 0.877228 -0.474164
vn 0.075100 0.877228 -0.474164
vn -0.075100 0.877228 -0.474164
vn -0.075100 0.877228 -0.474164
vn -0.075100 0.877228 -0.474164
vn -0.075100 0.877228 -0.474164
vn -0.217949 0.877228 -0.427749
vn -0.217949 0.877228 -0.427749
vn -0.217949 0.877228 -0.427749
vn -0.217949 0.877228 -0.427749
vn -0.339464 0.877228 -0.339464
vn -0.339464 0.877228 -0.339464
vn -0.339464 0.877228 -0.339464
vn -0.339464 0.877228 -0.339464
vn -0.427749 0.877228 -0.217949
vn -0.427749 0.877228 -0.217949
vn -0.427749 0.877228 -0.217949
vn -0.427749 0.877228 -0.217949
vn -0.474164 0.877228 -0.075100
vn -0.474164 0.877228 -0.075100
vn -0.474164 0.877228 -0.075100
vn -0.474164 0.877228 -0.075100
vn -0.474164 0.877228 0.075099
vn -0.474164 0.877228 0.075099
vn -0.474164 0.877228 0.075099
vn -0.474164 0.877228 0.075099
s 1
g pCylinder1
usemtl initialShadingGroup
f 46/80/130 47/81/131 67/102/132 66/101/133
f 47/81/131 48/82/134 68/103/135 67/102/132
f 48/82/134 49/83/136 69/104/137 68/103/135
f 49/83/136 50/84/138 70/105/139 69/104/137
f 50/84/138 51/85/140 71/106/141 70/105/139
f 51/85/140 52/86/142 72/107/143 71/106/141
f 52/86/142 53/87/144 73/108/145 72/107/143
f 53/87/144 54/88/146 74/109/147 73/108/145
f 54/88/146 55/89/148 75/110/149 74/109/147
f 55/89/148 56/90/150 76/111/151 75/110/149
f 56/90/150 57/91/152 77/112/153 76/111/151
f 57/91/152 58/92/154 78/113/155 77/112/153
f 58/92/154 59/93/156 79/114/157 78/113/155
f 59/93/156 60/94/158 80/115/159 79/114/157
f 60/94/158 61/95/160 81/116/161 80/115/159
f 61/95/160 62/96/162 82/117/163 81/116/161
f 62/96/162 63/97/164 83/118/165 82/117/163
f 63/97/164 64/98/166 84/119/167 83/118/165
f 64/98/166 65/99/168 85/120/169 84/119/167
f 65/99/168 46/100/130 66/121/133 85/120/169
s 2
f 47/61/170 46/60/171 86/142/172
f 48/62/173 47/61/170 86/142/172
f 49/63/174 48/62/173 86/142/172
f 50/64/175 49/63/174 86/142/172
f 51/65/176 50/64/175 86/142/172
f 52/66/177 51/65/176 86/142/172
f 53/67/178 52/66/177 86/142/172
f 54/68/179 53/67/178 86/142/172
f 55/69/180 54/68/179 86/142/172
f 56/70/181 55/69/180 86/142/172
f 57/71/182 56/70/181 86/142/172
f 58/72/183 57/71/182 86/142/172
f 59/73/184 58/72/183 86/142/172
f 60/74/185 59/73/184 86/142/172
f 61/75/186 60/74/185 86/142/172
f 62/76/187 61/75/186 86/142/172
f 63/77/188 62/76/187 86/142/172
f 64/78/189 63/77/188 86/142/172
f 65/79/190 64/78/189 86/142/172
f 46/60/171 65/79/190 86/142/172
s 3
f 87/144/191 88/145/192 89/143/193
f 88/145/192 90/146/194 89/143/193
f 90/146/194 91/147/195 89/143/193
f 91/147/195 92/148/196 89/143/193
f 92/148/196 93/149/197 89/143/193
f 93/149/197 94/150/198 89/143/193
f 94/150/198 95/151/199 89/143/193
f 95/151/199 96/152/200 89/143/193
f 96/152/200 97/153/201 89/143/193
f 97/153/201 98/154/202 89/143/193
f 98/154/202 99/155/203 89/143/193
f 99/155/203 100/156/204 89/143/193
f 100/156/204 101/157/205 89/143/193
f 101/157/205 102/158/206 89/143/193
f 102/158/206 103/159/207 89/143/193
f 103/159/207 104/160/208 89/143/193
f 104/160/208 105/161/209 89/143/193
f 105/161/209 106/162/210 89/143/193
f 106/162/210 107/163/211 89/143/193
f 107/163/211 87/144/191 89/143/193
s off
f 66/140/212 67/139/213 88/145/214 87/144/215
f 67/139/216 68/138/217 90/146/218 88/145/219
f 68/138/220 69/137/221 91/147/222 90/146/223
f 69/137/224 70/136/225 92/148/226 91/147/227
f 70/136/228 71/135/229 93/149/230 92/148/231
f 71/135/232 72/134/233 94/150/234 93/149/235
f 72/134/236 73/133/237 95/151/238 94/150/239
f 73/133/240 74/132/241 96/152/242 95/151/243
f 74/132/244 75/131/245 97/153/246 96/152/247
f 75/131/248 76/130/249 98/154/250 97/153/251
f 76/130/252 77/129/253 99/155/254 98/154/255
f 77/129/256 78/128/257 100/156/258 99/155/259
f 78/128/260 79/127/261 101/157/262 100/156/263
f 79/127/264 80/126/265 102/158/266 101/157/267
f 80/126/268 81/125/269 103/159/270 102/158/271
f 81/125/272 82/124/273 104/160/274 103/159/275
f 82/124/276 83/123/277 105/161/278 104/160/279
f 83/123/280 84/122/281 106/162/282 105/161/283
f 84/122/284 85/141/285 107/163/286 106/162/287
f 85/141/288 66/140/289 87/144/290 107/163/291
g default
v 1.550046 5.275172 0.305409
v 1.479126 5.275172 0.166219
v 1.368665 5.275172 0.055758
v 1.229475 5.275172 -0.015163
v 1.075183 5.275172 -0.039600
v 0.920890 5.275172 -0.015163
v 0.781701 5.275172 0.055758
v 0.671239 5.275172 0.166219
v 0.600319 5.275172 0.305409
v 0.575881 5.275172 0.459701
v 0.600319 5.275172 0.613994
v 0.671240 5.275172 0.753183
v 0.781701 5.275172 0.863644
v 0.920890 5.275172 0.934565
v 1.075183 5.275172 0.959002
v 1.229475 5.275172 0.934565
v 1.368664 5.275172 0.863644
v 1.479126 5.275172 0.753183
v 1.550046 5.275172 0.613994
v 1.574484 5.275172 0.459701
v 1.387656 5.376398 0.358172
v 1.340989 5.376398 0.266582
v 1.268302 5.376398 0.193895
v 1.176711 5.376398 0.147227
v 1.075183 5.376398 0.131147
v 0.973654 5.376398 0.147227
v 0.882063 5.376398 0.193895
v 0.809377 5.376398 0.266582
v 0.762709 5.376398 0.358172
v 0.746628 5.376398 0.459701
v 0.762709 5.376398 0.561230
v 0.809377 5.376398 0.652820
v 0.882063 5.376398 0.725507
v 0.973654 5.376398 0.772175
v 1.075183 5.376398 0.788255
v 1.176711 5.376398 0.772175
v 1.268302 5.376398 0.725507
v 1.340988 5.376398 0.652820
v 1.387656 5.376398 0.561230
v 1.403737 5.376398 0.459701
v 1.075183 5.275172 0.459701
v 1.345550 5.352467 0.371853
v 1.305171 5.352467 0.292605
v 1.075183 5.352467 0.459701
v 1.242279 5.352467 0.229712
v 1.163030 5.352467 0.189333
v 1.075183 5.352467 0.175420
v 0.987335 5.352467 0.189333
v 0.908086 5.352467 0.229712
v 0.845194 5.352467 0.292605
v 0.804815 5.352467 0.371853
v 0.790901 5.352467 0.459701
v 0.804815 5.352467 0.547549
v 0.845194 5.352467 0.626797
v 0.908086 5.352467 0.689690
v 0.987335 5.352467 0.730069
v 1.075183 5.352467 0.743982
v 1.163030 5.352467 0.730069
v 1.242279 5.352467 0.689690
v 1.305171 5.352467 0.626797
v 1.345550 5.352467 0.547549
v 1.359464 5.352467 0.459701
vt 0.648603 0.107966
vt 0.626409 0.064408
vt 0.591842 0.029841
vt 0.548284 0.007647
vt 0.500000 -0.000000
vt 0.451716 0.007647
vt 0.408159 0.029841
vt 0.373591 0.064409
vt 0.351397 0.107966
vt 0.343750 0.156250
vt 0.351397 0.204534
vt 0.373591 0.248091
vt 0.408159 0.282659
vt 0.451716 0.304853
vt 0.500000 0.312500
vt 0.548284 0.304853
vt 0.591841 0.282659
vt 0.626409 0.248091
vt 0.648603 0.204534
vt 0.656250 0.156250
vt 0.375000 0.312500
vt 0.387500 0.312500
vt 0.400000 0.312500
vt 0.412500 0.312500
vt 0.425000 0.312500
vt 0.437500 0.312500
vt 0.450000 0.312500
vt 0.462500 0.312500
vt 0.475000 0.312500
vt 0.487500 0.312500
vt 0.500000 0.312500
vt 0.512500 0.312500
vt 0.525000 0.312500
vt 0.537500 0.312500
vt 0.550000 0.312500
vt 0.562500 0.312500
vt 0.575000 0.312500
vt 0.587500 0.312500
vt 0.600000 0.312500
vt 0.612500 0.312500
vt 0.625000 0.312500
vt 0.375000 0.687500
vt 0.387500 0.687500
vt 0.400000 0.687500
vt 0.412500 0.687500
vt 0.425000 0.687500
vt 0.437500 0.687500
vt 0.450000 0.687500
vt 0.462500 0.687500
vt 0.475000 0.687500
vt 0.487500 0.687500
vt 0.500000 0.687500
vt 0.512500 0.687500
vt 0.525000 0.687500
vt 0.537500 0.687500
vt 0.550000 0.687500
vt 0.562500 0.687500
vt 0.575000 0.687500
vt 0.587500 0.687500
vt 0.600000 0.687500
vt 0.612500 0.687500
vt 0.625000 0.687500
vt 0.648603 0.795466
vt 0.626409 0.751908
vt 0.591842 0.717341
vt 0.548284 0.695147
vt 0.500000 0.687500
vt 0.451716 0.695147
vt 0.408159 0.717341
vt 0.373591 0.751909
vt 0.351397 0.795466
vt 0.343750 0.843750
vt 0.351397 0.892034
vt 0.373591 0.935591
vt 0.408159 0.970159
vt 0.451716 0.992353
vt 0.500000 1.000000
vt 0.548284 0.992353
vt 0.591841 0.970159
vt 0.626409 0.935591
vt 0.648603 0.892034
vt 0.656250 0.843750
vt 0.500000 0.156250
vt 0.500000 0.843750
vt 0.648603 0.892034
vt 0.626409 0.935591
vt 0.591841 0.970159
vt 0.548284 0.992353
vt 0.500000 1.000000
vt 0.451716 0.992353
vt 0.408159 0.970159
vt 0.373591 0.935591
vt 0.351397 0.892034
vt 0.343750 0.843750
vt 0.351397 0.795466
vt 0.373591 0.751909
vt 0.408159 0.717341
vt 0.451716 0.695147
vt 0.500000 0.687500
vt 0.548284 0.695147
vt 0.591842 0.717341
vt 0.626409 0.751908
vt 0.648603 0.795466
vt 0.656250 0.843750
vn 0.485002 0.860197 -0.157586
vn 0.412567 0.860197 -0.299747
vn 0.412567 0.860198 -0.299747
vn 0.485002 0.860197 -0.157586
vn 0.299747 0.860198 -0.412567
vn 0.299747 0.860198 -0.412567
vn 0.157587 0.860198 -0.485002
vn 0.157587 0.860197 -0.485002
vn 0.000000 0.860197 -0.509961
vn 0.000000 0.860198 -0.509961
vn -0.157587 0.860198 -0.485002
vn -0.157587 0.860197 -0.485002
vn -0.299748 0.860197 -0.412567
vn -0.299748 0.860197 -0.412567
vn -0.412567 0.860197 -0.299747
vn -0.412567 0.860197 -0.299747
vn -0.485002 0.860197 -0.157587
vn -0.485002 0.860197 -0.157587
vn -0.509961 0.860197 0.000000
vn -0.509961 0.860197 -0.000000
vn -0.485002 0.860197 0.157587
vn -0.485002 0.860197 0.157587
vn -0.412567 0.860197 0.299748
vn -0.412567 0.860197 0.299748
vn -0.299748 0.860197 0.412567
vn -0.299748 0.860197 0.412567
vn -0.157587 0.860197 0.485002
vn -0.157587 0.860197 0.485002
vn 0.000000 0.860197 0.509961
vn 0.000000 0.860197 0.509961
vn 0.157587 0.860197 0.485002
vn 0.157587 0.860197 0.485002
vn 0.299747 0.860197 0.412567
vn 0.299747 0.860197 0.412567
vn 0.412567 0.860197 0.299747
vn 0.412567 0.860198 0.299747
vn 0.485002 0.860197 0.157587
vn 0.485002 0.860197 0.157587
vn 0.509961 0.860197 0.000000
vn 0.509961 0.860197 0.000000
vn 0.000000 -1.000000 0.000000
vn 0.000000 -1.000000 0.000000
vn 0.000000 -1.000000 0.000000
vn 0.000000 -1.000000 0.000000
vn 0.000000 -1.000000 0.000000
vn 0.000000 -1.000000 0.000000
vn 0.000000 -1.000000 0.000000
vn 0.000000 -1.000000 0.000000
vn 0.000000 -1.000000 0.000000
vn 0.000000 -1.000000 0.000000
vn 0.000000 -1.000000 0.000000
vn 0.000000 -1.000000 0.000000
vn 0.000000 -1.000000 0.000000
vn 0.000000 -1.000000 0.000000
vn 0.000000 -1.000000 0.000000
vn 0.000000 -1.000000 0.000000
vn 0.000000 -1.000000 0.000000
vn 0.000000 -1.000000 0.000000
vn 0.000000 -1.000000 0.000000
vn 0.000000 -1.000000 0.000000
vn 0.000000 -1.000000 0.000000
vn 0.000000 1.000000 0.000000
vn 0.000000 1.000000 0.000000
vn 0.000000 1.000000 0.000000
vn 0.000000 1.000000 0.000000
vn 0.000000 1.000000 0.000000
vn 0.000000 1.000000 0.000000
vn 0.000000 1.000000 -0.000000
vn 0.000000 1.000000 -0.000000
vn 0.000000 1.000000 0.000000
vn 0.000000 1.000000 0.000000
vn 0.000000 1.000000 0.000000
vn 0.000000 1.000000 0.000000
vn 0.000000 1.000000 0.000000
vn 0.000000 1.000000 0.000000
vn 0.000000 1.000000 0.000000
vn 0.000000 1.000000 0.000000
vn 0.000000 1.000000 -0.000000
vn 0.000000 1.000000 0.000000
vn 0.000000 1.000000 0.000000
vn 0.000000 1.000000 0.000000
vn 0.000000 1.000000 0.000000
vn -0.427749 0.877228 0.217949
vn -0.427749 0.877228 0.217949
vn -0.427749 0.877228 0.217949
vn -0.427749 0.877228 0.217949
vn -0.339463 0.877228 0.339464
vn -0.339463 0.877228 0.339464
vn -0.339463 0.877228 0.339464
vn -0.339463 0.877228 0.339464
vn -0.217949 0.877228 0.427749
vn -0.217949 0.877228 0.427749
vn -0.217949 0.877228 0.427749
vn -0.217949 0.877228 0.427749
vn -0.075100 0.877228 0.474164
vn -0.075100 0.877228 0.474164
vn -0.075100 0.877228 0.474164
vn -0.075100 0.877228 0.474164
vn 0.075100 0.877228 0.474164
vn 0.075100 0.877228 0.474164
vn 0.075100 0.877228 0.474164
vn 0.075100 0.877228 0.474164
vn 0.217949 0.877228 0.427749
vn 0.217949 0.877228 0.427749
vn 0.217949 0.877228 0.427749
vn 0.217949 0.877228 0.427749
vn 0.339464 0.877228 0.339463
vn 0.339464 0.877228 0.339463
vn 0.339464 0.877228 0.339463
vn 0.339464 0.877228 0.339463
vn 0.427749 0.877228 0.217949
vn 0.427749 0.877228 0.217949
vn 0.427749 0.877228 0.217949
vn 0.427749 0.877228 0.217949
vn 0.474163 0.877228 0.075100
vn 0.474163 0.877228 0.075100
vn 0.474163 0.877228 0.075100
vn 0.474163 0.877228 0.075100
vn 0.474164 0.877228 -0.075100
vn 0.474163 0.877228 -0.075100
vn 0.474163 0.877228 -0.075100
vn 0.474164 0.877228 -0.075100
vn 0.427749 0.877228 -0.217949
vn 0.427749 0.877228 -0.217949
vn 0.427749 0.877228 -0.217949
vn 0.427749 0.877228 -0.217949
vn 0.339463 0.877228 -0.339464
vn 0.339463 0.877228 -0.339464
vn 0.339463 0.877228 -0.339464
vn 0.339463 0.877228 -0.339464
vn 0.217949 0.877228 -0.427749
vn 0.217949 0.877228 -0.427749
vn 0.217949 0.877228 -0.427749
vn 0.217949 0.877228 -0.427749
vn 0.075100 0.877228 -0.474164
vn 0.075100 0.877228 -0.474164
vn 0.075100 0.877228 -0.474164
vn 0.075100 0.877228 -0.474164
vn -0.075100 0.877228 -0.474164
vn -0.075100 0.877228 -0.474164
vn -0.075100 0.877228 -0.474164
vn -0.075100 0.877228 -0.474164
vn -0.217949 0.877228 -0.427749
vn -0.217949 0.877228 -0.427749
vn -0.217949 0.877228 -0.427749
vn -0.217949 0.877228 -0.427749
vn -0.339464 0.877228 -0.339464
vn -0.339464 0.877228 -0.339464
vn -0.339464 0.877228 -0.339464
vn -0.339464 0.877228 -0.339464
vn -0.427749 0.877228 -0.217949
vn -0.427749 0.877228 -0.217949
vn -0.427749 0.877228 -0.217949
vn -0.427749 0.877228 -0.217949
vn -0.474164 0.877228 -0.075100
vn -0.474164 0.877228 -0.075100
vn -0.474164 0.877228 -0.075100
vn -0.474164 0.877228 -0.075100
vn -0.474163 0.877228 0.075099
vn -0.474164 0.877228 0.075099
vn -0.474164 0.877228 0.075099
vn -0.474164 0.877228 0.075099
s 1
g pCylinder2
usemtl initialShadingGroup
f 108/184/292 109/185/293 129/206/294 128/205/295
f 109/185/293 110/186/296 130/207/297 129/206/294
f 110/186/296 111/187/298 131/208/299 130/207/297
f 111/187/298 112/188/300 132/209/301 131/208/299
f 112/188/300 113/189/302 133/210/303 132/209/301
f 113/189/302 114/190/304 134/211/305 133/210/303
f 114/190/304 115/191/306 135/212/307 134/211/305
f 115/191/306 116/192/308 136/213/309 135/212/307
f 116/192/308 117/193/310 137/214/311 136/213/309
f 117/193/310 118/194/312 138/215/313 137/214/311
f 118/194/312 119/195/314 139/216/315 138/215/313
f 119/195/314 120/196/316 140/217/317 139/216/315
f 120/196/316 121/197/318 141/218/319 140/217/317
f 121/197/318 122/198/320 142/219/321 141/218/319
f 122/198/320 123/199/322 143/220/323 142/219/321
f 123/199/322 124/200/324 144/221/325 143/220/323
f 124/200/324 125/201/326 145/222/327 144/221/325
f 125/201/326 126/202/328 146/223/329 145/222/327
f 126/202/328 127/203/330 147/224/331 146/223/329
f 127/203/330 108/204/292 128/225/295 147/224/331
s 2
f 109/165/332 108/164/333 148/246/334
f 110/166/335 109/165/332 148/246/334
f 111/167/336 110/166/335 148/246/334
f 112/168/337 111/167/336 148/246/334
f 113/169/338 112/168/337 148/246/334
f 114/170/339 113/169/338 148/246/334
f 115/171/340 114/170/339 148/246/334
f 116/172/341 115/171/340 148/246/334
f 117/173/342 116/172/341 148/246/334
f 118/174/343 117/173/342 148/246/334
f 119/175/344 118/174/343 148/246/334
f 120/176/345 119/175/344 148/246/334
f 121/177/346 120/176/345 148/246/334
f 122/178/347 121/177/346 148/246/334
f 123/179/348 122/178/347 148/246/334
f 124/180/349 123/179/348 148/246/334
f 125/181/350 124/180/349 148/246/334
f 126/182/351 125/181/350 148/246/334
f 127/183/352 126/182/351 148/246/334
f 108/164/333 127/183/352 148/246/334
s 3
f 149/248/353 150/249/354 151/247/355
f 150/249/354 152/250/356 151/247/355
f 152/250/356 153/251/357 151/247/355
f 153/251/357 154/252/358 151/247/355
f 154/252/358 155/253/359 151/247/355
f 155/253/359 156/254/360 151/247/355
f 156/254/360 157/255/361 151/247/355
f 157/255/361 158/256/362 151/247/355
f 158/256/362 159/257/363 151/247/355
f 159/257/363 160/258/364 151/247/355
f 160/258/364 161/259/365 151/247/355
f 161/259/365 162/260/366 151/247/355
f 162/260/366 163/261/367 151/247/355
f 163/261/367 164/262/368 151/247/355
f 164/262/368 165/263/369 151/247/355
f 165/263/369 166/264/370 151/247/355
f 166/264/370 167/265/371 151/247/355
f 167/265/371 168/266/372 151/247/355
f 168/266/372 169/267/373 151/247/355
f 169/267/373 149/248/353 151/247/355
s off
f 128/244/374 129/243/375 150/249/376 149/248/377
f 129/243/378 130/242/379 152/250/380 150/249/381
f 130/242/382 131/241/383 153/251/384 152/250/385
f 131/241/386 132/240/387 154/252/388 153/251/389
f 132/240/390 133/239/391 155/253/392 154/252/393
f 133/239/394 134/238/395 156/254/396 155/253/397
f 134/238/398 135/237/399 157/255/400 156/254/401
f 135/237/402 136/236/403 158/256/404 157/255/405
f 136/236/406 137/235/407 159/257/408 158/256/409
f 137/235/410 138/234/411 160/258/412 159/257/413
f 138/234/414 139/233/415 161/259/416 160/258/417
f 139/233/418 140/232/419 162/260/420 161/259/421
f 140/232/422 141/231/423 163/261/424 162/260/425
f 141/231/426 142/230/427 164/262/428 163/261/429
f 142/230/430 143/229/431 165/263/432 164/262/433
f 143/229/434 144/228/435 166/264/436 165/263/437
f 144/228/438 145/227/439 167/265/440 166/264/441
f 145/227/442 146/226/443 168/266/444 167/265/445
f 146/226/446 147/245/447 169/267/448 168/266/449
f 147/245/450 128/244/451 149/248/452 169/267/453
g default
v -1.053601 5.302567 1.095774
v -1.086135 5.302567 1.031923
v -1.136807 5.302567 0.981251
v -1.200658 5.302567 0.948717
v -1.271438 5.302567 0.937507
v -1.342217 5.302567 0.948717
v -1.406068 5.302567 0.981251
v -1.456740 5.302567 1.031923
v -1.489274 5.302567 1.095774
v -1.500484 5.302567 1.166553
v -1.489274 5.302567 1.237333
v -1.456740 5.302567 1.301184
v -1.406068 5.302567 1.351856
v -1.342217 5.302567 1.384390
v -1.271438 5.302567 1.395600
v -1.200658 5.302567 1.384390
v -1.136807 5.302567 1.351856
v -1.086135 5.302567 1.301184
v -1.053601 5.302567 1.237333
v -1.042391 5.302567 1.166553
v -1.128095 5.349003 1.119979
v -1.149503 5.349003 1.077963
v -1.182847 5.349003 1.044619
v -1.224863 5.349003 1.023211
v -1.271438 5.349003 1.015834
v -1.318012 5.349003 1.023211
v -1.360028 5.349003 1.044619
v -1.393372 5.349003 1.077963
v -1.414780 5.349003 1.119979
v -1.422157 5.349003 1.166553
v -1.414780 5.349003 1.213128
v -1.393372 5.349003 1.255144
v -1.360028 5.349003 1.288488
v -1.318012 5.349003 1.309896
v -1.271438 5.349003 1.317273
v -1.224863 5.349003 1.309896
v -1.182847 5.349003 1.288488
v -1.149503 5.349003 1.255144
v -1.128095 5.349003 1.213128
v -1.120718 5.349003 1.166553
v -1.271438 5.302567 1.166553
v -1.147411 5.338025 1.126255
v -1.165934 5.338025 1.089901
v -1.271438 5.338025 1.166553
v -1.194785 5.338025 1.061050
v -1.231139 5.338025 1.042526
v -1.271438 5.338025 1.036144
v -1.311736 5.338025 1.042526
v -1.348091 5.338025 1.061050
v -1.376941 5.338025 1.089901
v -1.395465 5.338025 1.126255
v -1.401847 5.338025 1.166553
v -1.395465 5.338025 1.206852
v -1.376941 5.338025 1.243206
v -1.348090 5.338025 1.272057
v -1.311736 5.338025 1.290580
v -1.271438 5.338025 1.296963
v -1.231139 5.338025 1.290580
v -1.194785 5.338025 1.272057
v -1.165934 5.338025 1.243206
v -1.147411 5.338025 1.206852
v -1.141028 5.338025 1.166553
vt 0.648603 0.107966
vt 0.626409 0.064408
vt 0.591842 0.029841
vt 0.548284 0.007647
vt 0.500000 -0.000000
vt 0.451716 0.007647
vt 0.408159 0.029841
vt 0.373591 0.064409
vt 0.351397 0.107966
vt 0.343750 0.156250
vt 0.351397 0.204534
vt 0.373591 0.248091
vt 0.408159 0.282659
vt 0.451716 0.304853
vt 0.500000 0.312500
vt 0.548284 0.304853
vt 0.591841 0.282659
vt 0.626409 0.248091
vt 0.648603 0.204534
vt 0.656250 0.156250
vt 0.375000 0.312500
vt 0.387500 0.312500
vt 0.400000 0.312500
vt 0.412500 0.312500
vt 0.425000 0.312500
vt 0.437500 0.312500
vt 0.450000 0.312500
vt 0.462500 0.312500
vt 0.475000 0.312500
vt 0.487500 0.312500
vt 0.500000 0.312500
vt 0.512500 0.312500
vt 0.525000 0.312500
vt 0.537500 0.312500
vt 0.550000 0.312500
vt 0.562500 0.312500
vt 0.575000 0.312500
vt 0.587500 0.312500
vt 0.600000 0.312500
vt 0.612500 0.312500
vt 0.625000 0.312500
vt 0.375000 0.687500
vt 0.387500 0.687500
vt 0.400000 0.687500
vt 0.412500 0.687500
vt 0.425000 0.687500
vt 0.437500 0.687500
vt 0.450000 0.687500
vt 0.462500 0.687500
vt 0.475000 0.687500
vt 0.487500 0.687500
vt 0.500000 0.687500
vt 0.512500 0.687500
vt 0.525000 0.687500
vt 0.537500 0.687500
vt 0.550000 0.687500
vt 0.562500 0.687500
vt 0.575000 0.687500
vt 0.587500 0.687500
vt 0.600000 0.687500
vt 0.612500 0.687500
vt 0.625000 0.687500
vt 0.648603 0.795466
vt 0.626409 0.751908
vt 0.591842 0.717341
vt 0.548284 0.695147
vt 0.500000 0.687500
vt 0.451716 0.695147
vt 0.408159 0.717341
vt 0.373591 0.751909
vt 0.351397 0.795466
vt 0.343750 0.843750
vt 0.351397 0.892034
vt 0.373591 0.935591
vt 0.408159 0.970159
vt 0.451716 0.992353
vt 0.500000 1.000000
vt 0.548284 0.992353
vt 0.591841 0.970159
vt 0.626409 0.935591
vt 0.648603 0.892034
vt 0.656250 0.843750
vt 0.500000 0.156250
vt 0.500000 0.843750
vt 0.648603 0.892034
vt 0.626409 0.935591
vt 0.591841 0.970159
vt 0.548284 0.992353
vt 0.500000 1.000000
vt 0.451716 0.992353
vt 0.408159 0.970159
vt 0.373591 0.935591
vt 0.351397 0.892034
vt 0.343750 0.843750
vt 0.351397 0.795466
vt 0.373591 0.751909
vt 0.408159 0.717341
vt 0.451716 0.695147
vt 0.500000 0.687500
vt 0.548284 0.695147
vt 0.591842 0.717341
vt 0.626409 0.751908
vt 0.648603 0.795466
vt 0.656250 0.843750
vn 0.485002 0.860198 -0.157586
vn 0.412567 0.860198 -0.299747
vn 0.412567 0.860198 -0.299747
vn 0.485002 0.860198 -0.157586
vn 0.299747 0.860198 -0.412567
vn 0.299747 0.860198 -0.412567
vn 0.157587 0.860198 -0.485002
vn 0.157587 0.860198 -0.485002
vn 0.000000 0.860198 -0.509961
vn 0.000000 0.860198 -0.509961
vn -0.157587 0.860198 -0.485002
vn -0.157587 0.860198 -0.485002
vn -0.299748 0.860197 -0.412567
vn -0.299748 0.860197 -0.412567
vn -0.412567 0.860198 -0.299747
vn -0.412567 0.860198 -0.299747
vn -0.485002 0.860198 -0.157587
vn -0.485002 0.860198 -0.157587
vn -0.509961 0.860198 0.000000
vn -0.509961 0.860198 -0.000000
vn -0.485002 0.860197 0.157587
vn -0.485002 0.860197 0.157587
vn -0.412567 0.860197 0.299748
vn -0.412567 0.860197 0.299748
vn -0.299748 0.860198 0.412567
vn -0.299748 0.860198 0.412567
vn -0.157587 0.860198 0.485002
vn -0.157587 0.860198 0.485002
vn 0.000000 0.860198 0.509961
vn 0.000000 0.860198 0.509961
vn 0.157587 0.860197 0.485002
vn 0.157587 0.860197 0.485002
vn 0.299747 0.860198 0.412567
vn 0.299747 0.860198 0.412567
vn 0.412567 0.860198 0.299747
vn 0.412567 0.860198 0.299747
vn 0.485002 0.860198 0.157587
vn 0.485002 0.860197 0.157587
vn 0.509961 0.860197 0.000000
vn 0.509961 0.860197 0.000000
vn 0.000000 -1.000000 0.000000
vn 0.000000 -1.000000 0.000000
vn 0.000000 -1.000000 0.000000
vn 0.000000 -1.000000 0.000000
vn 0.000000 -1.000000 0.000000
vn 0.000000 -1.000000 0.000000
vn 0.000000 -1.000000 0.000000
vn 0.000000 -1.000000 0.000000
vn 0.000000 -1.000000 0.000000
vn 0.000000 -1.000000 0.000000
vn 0.000000 -1.000000 0.000000
vn 0.000000 -1.000000 0.000000
vn 0.000000 -1.000000 0.000000
vn 0.000000 -1.000000 0.000000
vn 0.000000 -1.000000 0.000000
vn 0.000000 -1.000000 0.000000
vn 0.000000 -1.000000 0.000000
vn 0.000000 -1.000000 0.000000
vn 0.000000 -1.000000 0.000000
vn 0.000000 -1.000000 0.000000
vn 0.000000 -1.000000 0.000000
vn 0.000000 1.000000 0.000000
vn 0.000000 1.000000 0.000000
vn 0.000000 1.000000 0.000000
vn 0.000000 1.000000 0.000000
vn 0.000000 1.000000 0.000000
vn 0.000000 1.000000 0.000000
vn 0.000000 1.000000 -0.000000
vn 0.000000 1.000000 -0.000000
vn 0.000000 1.000000 0.000000
vn 0.000000 1.000000 0.000000
vn 0.000000 1.000000 0.000000
vn 0.000000 1.000000 0.000000
vn 0.000000 1.000000 0.000000
vn 0.000000 1.000000 0.000000
vn 0.000000 1.000000 0.000000
vn 0.000000 1.000000 0.000000
vn 0.000000 1.000000 -0.000000
vn 0.000000 1.000000 0.000000
vn 0.000000 1.000000 0.000000
vn 0.000000 1.000000 0.000000
vn 0.000000 1.000000 0.000000
vn -0.427749 0.877228 0.217949
vn -0.427749 0.877228 0.217949
vn -0.427749 0.877228 0.217949
vn -0.427749 0.877228 0.217949
vn -0.339463 0.877228 0.339464
vn -0.339463 0.877228 0.339464
vn -0.339463 0.877228 0.339464
vn -0.339463 0.877228 0.339464
vn -0.217949 0.877228 0.427749
vn -0.217949 0.877228 0.427749
vn -0.217949 0.877228 0.427749
vn -0.217949 0.877228 0.427749
vn -0.075100 0.877228 0.474164
vn -0.075100 0.877228 0.474163
vn -0.075100 0.877228 0.474164
vn -0.075100 0.877228 0.474163
vn 0.075100 0.877228 0.474163
vn 0.075100 0.877228 0.474163
vn 0.075100 0.877228 0.474164
vn 0.075100 0.877228 0.474164
vn 0.217949 0.877228 0.427749
vn 0.217949 0.877228 0.427749
vn 0.217949 0.877228 0.427749
vn 0.217949 0.877228 0.427749
vn 0.339464 0.877228 0.339463
vn 0.339464 0.877228 0.339463
vn 0.339464 0.877228 0.339463
vn 0.339464 0.877228 0.339463
vn 0.427749 0.877228 0.217949
vn 0.427749 0.877228 0.217949
vn 0.427749 0.877228 0.217949
vn 0.427749 0.877228 0.217949
vn 0.474163 0.877228 0.075100
vn 0.474163 0.877228 0.075100
vn 0.474163 0.877228 0.075100
vn 0.474163 0.877228 0.075100
vn 0.474163 0.877228 -0.075100
vn 0.474164 0.877228 -0.075100
vn 0.474164 0.877228 -0.075100
vn 0.474163 0.877228 -0.075100
vn 0.427749 0.877228 -0.217949
vn 0.427749 0.877228 -0.217949
vn 0.427749 0.877228 -0.217949
vn 0.427749 0.877228 -0.217949
vn 0.339463 0.877228 -0.339464
vn 0.339463 0.877228 -0.339464
vn 0.339463 0.877228 -0.339464
vn 0.339463 0.877228 -0.339464
vn 0.217949 0.877228 -0.427749
vn 0.217949 0.877228 -0.427749
vn 0.217949 0.877228 -0.427749
vn 0.217949 0.877228 -0.427749
vn 0.075100 0.877228 -0.474164
vn 0.075100 0.877228 -0.474164
vn 0.075100 0.877228 -0.474164
vn 0.075100 0.877228 -0.474164
vn -0.075100 0.877228 -0.474164
vn -0.075100 0.877228 -0.474164
vn -0.075100 0.877228 -0.474164
vn -0.075100 0.877228 -0.474164
vn -0.217949 0.877228 -0.427749
vn -0.217949 0.877228 -0.427749
vn -0.217949 0.877228 -0.427749
vn -0.217949 0.877228 -0.427749
vn -0.339464 0.877228 -0.339464
vn -0.339464 0.877228 -0.339464
vn -0.339464 0.877228 -0.339464
vn -0.339464 0.877228 -0.339464
vn -0.427749 0.877228 -0.217949
vn -0.427749 0.877228 -0.217949
vn -0.427749 0.877228 -0.217949
vn -0.427749 0.877228 -0.217949
vn -0.474164 0.877228 -0.075100
vn -0.474164 0.877228 -0.075100
vn -0.474164 0.877228 -0.075100
vn -0.474164 0.877228 -0.075100
vn -0.474163 0.877228 0.075099
vn -0.474163 0.877228 0.075099
vn -0.474163 0.877228 0.075099
vn -0.474164 0.877228 0.075099
s 1
g pCylinder3
usemtl initialShadingGroup
f 170/288/454 171/289/455 191/310/456 190/309/457
f 171/289/455 172/290/458 192/311/459 191/310/456
f 172/290/458 173/291/460 193/312/461 192/311/459
f 173/291/460 174/292/462 194/313/463 193/312/461
f 174/292/462 175/293/464 195/314/465 194/313/463
f 175/293/464 176/294/466 196/315/467 195/314/465
f 176/294/466 177/295/468 197/316/469 196/315/467
f 177/295/468 178/296/470 198/317/471 197/316/469
f 178/296/470 179/297/472 199/318/473 198/317/471
f 179/297/472 180/298/474 200/319/475 199/318/473
f 180/298/474 181/299/476 201/320/477 200/319/475
f 181/299/476 182/300/478 202/321/479 201/320/477
f 182/300/478 183/301/480 203/322/481 202/321/479
f 183/301/480 184/302/482 204/323/483 203/322/481
f 184/302/482 185/303/484 205/324/485 204/323/483
f 185/303/484 186/304/486 206/325/487 205/324/485
f 186/304/486 187/305/488 207/326/489 206/325/487
f 187/305/488 188/306/490 208/327/491 207/326/489
f 188/306/490 189/307/492 209/328/493 208/327/491
f 189/307/492 170/308/454 190/329/457 209/328/493
s 2
f 171/269/494 170/268/495 210/350/496
f 172/270/497 171/269/494 210/350/496
f 173/271/498 172/270/497 210/350/496
f 174/272/499 173/271/498 210/350/496
f 175/273/500 174/272/499 210/350/496
f 176/274/501 175/273/500 210/350/496
f 177/275/502 176/274/501 210/350/496
f 178/276/503 177/275/502 210/350/496
f 179/277/504 178/276/503 210/350/496
f 180/278/505 179/277/504 210/350/496
f 181/279/506 180/278/505 210/350/496
f 182/280/507 181/279/506 210/350/496
f 183/281/508 182/280/507 210/350/496
f 184/282/509 183/281/508 210/350/496
f 185/283/510 184/282/509 210/350/496
f 186/284/511 185/283/510 210/350/496
f 187/285/512 186/284/511 210/350/496
f 188/286/513 187/285/512 210/350/496
f 189/287/514 188/286/513 210/350/496
f 170/268/495 189/287/514 210/350/496
s 3
f 211/352/515 212/353/516 213/351/517
f 212/353/516 214/354/518 213/351/517
f 214/354/518 215/355/519 213/351/517
f 215/355/519 216/356/520 213/351/517
f 216/356/520 217/357/521 213/351/517
f 217/357/521 218/358/522 213/351/517
f 218/358/522 219/359/523 213/351/517
f 219/359/523 220/360/524 213/351/517
f 220/360/524 221/361/525 213/351/517
f 221/361/525 222/362/526 213/351/517
f 222/362/526 223/363/527 213/351/517
f 223/363/527 224/364/528 213/351/517
f 224/364/528 225/365/529 213/351/517
f 225/365/529 226/366/530 213/351/517
f 226/366/530 227/367/531 213/351/517
f 227/367/531 228/368/532 213/351/517
f 228/368/532 229/369/533 213/351/517
f 229/369/533 230/370/534 213/351/517
f 230/370/534 231/371/535 213/351/517
f 231/371/535 211/352/515 213/351/517
s off
f 190/348/536 191/347/537 212/353/538 211/352/539
f 191/347/540 192/346/541 214/354/542 212/353/543
f 192/346/544 193/345/545 215/355/546 214/354/547
f 193/345/548 194/344/549 216/356/550 215/355/551
f 194/344/552 195/343/553 217/357/554 216/356/555
f 195/343/556 196/342/557 218/358/558 217/357/559
f 196/342/560 197/341/561 219/359/562 218/358/563
f 197/341/564 198/340/565 220/360/566 219/359/567
f 198/340/568 199/339/569 221/361/570 220/360/571
f 199/339/572 200/338/573 222/362/574 221/361/575
f 200/338/576 201/337/577 223/363/578 222/362/579
f 201/337/580 202/336/581 224/364/582 223/363/583
f 202/336/584 203/335/585 225/365/586 224/364/587
f 203/335/588 204/334/589 226/366/590 225/365/591
f 204/334/592 205/333/593 227/367/594 226/366/595
f 205/333/596 206/332/597 228/368/598 227/367/599
f 206/332/600 207/331/601 229/369/602 228/368/603
f 207/331/604 208/330/605 230/370/606 229/369/607
f 208/330/608 209/349/609 231/371/610 230/370/611
f 209/349/612 190/348/613 211/352/614 231/371/615
g default
v 0.770690 4.175036 -0.553363
v 0.757841 4.175036 -0.578581
v 0.737828 4.175036 -0.598594
v 0.712610 4.175036 -0.611443
v 0.684655 4.175036 -0.615871
v 0.656701 4.175036 -0.611443
v 0.631483 4.175036 -0.598594
v 0.611470 4.175036 -0.578581
v 0.598621 4.175036 -0.553363
v 0.594193 4.175036 -0.525409
v 0.598621 4.175036 -0.497454
v 0.611470 4.175036 -0.472236
v 0.631483 4.175036 -0.452223
v 0.656701 4.175036 -0.439374
v 0.684655 4.175036 -0.434947
v 0.712610 4.175036 -0.439374
v 0.737828 4.175036 -0.452223
v 0.757841 4.175036 -0.472236
v 0.770690 4.175036 -0.497454
v 0.775117 4.175036 -0.525409
v 0.854606 4.196220 -0.580629
v 0.829224 4.196220 -0.630444
v 0.789691 4.196220 -0.669977
v 0.739876 4.196220 -0.695359
v 0.684655 4.196220 -0.704106
v 0.629435 4.196220 -0.695359
v 0.579620 4.196220 -0.669977
v 0.540087 4.196220 -0.630444
v 0.514705 4.196220 -0.580629
v 0.505959 4.196220 -0.525409
v 0.514705 4.196220 -0.470188
v 0.540087 4.196220 -0.420373
v 0.579620 4.196220 -0.380840
v 0.629435 4.196220 -0.355458
v 0.684655 4.196220 -0.346712
v 0.739876 4.196220 -0.355458
v 0.789691 4.196220 -0.380840
v 0.829224 4.196220 -0.420373
v 0.854606 4.196220 -0.470188
v 0.863352 4.196220 -0.525409
v 0.934338 4.230945 -0.606535
v 0.897048 4.230945 -0.679721
v 0.838967 4.230945 -0.737801
v 0.765782 4.230945 -0.775091
v 0.684655 4.230945 -0.787940
v 0.603529 4.230945 -0.775091
v 0.530343 4.230945 -0.737801
v 0.472263 4.230945 -0.679721
v 0.434973 4.230945 -0.606535
v 0.422124 4.230945 -0.525409
v 0.434973 4.230945 -0.444282
v 0.472263 4.230945 -0.371097
v 0.530343 4.230945 -0.313016
v 0.603529 4.230945 -0.275727
v 0.684655 4.230945 -0.262877
v 0.765782 4.230945 -0.275727
v 0.838967 4.230945 -0.313016
v 0.897048 4.230945 -0.371097
v 0.934337 4.230945 -0.444282
v 0.947187 4.230945 -0.525409
v 1.007921 4.278357 -0.630444
v 0.959641 4.278357 -0.725198
v 0.884444 4.278357 -0.800395
v 0.789691 4.278357 -0.848674
v 0.684655 4.278357 -0.865310
v 0.579620 4.278357 -0.848674
v 0.484866 4.278357 -0.800395
v 0.409669 4.278357 -0.725198
v 0.361390 4.278357 -0.630444
v 0.344754 4.278357 -0.525409
v 0.361390 4.278357 -0.420373
v 0.409669 4.278357 -0.325620
v 0.484866 4.278357 -0.250423
v 0.579620 4.278357 -0.202143
v 0.684655 4.278357 -0.185507
v 0.789691 4.278357 -0.202143
v 0.884444 4.278357 -0.250423
v 0.959641 4.278357 -0.325620
v 1.007921 4.278357 -0.420373
v 1.024557 4.278357 -0.525409
v 1.073544 4.337290 -0.651766
v 1.015464 4.337290 -0.765755
v 0.925002 4.337290 -0.856218
v 0.811013 4.337290 -0.914298
v 0.684655 4.337290 -0.934311
v 0.558298 4.337290 -0.914298
v 0.444309 4.337290 -0.856217
v 0.353847 4.337290 -0.765755
v 0.295766 4.337290 -0.651766
v 0.275753 4.337290 -0.525409
v 0.295766 4.337290 -0.399051
v 0.353847 4.337290 -0.285062
v 0.444309 4.337290 -0.194600
v 0.558298 4.337290 -0.136520
v 0.684655 4.337290 -0.116507
v 0.811013 4.337290 -0.136520
v 0.925002 4.337290 -0.194600
v 1.015464 4.337290 -0.285062
v 1.073544 4.337290 -0.399051
v 1.093557 4.337290 -0.525409
v 1.129592 4.406290 -0.669977
v 1.063141 4.406290 -0.800395
v 0.959641 4.406290 -0.903895
v 0.829224 4.406290 -0.970346
v 0.684655 4.406290 -0.993243
v 0.540087 4.406290 -0.970346
v 0.409669 4.406290 -0.903895
v 0.306169 4.406290 -0.800395
v 0.239719 4.406290 -0.669977
v 0.216821 4.406290 -0.525409
v 0.239719 4.406290 -0.380840
v 0.306169 4.406290 -0.250423
v 0.409669 4.406290 -0.146923
v 0.540087 4.406290 -0.080472
v 0.684655 4.406290 -0.057575
v 0.829224 4.406290 -0.080472
v 0.959641 4.406290 -0.146923
v 1.063141 4.406290 -0.250423
v 1.129592 4.406290 -0.380840
v 1.152489 4.406290 -0.525409
v 1.174684 4.483660 -0.684629
v 1.101499 4.483660 -0.828263
v 0.987510 4.483660 -0.942252
v 0.843875 4.483660 -1.015438
v 0.684655 4.483660 -1.040656
v 0.525435 4.483660 -1.015438
v 0.381801 4.483660 -0.942252
v 0.267812 4.483660 -0.828263
v 0.194627 4.483660 -0.684629
v 0.169409 4.483660 -0.525409
v 0.194627 4.483660 -0.366189
v 0.267812 4.483660 -0.222554
v 0.381801 4.483660 -0.108565
v 0.525435 4.483660 -0.035380
v 0.684655 4.483660 -0.010162
v 0.843875 4.483660 -0.035380
v 0.987510 4.483660 -0.108565
v 1.101499 4.483660 -0.222554
v 1.174684 4.483660 -0.366189
v 1.199902 4.483660 -0.525409
v 1.207710 4.567495 -0.695359
v 1.129592 4.567495 -0.848674
v 1.007921 4.567495 -0.970346
v 0.854606 4.567495 -1.048463
v 0.684655 4.567495 -1.075381
v 0.514705 4.567495 -1.048463
v 0.361390 4.567495 -0.970346
v 0.239718 4.567495 -0.848674
v 0.161601 4.567495 -0.695359
v 0.134683 4.567495 -0.525409
v 0.161601 4.567495 -0.355458
v 0.239719 4.567495 -0.202143
v 0.361390 4.567495 -0.080472
v 0.514705 4.567495 -0.002354
v 0.684655 4.567495 0.024563
v 0.854606 4.567495 -0.002354
v 1.007921 4.567495 -0.080472
v 1.129592 4.567495 -0.202143
v 1.207710 4.567495 -0.355458
v 1.234627 4.567495 -0.525409
v 1.227857 4.655730 -0.701905
v 1.146730 4.655730 -0.861126
v 1.020372 4.655730 -0.987483
v 0.861152 4.655730 -1.068610
v 0.684655 4.655730 -1.096564
v 0.508159 4.655730 -1.068610
v 0.348939 4.655730 -0.987483
v 0.222581 4.655730 -0.861125
v 0.141454 4.655730 -0.701905
v 0.113500 4.655730 -0.525409
v 0.141454 4.655730 -0.348912
v 0.222581 4.655730 -0.189692
v 0.348939 4.655730 -0.063334
v 0.508159 4.655730 0.017792
v 0.684655 4.655730 0.045747
v 0.861152 4.655730 0.017792
v 1.020372 4.655730 -0.063334
v 1.146730 4.655730 -0.189692
v 1.227856 4.655730 -0.348912
v 1.255811 4.655730 -0.525409
v 1.234628 4.746192 -0.704106
v 1.152490 4.746192 -0.865310
v 1.024557 4.746192 -0.993243
v 0.863352 4.746192 -1.075381
v 0.684655 4.746192 -1.103684
v 0.505958 4.746192 -1.075381
v 0.344754 4.746192 -0.993243
v 0.216821 4.746192 -0.865310
v 0.134683 4.746192 -0.704105
v 0.106380 4.746192 -0.525409
v 0.134683 4.746192 -0.346712
v 0.216821 4.746192 -0.185507
v 0.344754 4.746192 -0.057575
v 0.505959 4.746192 0.024563
v 0.684655 4.746192 0.052866
v 0.863352 4.746192 0.024563
v 1.024557 4.746192 -0.057575
v 1.152489 4.746192 -0.185507
v 1.234627 4.746192 -0.346712
v 1.262930 4.746192 -0.525409
v 1.227857 4.836654 -0.701905
v 1.146730 4.836654 -0.861126
v 1.020372 4.836654 -0.987483
v 0.861152 4.836654 -1.068610
v 0.684655 4.836654 -1.096564
v 0.508159 4.836654 -1.068610
v 0.348939 4.836654 -0.987483
v 0.222581 4.836654 -0.861125
v 0.141454 4.836654 -0.701905
v 0.113500 4.836654 -0.525409
v 0.141454 4.836654 -0.348912
v 0.222581 4.836654 -0.189692
v 0.348939 4.836654 -0.063334
v 0.508159 4.836654 0.017792
v 0.684655 4.836654 0.045747
v 0.861152 4.836654 0.017792
v 1.020372 4.836654 -0.063334
v 1.146730 4.836654 -0.189692
v 1.227856 4.836654 -0.348912
v 1.255811 4.836654 -0.525409
v 1.207710 4.924888 -0.695359
v 1.129592 4.924888 -0.848674
v 1.007921 4.924888 -0.970346
v 0.854606 4.924888 -1.048463
v 0.684655 4.924888 -1.075381
v 0.514705 4.924888 -1.048463
v 0.361390 4.924888 -0.970346
v 0.239718 4.924888 -0.848674
v 0.161601 4.924888 -0.695359
v 0.134683 4.924888 -0.525409
v 0.161601 4.924888 -0.355458
v 0.239719 4.924888 -0.202143
v 0.361390 4.924888 -0.080472
v 0.514705 4.924888 -0.002354
v 0.684655 4.924888 0.024563
v 0.854606 4.924888 -0.002354
v 1.007921 4.924888 -0.080472
v 1.129592 4.924888 -0.202143
v 1.207710 4.924888 -0.355458
v 1.234627 4.924888 -0.525409
v 1.174684 5.008723 -0.684629
v 1.101499 5.008723 -0.828263
v 0.987510 5.008723 -0.942252
v 0.843875 5.008723 -1.015438
v 0.684655 5.008723 -1.040656
v 0.525435 5.008723 -1.015438
v 0.381801 5.008723 -0.942252
v 0.267812 5.008723 -0.828263
v 0.194627 5.008723 -0.684629
v 0.169409 5.008723 -0.525409
v 0.194627 5.008723 -0.366189
v 0.267812 5.008723 -0.222554
v 0.381801 5.008723 -0.108565
v 0.525435 5.008723 -0.035380
v 0.684655 5.008723 -0.010162
v 0.843875 5.008723 -0.035380
v 0.987510 5.008723 -0.108565
v 1.101499 5.008723 -0.222554
v 1.174684 5.008723 -0.366189
v 1.199902 5.008723 -0.525409
v 1.129592 5.086093 -0.669977
v 1.063141 5.086093 -0.800395
v 0.959641 5.086093 -0.903895
v 0.829224 5.086093 -0.970346
v 0.684655 5.086093 -0.993243
v 0.540087 5.086093 -0.970346
v 0.409669 5.086093 -0.903895
v 0.306169 5.086093 -0.800395
v 0.239719 5.086093 -0.669977
v 0.216821 5.086093 -0.525409
v 0.239719 5.086093 -0.380840
v 0.306169 5.086093 -0.250423
v 0.409669 5.086093 -0.146923
v 0.540087 5.086093 -0.080472
v 0.684655 5.086093 -0.057575
v 0.829224 5.086093 -0.080472
v 0.959641 5.086093 -0.146923
v 1.063141 5.086093 -0.250423
v 1.129592 5.086093 -0.380840
v 1.152489 5.086093 -0.525409
v 1.073544 5.155094 -0.651766
v 1.015464 5.155094 -0.765755
v 0.925002 5.155094 -0.856218
v 0.811013 5.155094 -0.914298
v 0.684655 5.155094 -0.934311
v 0.558298 5.155094 -0.914298
v 0.444309 5.155094 -0.856217
v 0.353847 5.155094 -0.765755
v 0.295766 5.155094 -0.651766
v 0.275753 5.155094 -0.525409
v 0.295766 5.155094 -0.399051
v 0.353847 5.155094 -0.285062
v 0.444309 5.155094 -0.194600
v 0.558298 5.155094 -0.136520
v 0.684655 5.155094 -0.116507
v 0.811013 5.155094 -0.136520
v 0.925002 5.155094 -0.194600
v 1.015464 5.155094 -0.285062
v 1.073544 5.155094 -0.399051
v 1.093557 5.155094 -0.525409
v 1.007921 5.214026 -0.630444
v 0.959641 5.214026 -0.725198
v 0.884444 5.214026 -0.800395
v 0.789691 5.214026 -0.848674
v 0.684655 5.214026 -0.865310
v 0.579620 5.214026 -0.848674
v 0.484866 5.214026 -0.800395
v 0.409669 5.214026 -0.725198
v 0.361390 5.214026 -0.630444
v 0.344754 5.214026 -0.525409
v 0.361390 5.214026 -0.420373
v 0.409669 5.214026 -0.325620
v 0.484866 5.214026 -0.250423
v 0.579620 5.214026 -0.202143
v 0.684655 5.214026 -0.185507
v 0.789691 5.214026 -0.202143
v 0.884444 5.214026 -0.250423
v 0.959641 5.214026 -0.325620
v 1.007921 5.214026 -0.420373
v 1.024557 5.214026 -0.525409
v 0.934338 5.261438 -0.606535
v 0.897048 5.261438 -0.679721
v 0.838967 5.261438 -0.737801
v 0.765782 5.261438 -0.775091
v 0.684655 5.261438 -0.787940
v 0.603529 5.261438 -0.775091
v 0.530343 5.261438 -0.737801
v 0.472263 5.261438 -0.679721
v 0.434973 5.261438 -0.606535
v 0.422124 5.261438 -0.525409
v 0.434973 5.261438 -0.444282
v 0.472263 5.261438 -0.371097
v 0.530343 5.261438 -0.313016
v 0.603529 5.261438 -0.275727
v 0.684655 5.261438 -0.262877
v 0.765782 5.261438 -0.275727
v 0.838967 5.261438 -0.313016
v 0.897048 5.261438 -0.371097
v 0.934337 5.261438 -0.444282
v 0.947187 5.261438 -0.525409
v 0.854606 5.296164 -0.580629
v 0.829224 5.296164 -0.630444
v 0.789691 5.296164 -0.669977
v 0.739876 5.296164 -0.695359
v 0.684655 5.296164 -0.704106
v 0.629435 5.296164 -0.695359
v 0.579620 5.296164 -0.669977
v 0.540087 5.296164 -0.630444
v 0.514705 5.296164 -0.580629
v 0.505959 5.296164 -0.525409
v 0.514705 5.296164 -0.470188
v 0.540087 5.296164 -0.420373
v 0.579620 5.296164 -0.380840
v 0.629435 5.296164 -0.355458
v 0.684655 5.296164 -0.346712
v 0.739876 5.296164 -0.355458
v 0.789691 5.296164 -0.380840
v 0.829224 5.296164 -0.420373
v 0.854606 5.296164 -0.470188
v 0.863352 5.296164 -0.525409
v 0.770690 5.317347 -0.553363
v 0.757841 5.317347 -0.578581
v 0.737828 5.317347 -0.598594
v 0.712610 5.317347 -0.611443
v 0.684655 5.317347 -0.615871
v 0.656701 5.317347 -0.611443
v 0.631483 5.317347 -0.598594
v 0.611470 5.317347 -0.578581
v 0.598621 5.317347 -0.553363
v 0.594193 5.317347 -0.525409
v 0.598621 5.317347 -0.497454
v 0.611470 5.317347 -0.472236
v 0.631483 5.317347 -0.452223
v 0.656701 5.317347 -0.439374
v 0.684655 5.317347 -0.434947
v 0.712610 5.317347 -0.439374
v 0.737828 5.317347 -0.452223
v 0.757841 5.317347 -0.472236
v 0.770690 5.317347 -0.497454
v 0.775117 5.317347 -0.525409
v 0.684655 4.167917 -0.525409
v 0.684655 5.324466 -0.525409
vt 0.000000 0.050000
vt 0.050000 0.050000
vt 0.100000 0.050000
vt 0.150000 0.050000
vt 0.200000 0.050000
vt 0.250000 0.050000
vt 0.300000 0.050000
vt 0.350000 0.050000
vt 0.400000 0.050000
vt 0.450000 0.050000
vt 0.500000 0.050000
vt 0.550000 0.050000
vt 0.600000 0.050000
vt 0.650000 0.050000
vt 0.700000 0.050000
vt 0.750000 0.050000
vt 0.800000 0.050000
vt 0.850000 0.050000
vt 0.900000 0.050000
vt 0.950000 0.050000
vt 1.000000 0.050000
vt 0.000000 0.100000
vt 0.050000 0.100000
vt 0.100000 0.100000
vt 0.150000 0.100000
vt 0.200000 0.100000
vt 0.250000 0.100000
vt 0.300000 0.100000
vt 0.350000 0.100000
vt 0.400000 0.100000
vt 0.450000 0.100000
vt 0.500000 0.100000
vt 0.550000 0.100000
vt 0.600000 0.100000
vt 0.650000 0.100000
vt 0.700000 0.100000
vt 0.750000 0.100000
vt 0.800000 0.100000
vt 0.850000 0.100000
vt 0.900000 0.100000
vt 0.950000 0.100000
vt 1.000000 0.100000
vt 0.000000 0.150000
vt 0.050000 0.150000
vt 0.100000 0.150000
vt 0.150000 0.150000
vt 0.200000 0.150000
vt 0.250000 0.150000
vt 0.300000 0.150000
vt 0.350000 0.150000
vt 0.400000 0.150000
vt 0.450000 0.150000
vt 0.500000 0.150000
vt 0.550000 0.150000
vt 0.600000 0.150000
vt 0.650000 0.150000
vt 0.700000 0.150000
vt 0.750000 0.150000
vt 0.800000 0.150000
vt 0.850000 0.150000
vt 0.900000 0.150000
vt 0.950000 0.150000
vt 1.000000 0.150000
vt 0.000000 0.200000
vt 0.050000 0.200000
vt 0.100000 0.200000
vt 0.150000 0.200000
vt 0.200000 0.200000
vt 0.250000 0.200000
vt 0.300000 0.200000
vt 0.350000 0.200000
vt 0.400000 0.200000
vt 0.450000 0.200000
vt 0.500000 0.200000
vt 0.550000 0.200000
vt 0.600000 0.200000
vt 0.650000 0.200000
vt 0.700000 0.200000
vt 0.750000 0.200000
vt 0.800000 0.200000
vt 0.850000 0.200000
vt 0.900000 0.200000
vt 0.950000 0.200000
vt 1.000000 0.200000
vt 0.000000 0.250000
vt 0.050000 0.250000
vt 0.100000 0.250000
vt 0.150000 0.250000
vt 0.200000 0.250000
vt 0.250000 0.250000
vt 0.300000 0.250000
vt 0.350000 0.250000
vt 0.400000 0.250000
vt 0.450000 0.250000
vt 0.500000 0.250000
vt 0.550000 0.250000
vt 0.600000 0.250000
vt 0.650000 0.250000
vt 0.700000 0.250000
vt 0.750000 0.250000
vt 0.800000 0.250000
vt 0.850000 0.250000
vt 0.900000 0.250000
vt 0.950000 0.250000
vt 1.000000 0.250000
vt 0.000000 0.300000
vt 0.050000 0.300000
vt 0.100000 0.300000
vt 0.150000 0.300000
vt 0.200000 0.300000
vt 0.250000 0.300000
vt 0.300000 0.300000
vt 0.350000 0.300000
vt 0.400000 0.300000
vt 0.450000 0.300000
vt 0.500000 0.300000
vt 0.550000 0.300000
vt 0.600000 0.300000
vt 0.650000 0.300000
vt 0.700000 0.300000
vt 0.750000 0.300000
vt 0.800000 0.300000
vt 0.850000 0.300000
vt 0.900000 0.300000
vt 0.950000 0.300000
vt 1.000000 0.300000
vt 0.000000 0.350000
vt 0.050000 0.350000
vt 0.100000 0.350000
vt 0.150000 0.350000
vt 0.200000 0.350000
vt 0.250000 0.350000
vt 0.300000 0.350000
vt 0.350000 0.350000
vt 0.400000 0.350000
vt 0.450000 0.350000
vt 0.500000 0.350000
vt 0.550000 0.350000
vt 0.600000 0.350000
vt 0.650000 0.350000
vt 0.700000 0.350000
vt 0.750000 0.350000
vt 0.800000 0.350000
vt 0.850000 0.350000
vt 0.900000 0.350000
vt 0.950000 0.350000
vt 1.000000 0.350000
vt 0.000000 0.400000
vt 0.050000 0.400000
vt 0.100000 0.400000
vt 0.150000 0.400000
vt 0.200000 0.400000
vt 0.250000 0.400000
vt 0.300000 0.400000
vt 0.350000 0.400000
vt 0.400000 0.400000
vt 0.450000 0.400000
vt 0.500000 0.400000
vt 0.550000 0.400000
vt 0.600000 0.400000
vt 0.650000 0.400000
vt 0.700000 0.400000
vt 0.750000 0.400000
vt 0.800000 0.400000
vt 0.850000 0.400000
vt 0.900000 0.400000
vt 0.950000 0.400000
vt 1.000000 0.400000
vt 0.000000 0.450000
vt 0.050000 0.450000
vt 0.100000 0.450000
vt 0.150000 0.450000
vt 0.200000 0.450000
vt 0.250000 0.450000
vt 0.300000 0.450000
vt 0.350000 0.450000
vt 0.400000 0.450000
vt 0.450000 0.450000
vt 0.500000 0.450000
vt 0.550000 0.450000
vt 0.600000 0.450000
vt 0.650000 0.450000
vt 0.700000 0.450000
vt 0.750000 0.450000
vt 0.800000 0.450000
vt 0.850000 0.450000
vt 0.900000 0.450000
vt 0.950000 0.450000
vt 1.000000 0.450000
vt 0.000000 0.500000
vt 0.050000 0.500000
vt 0.100000 0.500000
vt 0.150000 0.500000
vt 0.200000 0.500000
vt 0.250000 0.500000
vt 0.300000 0.500000
vt 0.350000 0.500000
vt 0.400000 0.500000
vt 0.450000 0.500000
vt 0.500000 0.500000
vt 0.550000 0.500000
vt 0.600000 0.500000
vt 0.650000 0.500000
vt 0.700000 0.500000
vt 0.750000 0.500000
vt 0.800000 0.500000
vt 0.850000 0.500000
vt 0.900000 0.500000
vt 0.950000 0.500000
vt 1.000000 0.500000
vt 0.000000 0.550000
vt 0.050000 0.550000
vt 0.100000 0.550000
vt 0.150000 0.550000
vt 0.200000 0.550000
vt 0.250000 0.550000
vt 0.300000 0.550000
vt 0.350000 0.550000
vt 0.400000 0.550000
vt 0.450000 0.550000
vt 0.500000 0.550000
vt 0.550000 0.550000
vt 0.600000 0.550000
vt 0.650000 0.550000
vt 0.700000 0.550000
vt 0.750000 0.550000
vt 0.800000 0.550000
vt 0.850000 0.550000
vt 0.900000 0.550000
vt 0.950000 0.550000
vt 1.000000 0.550000
vt 0.000000 0.600000
vt 0.050000 0.600000
vt 0.100000 0.600000
vt 0.150000 0.600000
vt 0.200000 0.600000
vt 0.250000 0.600000
vt 0.300000 0.600000
vt 0.350000 0.600000
vt 0.400000 0.600000
vt 0.450000 0.600000
vt 0.500000 0.600000
vt 0.550000 0.600000
vt 0.600000 0.600000
vt 0.650000 0.600000
vt 0.700000 0.600000
vt 0.750000 0.600000
vt 0.800000 0.600000
vt 0.850000 0.600000
vt 0.900000 0.600000
vt 0.950000 0.600000
vt 1.000000 0.600000
vt 0.000000 0.650000
vt 0.050000 0.650000
vt 0.100000 0.650000
vt 0.150000 0.650000
vt 0.200000 0.650000
vt 0.250000 0.650000
vt 0.300000 0.650000
vt 0.350000 0.650000
vt 0.400000 0.650000
vt 0.450000 0.650000
vt 0.500000 0.650000
vt 0.550000 0.650000
vt 0.600000 0.650000
vt 0.650000 0.650000
vt 0.700000 0.650000
vt 0.750000 0.650000
vt 0.800000 0.650000
vt 0.850000 0.650000
vt 0.900000 0.650000
vt 0.950000 0.650000
vt 1.000000 0.650000
vt 0.000000 0.700000
vt 0.050000 0.700000
vt 0.100000 0.700000
vt 0.150000 0.700000
vt 0.200000 0.700000
vt 0.250000 0.700000
vt 0.300000 0.700000
vt 0.350000 0.700000
vt 0.400000 0.700000
vt 0.450000 0.700000
vt 0.500000 0.700000
vt 0.550000 0.700000
vt 0.600000 0.700000
vt 0.650000 0.700000
vt 0.700000 0.700000
vt 0.750000 0.700000
vt 0.800000 0.700000
vt 0.850000 0.700000
vt 0.900000 0.700000
vt 0.950000 0.700000
vt 1.000000 0.700000
vt 0.000000 0.750000
vt 0.050000 0.750000
vt 0.100000 0.750000
vt 0.150000 0.750000
vt 0.200000 0.750000
vt 0.250000 0.750000
vt 0.300000 0.750000
vt 0.350000 0.750000
vt 0.400000 0.750000
vt 0.450000 0.750000
vt 0.500000 0.750000
vt 0.550000 0.750000
vt 0.600000 0.750000
vt 0.650000 0.750000
vt 0.700000 0.750000
vt 0.750000 0.750000
vt 0.800000 0.750000
vt 0.850000 0.750000
vt 0.900000 0.750000
vt 0.950000 0.750000
vt 1.000000 0.750000
vt 0.000000 0.800000
vt 0.050000 0.800000
vt 0.100000 0.800000
vt 0.150000 0.800000
vt 0.200000 0.800000
vt 0.250000 0.800000
vt 0.300000 0.800000
vt 0.350000 0.800000
vt 0.400000 0.800000
vt 0.450000 0.800000
vt 0.500000 0.800000
vt 0.550000 0.800000
vt 0.600000 0.800000
vt 0.650000 0.800000
vt 0.700000 0.800000
vt 0.750000 0.800000
vt 0.800000 0.800000
vt 0.850000 0.800000
vt 0.900000 0.800000
vt 0.950000 0.800000
vt 1.000000 0.800000
vt 0.000000 0.850000
vt 0.050000 0.850000
vt 0.100000 0.850000
vt 0.150000 0.850000
vt 0.200000 0.850000
vt 0.250000 0.850000
vt 0.300000 0.850000
vt 0.350000 0.850000
vt 0.400000 0.850000
vt 0.450000 0.850000
vt 0.500000 0.850000
vt 0.550000 0.850000
vt 0.600000 0.850000
vt 0.650000 0.850000
vt 0.700000 0.850000
vt 0.750000 0.850000
vt 0.800000 0.850000
vt 0.850000 0.850000
vt 0.900000 0.850000
vt 0.950000 0.850000
vt 1.000000 0.850000
vt 0.000000 0.900000
vt 0.050000 0.900000
vt 0.100000 0.900000
vt 0.150000 0.900000
vt 0.200000 0.900000
vt 0.250000 0.900000
vt 0.300000 0.900000
vt 0.350000 0.900000
vt 0.400000 0.900000
vt 0.450000 0.900000
vt 0.500000 0.900000
vt 0.550000 0.900000
vt 0.600000 0.900000
vt 0.650000 0.900000
vt 0.700000 0.900000
vt 0.750000 0.900000
vt 0.800000 0.900000
vt 0.850000 0.900000
vt 0.900000 0.900000
vt 0.950000 0.900000
vt 1.000000 0.900000
vt 0.000000 0.950000
vt 0.050000 0.950000
vt 0.100000 0.950000
vt 0.150000 0.950000
vt 0.200000 0.950000
vt 0.250000 0.950000
vt 0.300000 0.950000
vt 0.350000 0.950000
vt 0.400000 0.950000
vt 0.450000 0.950000
vt 0.500000 0.950000
vt 0.550000 0.950000
vt 0.600000 0.950000
vt 0.650000 0.950000
vt 0.700000 0.950000
vt 0.750000 0.950000
vt 0.800000 0.950000
vt 0.850000 0.950000
vt 0.900000 0.950000
vt 0.950000 0.950000
vt 1.000000 0.950000
vt 0.025000 0.000000
vt 0.075000 0.000000
vt 0.125000 0.000000
vt 0.175000 0.000000
vt 0.225000 0.000000
vt 0.275000 0.000000
vt 0.325000 0.000000
vt 0.375000 0.000000
vt 0.425000 0.000000
vt 0.475000 0.000000
vt 0.525000 0.000000
vt 0.575000 0.000000
vt 0.625000 0.000000
vt 0.675000 0.000000
vt 0.725000 0.000000
vt 0.775000 0.000000
vt 0.825000 0.000000
vt 0.875000 0.000000
vt 0.925000 0.000000
vt 0.975000 0.000000
vt 0.025000 1.000000
vt 0.075000 1.000000
vt 0.125000 1.000000
vt 0.175000 1.000000
vt 0.225000 1.000000
vt 0.275000 1.000000
vt 0.325000 1.000000
vt 0.375000 1.000000
vt 0.425000 1.000000
vt 0.475000 1.000000
vt 0.525000 1.000000
vt 0.575000 1.000000
vt 0.625000 1.000000
vt 0.675000 1.000000
vt 0.725000 1.000000
vt 0.775000 1.000000
vt 0.825000 1.000000
vt 0.875000 1.000000
vt 0.925000 1.000000
vt 0.975000 1.000000
vn 0.190555 -0.979722 -0.061915
vn 0.162096 -0.979722 -0.117769
vn 0.269870 -0.942723 -0.196072
vn 0.317252 -0.942722 -0.103081
vn 0.117769 -0.979722 -0.162095
vn 0.196072 -0.942723 -0.269870
vn 0.061915 -0.979722 -0.190555
vn 0.103081 -0.942723 -0.317251
vn -0.000000 -0.979722 -0.200361
vn -0.000000 -0.942723 -0.333578
vn -0.061915 -0.979722 -0.190555
vn -0.103081 -0.942722 -0.317252
vn -0.117769 -0.979722 -0.162096
vn -0.196072 -0.942722 -0.269871
vn -0.162096 -0.979722 -0.117770
vn -0.269870 -0.942722 -0.196072
vn -0.190555 -0.979722 -0.061915
vn -0.317252 -0.942722 -0.103081
vn -0.200361 -0.979722 0.000000
vn -0.333578 -0.942722 -0.000000
vn -0.190555 -0.979722 0.061915
vn -0.317252 -0.942722 0.103081
vn -0.162096 -0.979722 0.117769
vn -0.269870 -0.942722 0.196072
vn -0.117769 -0.979722 0.162095
vn -0.196072 -0.942722 0.269870
vn -0.061915 -0.979722 0.190555
vn -0.103081 -0.942722 0.317252
vn 0.000000 -0.979722 0.200361
vn 0.000000 -0.942722 0.333578
vn 0.061915 -0.979722 0.190555
vn 0.103081 -0.942722 0.317252
vn 0.117769 -0.979722 0.162096
vn 0.196072 -0.942722 0.269870
vn 0.162096 -0.979722 0.117769
vn 0.269870 -0.942722 0.196073
vn 0.190555 -0.979722 0.061915
vn 0.317252 -0.942722 0.103081
vn 0.200361 -0.979722 0.000001
vn 0.333578 -0.942722 0.000000
vn 0.380846 -0.882266 -0.276701
vn 0.447711 -0.882266 -0.145470
vn 0.276701 -0.882266 -0.380846
vn 0.145470 -0.882266 -0.447711
vn -0.000000 -0.882266 -0.470752
vn -0.145470 -0.882266 -0.447711
vn -0.276701 -0.882266 -0.380846
vn -0.380846 -0.882266 -0.276701
vn -0.447712 -0.882266 -0.145470
vn -0.470752 -0.882266 0.000000
vn -0.447712 -0.882266 0.145470
vn -0.380846 -0.882266 0.276701
vn -0.276701 -0.882266 0.380846
vn -0.145470 -0.882266 0.447712
vn 0.000000 -0.882266 0.470752
vn 0.145470 -0.882266 0.447712
vn 0.276701 -0.882266 0.380846
vn 0.380846 -0.882266 0.276701
vn 0.447712 -0.882266 0.145470
vn 0.470752 -0.882266 0.000000
vn 0.485138 -0.800252 -0.352474
vn 0.570314 -0.800252 -0.185306
vn 0.352473 -0.800252 -0.485138
vn 0.185306 -0.800252 -0.570314
vn -0.000000 -0.800252 -0.599664
vn -0.185307 -0.800252 -0.570314
vn -0.352474 -0.800252 -0.485138
vn -0.485138 -0.800252 -0.352474
vn -0.570314 -0.800252 -0.185306
vn -0.599664 -0.800252 0.000000
vn -0.570314 -0.800252 0.185306
vn -0.485138 -0.800252 0.352474
vn -0.352474 -0.800252 0.485139
vn -0.185306 -0.800252 0.570314
vn 0.000000 -0.800252 0.599664
vn 0.185306 -0.800252 0.570314
vn 0.352474 -0.800252 0.485139
vn 0.485138 -0.800252 0.352474
vn 0.570314 -0.800252 0.185306
vn 0.599664 -0.800252 0.000001
vn 0.578712 -0.698789 -0.420459
vn 0.680318 -0.698789 -0.221048
vn 0.420459 -0.698789 -0.578713
vn 0.221049 -0.698789 -0.680318
vn -0.000000 -0.698789 -0.715328
vn -0.221049 -0.698789 -0.680318
vn -0.420460 -0.698789 -0.578713
vn -0.578713 -0.698789 -0.420459
vn -0.680318 -0.698789 -0.221049
vn -0.715328 -0.698788 -0.000000
vn -0.680318 -0.698789 0.221049
vn -0.578713 -0.698789 0.420460
vn -0.420459 -0.698789 0.578713
vn -0.221049 -0.698788 0.680318
vn -0.000000 -0.698789 0.715328
vn 0.221049 -0.698788 0.680318
vn 0.420460 -0.698788 0.578713
vn 0.578713 -0.698788 0.420459
vn 0.680318 -0.698789 0.221049
vn 0.715328 -0.698788 0.000001
vn 0.658808 -0.580401 -0.478652
vn 0.774475 -0.580401 -0.251641
vn 0.478652 -0.580401 -0.658808
vn 0.251642 -0.580401 -0.774475
vn -0.000000 -0.580401 -0.814331
vn -0.251642 -0.580401 -0.774475
vn -0.478652 -0.580401 -0.658808
vn -0.658808 -0.580401 -0.478652
vn -0.774475 -0.580401 -0.251642
vn -0.814331 -0.580401 -0.000000
vn -0.774475 -0.580401 0.251642
vn -0.658808 -0.580401 0.478652
vn -0.478652 -0.580401 0.658808
vn -0.251642 -0.580401 0.774475
vn 0.000000 -0.580401 0.814331
vn 0.251642 -0.580401 0.774475
vn 0.478652 -0.580401 0.658808
vn 0.658808 -0.580401 0.478652
vn 0.774475 -0.580401 0.251642
vn 0.814331 -0.580401 0.000001
vn 0.723291 -0.447994 -0.525502
vn 0.850280 -0.447994 -0.276272
vn 0.525501 -0.447994 -0.723291
vn 0.276272 -0.447994 -0.850280
vn -0.000000 -0.447994 -0.894037
vn -0.276273 -0.447994 -0.850279
vn -0.525502 -0.447994 -0.723291
vn -0.723291 -0.447994 -0.525501
vn -0.850279 -0.447994 -0.276272
vn -0.894037 -0.447994 -0.000000
vn -0.850279 -0.447994 0.276272
vn -0.723291 -0.447994 0.525502
vn -0.525502 -0.447994 0.723291
vn -0.276273 -0.447994 0.850280
vn 0.000000 -0.447994 0.894037
vn 0.276273 -0.447994 0.850280
vn 0.525502 -0.447994 0.723291
vn 0.723291 -0.447994 0.525502
vn 0.850280 -0.447994 0.276273
vn 0.894037 -0.447994 0.000001
vn 0.770524 -0.304789 -0.559819
vn 0.905806 -0.304789 -0.294313
vn 0.559818 -0.304789 -0.770524
vn 0.294314 -0.304789 -0.905805
vn -0.000000 -0.304789 -0.952420
vn -0.294314 -0.304789 -0.905805
vn -0.559819 -0.304789 -0.770524
vn -0.770524 -0.304789 -0.559818
vn -0.905805 -0.304789 -0.294314
vn -0.952420 -0.304789 -0.000000
vn -0.905805 -0.304789 0.294314
vn -0.770524 -0.304788 0.559819
vn -0.559818 -0.304788 0.770524
vn -0.294314 -0.304789 0.905805
vn 0.000000 -0.304789 0.952420
vn 0.294314 -0.304789 0.905805
vn 0.559818 -0.304789 0.770524
vn 0.770524 -0.304789 0.559818
vn 0.905805 -0.304789 0.294314
vn 0.952420 -0.304788 0.000001
vn 0.799335 -0.154249 -0.580751
vn 0.939675 -0.154249 -0.305318
vn 0.580750 -0.154249 -0.799335
vn 0.305319 -0.154249 -0.939674
vn 0.000000 -0.154249 -0.988032
vn -0.305319 -0.154249 -0.939674
vn -0.580751 -0.154249 -0.799335
vn -0.799335 -0.154249 -0.580751
vn -0.939674 -0.154248 -0.305319
vn -0.988032 -0.154248 0.000000
vn -0.939674 -0.154248 0.305319
vn -0.799335 -0.154248 0.580751
vn -0.580751 -0.154249 0.799335
vn -0.305319 -0.154249 0.939674
vn 0.000000 -0.154249 0.988032
vn 0.305319 -0.154249 0.939674
vn 0.580751 -0.154249 0.799335
vn 0.799335 -0.154249 0.580751
vn 0.939674 -0.154249 0.305319
vn 0.988032 -0.154249 0.000001
vn 0.809017 0.000000 -0.587785
vn 0.951057 -0.000000 -0.309016
vn 0.587785 -0.000000 -0.809017
vn 0.309017 -0.000000 -0.951057
vn 0.000000 0.000000 -1.000000
vn -0.309017 -0.000000 -0.951056
vn -0.587785 -0.000000 -0.809017
vn -0.809017 0.000000 -0.587785
vn -0.951057 0.000000 -0.309017
vn -1.000000 -0.000000 0.000000
vn -0.951056 -0.000000 0.309017
vn -0.809017 0.000000 0.587785
vn -0.587785 -0.000000 0.809017
vn -0.309017 -0.000000 0.951057
vn 0.000000 0.000000 1.000000
vn 0.309017 -0.000000 0.951057
vn 0.587785 -0.000000 0.809017
vn 0.809017 -0.000000 0.587785
vn 0.951057 0.000000 0.309017
vn 1.000000 0.000000 0.000001
vn 0.799335 0.154249 -0.580751
vn 0.939675 0.154249 -0.305318
vn 0.580750 0.154249 -0.799335
vn 0.305319 0.154249 -0.939674
vn 0.000000 0.154249 -0.988032
vn -0.305319 0.154249 -0.939674
vn -0.580751 0.154249 -0.799335
vn -0.799335 0.154249 -0.580751
vn -0.939674 0.154248 -0.305319
vn -0.988032 0.154248 0.000000
vn -0.939674 0.154248 0.305319
vn -0.799335 0.154248 0.580751
vn -0.580751 0.154249 0.799335
vn -0.305319 0.154249 0.939674
vn 0.000000 0.154249 0.988032
vn 0.305319 0.154249 0.939674
vn 0.580751 0.154249 0.799335
vn 0.799335 0.154249 0.580751
vn 0.939674 0.154249 0.305319
vn 0.988032 0.154249 0.000001
vn 0.770524 0.304789 -0.559819
vn 0.905806 0.304789 -0.294313
vn 0.559818 0.304789 -0.770524
vn 0.294314 0.304789 -0.905805
vn -0.000000 0.304789 -0.952420
vn -0.294314 0.304789 -0.905805
vn -0.559819 0.304789 -0.770524
vn -0.770524 0.304789 -0.559818
vn -0.905805 0.304789 -0.294314
vn -0.952420 0.304789 -0.000000
vn -0.905805 0.304789 0.294314
vn -0.770524 0.304788 0.559819
vn -0.559818 0.304788 0.770524
vn -0.294314 0.304789 0.905805
vn 0.000000 0.304789 0.952420
vn 0.294314 0.304789 0.905805
vn 0.559818 0.304789 0.770524
vn 0.770524 0.304789 0.559818
vn 0.905805 0.304788 0.294314
vn 0.952420 0.304789 0.000001
vn 0.723291 0.447994 -0.525502
vn 0.850280 0.447994 -0.276272
vn 0.525501 0.447994 -0.723291
vn 0.276272 0.447994 -0.850280
vn -0.000000 0.447994 -0.894037
vn -0.276273 0.447994 -0.850279
vn -0.525502 0.447994 -0.723291
vn -0.723291 0.447994 -0.525501
vn -0.850279 0.447994 -0.276272
vn -0.894037 0.447994 -0.000000
vn -0.850279 0.447994 0.276272
vn -0.723291 0.447994 0.525502
vn -0.525501 0.447994 0.723291
vn -0.276273 0.447994 0.850280
vn 0.000000 0.447994 0.894037
vn 0.276273 0.447994 0.850279
vn 0.525502 0.447994 0.723291
vn 0.723291 0.447994 0.525502
vn 0.850280 0.447994 0.276273
vn 0.894037 0.447994 0.000001
vn 0.658808 0.580401 -0.478652
vn 0.774475 0.580401 -0.251641
vn 0.478652 0.580401 -0.658808
vn 0.251642 0.580401 -0.774475
vn -0.000000 0.580401 -0.814331
vn -0.251642 0.580401 -0.774475
vn -0.478652 0.580401 -0.658808
vn -0.658808 0.580401 -0.478652
vn -0.774475 0.580401 -0.251642
vn -0.814331 0.580401 -0.000000
vn -0.774475 0.580401 0.251642
vn -0.658808 0.580401 0.478652
vn -0.478652 0.580401 0.658808
vn -0.251642 0.580401 0.774475
vn 0.000000 0.580401 0.814331
vn 0.251642 0.580401 0.774475
vn 0.478652 0.580401 0.658808
vn 0.658808 0.580401 0.478652
vn 0.774475 0.580401 0.251642
vn 0.814331 0.580401 0.000001
vn 0.578712 0.698789 -0.420460
vn 0.680318 0.698789 -0.221048
vn 0.420459 0.698789 -0.578713
vn 0.221049 0.698789 -0.680318
vn -0.000000 0.698789 -0.715328
vn -0.221049 0.698789 -0.680318
vn -0.420460 0.698789 -0.578713
vn -0.578713 0.698789 -0.420459
vn -0.680318 0.698789 -0.221049
vn -0.715328 0.698789 0.000000
vn -0.680318 0.698789 0.221049
vn -0.578713 0.698789 0.420460
vn -0.420459 0.698789 0.578713
vn -0.221049 0.698788 0.680318
vn -0.000000 0.698788 0.715328
vn 0.221049 0.698788 0.680318
vn 0.420460 0.698788 0.578713
vn 0.578713 0.698788 0.420460
vn 0.680318 0.698789 0.221049
vn 0.715328 0.698788 0.000001
vn 0.485138 0.800252 -0.352474
vn 0.570314 0.800252 -0.185306
vn 0.352473 0.800252 -0.485139
vn 0.185306 0.800252 -0.570314
vn -0.000000 0.800252 -0.599664
vn -0.185307 0.800252 -0.570314
vn -0.352474 0.800252 -0.485138
vn -0.485138 0.800252 -0.352474
vn -0.570314 0.800252 -0.185306
vn -0.599664 0.800252 0.000000
vn -0.570314 0.800252 0.185306
vn -0.485138 0.800252 0.352474
vn -0.352474 0.800252 0.485138
vn -0.185306 0.800252 0.570314
vn 0.000000 0.800252 0.599664
vn 0.185306 0.800252 0.570315
vn 0.352474 0.800252 0.485139
vn 0.485139 0.800252 0.352474
vn 0.570314 0.800252 0.185306
vn 0.599664 0.800252 0.000001
vn 0.380846 0.882266 -0.276701
vn 0.447711 0.882266 -0.145470
vn 0.276701 0.882266 -0.380846
vn 0.145470 0.882266 -0.447711
vn -0.000000 0.882266 -0.470752
vn -0.145470 0.882266 -0.447711
vn -0.276701 0.882266 -0.380846
vn -0.380846 0.882266 -0.276701
vn -0.447712 0.882266 -0.145470
vn -0.470752 0.882266 0.000000
vn -0.447712 0.882266 0.145471
vn -0.380846 0.882266 0.276701
vn -0.276701 0.882266 0.380846
vn -0.145470 0.882266 0.447712
vn 0.000000 0.882266 0.470752
vn 0.145470 0.882266 0.447712
vn 0.276701 0.882266 0.380846
vn 0.380846 0.882266 0.276701
vn 0.447712 0.882266 0.145470
vn 0.470752 0.882266 0.000000
vn 0.269870 0.942722 -0.196073
vn 0.317252 0.942722 -0.103081
vn 0.196072 0.942722 -0.269871
vn 0.103081 0.942722 -0.317251
vn -0.000000 0.942723 -0.333578
vn -0.103081 0.942723 -0.317251
vn -0.196072 0.942722 -0.269870
vn -0.269870 0.942723 -0.196072
vn -0.317252 0.942722 -0.103081
vn -0.333578 0.942722 0.000000
vn -0.317252 0.942722 0.103082
vn -0.269870 0.942722 0.196072
vn -0.196072 0.942722 0.269870
vn -0.103081 0.942722 0.317252
vn 0.000000 0.942722 0.333578
vn 0.103081 0.942722 0.317252
vn 0.196072 0.942722 0.269870
vn 0.269870 0.942722 0.196072
vn 0.317252 0.942722 0.103081
vn 0.333578 0.942722 0.000000
vn 0.162096 0.979722 -0.117769
vn 0.190555 0.979722 -0.061915
vn 0.117769 0.979722 -0.162096
vn 0.061915 0.979722 -0.190555
vn -0.000000 0.979722 -0.200361
vn -0.061915 0.979722 -0.190555
vn -0.117769 0.979722 -0.162095
vn -0.162096 0.979722 -0.117769
vn -0.190555 0.979722 -0.061915
vn -0.200361 0.979722 0.000000
vn -0.190555 0.979722 0.061915
vn -0.162096 0.979722 0.117769
vn -0.117769 0.979722 0.162096
vn -0.061915 0.979722 0.190555
vn 0.000000 0.979722 0.200361
vn 0.061915 0.979722 0.190555
vn 0.117769 0.979722 0.162096
vn 0.162096 0.979722 0.117769
vn 0.190555 0.979722 0.061915
vn 0.200361 0.979722 0.000001
vn -0.000000 -1.000000 -0.000000
vn -0.000000 1.000000 0.000000
s 1
g pSphere1
usemtl initialShadingGroup
f 232/372/616 233/373/617 253/394/618 252/393/619
f 233/373/617 234/374/620 254/395/621 253/394/618
f 234/374/620 235/375/622 255/396/623 254/395/621
f 235/375/622 236/376/624 256/397/625 255/396/623
f 236/376/624 237/377/626 257/398/627 256/397/625
f 237/377/626 238/378/628 258/399/629 257/398/627
f 238/378/628 239/379/630 259/400/631 258/399/629
f 239/379/630 240/380/632 260/401/633 259/400/631
f 240/380/632 241/381/634 261/402/635 260/401/633
f 241/381/634 242/382/636 262/403/637 261/402/635
f 242/382/636 243/383/638 263/404/639 262/403/637
f 243/383/638 244/384/640 264/405/641 263/404/639
f 244/384/640 245/385/642 265/406/643 264/405/641
f 245/385/642 246/386/644 266/407/645 265/406/643
f 246/386/644 247/387/646 267/408/647 266/407/645
f 247/387/646 248/388/648 268/409/649 267/408/647
f 248/388/648 249/389/650 269/410/651 268/409/649
f 249/389/650 250/390/652 270/411/653 269/410/651
f 250/390/652 251/391/654 271/412/655 270/411/653
f 251/391/654 232/392/616 252/413/619 271/412/655
f 252/393/619 253/394/618 273/415/656 272/414/657
f 253/394/618 254/395/621 274/416/658 273/415/656
f 254/395/621 255/396/623 275/417/659 274/416/658
f 255/396/623 256/397/625 276/418/660 275/417/659
f 256/397/625 257/398/627 277/419/661 276/418/660
f 257/398/627 258/399/629 278/420/662 277/419/661
f 258/399/629 259/400/631 279/421/663 278/420/662
f 259/400/631 260/401/633 280/422/664 279/421/663
f 260/401/633 261/402/635 281/423/665 280/422/664
f 261/402/635 262/403/637 282/424/666 281/423/665
f 262/403/637 263/404/639 283/425/667 282/424/666
f 263/404/639 264/405/641 284/426/668 283/425/667
f 264/405/641 265/406/643 285/427/669 284/426/668
f 265/406/643 266/407/645 286/428/670 285/427/669
f 266/407/645 267/408/647 287/429/671 286/428/670
f 267/408/647 268/409/649 288/430/672 287/429/671
f 268/409/649 269/410/651 289/431/673 288/430/672
f 269/410/651 270/411/653 290/432/674 289/431/673
f 270/411/653 271/412/655 291/433/675 290/432/674
f 271/412/655 252/413/619 272/434/657 291/433/675
f 272/414/657 273/415/656 293/436/676 292/435/677
f 273/415/656 274/416/658 294/437/678 293/436/676
f 274/416/658 275/417/659 295/438/679 294/437/678
f 275/417/659 276/418/660 296/439/680 295/438/679
f 276/418/660 277/419/661 297/440/681 296/439/680
f 277/419/661 278/420/662 298/441/682 297/440/681
f 278/420/662 279/421/663 299/442/683 298/441/682
f 279/421/663 280/422/664 300/443/684 299/442/683
f 280/422/664 281/423/665 301/444/685 300/443/684
f 281/423/665 282/424/666 302/445/686 301/444/685
f 282/424/666 283/425/667 303/446/687 302/445/686
f 283/425/667 284/426/668 304/447/688 303/446/687
f 284/426/668 285/427/669 305/448/689 304/447/688
f 285/427/669 286/428/670 306/449/690 305/448/689
f 286/428/670 287/429/671 307/450/691 306/449/690
f 287/429/671 288/430/672 308/451/692 307/450/691
f 288/430/672 289/431/673 309/452/693 308/451/692
f 289/431/673 290/432/674 310/453/694 309/452/693
f 290/432/674 291/433/675 311/454/695 310/453/694
f 291/433/675 272/434/657 292/455/677 311/454/695
f 292/435/677 293/436/676 313/457/696 312/456/697
f 293/436/676 294/437/678 314/458/698 313/457/696
f 294/437/678 295/438/679 315/459/699 314/458/698
f 295/438/679 296/439/680 316/460/700 315/459/699
f 296/439/680 297/440/681 317/461/701 316/460/700
f 297/440/681 298/441/682 318/462/702 317/461/701
f 298/441/682 299/442/683 319/463/703 318/462/702
f 299/442/683 300/443/684 320/464/704 319/463/703
f 300/443/684 301/444/685 321/465/705 320/464/704
f 301/444/685 302/445/686 322/466/706 321/465/705
f 302/445/686 303/446/687 323/467/707 322/466/706
f 303/446/687 304/447/688 324/468/708 323/467/707
f 304/447/688 305/448/689 325/469/709 324/468/708
f 305/448/689 306/449/690 326/470/710 325/469/709
f 306/449/690 307/450/691 327/471/711 326/470/710
f 307/450/691 308/451/692 328/472/712 327/471/711
f 308/451/692 309/452/693 329/473/713 328/472/712
f 309/452/693 310/453/694 330/474/714 329/473/713
f 310/453/694 311/454/695 331/475/715 330/474/714
f 311/454/695 292/455/677 312/476/697 331/475/715
f 312/456/697 313/457/696 333/478/716 332/477/717
f 313/457/696 314/458/698 334/479/718 333/478/716
f 314/458/698 315/459/699 335/480/719 334/479/718
f 315/459/699 316/460/700 336/481/720 335/480/719
f 316/460/700 317/461/701 337/482/721 336/481/720
f 317/461/701 318/462/702 338/483/722 337/482/721
f 318/462/702 319/463/703 339/484/723 338/483/722
f 319/463/703 320/464/704 340/485/724 339/484/723
f 320/464/704 321/465/705 341/486/725 340/485/724
f 321/465/705 322/466/706 342/487/726 341/486/725
f 322/466/706 323/467/707 343/488/727 342/487/726
f 323/467/707 324/468/708 344/489/728 343/488/727
f 324/468/708 325/469/709 345/490/729 344/489/728
f 325/469/709 326/470/710 346/491/730 345/490/729
f 326/470/710 327/471/711 347/492/731 346/491/730
f 327/471/711 328/472/712 348/493/732 347/492/731
f 328/472/712 329/473/713 349/494/733 348/493/732
f 329/473/713 330/474/714 350/495/734 349/494/733
f 330/474/714 331/475/715 351/496/735 350/495/734
f 331/475/715 312/476/697 332/497/717 351/496/735
f 332/477/717 333/478/716 353/499/736 352/498/737
f 333/478/716 334/479/718 354/500/738 353/499/736
f 334/479/718 335/480/719 355/501/739 354/500/738
f 335/480/719 336/481/720 356/502/740 355/501/739
f 336/481/720 337/482/721 357/503/741 356/502/740
f 337/482/721 338/483/722 358/504/742 357/503/741
f 338/483/722 339/484/723 359/505/743 358/504/742
f 339/484/723 340/485/724 360/506/744 359/505/743
f 340/485/724 341/486/725 361/507/745 360/506/744
f 341/486/725 342/487/726 362/508/746 361/507/745
f 342/487/726 343/488/727 363/509/747 362/508/746
f 343/488/727 344/489/728 364/510/748 363/509/747
f 344/489/728 345/490/729 365/511/749 364/510/748
f 345/490/729 346/491/730 366/512/750 365/511/749
f 346/491/730 347/492/731 367/513/751 366/512/750
f 347/492/731 348/493/732 368/514/752 367/513/751
f 348/493/732 349/494/733 369/515/753 368/514/752
f 349/494/733 350/495/734 370/516/754 369/515/753
f 350/495/734 351/496/735 371/517/755 370/516/754
f 351/496/735 332/497/717 352/518/737 371/517/755
f 352/498/737 353/499/736 373/520/756 372/519/757
f 353/499/736 354/500/738 374/521/758 373/520/756
f 354/500/738 355/501/739 375/522/759 374/521/758
f 355/501/739 356/502/740 376/523/760 375/522/759
f 356/502/740 357/503/741 377/524/761 376/523/760
f 357/503/741 358/504/742 378/525/762 377/524/761
f 358/504/742 359/505/743 379/526/763 378/525/762
f 359/505/743 360/506/744 380/527/764 379/526/763
f 360/506/744 361/507/745 381/528/765 380/527/764
f 361/507/745 362/508/746 382/529/766 381/528/765
f 362/508/746 363/509/747 383/530/767 382/529/766
f 363/509/747 364/510/748 384/531/768 383/530/767
f 364/510/748 365/511/749 385/532/769 384/531/768
f 365/511/749 366/512/750 386/533/770 385/532/769
f 366/512/750 367/513/751 387/534/771 386/533/770
f 367/513/751 368/514/752 388/535/772 387/534/771
f 368/514/752 369/515/753 389/536/773 388/535/772
f 369/515/753 370/516/754 390/537/774 389/536/773
f 370/516/754 371/517/755 391/538/775 390/537/774
f 371/517/755 352/518/737 372/539/757 391/538/775
f 372/519/757 373/520/756 393/541/776 392/540/777
f 373/520/756 374/521/758 394/542/778 393/541/776
f 374/521/758 375/522/759 395/543/779 394/542/778
f 375/522/759 376/523/760 396/544/780 395/543/779
f 376/523/760 377/524/761 397/545/781 396/544/780
f 377/524/761 378/525/762 398/546/782 397/545/781
f 378/525/762 379/526/763 399/547/783 398/546/782
f 379/526/763 380/527/764 400/548/784 399/547/783
f 380/527/764 381/528/765 401/549/785 400/548/784
f 381/528/765 382/529/766 402/550/786 401/549/785
f 382/529/766 383/530/767 403/551/787 402/550/786
f 383/530/767 384/531/768 404/552/788 403/551/787
f 384/531/768 385/532/769 405/553/789 404/552/788
f 385/532/769 386/533/770 406/554/790 405/553/789
f 386/533/770 387/534/771 407/555/791 406/554/790
f 387/534/771 388/535/772 408/556/792 407/555/791
f 388/535/772 389/536/773 409/557/793 408/556/792
f 389/536/773 390/537/774 410/558/794 409/557/793
f 390/537/774 391/538/775 411/559/795 410/558/794
f 391/538/775 372/539/757 392/560/777 411/559/795
f 392/540/777 393/541/776 413/562/796 412/561/797
f 393/541/776 394/542/778 414/563/798 413/562/796
f 394/542/778 395/543/779 415/564/799 414/563/798
f 395/543/779 396/544/780 416/565/800 415/564/799
f 396/544/780 397/545/781 417/566/801 416/565/800
f 397/545/781 398/546/782 418/567/802 417/566/801
f 398/546/782 399/547/783 419/568/803 418/567/802
f 399/547/783 400/548/784 420/569/804 419/568/803
f 400/548/784 401/549/785 421/570/805 420/569/804
f 401/549/785 402/550/786 422/571/806 421/570/805
f 402/550/786 403/551/787 423/572/807 422/571/806
f 403/551/787 404/552/788 424/573/808 423/572/807
f 404/552/788 405/553/789 425/574/809 424/573/808
f 405/553/789 406/554/790 426/575/810 425/574/809
f 406/554/790 407/555/791 427/576/811 426/575/810
f 407/555/791 408/556/792 428/577/812 427/576/811
f 408/556/792 409/557/793 429/578/813 428/577/812
f 409/557/793 410/558/794 430/579/814 429/578/813
f 410/558/794 411/559/795 431/580/815 430/579/814
f 411/559/795 392/560/777 412/581/797 431/580/815
f 412/561/797 413/562/796 433/583/816 432/582/817
f 413/562/796 414/563/798 434/584/818 433/583/816
f 414/563/798 415/564/799 435/585/819 434/584/818
f 415/564/799 416/565/800 436/586/820 435/585/819
f 416/565/800 417/566/801 437/587/821 436/586/820
f 417/566/801 418/567/802 438/588/822 437/587/821
f 418/567/802 419/568/803 439/589/823 438/588/822
f 419/568/803 420/569/804 440/590/824 439/589/823
f 420/569/804 421/570/805 441/591/825 440/590/824
f 421/570/805 422/571/806 442/592/826 441/591/825
f 422/571/806 423/572/807 443/593/827 442/592/826
f 423/572/807 424/573/808 444/594/828 443/593/827
f 424/573/808 425/574/809 445/595/829 444/594/828
f 425/574/809 426/575/810 446/596/830 445/595/829
f 426/575/810 427/576/811 447/597/831 446/596/830
f 427/576/811 428/577/812 448/598/832 447/597/831
f 428/577/812 429/578/813 449/599/833 448/598/832
f 429/578/813 430/579/814 450/600/834 449/599/833
f 430/579/814 431/580/815 451/601/835 450/600/834
f 431/580/815 412/581/797 432/602/817 451/601/835
f 432/582/817 433/583/816 453/604/836 452/603/837
f 433/583/816 434/584/818 454/605/838 453/604/836
f 434/584/818 435/585/819 455/606/839 454/605/838
f 435/585/819 436/586/820 456/607/840 455/606/839
f 436/586/820 437/587/821 457/608/841 456/607/840
f 437/587/821 438/588/822 458/609/842 457/608/841
f 438/588/822 439/589/823 459/610/843 458/609/842
f 439/589/823 440/590/824 460/611/844 459/610/843
f 440/590/824 441/591/825 461/612/845 460/611/844
f 441/591/825 442/592/826 462/613/846 461/612/845
f 442/592/826 443/593/827 463/614/847 462/613/846
f 443/593/827 444/594/828 464/615/848 463/614/847
f 444/594/828 445/595/829 465/616/849 464/615/848
f 445/595/829 446/596/830 466/617/850 465/616/849
f 446/596/830 447/597/831 467/618/851 466/617/850
f 447/597/831 448/598/832 468/619/852 467/618/851
f 448/598/832 449/599/833 469/620/853 468/619/852
f 449/599/833 450/600/834 470/621/854 469/620/853
f 450/600/834 451/601/835 471/622/855 470/621/854
f 451/601/835 432/602/817 452/623/837 471/622/855
f 452/603/837 453/604/836 473/625/856 472/624/857
f 453/604/836 454/605/838 474/626/858 473/625/856
f 454/605/838 455/606/839 475/627/859 474/626/858
f 455/606/839 456/607/840 476/628/860 475/627/859
f 456/607/840 457/608/841 477/629/861 476/628/860
f 457/608/841 458/609/842 478/630/862 477/629/861
f 458/609/842 459/610/843 479/631/863 478/630/862
f 459/610/843 460/611/844 480/632/864 479/631/863
f 460/611/844 461/612/845 481/633/865 480/632/864
f 461/612/845 462/613/846 482/634/866 481/633/865
f 462/613/846 463/614/847 483/635/867 482/634/866
f 463/614/847 464/615/848 484/636/868 483/635/867
f 464/615/848 465/616/849 485/637/869 484/636/868
f 465/616/849 466/617/850 486/638/870 485/637/869
f 466/617/850 467/618/851 487/639/871 486/638/870
f 467/618/851 468/619/852 488/640/872 487/639/871
f 468/619/852 469/620/853 489/641/873 488/640/872
f 469/620/853 470/621/854 490/642/874 489/641/873
f 470/621/854 471/622/855 491/643/875 490/642/874
f 471/622/855 452/623/837 472/644/857 491/643/875
f 472/624/857 473/625/856 493/646/876 492/645/877
f 473/625/856 474/626/858 494/647/878 493/646/876
f 474/626/858 475/627/859 495/648/879 494/647/878
f 475/627/859 476/628/860 496/649/880 495/648/879
f 476/628/860 477/629/861 497/650/881 496/649/880
f 477/629/861 478/630/862 498/651/882 497/650/881
f 478/630/862 479/631/863 499/652/883 498/651/882
f 479/631/863 480/632/864 500/653/884 499/652/883
f 480/632/864 481/633/865 501/654/885 500/653/884
f 481/633/865 482/634/866 502/655/886 501/654/885
f 482/634/866 483/635/867 503/656/887 502/655/886
f 483/635/867 484/636/868 504/657/888 503/656/887
f 484/636/868 485/637/869 505/658/889 504/657/888
f 485/637/869 486/638/870 506/659/890 505/658/889
f 486/638/870 487/639/871 507/660/891 506/659/890
f 487/639/871 488/640/872 508/661/892 507/660/891
f 488/640/872 489/641/873 509/662/893 508/661/892
f 489/641/873 490/642/874 510/663/894 509/662/893
f 490/642/874 491/643/875 511/664/895 510/663/894
f 491/643/875 472/644/857 492/665/877 511/664/895
f 492/645/877 493/646/876 513/667/896 512/666/897
f 493/646/876 494/647/878 514/668/898 513/667/896
f 494/647/878 495/648/879 515/669/899 514/668/898
f 495/648/879 496/649/880 516/670/900 515/669/899
f 496/649/880 497/650/881 517/671/901 516/670/900
f 497/650/881 498/651/882 518/672/902 517/671/901
f 498/651/882 499/652/883 519/673/903 518/672/902
f 499/652/883 500/653/884 520/674/904 519/673/903
f 500/653/884 501/654/885 521/675/905 520/674/904
f 501/654/885 502/655/886 522/676/906 521/675/905
f 502/655/886 503/656/887 523/677/907 522/676/906
f 503/656/887 504/657/888 524/678/908 523/677/907
f 504/657/888 505/658/889 525/679/909 524/678/908
f 505/658/889 506/659/890 526/680/910 525/679/909
f 506/659/890 507/660/891 527/681/911 526/680/910
f 507/660/891 508/661/892 528/682/912 527/681/911
f 508/661/892 509/662/893 529/683/913 528/682/912
f 509/662/893 510/663/894 530/684/914 529/683/913
f 510/663/894 511/664/895 531/685/915 530/684/914
f 511/664/895 492/665/877 512/686/897 531/685/915
f 512/666/897 513/667/896 533/688/916 532/687/917
f 513/667/896 514/668/898 534/689/918 533/688/916
f 514/668/898 515/669/899 535/690/919 534/689/918
f 515/669/899 516/670/900 536/691/920 535/690/919
f 516/670/900 517/671/901 537/692/921 536/691/920
f 517/671/901 518/672/902 538/693/922 537/692/921
f 518/672/902 519/673/903 539/694/923 538/693/922
f 519/673/903 520/674/904 540/695/924 539/694/923
f 520/674/904 521/675/905 541/696/925 540/695/924
f 521/675/905 522/676/906 542/697/926 541/696/925
f 522/676/906 523/677/907 543/698/927 542/697/926
f 523/677/907 524/678/908 544/699/928 543/698/927
f 524/678/908 525/679/909 545/700/929 544/699/928
f 525/679/909 526/680/910 546/701/930 545/700/929
f 526/680/910 527/681/911 547/702/931 546/701/930
f 527/681/911 528/682/912 548/703/932 547/702/931
f 528/682/912 529/683/913 549/704/933 548/703/932
f 529/683/913 530/684/914 550/705/934 549/704/933
f 530/684/914 531/685/915 551/706/935 550/705/934
f 531/685/915 512/686/897 532/707/917 551/706/935
f 532/687/917 533/688/916 553/709/936 552/708/937
f 533/688/916 534/689/918 554/710/938 553/709/936
f 534/689/918 535/690/919 555/711/939 554/710/938
f 535/690/919 536/691/920 556/712/940 555/711/939
f 536/691/920 537/692/921 557/713/941 556/712/940
f 537/692/921 538/693/922 558/714/942 557/713/941
f 538/693/922 539/694/923 559/715/943 558/714/942
f 539/694/923 540/695/924 560/716/944 559/715/943
f 540/695/924 541/696/925 561/717/945 560/716/944
f 541/696/925 542/697/926 562/718/946 561/717/945
f 542/697/926 543/698/927 563/719/947 562/718/946
f 543/698/927 544/699/928 564/720/948 563/719/947
f 544/699/928 545/700/929 565/721/949 564/720/948
f 545/700/929 546/701/930 566/722/950 565/721/949
f 546/701/930 547/702/931 567/723/951 566/722/950
f 547/702/931 548/703/932 568/724/952 567/723/951
f 548/703/932 549/704/933 569/725/953 568/724/952
f 549/704/933 550/705/934 570/726/954 569/725/953
f 550/705/934 551/706/935 571/727/955 570/726/954
f 551/706/935 532/707/917 552/728/937 571/727/955
f 552/708/937 553/709/936 573/730/956 572/729/957
f 553/709/936 554/710/938 574/731/958 573/730/956
f 554/710/938 555/711/939 575/732/959 574/731/958
f 555/711/939 556/712/940 576/733/960 575/732/959
f 556/712/940 557/713/941 577/734/961 576/733/960
f 557/713/941 558/714/942 578/735/962 577/734/961
f 558/714/942 559/715/943 579/736/963 578/735/962
f 559/715/943 560/716/944 580/737/964 579/736/963
f 560/716/944 561/717/945 581/738/965 580/737/964
f 561/717/945 562/718/946 582/739/966 581/738/965
f 562/718/946 563/719/947 583/740/967 582/739/966
f 563/719/947 564/720/948 584/741/968 583/740/967
f 564/720/948 565/721/949 585/742/969 584/741/968
f 565/721/949 566/722/950 586/743/970 585/742/969
f 566/722/950 567/723/951 587/744/971 586/743/970
f 567/723/951 568/724/952 588/745/972 587/744/971
f 568/724/952 569/725/953 589/746/973 588/745/972
f 569/725/953 570/726/954 590/747/974 589/746/973
f 570/726/954 571/727/955 591/748/975 590/747/974
f 571/727/955 552/728/937 572/749/957 591/748/975
f 572/729/957 573/730/956 593/751/976 592/750/977
f 573/730/956 574/731/958 594/752/978 593/751/976
f 574/731/958 575/732/959 595/753/979 594/752/978
f 575/732/959 576/733/960 596/754/980 595/753/979
f 576/733/960 577/734/961 597/755/981 596/754/980
f 577/734/961 578/735/962 598/756/982 597/755/981
f 578/735/962 579/736/963 599/757/983 598/756/982
f 579/736/963 580/737/964 600/758/984 599/757/983
f 580/737/964 581/738/965 601/759/985 600/758/984
f 581/738/965 582/739/966 602/760/986 601/759/985
f 582/739/966 583/740/967 603/761/987 602/760/986
f 583/740/967 584/741/968 604/762/988 603/761/987
f 584/741/968 585/742/969 605/763/989 604/762/988
f 585/742/969 586/743/970 606/764/990 605/763/989
f 586/743/970 587/744/971 607/765/991 606/764/990
f 587/744/971 588/745/972 608/766/992 607/765/991
f 588/745/972 589/746/973 609/767/993 608/766/992
f 589/746/973 590/747/974 610/768/994 609/767/993
f 590/747/974 591/748/975 611/769/995 610/768/994
f 591/748/975 572/749/957 592/770/977 611/769/995
f 233/373/617 232/372/616 612/771/996
f 234/374/620 233/373/617 612/772/996
f 235/375/622 234/374/620 612/773/996
f 236/376/624 235/375/622 612/774/996
f 237/377/626 236/376/624 612/775/996
f 238/378/628 237/377/626 612/776/996
f 239/379/630 238/378/628 612/777/996
f 240/380/632 239/379/630 612/778/996
f 241/381/634 240/380/632 612/779/996
f 242/382/636 241/381/634 612/780/996
f 243/383/638 242/382/636 612/781/996
f 244/384/640 243/383/638 612/782/996
f 245/385/642 244/384/640 612/783/996
f 246/386/644 245/385/642 612/784/996
f 247/387/646 246/386/644 612/785/996
f 248/388/648 247/387/646 612/786/996
f 249/389/650 248/388/648 612/787/996
f 250/390/652 249/389/650 612/788/996
f 251/391/654 250/390/652 612/789/996
f 232/392/616 251/391/654 612/790/996
f 592/750/977 593/751/976 613/791/997
f 593/751/976 594/752/978 613/792/997
f 594/752/978 595/753/979 613/793/997
f 595/753/979 596/754/980 613/794/997
f 596/754/980 597/755/981 613/795/997
f 597/755/981 598/756/982 613/796/997
f 598/756/982 599/757/983 613/797/997
f 599/757/983 600/758/984 613/798/997
f 600/758/984 601/759/985 613/799/997
f 601/759/985 602/760/986 613/800/997
f 602/760/986 603/761/987 613/801/997
f 603/761/987 604/762/988 613/802/997
f 604/762/988 605/763/989 613/803/997
f 605/763/989 606/764/990 613/804/997
f 606/764/990 607/765/991 613/805/997
f 607/765/991 608/766/992 613/806/997
f 608/766/992 609/767/993 613/807/997
f 609/767/993 610/768/994 613/808/997
f 610/768/994 611/769/995 613/809/997
f 611/769/995 592/770/977 613/810/997
g default
v -0.331115 4.175036 0.822971
v -0.343964 4.175036 0.797753
v -0.363977 4.175036 0.777740
v -0.389195 4.175036 0.764890
v -0.417149 4.175036 0.760463
v -0.445104 4.175036 0.764890
v -0.470322 4.175036 0.777740
v -0.490335 4.175036 0.797753
v -0.503184 4.175036 0.822971
v -0.507611 4.175036 0.850925
v -0.503184 4.175036 0.878879
v -0.490335 4.175036 0.904097
v -0.470322 4.175036 0.924110
v -0.445104 4.175036 0.936960
v -0.417149 4.175036 0.941387
v -0.389195 4.175036 0.936960
v -0.363977 4.175036 0.924110
v -0.343964 4.175036 0.904097
v -0.331115 4.175036 0.878879
v -0.326687 4.175036 0.850925
v -0.247198 4.196220 0.795705
v -0.272580 4.196220 0.745890
v -0.312114 4.196220 0.706356
v -0.361929 4.196220 0.680974
v -0.417149 4.196220 0.672228
v -0.472370 4.196220 0.680974
v -0.522185 4.196220 0.706356
v -0.561718 4.196220 0.745890
v -0.587100 4.196220 0.795705
v -0.595846 4.196220 0.850925
v -0.587100 4.196220 0.906145
v -0.561718 4.196220 0.955960
v -0.522185 4.196220 0.995494
v -0.472370 4.196220 1.020876
v -0.417149 4.196220 1.029622
v -0.361929 4.196220 1.020876
v -0.312114 4.196220 0.995494
v -0.272581 4.196220 0.955960
v -0.247199 4.196220 0.906145
v -0.238453 4.196220 0.850925
v -0.167467 4.230945 0.769798
v -0.204757 4.230945 0.696613
v -0.262837 4.230945 0.638533
v -0.336023 4.230945 0.601243
v -0.417149 4.230945 0.588394
v -0.498276 4.230945 0.601243
v -0.571461 4.230945 0.638533
v -0.629542 4.230945 0.696613
v -0.666831 4.230945 0.769798
v -0.679681 4.230945 0.850925
v -0.666831 4.230945 0.932052
v -0.629542 4.230945 1.005237
v -0.571461 4.230945 1.063317
v -0.498276 4.230945 1.100607
v -0.417149 4.230945 1.113456
v -0.336023 4.230945 1.100607
v -0.262837 4.230945 1.063317
v -0.204757 4.230945 1.005237
v -0.167467 4.230945 0.932052
v -0.154618 4.230945 0.850925
v -0.093884 4.278357 0.745890
v -0.142163 4.278357 0.651136
v -0.217360 4.278357 0.575939
v -0.312114 4.278357 0.527659
v -0.417149 4.278357 0.511024
v -0.522185 4.278357 0.527660
v -0.616938 4.278357 0.575939
v -0.692135 4.278357 0.651136
v -0.740415 4.278357 0.745890
v -0.757051 4.278357 0.850925
v -0.740415 4.278357 0.955960
v -0.692135 4.278357 1.050714
v -0.616938 4.278357 1.125911
v -0.522185 4.278357 1.174191
v -0.417149 4.278357 1.190826
v -0.312114 4.278357 1.174191
v -0.217360 4.278357 1.125911
v -0.142163 4.278357 1.050714
v -0.093884 4.278357 0.955960
v -0.077248 4.278357 0.850925
v -0.028260 4.337290 0.724567
v -0.086340 4.337290 0.610578
v -0.176803 4.337290 0.520116
v -0.290792 4.337290 0.462036
v -0.417149 4.337290 0.442023
v -0.543507 4.337290 0.462036
v -0.657496 4.337290 0.520116
v -0.747958 4.337290 0.610578
v -0.806038 4.337290 0.724567
v -0.826051 4.337290 0.850925
v -0.806038 4.337290 0.977283
v -0.747958 4.337290 1.091272
v -0.657496 4.337290 1.181734
v -0.543507 4.337290 1.239814
v -0.417149 4.337290 1.259827
v -0.290792 4.337290 1.239814
v -0.176803 4.337290 1.181734
v -0.086341 4.337290 1.091272
v -0.028260 4.337290 0.977283
v -0.008247 4.337290 0.850925
v 0.027788 4.406290 0.706356
v -0.038663 4.406290 0.575939
v -0.142163 4.406290 0.472439
v -0.272581 4.406290 0.405988
v -0.417149 4.406290 0.383091
v -0.561718 4.406290 0.405988
v -0.692135 4.406290 0.472439
v -0.795635 4.406290 0.575939
v -0.862086 4.406290 0.706356
v -0.884983 4.406290 0.850925
v -0.862086 4.406290 0.995494
v -0.795635 4.406290 1.125911
v -0.692135 4.406290 1.229411
v -0.561718 4.406290 1.295862
v -0.417149 4.406290 1.318759
v -0.272581 4.406290 1.295862
v -0.142163 4.406290 1.229411
v -0.038664 4.406290 1.125911
v 0.027787 4.406290 0.995494
v 0.050685 4.406290 0.850925
v 0.072880 4.483660 0.691705
v -0.000306 4.483660 0.548071
v -0.114295 4.483660 0.434082
v -0.257929 4.483660 0.360896
v -0.417149 4.483660 0.335678
v -0.576369 4.483660 0.360896
v -0.720004 4.483660 0.434082
v -0.833993 4.483660 0.548071
v -0.907178 4.483660 0.691705
v -0.932396 4.483660 0.850925
v -0.907178 4.483660 1.010145
v -0.833993 4.483660 1.153779
v -0.720004 4.483660 1.267768
v -0.576369 4.483660 1.340954
v -0.417149 4.483660 1.366172
v -0.257929 4.483660 1.340954
v -0.114295 4.483660 1.267768
v -0.000306 4.483660 1.153779
v 0.072879 4.483660 1.010145
v 0.098097 4.483660 0.850925
v 0.105906 4.567495 0.680974
v 0.027788 4.567495 0.527659
v -0.093884 4.567495 0.405988
v -0.247198 4.567495 0.327870
v -0.417149 4.567495 0.300953
v -0.587100 4.567495 0.327870
v -0.740415 4.567495 0.405988
v -0.862086 4.567495 0.527660
v -0.940204 4.567495 0.680974
v -0.967121 4.567495 0.850925
v -0.940204 4.567495 1.020876
v -0.862086 4.567495 1.174191
v -0.740415 4.567495 1.295862
v -0.587100 4.567495 1.373980
v -0.417149 4.567495 1.400897
v -0.247199 4.567495 1.373980
v -0.093884 4.567495 1.295862
v 0.027787 4.567495 1.174191
v 0.105905 4.567495 1.020876
v 0.132823 4.567495 0.850925
v 0.126052 4.655730 0.674428
v 0.044925 4.655730 0.515208
v -0.081432 4.655730 0.388851
v -0.240652 4.655730 0.307724
v -0.417149 4.655730 0.279770
v -0.593646 4.655730 0.307724
v -0.752866 4.655730 0.388851
v -0.879224 4.655730 0.515208
v -0.960350 4.655730 0.674428
v -0.988305 4.655730 0.850925
v -0.960350 4.655730 1.027422
v -0.879224 4.655730 1.186642
v -0.752866 4.655730 1.312999
v -0.593646 4.655730 1.394126
v -0.417149 4.655730 1.422080
v -0.240653 4.655730 1.394126
v -0.081433 4.655730 1.312999
v 0.044925 4.655730 1.186642
v 0.126052 4.655730 1.027422
v 0.154006 4.655730 0.850925
v 0.132823 4.746192 0.672228
v 0.050685 4.746192 0.511024
v -0.077248 4.746192 0.383091
v -0.238452 4.746192 0.300953
v -0.417149 4.746192 0.272650
v -0.595846 4.746192 0.300953
v -0.757051 4.746192 0.383091
v -0.884983 4.746192 0.511024
v -0.967121 4.746192 0.672228
v -0.995424 4.746192 0.850925
v -0.967121 4.746192 1.029622
v -0.884983 4.746192 1.190827
v -0.757051 4.746192 1.318759
v -0.595846 4.746192 1.400897
v -0.417149 4.746192 1.429200
v -0.238453 4.746192 1.400897
v -0.077248 4.746192 1.318759
v 0.050685 4.746192 1.190826
v 0.132823 4.746192 1.029622
v 0.161125 4.746192 0.850925
v 0.126052 4.836654 0.674428
v 0.044925 4.836654 0.515208
v -0.081432 4.836654 0.388851
v -0.240652 4.836654 0.307724
v -0.417149 4.836654 0.279770
v -0.593646 4.836654 0.307724
v -0.752866 4.836654 0.388851
v -0.879224 4.836654 0.515208
v -0.960350 4.836654 0.674428
v -0.988305 4.836654 0.850925
v -0.960350 4.836654 1.027422
v -0.879224 4.836654 1.186642
v -0.752866 4.836654 1.312999
v -0.593646 4.836654 1.394126
v -0.417149 4.836654 1.422080
v -0.240653 4.836654 1.394126
v -0.081433 4.836654 1.312999
v 0.044925 4.836654 1.186642
v 0.126052 4.836654 1.027422
v 0.154006 4.836654 0.850925
v 0.105906 4.924888 0.680974
v 0.027788 4.924888 0.527659
v -0.093884 4.924888 0.405988
v -0.247198 4.924888 0.327870
v -0.417149 4.924888 0.300953
v -0.587100 4.924888 0.327870
v -0.740415 4.924888 0.405988
v -0.862086 4.924888 0.527660
v -0.940204 4.924888 0.680974
v -0.967121 4.924888 0.850925
v -0.940204 4.924888 1.020876
v -0.862086 4.924888 1.174191
v -0.740415 4.924888 1.295862
v -0.587100 4.924888 1.373980
v -0.417149 4.924888 1.400897
v -0.247199 4.924888 1.373980
v -0.093884 4.924888 1.295862
v 0.027787 4.924888 1.174191
v 0.105905 4.924888 1.020876
v 0.132823 4.924888 0.850925
v 0.072880 5.008723 0.691705
v -0.000306 5.008723 0.548071
v -0.114295 5.008723 0.434082
v -0.257929 5.008723 0.360896
v -0.417149 5.008723 0.335678
v -0.576369 5.008723 0.360896
v -0.720004 5.008723 0.434082
v -0.833993 5.008723 0.548071
v -0.907178 5.008723 0.691705
v -0.932396 5.008723 0.850925
v -0.907178 5.008723 1.010145
v -0.833993 5.008723 1.153779
v -0.720004 5.008723 1.267768
v -0.576369 5.008723 1.340954
v -0.417149 5.008723 1.366172
v -0.257929 5.008723 1.340954
v -0.114295 5.008723 1.267768
v -0.000306 5.008723 1.153779
v 0.072879 5.008723 1.010145
v 0.098097 5.008723 0.850925
v 0.027788 5.086093 0.706356
v -0.038663 5.086093 0.575939
v -0.142163 5.086093 0.472439
v -0.272581 5.086093 0.405988
v -0.417149 5.086093 0.383091
v -0.561718 5.086093 0.405988
v -0.692135 5.086093 0.472439
v -0.795635 5.086093 0.575939
v -0.862086 5.086093 0.706356
v -0.884983 5.086093 0.850925
v -0.862086 5.086093 0.995494
v -0.795635 5.086093 1.125911
v -0.692135 5.086093 1.229411
v -0.561718 5.086093 1.295862
v -0.417149 5.086093 1.318759
v -0.272581 5.086093 1.295862
v -0.142163 5.086093 1.229411
v -0.038664 5.086093 1.125911
v 0.027787 5.086093 0.995494
v 0.050685 5.086093 0.850925
v -0.028260 5.155094 0.724567
v -0.086340 5.155094 0.610578
v -0.176803 5.155094 0.520116
v -0.290792 5.155094 0.462036
v -0.417149 5.155094 0.442023
v -0.543507 5.155094 0.462036
v -0.657496 5.155094 0.520116
v -0.747958 5.155094 0.610578
v -0.806038 5.155094 0.724567
v -0.826051 5.155094 0.850925
v -0.806038 5.155094 0.977283
v -0.747958 5.155094 1.091272
v -0.657496 5.155094 1.181734
v -0.543507 5.155094 1.239814
v -0.417149 5.155094 1.259827
v -0.290792 5.155094 1.239814
v -0.176803 5.155094 1.181734
v -0.086341 5.155094 1.091272
v -0.028260 5.155094 0.977283
v -0.008247 5.155094 0.850925
v -0.093884 5.214026 0.745890
v -0.142163 5.214026 0.651136
v -0.217360 5.214026 0.575939
v -0.312114 5.214026 0.527659
v -0.417149 5.214026 0.511024
v -0.522185 5.214026 0.527660
v -0.616938 5.214026 0.575939
v -0.692135 5.214026 0.651136
v -0.740415 5.214026 0.745890
v -0.757051 5.214026 0.850925
v -0.740415 5.214026 0.955960
v -0.692135 5.214026 1.050714
v -0.616938 5.214026 1.125911
v -0.522185 5.214026 1.174191
v -0.417149 5.214026 1.190826
v -0.312114 5.214026 1.174191
v -0.217360 5.214026 1.125911
v -0.142163 5.214026 1.050714
v -0.093884 5.214026 0.955960
v -0.077248 5.214026 0.850925
v -0.167467 5.261438 0.769798
v -0.204757 5.261438 0.696613
v -0.262837 5.261438 0.638533
v -0.336023 5.261438 0.601243
v -0.417149 5.261438 0.588394
v -0.498276 5.261438 0.601243
v -0.571461 5.261438 0.638533
v -0.629542 5.261438 0.696613
v -0.666831 5.261438 0.769798
v -0.679681 5.261438 0.850925
v -0.666831 5.261438 0.932052
v -0.629542 5.261438 1.005237
v -0.571461 5.261438 1.063317
v -0.498276 5.261438 1.100607
v -0.417149 5.261438 1.113456
v -0.336023 5.261438 1.100607
v -0.262837 5.261438 1.063317
v -0.204757 5.261438 1.005237
v -0.167467 5.261438 0.932052
v -0.154618 5.261438 0.850925
v -0.247198 5.296164 0.795705
v -0.272580 5.296164 0.745890
v -0.312114 5.296164 0.706356
v -0.361929 5.296164 0.680974
v -0.417149 5.296164 0.672228
v -0.472370 5.296164 0.680974
v -0.522185 5.296164 0.706356
v -0.561718 5.296164 0.745890
v -0.587100 5.296164 0.795705
v -0.595846 5.296164 0.850925
v -0.587100 5.296164 0.906145
v -0.561718 5.296164 0.955960
v -0.522185 5.296164 0.995494
v -0.472370 5.296164 1.020876
v -0.417149 5.296164 1.029622
v -0.361929 5.296164 1.020876
v -0.312114 5.296164 0.995494
v -0.272581 5.296164 0.955960
v -0.247199 5.296164 0.906145
v -0.238453 5.296164 0.850925
v -0.331115 5.317347 0.822971
v -0.343964 5.317347 0.797753
v -0.363977 5.317347 0.777740
v -0.389195 5.317347 0.764890
v -0.417149 5.317347 0.760463
v -0.445104 5.317347 0.764890
v -0.470322 5.317347 0.777740
v -0.490335 5.317347 0.797753
v -0.503184 5.317347 0.822971
v -0.507611 5.317347 0.850925
v -0.503184 5.317347 0.878879
v -0.490335 5.317347 0.904097
v -0.470322 5.317347 0.924110
v -0.445104 5.317347 0.936960
v -0.417149 5.317347 0.941387
v -0.389195 5.317347 0.936960
v -0.363977 5.317347 0.924110
v -0.343964 5.317347 0.904097
v -0.331115 5.317347 0.878879
v -0.326687 5.317347 0.850925
v -0.417149 4.167917 0.850925
v -0.417149 5.324466 0.850925
vt 0.000000 0.050000
vt 0.050000 0.050000
vt 0.100000 0.050000
vt 0.150000 0.050000
vt 0.200000 0.050000
vt 0.250000 0.050000
vt 0.300000 0.050000
vt 0.350000 0.050000
vt 0.400000 0.050000
vt 0.450000 0.050000
vt 0.500000 0.050000
vt 0.550000 0.050000
vt 0.600000 0.050000
vt 0.650000 0.050000
vt 0.700000 0.050000
vt 0.750000 0.050000
vt 0.800000 0.050000
vt 0.850000 0.050000
vt 0.900000 0.050000
vt 0.950000 0.050000
vt 1.000000 0.050000
vt 0.000000 0.100000
vt 0.050000 0.100000
vt 0.100000 0.100000
vt 0.150000 0.100000
vt 0.200000 0.100000
vt 0.250000 0.100000
vt 0.300000 0.100000
vt 0.350000 0.100000
vt 0.400000 0.100000
vt 0.450000 0.100000
vt 0.500000 0.100000
vt 0.550000 0.100000
vt 0.600000 0.100000
vt 0.650000 0.100000
vt 0.700000 0.100000
vt 0.750000 0.100000
vt 0.800000 0.100000
vt 0.850000 0.100000
vt 0.900000 0.100000
vt 0.950000 0.100000
vt 1.000000 0.100000
vt 0.000000 0.150000
vt 0.050000 0.150000
vt 0.100000 0.150000
vt 0.150000 0.150000
vt 0.200000 0.150000
vt 0.250000 0.150000
vt 0.300000 0.150000
vt 0.350000 0.150000
vt 0.400000 0.150000
vt 0.450000 0.150000
vt 0.500000 0.150000
vt 0.550000 0.150000
vt 0.600000 0.150000
vt 0.650000 0.150000
vt 0.700000 0.150000
vt 0.750000 0.150000
vt 0.800000 0.150000
vt 0.850000 0.150000
vt 0.900000 0.150000
vt 0.950000 0.150000
vt 1.000000 0.150000
vt 0.000000 0.200000
vt 0.050000 0.200000
vt 0.100000 0.200000
vt 0.150000 0.200000
vt 0.200000 0.200000
vt 0.250000 0.200000
vt 0.300000 0.200000
vt 0.350000 0.200000
vt 0.400000 0.200000
vt 0.450000 0.200000
vt 0.500000 0.200000
vt 0.550000 0.200000
vt 0.600000 0.200000
vt 0.650000 0.200000
vt 0.700000 0.200000
vt 0.750000 0.200000
vt 0.800000 0.200000
vt 0.850000 0.200000
vt 0.900000 0.200000
vt 0.950000 0.200000
vt 1.000000 0.200000
vt 0.000000 0.250000
vt 0.050000 0.250000
vt 0.100000 0.250000
vt 0.150000 0.250000
vt 0.200000 0.250000
vt 0.250000 0.250000
vt 0.300000 0.250000
vt 0.350000 0.250000
vt 0.400000 0.250000
vt 0.450000 0.250000
vt 0.500000 0.250000
vt 0.550000 0.250000
vt 0.600000 0.250000
vt 0.650000 0.250000
vt 0.700000 0.250000
vt 0.750000 0.250000
vt 0.800000 0.250000
vt 0.850000 0.250000
vt 0.900000 0.250000
vt 0.950000 0.250000
vt 1.000000 0.250000
vt 0.000000 0.300000
vt 0.050000 0.300000
vt 0.100000 0.300000
vt 0.150000 0.300000
vt 0.200000 0.300000
vt 0.250000 0.300000
vt 0.300000 0.300000
vt 0.350000 0.300000
vt 0.400000 0.300000
vt 0.450000 0.300000
vt 0.500000 0.300000
vt 0.550000 0.300000
vt 0.600000 0.300000
vt 0.650000 0.300000
vt 0.700000 0.300000
vt 0.750000 0.300000
vt 0.800000 0.300000
vt 0.850000 0.300000
vt 0.900000 0.300000
vt 0.950000 0.300000
vt 1.000000 0.300000
vt 0.000000 0.350000
vt 0.050000 0.350000
vt 0.100000 0.350000
vt 0.150000 0.350000
vt 0.200000 0.350000
vt 0.250000 0.350000
vt 0.300000 0.350000
vt 0.350000 0.350000
vt 0.400000 0.350000
vt 0.450000 0.350000
vt 0.500000 0.350000
vt 0.550000 0.350000
vt 0.600000 0.350000
vt 0.650000 0.350000
vt 0.700000 0.350000
vt 0.750000 0.350000
vt 0.800000 0.350000
vt 0.850000 0.350000
vt 0.900000 0.350000
vt 0.950000 0.350000
vt 1.000000 0.350000
vt 0.000000 0.400000
vt 0.050000 0.400000
vt 0.100000 0.400000
vt 0.150000 0.400000
vt 0.200000 0.400000
vt 0.250000 0.400000
vt 0.300000 0.400000
vt 0.350000 0.400000
vt 0.400000 0.400000
vt 0.450000 0.400000
vt 0.500000 0.400000
vt 0.550000 0.400000
vt 0.600000 0.400000
vt 0.650000 0.400000
vt 0.700000 0.400000
vt 0.750000 0.400000
vt 0.800000 0.400000
vt 0.850000 0.400000
vt 0.900000 0.400000
vt 0.950000 0.400000
vt 1.000000 0.400000
vt 0.000000 0.450000
vt 0.050000 0.450000
vt 0.100000 0.450000
vt 0.150000 0.450000
vt 0.200000 0.450000
vt 0.250000 0.450000
vt 0.300000 0.450000
vt 0.350000 0.450000
vt 0.400000 0.450000
vt 0.450000 0.450000
vt 0.500000 0.450000
vt 0.550000 0.450000
vt 0.600000 0.450000
vt 0.650000 0.450000
vt 0.700000 0.450000
vt 0.750000 0.450000
vt 0.800000 0.450000
vt 0.850000 0.450000
vt 0.900000 0.450000
vt 0.950000 0.450000
vt 1.000000 0.450000
vt 0.000000 0.500000
vt 0.050000 0.500000
vt 0.100000 0.500000
vt 0.150000 0.500000
vt 0.200000 0.500000
vt 0.250000 0.500000
vt 0.300000 0.500000
vt 0.350000 0.500000
vt 0.400000 0.500000
vt 0.450000 0.500000
vt 0.500000 0.500000
vt 0.550000 0.500000
vt 0.600000 0.500000
vt 0.650000 0.500000
vt 0.700000 0.500000
vt 0.750000 0.500000
vt 0.800000 0.500000
vt 0.850000 0.500000
vt 0.900000 0.500000
vt 0.950000 0.500000
vt 1.000000 0.500000
vt 0.000000 0.550000
vt 0.050000 0.550000
vt 0.100000 0.550000
vt 0.150000 0.550000
vt 0.200000 0.550000
vt 0.250000 0.550000
vt 0.300000 0.550000
vt 0.350000 0.550000
vt 0.400000 0.550000
vt 0.450000 0.550000
vt 0.500000 0.550000
vt 0.550000 0.550000
vt 0.600000 0.550000
vt 0.650000 0.550000
vt 0.700000 0.550000
vt 0.750000 0.550000
vt 0.800000 0.550000
vt 0.850000 0.550000
vt 0.900000 0.550000
vt 0.950000 0.550000
vt 1.000000 0.550000
vt 0.000000 0.600000
vt 0.050000 0.600000
vt 0.100000 0.600000
vt 0.150000 0.600000
vt 0.200000 0.600000
vt 0.250000 0.600000
vt 0.300000 0.600000
vt 0.350000 0.600000
vt 0.400000 0.600000
vt 0.450000 0.600000
vt 0.500000 0.600000
vt 0.550000 0.600000
vt 0.600000 0.600000
vt 0.650000 0.600000
vt 0.700000 0.600000
vt 0.750000 0.600000
vt 0.800000 0.600000
vt 0.850000 0.600000
vt 0.900000 0.600000
vt 0.950000 0.600000
vt 1.000000 0.600000
vt 0.000000 0.650000
vt 0.050000 0.650000
vt 0.100000 0.650000
vt 0.150000 0.650000
vt 0.200000 0.650000
vt 0.250000 0.650000
vt 0.300000 0.650000
vt 0.350000 0.650000
vt 0.400000 0.650000
vt 0.450000 0.650000
vt 0.500000 0.650000
vt 0.550000 0.650000
vt 0.600000 0.650000
vt 0.650000 0.650000
vt 0.700000 0.650000
vt 0.750000 0.650000
vt 0.800000 0.650000
vt 0.850000 0.650000
vt 0.900000 0.650000
vt 0.950000 0.650000
vt 1.000000 0.650000
vt 0.000000 0.700000
vt 0.050000 0.700000
vt 0.100000 0.700000
vt 0.150000 0.700000
vt 0.200000 0.700000
vt 0.250000 0.700000
vt 0.300000 0.700000
vt 0.350000 0.700000
vt 0.400000 0.700000
vt 0.450000 0.700000
vt 0.500000 0.700000
vt 0.550000 0.700000
vt 0.600000 0.700000
vt 0.650000 0.700000
vt 0.700000 0.700000
vt 0.750000 0.700000
vt 0.800000 0.700000
vt 0.850000 0.700000
vt 0.900000 0.700000
vt 0.950000 0.700000
vt 1.000000 0.700000
vt 0.000000 0.750000
vt 0.050000 0.750000
vt 0.100000 0.750000
vt 0.150000 0.750000
vt 0.200000 0.750000
vt 0.250000 0.750000
vt 0.300000 0.750000
vt 0.350000 0.750000
vt 0.400000 0.750000
vt 0.450000 0.750000
vt 0.500000 0.750000
vt 0.550000 0.750000
vt 0.600000 0.750000
vt 0.650000 0.750000
vt 0.700000 0.750000
vt 0.750000 0.750000
vt 0.800000 0.750000
vt 0.850000 0.750000
vt 0.900000 0.750000
vt 0.950000 0.750000
vt 1.000000 0.750000
vt 0.000000 0.800000
vt 0.050000 0.800000
vt 0.100000 0.800000
vt 0.150000 0.800000
vt 0.200000 0.800000
vt 0.250000 0.800000
vt 0.300000 0.800000
vt 0.350000 0.800000
vt 0.400000 0.800000
vt 0.450000 0.800000
vt 0.500000 0.800000
vt 0.550000 0.800000
vt 0.600000 0.800000
vt 0.650000 0.800000
vt 0.700000 0.800000
vt 0.750000 0.800000
vt 0.800000 0.800000
vt 0.850000 0.800000
vt 0.900000 0.800000
vt 0.950000 0.800000
vt 1.000000 0.800000
vt 0.000000 0.850000
vt 0.050000 0.850000
vt 0.100000 0.850000
vt 0.150000 0.850000
vt 0.200000 0.850000
vt 0.250000 0.850000
vt 0.300000 0.850000
vt 0.350000 0.850000
vt 0.400000 0.850000
vt 0.450000 0.850000
vt 0.500000 0.850000
vt 0.550000 0.850000
vt 0.600000 0.850000
vt 0.650000 0.850000
vt 0.700000 0.850000
vt 0.750000 0.850000
vt 0.800000 0.850000
vt 0.850000 0.850000
vt 0.900000 0.850000
vt 0.950000 0.850000
vt 1.000000 0.850000
vt 0.000000 0.900000
vt 0.050000 0.900000
vt 0.100000 0.900000
vt 0.150000 0.900000
vt 0.200000 0.900000
vt 0.250000 0.900000
vt 0.300000 0.900000
vt 0.350000 0.900000
vt 0.400000 0.900000
vt 0.450000 0.900000
vt 0.500000 0.900000
vt 0.550000 0.900000
vt 0.600000 0.900000
vt 0.650000 0.900000
vt 0.700000 0.900000
vt 0.750000 0.900000
vt 0.800000 0.900000
vt 0.850000 0.900000
vt 0.900000 0.900000
vt 0.950000 0.900000
vt 1.000000 0.900000
vt 0.000000 0.950000
vt 0.050000 0.950000
vt 0.100000 0.950000
vt 0.150000 0.950000
vt 0.200000 0.950000
vt 0.250000 0.950000
vt 0.300000 0.950000
vt 0.350000 0.950000
vt 0.400000 0.950000
vt 0.450000 0.950000
vt 0.500000 0.950000
vt 0.550000 0.950000
vt 0.600000 0.950000
vt 0.650000 0.950000
vt 0.700000 0.950000
vt 0.750000 0.950000
vt 0.800000 0.950000
vt 0.850000 0.950000
vt 0.900000 0.950000
vt 0.950000 0.950000
vt 1.000000 0.950000
vt 0.025000 0.000000
vt 0.075000 0.000000
vt 0.125000 0.000000
vt 0.175000 0.000000
vt 0.225000 0.000000
vt 0.275000 0.000000
vt 0.325000 0.000000
vt 0.375000 0.000000
vt 0.425000 0.000000
vt 0.475000 0.000000
vt 0.525000 0.000000
vt 0.575000 0.000000
vt 0.625000 0.000000
vt 0.675000 0.000000
vt 0.725000 0.000000
vt 0.775000 0.000000
vt 0.825000 0.000000
vt 0.875000 0.000000
vt 0.925000 0.000000
vt 0.975000 0.000000
vt 0.025000 1.000000
vt 0.075000 1.000000
vt 0.125000 1.000000
vt 0.175000 1.000000
vt 0.225000 1.000000
vt 0.275000 1.000000
vt 0.325000 1.000000
vt 0.375000 1.000000
vt 0.425000 1.000000
vt 0.475000 1.000000
vt 0.525000 1.000000
vt 0.575000 1.000000
vt 0.625000 1.000000
vt 0.675000 1.000000
vt 0.725000 1.000000
vt 0.775000 1.000000
vt 0.825000 1.000000
vt 0.875000 1.000000
vt 0.925000 1.000000
vt 0.975000 1.000000
vn 0.190555 -0.979722 -0.061915
vn 0.162096 -0.979722 -0.117769
vn 0.269870 -0.942723 -0.196072
vn 0.317252 -0.942722 -0.103081
vn 0.117769 -0.979722 -0.162095
vn 0.196072 -0.942723 -0.269870
vn 0.061915 -0.979722 -0.190555
vn 0.103081 -0.942723 -0.317251
vn -0.000000 -0.979722 -0.200361
vn -0.000000 -0.942723 -0.333578
vn -0.061915 -0.979722 -0.190555
vn -0.103081 -0.942722 -0.317252
vn -0.117769 -0.979722 -0.162096
vn -0.196072 -0.942722 -0.269871
vn -0.162096 -0.979722 -0.117770
vn -0.269870 -0.942722 -0.196072
vn -0.190555 -0.979722 -0.061915
vn -0.317252 -0.942722 -0.103081
vn -0.200361 -0.979722 0.000000
vn -0.333578 -0.942722 -0.000000
vn -0.190555 -0.979722 0.061915
vn -0.317252 -0.942722 0.103081
vn -0.162096 -0.979722 0.117769
vn -0.269870 -0.942722 0.196072
vn -0.117769 -0.979722 0.162095
vn -0.196072 -0.942722 0.269870
vn -0.061915 -0.979722 0.190555
vn -0.103081 -0.942722 0.317252
vn 0.000000 -0.979722 0.200361
vn 0.000000 -0.942722 0.333578
vn 0.061915 -0.979722 0.190555
vn 0.103081 -0.942722 0.317252
vn 0.117769 -0.979722 0.162096
vn 0.196072 -0.942722 0.269870
vn 0.162096 -0.979722 0.117769
vn 0.269870 -0.942722 0.196073
vn 0.190555 -0.979722 0.061915
vn 0.317252 -0.942722 0.103081
vn 0.200361 -0.979722 0.000001
vn 0.333578 -0.942722 0.000000
vn 0.380846 -0.882266 -0.276701
vn 0.447711 -0.882266 -0.145470
vn 0.276701 -0.882266 -0.380846
vn 0.145470 -0.882266 -0.447711
vn -0.000000 -0.882266 -0.470752
vn -0.145470 -0.882266 -0.447711
vn -0.276701 -0.882266 -0.380846
vn -0.380846 -0.882266 -0.276701
vn -0.447712 -0.882266 -0.145470
vn -0.470752 -0.882266 0.000000
vn -0.447712 -0.882266 0.145470
vn -0.380846 -0.882266 0.276701
vn -0.276701 -0.882266 0.380846
vn -0.145470 -0.882266 0.447712
vn 0.000000 -0.882266 0.470752
vn 0.145470 -0.882266 0.447712
vn 0.276701 -0.882266 0.380846
vn 0.380846 -0.882266 0.276701
vn 0.447712 -0.882266 0.145470
vn 0.470752 -0.882266 0.000000
vn 0.485138 -0.800252 -0.352474
vn 0.570314 -0.800252 -0.185306
vn 0.352473 -0.800252 -0.485138
vn 0.185306 -0.800252 -0.570314
vn -0.000000 -0.800252 -0.599664
vn -0.185307 -0.800252 -0.570314
vn -0.352474 -0.800252 -0.485138
vn -0.485138 -0.800252 -0.352474
vn -0.570314 -0.800252 -0.185306
vn -0.599664 -0.800252 0.000000
vn -0.570314 -0.800252 0.185306
vn -0.485138 -0.800252 0.352474
vn -0.352474 -0.800252 0.485139
vn -0.185306 -0.800252 0.570314
vn 0.000000 -0.800252 0.599664
vn 0.185306 -0.800252 0.570314
vn 0.352474 -0.800252 0.485139
vn 0.485138 -0.800252 0.352474
vn 0.570314 -0.800252 0.185306
vn 0.599664 -0.800252 0.000001
vn 0.578712 -0.698789 -0.420459
vn 0.680318 -0.698789 -0.221048
vn 0.420459 -0.698789 -0.578713
vn 0.221049 -0.698789 -0.680318
vn -0.000000 -0.698789 -0.715328
vn -0.221049 -0.698789 -0.680318
vn -0.420460 -0.698789 -0.578713
vn -0.578713 -0.698789 -0.420459
vn -0.680318 -0.698789 -0.221049
vn -0.715328 -0.698788 -0.000000
vn -0.680318 -0.698789 0.221049
vn -0.578713 -0.698789 0.420460
vn -0.420459 -0.698789 0.578713
vn -0.221049 -0.698788 0.680318
vn -0.000000 -0.698789 0.715328
vn 0.221049 -0.698788 0.680318
vn 0.420460 -0.698788 0.578713
vn 0.578713 -0.698788 0.420459
vn 0.680318 -0.698789 0.221049
vn 0.715328 -0.698788 0.000001
vn 0.658808 -0.580401 -0.478652
vn 0.774475 -0.580401 -0.251641
vn 0.478652 -0.580401 -0.658808
vn 0.251642 -0.580401 -0.774475
vn -0.000000 -0.580401 -0.814331
vn -0.251642 -0.580401 -0.774475
vn -0.478652 -0.580401 -0.658808
vn -0.658808 -0.580401 -0.478652
vn -0.774475 -0.580401 -0.251642
vn -0.814331 -0.580401 -0.000000
vn -0.774475 -0.580401 0.251642
vn -0.658808 -0.580401 0.478652
vn -0.478652 -0.580401 0.658808
vn -0.251642 -0.580401 0.774475
vn 0.000000 -0.580401 0.814331
vn 0.251642 -0.580401 0.774475
vn 0.478652 -0.580401 0.658808
vn 0.658808 -0.580401 0.478652
vn 0.774475 -0.580401 0.251642
vn 0.814331 -0.580401 0.000001
vn 0.723291 -0.447994 -0.525502
vn 0.850280 -0.447994 -0.276272
vn 0.525501 -0.447994 -0.723291
vn 0.276272 -0.447994 -0.850280
vn -0.000000 -0.447994 -0.894037
vn -0.276273 -0.447994 -0.850279
vn -0.525502 -0.447994 -0.723291
vn -0.723291 -0.447994 -0.525501
vn -0.850279 -0.447994 -0.276272
vn -0.894037 -0.447994 -0.000000
vn -0.850279 -0.447994 0.276272
vn -0.723291 -0.447994 0.525502
vn -0.525502 -0.447994 0.723291
vn -0.276273 -0.447994 0.850280
vn 0.000000 -0.447994 0.894037
vn 0.276273 -0.447994 0.850280
vn 0.525502 -0.447994 0.723291
vn 0.723291 -0.447994 0.525502
vn 0.850280 -0.447994 0.276273
vn 0.894037 -0.447994 0.000001
vn 0.770524 -0.304789 -0.559819
vn 0.905806 -0.304789 -0.294313
vn 0.559818 -0.304789 -0.770524
vn 0.294314 -0.304789 -0.905805
vn -0.000000 -0.304789 -0.952420
vn -0.294314 -0.304789 -0.905805
vn -0.559819 -0.304789 -0.770524
vn -0.770524 -0.304789 -0.559818
vn -0.905805 -0.304789 -0.294314
vn -0.952420 -0.304789 -0.000000
vn -0.905805 -0.304789 0.294314
vn -0.770524 -0.304788 0.559819
vn -0.559818 -0.304788 0.770524
vn -0.294314 -0.304789 0.905805
vn 0.000000 -0.304789 0.952420
vn 0.294314 -0.304789 0.905805
vn 0.559818 -0.304789 0.770524
vn 0.770524 -0.304789 0.559818
vn 0.905805 -0.304789 0.294314
vn 0.952420 -0.304788 0.000001
vn 0.799335 -0.154249 -0.580751
vn 0.939675 -0.154249 -0.305318
vn 0.580750 -0.154249 -0.799335
vn 0.305319 -0.154249 -0.939674
vn 0.000000 -0.154249 -0.988032
vn -0.305319 -0.154249 -0.939674
vn -0.580751 -0.154249 -0.799335
vn -0.799335 -0.154249 -0.580751
vn -0.939674 -0.154248 -0.305319
vn -0.988032 -0.154248 0.000000
vn -0.939674 -0.154248 0.305319
vn -0.799335 -0.154248 0.580751
vn -0.580751 -0.154249 0.799335
vn -0.305319 -0.154249 0.939674
vn 0.000000 -0.154249 0.988032
vn 0.305319 -0.154249 0.939674
vn 0.580751 -0.154249 0.799335
vn 0.799335 -0.154249 0.580751
vn 0.939674 -0.154249 0.305319
vn 0.988032 -0.154249 0.000001
vn 0.809017 0.000000 -0.587785
vn 0.951057 -0.000000 -0.309016
vn 0.587785 -0.000000 -0.809017
vn 0.309017 -0.000000 -0.951057
vn 0.000000 0.000000 -1.000000
vn -0.309017 -0.000000 -0.951056
vn -0.587785 -0.000000 -0.809017
vn -0.809017 0.000000 -0.587785
vn -0.951057 0.000000 -0.309017
vn -1.000000 -0.000000 0.000000
vn -0.951056 -0.000000 0.309017
vn -0.809017 0.000000 0.587785
vn -0.587785 -0.000000 0.809017
vn -0.309017 -0.000000 0.951057
vn 0.000000 0.000000 1.000000
vn 0.309017 -0.000000 0.951057
vn 0.587785 -0.000000 0.809017
vn 0.809017 -0.000000 0.587785
vn 0.951057 0.000000 0.309017
vn 1.000000 0.000000 0.000001
vn 0.799335 0.154249 -0.580751
vn 0.939675 0.154249 -0.305318
vn 0.580750 0.154249 -0.799335
vn 0.305319 0.154249 -0.939674
vn 0.000000 0.154249 -0.988032
vn -0.305319 0.154249 -0.939674
vn -0.580751 0.154249 -0.799335
vn -0.799335 0.154249 -0.580751
vn -0.939674 0.154248 -0.305319
vn -0.988032 0.154248 0.000000
vn -0.939674 0.154248 0.305319
vn -0.799335 0.154248 0.580751
vn -0.580751 0.154249 0.799335
vn -0.305319 0.154249 0.939674
vn 0.000000 0.154249 0.988032
vn 0.305319 0.154249 0.939674
vn 0.580751 0.154249 0.799335
vn 0.799335 0.154249 0.580751
vn 0.939674 0.154249 0.305319
vn 0.988032 0.154249 0.000001
vn 0.770524 0.304789 -0.559819
vn 0.905806 0.304789 -0.294313
vn 0.559818 0.304789 -0.770524
vn 0.294314 0.304789 -0.905805
vn -0.000000 0.304789 -0.952420
vn -0.294314 0.304789 -0.905805
vn -0.559819 0.304789 -0.770524
vn -0.770524 0.304789 -0.559818
vn -0.905805 0.304789 -0.294314
vn -0.952420 0.304789 -0.000000
vn -0.905805 0.304789 0.294314
vn -0.770524 0.304788 0.559819
vn -0.559818 0.304788 0.770524
vn -0.294314 0.304789 0.905805
vn 0.000000 0.304789 0.952420
vn 0.294314 0.304789 0.905805
vn 0.559818 0.304789 0.770524
vn 0.770524 0.304789 0.559818
vn 0.905805 0.304788 0.294314
vn 0.952420 0.304789 0.000001
vn 0.723291 0.447994 -0.525502
vn 0.850280 0.447994 -0.276272
vn 0.525501 0.447994 -0.723291
vn 0.276272 0.447994 -0.850280
vn -0.000000 0.447994 -0.894037
vn -0.276273 0.447994 -0.850279
vn -0.525502 0.447994 -0.723291
vn -0.723291 0.447994 -0.525501
vn -0.850279 0.447994 -0.276272
vn -0.894037 0.447994 -0.000000
vn -0.850279 0.447994 0.276272
vn -0.723291 0.447994 0.525502
vn -0.525501 0.447994 0.723291
vn -0.276273 0.447994 0.850280
vn 0.000000 0.447994 0.894037
vn 0.276273 0.447994 0.850279
vn 0.525502 0.447994 0.723291
vn 0.723291 0.447994 0.525502
vn 0.850280 0.447994 0.276273
vn 0.894037 0.447994 0.000001
vn 0.658808 0.580401 -0.478652
vn 0.774475 0.580401 -0.251641
vn 0.478652 0.580401 -0.658808
vn 0.251642 0.580401 -0.774475
vn -0.000000 0.580401 -0.814331
vn -0.251642 0.580401 -0.774475
vn -0.478652 0.580401 -0.658808
vn -0.658808 0.580401 -0.478652
vn -0.774475 0.580401 -0.251642
vn -0.814331 0.580401 -0.000000
vn -0.774475 0.580401 0.251642
vn -0.658808 0.580401 0.478652
vn -0.478652 0.580401 0.658808
vn -0.251642 0.580401 0.774475
vn 0.000000 0.580401 0.814331
vn 0.251642 0.580401 0.774475
vn 0.478652 0.580401 0.658808
vn 0.658808 0.580401 0.478652
vn 0.774475 0.580401 0.251642
vn 0.814331 0.580401 0.000001
vn 0.578712 0.698789 -0.420460
vn 0.680318 0.698789 -0.221048
vn 0.420459 0.698789 -0.578713
vn 0.221049 0.698789 -0.680318
vn -0.000000 0.698789 -0.715328
vn -0.221049 0.698789 -0.680318
vn -0.420460 0.698789 -0.578713
vn -0.578713 0.698789 -0.420459
vn -0.680318 0.698789 -0.221049
vn -0.715328 0.698789 0.000000
vn -0.680318 0.698789 0.221049
vn -0.578713 0.698789 0.420460
vn -0.420459 0.698789 0.578713
vn -0.221049 0.698788 0.680318
vn -0.000000 0.698788 0.715328
vn 0.221049 0.698788 0.680318
vn 0.420460 0.698788 0.578713
vn 0.578713 0.698788 0.420460
vn 0.680318 0.698789 0.221049
vn 0.715328 0.698788 0.000001
vn 0.485138 0.800252 -0.352474
vn 0.570314 0.800252 -0.185306
vn 0.352473 0.800252 -0.485139
vn 0.185306 0.800252 -0.570314
vn -0.000000 0.800252 -0.599664
vn -0.185307 0.800252 -0.570314
vn -0.352474 0.800252 -0.485138
vn -0.485138 0.800252 -0.352474
vn -0.570314 0.800252 -0.185306
vn -0.599664 0.800252 0.000000
vn -0.570314 0.800252 0.185306
vn -0.485138 0.800252 0.352474
vn -0.352474 0.800252 0.485138
vn -0.185306 0.800252 0.570314
vn 0.000000 0.800252 0.599664
vn 0.185306 0.800252 0.570315
vn 0.352474 0.800252 0.485139
vn 0.485139 0.800252 0.352474
vn 0.570314 0.800252 0.185306
vn 0.599664 0.800252 0.000001
vn 0.380846 0.882266 -0.276701
vn 0.447711 0.882266 -0.145470
vn 0.276701 0.882266 -0.380846
vn 0.145470 0.882266 -0.447711
vn -0.000000 0.882266 -0.470752
vn -0.145470 0.882266 -0.447711
vn -0.276701 0.882266 -0.380846
vn -0.380846 0.882266 -0.276701
vn -0.447712 0.882266 -0.145470
vn -0.470752 0.882266 0.000000
vn -0.447712 0.882266 0.145471
vn -0.380846 0.882266 0.276701
vn -0.276701 0.882266 0.380846
vn -0.145470 0.882266 0.447712
vn 0.000000 0.882266 0.470752
vn 0.145470 0.882266 0.447712
vn 0.276701 0.882266 0.380846
vn 0.380846 0.882266 0.276701
vn 0.447712 0.882266 0.145470
vn 0.470752 0.882266 0.000000
vn 0.269870 0.942722 -0.196073
vn 0.317252 0.942722 -0.103081
vn 0.196072 0.942722 -0.269871
vn 0.103081 0.942722 -0.317251
vn -0.000000 0.942723 -0.333578
vn -0.103081 0.942723 -0.317251
vn -0.196072 0.942722 -0.269870
vn -0.269870 0.942723 -0.196072
vn -0.317252 0.942722 -0.103081
vn -0.333578 0.942722 0.000000
vn -0.317252 0.942722 0.103082
vn -0.269870 0.942722 0.196072
vn -0.196072 0.942722 0.269870
vn -0.103081 0.942722 0.317252
vn 0.000000 0.942722 0.333578
vn 0.103081 0.942722 0.317252
vn 0.196072 0.942722 0.269870
vn 0.269870 0.942722 0.196072
vn 0.317252 0.942722 0.103081
vn 0.333578 0.942722 0.000000
vn 0.162096 0.979722 -0.117769
vn 0.190555 0.979722 -0.061915
vn 0.117769 0.979722 -0.162096
vn 0.061915 0.979722 -0.190555
vn -0.000000 0.979722 -0.200361
vn -0.061915 0.979722 -0.190555
vn -0.117769 0.979722 -0.162095
vn -0.162096 0.979722 -0.117769
vn -0.190555 0.979722 -0.061915
vn -0.200361 0.979722 0.000000
vn -0.190555 0.979722 0.061915
vn -0.162096 0.979722 0.117769
vn -0.117769 0.979722 0.162096
vn -0.061915 0.979722 0.190555
vn 0.000000 0.979722 0.200361
vn 0.061915 0.979722 0.190555
vn 0.117769 0.979722 0.162096
vn 0.162096 0.979722 0.117769
vn 0.190555 0.979722 0.061915
vn 0.200361 0.979722 0.000001
vn -0.000000 -1.000000 -0.000000
vn -0.000000 1.000000 0.000000
s 1
g pSphere2
usemtl initialShadingGroup
f 614/811/998 615/812/999 635/833/1000 634/832/1001
f 615/812/999 616/813/1002 636/834/1003 635/833/1000
f 616/813/1002 617/814/1004 637/835/1005 636/834/1003
f 617/814/1004 618/815/1006 638/836/1007 637/835/1005
f 618/815/1006 619/816/1008 639/837/1009 638/836/1007
f 619/816/1008 620/817/1010 640/838/1011 639/837/1009
f 620/817/1010 621/818/1012 641/839/1013 640/838/1011
f 621/818/1012 622/819/1014 642/840/1015 641/839/1013
f 622/819/1014 623/820/1016 643/841/1017 642/840/1015
f 623/820/1016 624/821/1018 644/842/1019 643/841/1017
f 624/821/1018 625/822/1020 645/843/1021 644/842/1019
f 625/822/1020 626/823/1022 646/844/1023 645/843/1021
f 626/823/1022 627/824/1024 647/845/1025 646/844/1023
f 627/824/1024 628/825/1026 648/846/1027 647/845/1025
f 628/825/1026 629/826/1028 649/847/1029 648/846/1027
f 629/826/1028 630/827/1030 650/848/1031 649/847/1029
f 630/827/1030 631/828/1032 651/849/1033 650/848/1031
f 631/828/1032 632/829/1034 652/850/1035 651/849/1033
f 632/829/1034 633/830/1036 653/851/1037 652/850/1035
f 633/830/1036 614/831/998 634/852/1001 653/851/1037
f 634/832/1001 635/833/1000 655/854/1038 654/853/1039
f 635/833/1000 636/834/1003 656/855/1040 655/854/1038
f 636/834/1003 637/835/1005 657/856/1041 656/855/1040
f 637/835/1005 638/836/1007 658/857/1042 657/856/1041
f 638/836/1007 639/837/1009 659/858/1043 658/857/1042
f 639/837/1009 640/838/1011 660/859/1044 659/858/1043
f 640/838/1011 641/839/1013 661/860/1045 660/859/1044
f 641/839/1013 642/840/1015 662/861/1046 661/860/1045
f 642/840/1015 643/841/1017 663/862/1047 662/861/1046
f 643/841/1017 644/842/1019 664/863/1048 663/862/1047
f 644/842/1019 645/843/1021 665/864/1049 664/863/1048
f 645/843/1021 646/844/1023 666/865/1050 665/864/1049
f 646/844/1023 647/845/1025 667/866/1051 666/865/1050
f 647/845/1025 648/846/1027 668/867/1052 667/866/1051
f 648/846/1027 649/847/1029 669/868/1053 668/867/1052
f 649/847/1029 650/848/1031 670/869/1054 669/868/1053
f 650/848/1031 651/849/1033 671/870/1055 670/869/1054
f 651/849/1033 652/850/1035 672/871/1056 671/870/1055
f 652/850/1035 653/851/1037 673/872/1057 672/871/1056
f 653/851/1037 634/852/1001 654/873/1039 673/872/1057
f 654/853/1039 655/854/1038 675/875/1058 674/874/1059
f 655/854/1038 656/855/1040 676/876/1060 675/875/1058
f 656/855/1040 657/856/1041 677/877/1061 676/876/1060
f 657/856/1041 658/857/1042 678/878/1062 677/877/1061
f 658/857/1042 659/858/1043 679/879/1063 678/878/1062
f 659/858/1043 660/859/1044 680/880/1064 679/879/1063
f 660/859/1044 661/860/1045 681/881/1065 680/880/1064
f 661/860/1045 662/861/1046 682/882/1066 681/881/1065
f 662/861/1046 663/862/1047 683/883/1067 682/882/1066
f 663/862/1047 664/863/1048 684/884/1068 683/883/1067
f 664/863/1048 665/864/1049 685/885/1069 684/884/1068
f 665/864/1049 666/865/1050 686/886/1070 685/885/1069
f 666/865/1050 667/866/1051 687/887/1071 686/886/1070
f 667/866/1051 668/867/1052 688/888/1072 687/887/1071
f 668/867/1052 669/868/1053 689/889/1073 688/888/1072
f 669/868/1053 670/869/1054 690/890/1074 689/889/1073
f 670/869/1054 671/870/1055 691/891/1075 690/890/1074
f 671/870/1055 672/871/1056 692/892/1076 691/891/1075
f 672/871/1056 673/872/1057 693/893/1077 692/892/1076
f 673/872/1057 654/873/1039 674/894/1059 693/893/1077
f 674/874/1059 675/875/1058 695/896/1078 694/895/1079
f 675/875/1058 676/876/1060 696/897/1080 695/896/1078
f 676/876/1060 677/877/1061 697/898/1081 696/897/1080
f 677/877/1061 678/878/1062 698/899/1082 697/898/1081
f 678/878/1062 679/879/1063 699/900/1083 698/899/1082
f 679/879/1063 680/880/1064 700/901/1084 699/900/1083
f 680/880/1064 681/881/1065 701/902/1085 700/901/1084
f 681/881/1065 682/882/1066 702/903/1086 701/902/1085
f 682/882/1066 683/883/1067 703/904/1087 702/903/1086
f 683/883/1067 684/884/1068 704/905/1088 703/904/1087
f 684/884/1068 685/885/1069 705/906/1089 704/905/1088
f 685/885/1069 686/886/1070 706/907/1090 705/906/1089
f 686/886/1070 687/887/1071 707/908/1091 706/907/1090
f 687/887/1071 688/888/1072 708/909/1092 707/908/1091
f 688/888/1072 689/889/1073 709/910/1093 708/909/1092
f 689/889/1073 690/890/1074 710/911/1094 709/910/1093
f 690/890/1074 691/891/1075 711/912/1095 710/911/1094
f 691/891/1075 692/892/1076 712/913/1096 711/912/1095
f 692/892/1076 693/893/1077 713/914/1097 712/913/1096
f 693/893/1077 674/894/1059 694/915/1079 713/914/1097
f 694/895/1079 695/896/1078 715/917/1098 714/916/1099
f 695/896/1078 696/897/1080 716/918/1100 715/917/1098
f 696/897/1080 697/898/1081 717/919/1101 716/918/1100
f 697/898/1081 698/899/1082 718/920/1102 717/919/1101
f 698/899/1082 699/900/1083 719/921/1103 718/920/1102
f 699/900/1083 700/901/1084 720/922/1104 719/921/1103
f 700/901/1084 701/902/1085 721/923/1105 720/922/1104
f 701/902/1085 702/903/1086 722/924/1106 721/923/1105
f 702/903/1086 703/904/1087 723/925/1107 722/924/1106
f 703/904/1087 704/905/1088 724/926/1108 723/925/1107
f 704/905/1088 705/906/1089 725/927/1109 724/926/1108
f 705/906/1089 706/907/1090 726/928/1110 725/927/1109
f 706/907/1090 707/908/1091 727/929/1111 726/928/1110
f 707/908/1091 708/909/1092 728/930/1112 727/929/1111
f 708/909/1092 709/910/1093 729/931/1113 728/930/1112
f 709/910/1093 710/911/1094 730/932/1114 729/931/1113
f 710/911/1094 711/912/1095 731/933/1115 730/932/1114
f 711/912/1095 712/913/1096 732/934/1116 731/933/1115
f 712/913/1096 713/914/1097 733/935/1117 732/934/1116
f 713/914/1097 694/915/1079 714/936/1099 733/935/1117
f 714/916/1099 715/917/1098 735/938/1118 734/937/1119
f 715/917/1098 716/918/1100 736/939/1120 735/938/1118
f 716/918/1100 717/919/1101 737/940/1121 736/939/1120
f 717/919/1101 718/920/1102 738/941/1122 737/940/1121
f 718/920/1102 719/921/1103 739/942/1123 738/941/1122
f 719/921/1103 720/922/1104 740/943/1124 739/942/1123
f 720/922/1104 721/923/1105 741/944/1125 740/943/1124
f 721/923/1105 722/924/1106 742/945/1126 741/944/1125
f 722/924/1106 723/925/1107 743/946/1127 742/945/1126
f 723/925/1107 724/926/1108 744/947/1128 743/946/1127
f 724/926/1108 725/927/1109 745/948/1129 744/947/1128
f 725/927/1109 726/928/1110 746/949/1130 745/948/1129
f 726/928/1110 727/929/1111 747/950/1131 746/949/1130
f 727/929/1111 728/930/1112 748/951/1132 747/950/1131
f 728/930/1112 729/931/1113 749/952/1133 748/951/1132
f 729/931/1113 730/932/1114 750/953/1134 749/952/1133
f 730/932/1114 731/933/1115 751/954/1135 750/953/1134
f 731/933/1115 732/934/1116 752/955/1136 751/954/1135
f 732/934/1116 733/935/1117 753/956/1137 752/955/1136
f 733/935/1117 714/936/1099 734/957/1119 753/956/1137
f 734/937/1119 735/938/1118 755/959/1138 754/958/1139
f 735/938/1118 736/939/1120 756/960/1140 755/959/1138
f 736/939/1120 737/940/1121 757/961/1141 756/960/1140
f 737/940/1121 738/941/1122 758/962/1142 757/961/1141
f 738/941/1122 739/942/1123 759/963/1143 758/962/1142
f 739/942/1123 740/943/1124 760/964/1144 759/963/1143
f 740/943/1124 741/944/1125 761/965/1145 760/964/1144
f 741/944/1125 742/945/1126 762/966/1146 761/965/1145
f 742/945/1126 743/946/1127 763/967/1147 762/966/1146
f 743/946/1127 744/947/1128 764/968/1148 763/967/1147
f 744/947/1128 745/948/1129 765/969/1149 764/968/1148
f 745/948/1129 746/949/1130 766/970/1150 765/969/1149
f 746/949/1130 747/950/1131 767/971/1151 766/970/1150
f 747/950/1131 748/951/1132 768/972/1152 767/971/1151
f 748/951/1132 749/952/1133 769/973/1153 768/972/1152
f 749/952/1133 750/953/1134 770/974/1154 769/973/1153
f 750/953/1134 751/954/1135 771/975/1155 770/974/1154
f 751/954/1135 752/955/1136 772/976/1156 771/975/1155
f 752/955/1136 753/956/1137 773/977/1157 772/976/1156
f 753/956/1137 734/957/1119 754/978/1139 773/977/1157
f 754/958/1139 755/959/1138 775/980/1158 774/979/1159
f 755/959/1138 756/960/1140 776/981/1160 775/980/1158
f 756/960/1140 757/961/1141 777/982/1161 776/981/1160
f 757/961/1141 758/962/1142 778/983/1162 777/982/1161
f 758/962/1142 759/963/1143 779/984/1163 778/983/1162
f 759/963/1143 760/964/1144 780/985/1164 779/984/1163
f 760/964/1144 761/965/1145 781/986/1165 780/985/1164
f 761/965/1145 762/966/1146 782/987/1166 781/986/1165
f 762/966/1146 763/967/1147 783/988/1167 782/987/1166
f 763/967/1147 764/968/1148 784/989/1168 783/988/1167
f 764/968/1148 765/969/1149 785/990/1169 784/989/1168
f 765/969/1149 766/970/1150 786/991/1170 785/990/1169
f 766/970/1150 767/971/1151 787/992/1171 786/991/1170
f 767/971/1151 768/972/1152 788/993/1172 787/992/1171
f 768/972/1152 769/973/1153 789/994/1173 788/993/1172
f 769/973/1153 770/974/1154 790/995/1174 789/994/1173
f 770/974/1154 771/975/1155 791/996/1175 790/995/1174
f 771/975/1155 772/976/1156 792/997/1176 791/996/1175
f 772/976/1156 773/977/1157 793/998/1177 792/997/1176
f 773/977/1157 754/978/1139 774/999/1159 793/998/1177
f 774/979/1159 775/980/1158 795/1001/1178 794/1000/1179
f 775/980/1158 776/981/1160 796/1002/1180 795/1001/1178
f 776/981/1160 777/982/1161 797/1003/1181 796/1002/1180
f 777/982/1161 778/983/1162 798/1004/1182 797/1003/1181
f 778/983/1162 779/984/1163 799/1005/1183 798/1004/1182
f 779/984/1163 780/985/1164 800/1006/1184 799/1005/1183
f 780/985/1164 781/986/1165 801/1007/1185 800/1006/1184
f 781/986/1165 782/987/1166 802/1008/1186 801/1007/1185
f 782/987/1166 783/988/1167 803/1009/1187 802/1008/1186
f 783/988/1167 784/989/1168 804/1010/1188 803/1009/1187
f 784/989/1168 785/990/1169 805/1011/1189 804/1010/1188
f 785/990/1169 786/991/1170 806/1012/1190 805/1011/1189
f 786/991/1170 787/992/1171 807/1013/1191 806/1012/1190
f 787/992/1171 788/993/1172 808/1014/1192 807/1013/1191
f 788/993/1172 789/994/1173 809/1015/1193 808/1014/1192
f 789/994/1173 790/995/1174 810/1016/1194 809/1015/1193
f 790/995/1174 791/996/1175 811/1017/1195 810/1016/1194
f 791/996/1175 792/997/1176 812/1018/1196 811/1017/1195
f 792/997/1176 793/998/1177 813/1019/1197 812/1018/1196
f 793/998/1177 774/999/1159 794/1020/1179 813/1019/1197
f 794/1000/1179 795/1001/1178 815/1022/1198 814/1021/1199
f 795/1001/1178 796/1002/1180 816/1023/1200 815/1022/1198
f 796/1002/1180 797/1003/1181 817/1024/1201 816/1023/1200
f 797/1003/1181 798/1004/1182 818/1025/1202 817/1024/1201
f 798/1004/1182 799/1005/1183 819/1026/1203 818/1025/1202
f 799/1005/1183 800/1006/1184 820/1027/1204 819/1026/1203
f 800/1006/1184 801/1007/1185 821/1028/1205 820/1027/1204
f 801/1007/1185 802/1008/1186 822/1029/1206 821/1028/1205
f 802/1008/1186 803/1009/1187 823/1030/1207 822/1029/1206
f 803/1009/1187 804/1010/1188 824/1031/1208 823/1030/1207
f 804/1010/1188 805/1011/1189 825/1032/1209 824/1031/1208
f 805/1011/1189 806/1012/1190 826/1033/1210 825/1032/1209
f 806/1012/1190 807/1013/1191 827/1034/1211 826/1033/1210
f 807/1013/1191 808/1014/1192 828/1035/1212 827/1034/1211
f 808/1014/1192 809/1015/1193 829/1036/1213 828/1035/1212
f 809/1015/1193 810/1016/1194 830/1037/1214 829/1036/1213
f 810/1016/1194 811/1017/1195 831/1038/1215 830/1037/1214
f 811/1017/1195 812/1018/1196 832/1039/1216 831/1038/1215
f 812/1018/1196 813/1019/1197 833/1040/1217 832/1039/1216
f 813/1019/1197 794/1020/1179 814/1041/1199 833/1040/1217
f 814/1021/1199 815/1022/1198 835/1043/1218 834/1042/1219
f 815/1022/1198 816/1023/1200 836/1044/1220 835/1043/1218
f 816/1023/1200 817/1024/1201 837/1045/1221 836/1044/1220
f 817/1024/1201 818/1025/1202 838/1046/1222 837/1045/1221
f 818/1025/1202 819/1026/1203 839/1047/1223 838/1046/1222
f 819/1026/1203 820/1027/1204 840/1048/1224 839/1047/1223
f 820/1027/1204 821/1028/1205 841/1049/1225 840/1048/1224
f 821/1028/1205 822/1029/1206 842/1050/1226 841/1049/1225
f 822/1029/1206 823/1030/1207 843/1051/1227 842/1050/1226
f 823/1030/1207 824/1031/1208 844/1052/1228 843/1051/1227
f 824/1031/1208 825/1032/1209 845/1053/1229 844/1052/1228
f 825/1032/1209 826/1033/1210 846/1054/1230 845/1053/1229
f 826/1033/1210 827/1034/1211 847/1055/1231 846/1054/1230
f 827/1034/1211 828/1035/1212 848/1056/1232 847/1055/1231
f 828/1035/1212 829/1036/1213 849/1057/1233 848/1056/1232
f 829/1036/1213 830/1037/1214 850/1058/1234 849/1057/1233
f 830/1037/1214 831/1038/1215 851/1059/1235 850/1058/1234
f 831/1038/1215 832/1039/1216 852/1060/1236 851/1059/1235
f 832/1039/1216 833/1040/1217 853/1061/1237 852/1060/1236
f 833/1040/1217 814/1041/1199 834/1062/1219 853/1061/1237
f 834/1042/1219 835/1043/1218 855/1064/1238 854/1063/1239
f 835/1043/1218 836/1044/1220 856/1065/1240 855/1064/1238
f 836/1044/1220 837/1045/1221 857/1066/1241 856/1065/1240
f 837/1045/1221 838/1046/1222 858/1067/1242 857/1066/1241
f 838/1046/1222 839/1047/1223 859/1068/1243 858/1067/1242
f 839/1047/1223 840/1048/1224 860/1069/1244 859/1068/1243
f 840/1048/1224 841/1049/1225 861/1070/1245 860/1069/1244
f 841/1049/1225 842/1050/1226 862/1071/1246 861/1070/1245
f 842/1050/1226 843/1051/1227 863/1072/1247 862/1071/1246
f 843/1051/1227 844/1052/1228 864/1073/1248 863/1072/1247
f 844/1052/1228 845/1053/1229 865/1074/1249 864/1073/1248
f 845/1053/1229 846/1054/1230 866/1075/1250 865/1074/1249
f 846/1054/1230 847/1055/1231 867/1076/1251 866/1075/1250
f 847/1055/1231 848/1056/1232 868/1077/1252 867/1076/1251
f 848/1056/1232 849/1057/1233 869/1078/1253 868/1077/1252
f 849/1057/1233 850/1058/1234 870/1079/1254 869/1078/1253
f 850/1058/1234 851/1059/1235 871/1080/1255 870/1079/1254
f 851/1059/1235 852/1060/1236 872/1081/1256 871/1080/1255
f 852/1060/1236 853/1061/1237 873/1082/1257 872/1081/1256
f 853/1061/1237 834/1062/1219 854/1083/1239 873/1082/1257
f 854/1063/1239 855/1064/1238 875/1085/1258 874/1084/1259
f 855/1064/1238 856/1065/1240 876/1086/1260 875/1085/1258
f 856/1065/1240 857/1066/1241 877/1087/1261 876/1086/1260
f 857/1066/1241 858/1067/1242 878/1088/1262 877/1087/1261
f 858/1067/1242 859/1068/1243 879/1089/1263 878/1088/1262
f 859/1068/1243 860/1069/1244 880/1090/1264 879/1089/1263
f 860/1069/1244 861/1070/1245 881/1091/1265 880/1090/1264
f 861/1070/1245 862/1071/1246 882/1092/1266 881/1091/1265
f 862/1071/1246 863/1072/1247 883/1093/1267 882/1092/1266
f 863/1072/1247 864/1073/1248 884/1094/1268 883/1093/1267
f 864/1073/1248 865/1074/1249 885/1095/1269 884/1094/1268
f 865/1074/1249 866/1075/1250 886/1096/1270 885/1095/1269
f 866/1075/1250 867/1076/1251 887/1097/1271 886/1096/1270
f 867/1076/1251 868/1077/1252 888/1098/1272 887/1097/1271
f 868/1077/1252 869/1078/1253 889/1099/1273 888/1098/1272
f 869/1078/1253 870/1079/1254 890/1100/1274 889/1099/1273
f 870/1079/1254 871/1080/1255 891/1101/1275 890/1100/1274
f 871/1080/1255 872/1081/1256 892/1102/1276 891/1101/1275
f 872/1081/1256 873/1082/1257 893/1103/1277 892/1102/1276
f 873/1082/1257 854/1083/1239 874/1104/1259 893/1103/1277
f 874/1084/1259 875/1085/1258 895/1106/1278 894/1105/1279
f 875/1085/1258 876/1086/1260 896/1107/1280 895/1106/1278
f 876/1086/1260 877/1087/1261 897/1108/1281 896/1107/1280
f 877/1087/1261 878/1088/1262 898/1109/1282 897/1108/1281
f 878/1088/1262 879/1089/1263 899/1110/1283 898/1109/1282
f 879/1089/1263 880/1090/1264 900/1111/1284 899/1110/1283
f 880/1090/1264 881/1091/1265 901/1112/1285 900/1111/1284
f 881/1091/1265 882/1092/1266 902/1113/1286 901/1112/1285
f 882/1092/1266 883/1093/1267 903/1114/1287 902/1113/1286
f 883/1093/1267 884/1094/1268 904/1115/1288 903/1114/1287
f 884/1094/1268 885/1095/1269 905/1116/1289 904/1115/1288
f 885/1095/1269 886/1096/1270 906/1117/1290 905/1116/1289
f 886/1096/1270 887/1097/1271 907/1118/1291 906/1117/1290
f 887/1097/1271 888/1098/1272 908/1119/1292 907/1118/1291
f 888/1098/1272 889/1099/1273 909/1120/1293 908/1119/1292
f 889/1099/1273 890/1100/1274 910/1121/1294 909/1120/1293
f 890/1100/1274 891/1101/1275 911/1122/1295 910/1121/1294
f 891/1101/1275 892/1102/1276 912/1123/1296 911/1122/1295
f 892/1102/1276 893/1103/1277 913/1124/1297 912/1123/1296
f 893/1103/1277 874/1104/1259 894/1125/1279 913/1124/1297
f 894/1105/1279 895/1106/1278 915/1127/1298 914/1126/1299
f 895/1106/1278 896/1107/1280 916/1128/1300 915/1127/1298
f 896/1107/1280 897/1108/1281 917/1129/1301 916/1128/1300
f 897/1108/1281 898/1109/1282 918/1130/1302 917/1129/1301
f 898/1109/1282 899/1110/1283 919/1131/1303 918/1130/1302
f 899/1110/1283 900/1111/1284 920/1132/1304 919/1131/1303
f 900/1111/1284 901/1112/1285 921/1133/1305 920/1132/1304
f 901/1112/1285 902/1113/1286 922/1134/1306 921/1133/1305
f 902/1113/1286 903/1114/1287 923/1135/1307 922/1134/1306
f 903/1114/1287 904/1115/1288 924/1136/1308 923/1135/1307
f 904/1115/1288 905/1116/1289 925/1137/1309 924/1136/1308
f 905/1116/1289 906/1117/1290 926/1138/1310 925/1137/1309
f 906/1117/1290 907/1118/1291 927/1139/1311 926/1138/1310
f 907/1118/1291 908/1119/1292 928/1140/1312 927/1139/1311
f 908/1119/1292 909/1120/1293 929/1141/1313 928/1140/1312
f 909/1120/1293 910/1121/1294 930/1142/1314 929/1141/1313
f 910/1121/1294 911/1122/1295 931/1143/1315 930/1142/1314
f 911/1122/1295 912/1123/1296 932/1144/1316 931/1143/1315
f 912/1123/1296 913/1124/1297 933/1145/1317 932/1144/1316
f 913/1124/1297 894/1125/1279 914/1146/1299 933/1145/1317
f 914/1126/1299 915/1127/1298 935/1148/1318 934/1147/1319
f 915/1127/1298 916/1128/1300 936/1149/1320 935/1148/1318
f 916/1128/1300 917/1129/1301 937/1150/1321 936/1149/1320
f 917/1129/1301 918/1130/1302 938/1151/1322 937/1150/1321
f 918/1130/1302 919/1131/1303 939/1152/1323 938/1151/1322
f 919/1131/1303 920/1132/1304 940/1153/1324 939/1152/1323
f 920/1132/1304 921/1133/1305 941/1154/1325 940/1153/1324
f 921/1133/1305 922/1134/1306 942/1155/1326 941/1154/1325
f 922/1134/1306 923/1135/1307 943/1156/1327 942/1155/1326
f 923/1135/1307 924/1136/1308 944/1157/1328 943/1156/1327
f 924/1136/1308 925/1137/1309 945/1158/1329 944/1157/1328
f 925/1137/1309 926/1138/1310 946/1159/1330 945/1158/1329
f 926/1138/1310 927/1139/1311 947/1160/1331 946/1159/1330
f 927/1139/1311 928/1140/1312 948/1161/1332 947/1160/1331
f 928/1140/1312 929/1141/1313 949/1162/1333 948/1161/1332
f 929/1141/1313 930/1142/1314 950/1163/1334 949/1162/1333
f 930/1142/1314 931/1143/1315 951/1164/1335 950/1163/1334
f 931/1143/1315 932/1144/1316 952/1165/1336 951/1164/1335
f 932/1144/1316 933/1145/1317 953/1166/1337 952/1165/1336
f 933/1145/1317 914/1146/1299 934/1167/1319 953/1166/1337
f 934/1147/1319 935/1148/1318 955/1169/1338 954/1168/1339
f 935/1148/1318 936/1149/1320 956/1170/1340 955/1169/1338
f 936/1149/1320 937/1150/1321 957/1171/1341 956/1170/1340
f 937/1150/1321 938/1151/1322 958/1172/1342 957/1171/1341
f 938/1151/1322 939/1152/1323 959/1173/1343 958/1172/1342
f 939/1152/1323 940/1153/1324 960/1174/1344 959/1173/1343
f 940/1153/1324 941/1154/1325 961/1175/1345 960/1174/1344
f 941/1154/1325 942/1155/1326 962/1176/1346 961/1175/1345
f 942/1155/1326 943/1156/1327 963/1177/1347 962/1176/1346
f 943/1156/1327 944/1157/1328 964/1178/1348 963/1177/1347
f 944/1157/1328 945/1158/1329 965/1179/1349 964/1178/1348
f 945/1158/1329 946/1159/1330 966/1180/1350 965/1179/1349
f 946/1159/1330 947/1160/1331 967/1181/1351 966/1180/1350
f 947/1160/1331 948/1161/1332 968/1182/1352 967/1181/1351
f 948/1161/1332 949/1162/1333 969/1183/1353 968/1182/1352
f 949/1162/1333 950/1163/1334 970/1184/1354 969/1183/1353
f 950/1163/1334 951/1164/1335 971/1185/1355 970/1184/1354
f 951/1164/1335 952/1165/1336 972/1186/1356 971/1185/1355
f 952/1165/1336 953/1166/1337 973/1187/1357 972/1186/1356
f 953/1166/1337 934/1167/1319 954/1188/1339 973/1187/1357
f 954/1168/1339 955/1169/1338 975/1190/1358 974/1189/1359
f 955/1169/1338 956/1170/1340 976/1191/1360 975/1190/1358
f 956/1170/1340 957/1171/1341 977/1192/1361 976/1191/1360
f 957/1171/1341 958/1172/1342 978/1193/1362 977/1192/1361
f 958/1172/1342 959/1173/1343 979/1194/1363 978/1193/1362
f 959/1173/1343 960/1174/1344 980/1195/1364 979/1194/1363
f 960/1174/1344 961/1175/1345 981/1196/1365 980/1195/1364
f 961/1175/1345 962/1176/1346 982/1197/1366 981/1196/1365
f 962/1176/1346 963/1177/1347 983/1198/1367 982/1197/1366
f 963/1177/1347 964/1178/1348 984/1199/1368 983/1198/1367
f 964/1178/1348 965/1179/1349 985/1200/1369 984/1199/1368
f 965/1179/1349 966/1180/1350 986/1201/1370 985/1200/1369
f 966/1180/1350 967/1181/1351 987/1202/1371 986/1201/1370
f 967/1181/1351 968/1182/1352 988/1203/1372 987/1202/1371
f 968/1182/1352 969/1183/1353 989/1204/1373 988/1203/1372
f 969/1183/1353 970/1184/1354 990/1205/1374 989/1204/1373
f 970/1184/1354 971/1185/1355 991/1206/1375 990/1205/1374
f 971/1185/1355 972/1186/1356 992/1207/1376 991/1206/1375
f 972/1186/1356 973/1187/1357 993/1208/1377 992/1207/1376
f 973/1187/1357 954/1188/1339 974/1209/1359 993/1208/1377
f 615/812/999 614/811/998 994/1210/1378
f 616/813/1002 615/812/999 994/1211/1378
f 617/814/1004 616/813/1002 994/1212/1378
f 618/815/1006 617/814/1004 994/1213/1378
f 619/816/1008 618/815/1006 994/1214/1378
f 620/817/1010 619/816/1008 994/1215/1378
f 621/818/1012 620/817/1010 994/1216/1378
f 622/819/1014 621/818/1012 994/1217/1378
f 623/820/1016 622/819/1014 994/1218/1378
f 624/821/1018 623/820/1016 994/1219/1378
f 625/822/1020 624/821/1018 994/1220/1378
f 626/823/1022 625/822/1020 994/1221/1378
f 627/824/1024 626/823/1022 994/1222/1378
f 628/825/1026 627/824/1024 994/1223/1378
f 629/826/1028 628/825/1026 994/1224/1378
f 630/827/1030 629/826/1028 994/1225/1378
f 631/828/1032 630/827/1030 994/1226/1378
f 632/829/1034 631/828/1032 994/1227/1378
f 633/830/1036 632/829/1034 994/1228/1378
f 614/831/998 633/830/1036 994/1229/1378
f 974/1189/1359 975/1190/1358 995/1230/1379
f 975/1190/1358 976/1191/1360 995/1231/1379
f 976/1191/1360 977/1192/1361 995/1232/1379
f 977/1192/1361 978/1193/1362 995/1233/1379
f 978/1193/1362 979/1194/1363 995/1234/1379
f 979/1194/1363 980/1195/1364 995/1235/1379
f 980/1195/1364 981/1196/1365 995/1236/1379
f 981/1196/1365 982/1197/1366 995/1237/1379
f 982/1197/1366 983/1198/1367 995/1238/1379
f 983/1198/1367 984/1199/1368 995/1239/1379
f 984/1199/1368 985/1200/1369 995/1240/1379
f 985/1200/1369 986/1201/1370 995/1241/1379
f 986/1201/1370 987/1202/1371 995/1242/1379
f 987/1202/1371 988/1203/1372 995/1243/1379
f 988/1203/1372 989/1204/1373 995/1244/1379
f 989/1204/1373 990/1205/1374 995/1245/1379
f 990/1205/1374 991/1206/1375 995/1246/1379
f 991/1206/1375 992/1207/1376 995/1247/1379
f 992/1207/1376 993/1208/1377 995/1248/1379
f 993/1208/1377 974/1209/1359 995/1249/1379
g default
v -1.845766 1.179964 1.845766
v -2.050828 1.385026 1.845766
v -2.050828 1.385026 -1.845766
v -1.845766 1.179964 -1.845766
v 1.845766 1.179964 -1.845766
v 1.845766 1.179964 1.845766
v -1.845766 1.385026 2.050828
v -2.050828 5.076558 1.845766
v -2.050828 5.076558 -1.845766
v -1.845766 1.385026 -2.050828
v 1.845766 1.385026 2.050828
v 1.845766 1.385026 -2.050828
v 2.050828 1.385026 -1.845766
v 2.050828 1.385026 1.845766
v -1.845766 5.076558 2.050828
v -1.845766 5.281621 1.845766
v -1.845766 5.281621 1.052156
v -1.845766 5.281621 0.186234
v -1.845766 5.281621 -0.805061
v -1.845766 5.281621 -1.845766
v -1.845766 5.076558 -2.050828
v 1.845766 5.076558 2.050828
v 1.845766 5.076558 -2.050828
v 2.050828 5.076558 -1.845766
v 2.050828 5.076558 1.845766
v -0.922883 5.281621 1.845766
v -1.444846 5.312431 1.044779
v -1.444382 5.311623 1.040902
v -1.393496 5.315247 0.998555
v -1.333310 5.319654 0.976130
v -1.271438 5.324278 0.974129
v -1.216165 5.332316 0.996442
v -1.169871 5.335915 1.026760
v -1.154445 5.334748 1.039436
v -0.922883 5.352543 1.035175
v -0.922883 5.346846 0.170351
v -1.158055 5.281621 -0.815581
v -1.163206 5.281621 -0.848104
v -1.132657 5.281621 -1.040984
v -1.044000 5.281621 -1.214983
v -0.956581 5.281621 -1.302402
v -0.969013 5.281621 -1.845766
v 1.845766 5.281621 1.845766
v 0.922883 5.281621 1.845766
v 0.000000 5.281621 1.845766
v 0.082672 5.281621 -1.845766
v 1.012254 5.281621 -1.845766
v 1.845766 5.281621 -1.845766
v 1.845766 5.281621 -0.861532
v 1.845766 5.281621 0.122703
v 1.845766 5.281621 0.984234
v -1.129708 5.334497 1.063581
v -1.101522 5.332438 1.111345
v -1.086532 5.328736 1.166553
v -1.087106 5.323452 1.226446
v -1.105504 5.316760 1.287112
v -1.143215 5.309030 1.343037
v -1.188327 5.302567 1.378107
v -1.208273 5.302567 1.360955
v -1.271438 5.302567 1.306638
v -1.307014 5.302567 1.276045
v -1.334078 5.302567 1.252771
v -1.359737 5.302567 1.230707
v -1.389668 5.302567 1.204969
v -1.434340 5.302567 1.166553
v -1.492555 5.302567 1.116493
v -1.485701 5.304794 1.096935
v -0.503184 5.317347 0.878879
v -0.936705 5.307012 -0.433756
v -1.015586 5.302443 -0.501871
v -1.116198 5.291881 -0.660573
v -0.970835 5.382493 -0.707804
v -0.993057 5.382493 -0.848105
v -0.970835 5.382493 -0.988405
v -0.906346 5.382493 -1.114971
v -0.805903 5.382493 -1.215415
v -0.903728 5.283825 -1.350060
v -0.562153 5.297871 -1.441204
v -0.726963 5.291121 -1.426485
v 0.922883 5.346846 1.001215
v 0.000000 5.281621 1.018196
v -0.539036 5.297713 -1.445131
v -0.355198 5.298967 -1.413898
v -0.192916 5.302558 -1.324497
v -0.070080 5.308008 -1.188821
v -0.011567 5.313418 -1.054129
v 0.000813 5.315140 -1.023512
v 1.221465 5.290538 0.009488
v 1.075183 5.292186 -0.010901
v 1.507344 5.281621 0.674134
v 1.427611 5.281621 0.129899
v 1.470325 5.281621 0.172613
v 1.539700 5.281621 0.308770
v 1.563605 5.281621 0.459701
v 1.539700 5.281621 0.610632
v -0.490335 5.317347 0.904097
v -0.507611 5.317347 0.850925
v -0.390461 5.281621 -0.247466
v -0.539036 5.292319 -0.241980
v -0.721322 5.301944 -0.287087
v -0.880834 5.306916 -0.377660
v -0.805902 5.382493 -0.480794
v -0.906346 5.382493 -0.581238
v -0.912650 5.349424 -0.726710
v -0.931877 5.349424 -0.848105
v -0.912650 5.349424 -0.969499
v -0.856851 5.349424 -1.079011
v -0.769942 5.349424 -1.165920
v -0.679336 5.382493 -1.279904
v -0.539036 5.382493 -1.302125
v -0.398736 5.382493 -1.279904
v -0.272169 5.382493 -1.215415
v -0.171725 5.382493 -1.114971
v -0.107237 5.382493 -0.988405
v 0.967321 5.352543 -0.848094
v 1.075183 5.376398 0.131147
v 1.176711 5.376398 0.147227
v 1.357949 5.285980 0.070507
v 0.929069 5.290863 0.010009
v 1.387656 5.376398 0.561230
v 1.340989 5.376398 0.652820
v 1.459108 5.289840 0.738640
v 1.339541 5.304545 0.823560
v 1.207672 5.317001 0.867461
v 1.075183 5.326549 0.872339
v 0.950961 5.332863 0.842015
v 0.922883 5.333620 0.826293
v 1.268302 5.376398 0.193895
v 1.340989 5.376398 0.266582
v 1.387656 5.376398 0.358172
v 1.403737 5.376398 0.459701
v -0.417149 5.324466 0.850925
v -0.450381 5.313246 0.953203
v -0.503184 5.317347 0.822971
v -0.347192 5.283606 -0.257668
v -0.398736 5.382493 -0.416305
v -0.539036 5.382493 -0.394084
v -0.679336 5.382493 -0.416305
v -0.769942 5.349424 -0.530289
v -0.856851 5.349424 -0.617198
v -0.539036 5.349424 -0.848105
v -0.660431 5.349424 -1.221719
v -0.539036 5.349424 -1.240946
v 0.665235 5.315637 0.592901
v -0.417149 5.310796 0.968672
v -0.417641 5.349424 -1.221719
v -0.308130 5.349424 -1.165920
v -0.221221 5.349424 -1.079011
v -0.165422 5.349424 -0.969499
v -0.085015 5.382493 -0.848105
v 0.022520 5.318741 -0.848105
v 0.010065 5.320475 -0.908272
v 0.973654 5.376398 0.147227
v 1.075183 5.352467 0.175420
v 1.163030 5.352467 0.189333
v 1.345550 5.352467 0.547549
v 1.305171 5.352467 0.626797
v 1.268302 5.376398 0.725507
v 1.176711 5.376398 0.772175
v 1.075183 5.376398 0.788255
v 0.973654 5.376398 0.772175
v 0.882063 5.376398 0.725507
v 0.836667 5.330611 0.787989
v 0.738115 5.324177 0.704595
v 1.242279 5.352467 0.229713
v 1.305171 5.352467 0.292605
v 1.345550 5.352467 0.371853
v 1.359464 5.352467 0.459701
v -0.470322 5.317347 0.924110
v -0.490335 5.317347 0.797753
v 0.000000 5.281621 0.154468
v -0.183823 5.293386 -0.359196
v -0.272169 5.382493 -0.480794
v -0.417641 5.349424 -0.474490
v -0.539036 5.349424 -0.455263
v -0.660431 5.349424 -0.474490
v -0.343704 5.309066 0.952014
v -0.146195 5.349424 -0.848105
v -0.107237 5.382493 -0.707805
v 0.006264 5.311742 -0.670926
v 0.928666 5.290850 0.010191
v 0.793048 5.286616 0.071376
v 0.882063 5.376398 0.193895
v 0.987335 5.352467 0.189333
v 1.075183 5.352467 0.459701
v 1.242279 5.352467 0.689690
v 1.163030 5.352467 0.730069
v 1.075183 5.352467 0.743982
v 0.987335 5.352467 0.730069
v 0.908086 5.352467 0.689690
v 0.809377 5.376398 0.652820
v 0.762709 5.376398 0.561230
v -0.445104 5.317347 0.936960
v -0.417149 5.317347 0.941387
v -0.450914 5.312833 0.747009
v -0.020458 5.308449 -0.606395
v -0.063356 5.303080 -0.502502
v -0.417149 5.310274 0.731002
v -0.171726 5.382493 -0.581238
v -0.308130 5.349424 -0.530289
v -0.342360 5.308517 0.747987
v -0.304944 5.305768 0.769403
v 0.627066 5.305516 0.459701
v 0.631522 5.294622 0.315547
v 0.683376 5.284065 0.175037
v 0.710411 5.281621 0.142242
v -0.277403 5.303788 0.805519
v -0.267564 5.303153 0.850925
v -0.278522 5.304070 0.895968
v -0.306547 5.306243 0.931282
v -0.382265 5.311963 0.958289
v -0.165422 5.349424 -0.726710
v 0.809377 5.376398 0.266582
v 0.908086 5.352467 0.229713
v 0.845194 5.352467 0.626797
v 0.746628 5.376398 0.459701
v 0.804815 5.352467 0.547549
v -0.389195 5.317347 0.936960
v -0.470322 5.317347 0.777740
v -0.445104 5.317347 0.764890
v -0.417149 5.317347 0.760463
v -0.221221 5.349424 -0.617198
v -0.363977 5.317347 0.777740
v -0.343964 5.317347 0.797753
v 0.762709 5.376398 0.358172
v -0.343964 5.317347 0.904097
v -0.363977 5.317347 0.924110
v -0.331115 5.317347 0.822971
v -0.326687 5.317347 0.850925
v -0.331115 5.317347 0.878879
v 0.845194 5.352467 0.292605
v 0.790901 5.352467 0.459701
v -0.389195 5.317347 0.764890
v -0.381586 5.311435 0.741473
v 0.804815 5.352467 0.371853
v -1.149503 5.349002 1.077963
v -1.128095 5.349002 1.119979
v -1.182847 5.349002 1.044619
v -1.165934 5.338025 1.089900
v -1.147411 5.338025 1.126255
v -1.120718 5.349002 1.166553
v -1.224863 5.349002 1.023211
v -1.194785 5.338025 1.061050
v -1.141028 5.338025 1.166553
v -1.271438 5.338025 1.166553
v -1.128095 5.349002 1.213128
v -1.271438 5.349002 1.015834
v -1.231139 5.338025 1.042526
v -1.147411 5.338025 1.206852
v -1.149503 5.349002 1.255144
v -1.318012 5.349002 1.023211
v -1.271438 5.338025 1.036144
v -1.165934 5.338025 1.243206
v -1.182847 5.349002 1.288488
v -1.360028 5.349002 1.044619
v -1.311736 5.338025 1.042526
v -1.194785 5.338025 1.272057
v -1.224863 5.349002 1.309896
v -1.200658 5.302567 1.384390
v -1.393372 5.349002 1.077963
v -1.348090 5.338025 1.061050
v -1.231139 5.338025 1.290581
v -1.271438 5.302567 1.395600
v -1.271438 5.349002 1.317273
v -1.414780 5.349002 1.119979
v -1.376941 5.338025 1.089901
v -1.271438 5.338025 1.296963
v -1.342217 5.302567 1.384390
v -1.318012 5.349002 1.309896
v -1.500484 5.302567 1.166553
v -1.422157 5.349002 1.166553
v -1.395465 5.338025 1.126255
v -1.311736 5.338025 1.290581
v -1.406068 5.302567 1.351856
v -1.360028 5.349002 1.288488
v -1.489274 5.302567 1.237333
v -1.414780 5.349002 1.213128
v -1.401847 5.338025 1.166553
v -1.348090 5.338025 1.272057
v -1.456740 5.302567 1.301184
v -1.393372 5.349002 1.255144
v -1.395465 5.338025 1.206852
v -1.376941 5.338025 1.243206
vt 0.387499 0.987501
vt 0.375000 0.987501
vt 0.375000 0.762499
vt 0.387499 0.762499
vt 0.612501 0.762499
vt 0.612501 0.987501
vt 0.387499 0.000000
vt 0.387499 0.012499
vt 0.362501 0.012499
vt 0.362501 0.237501
vt 0.137499 0.237501
vt 0.137499 0.012499
vt 0.375000 0.737501
vt 0.387499 0.737501
vt 0.612501 0.000000
vt 0.612501 0.012499
vt 0.612501 0.737501
vt 0.625000 0.762499
vt 0.625000 0.987501
vt 0.387499 0.237501
vt 0.375000 0.262499
vt 0.387499 0.262499
vt 0.387499 0.310870
vt 0.387499 0.363649
vt 0.387499 0.424069
vt 0.387499 0.487501
vt 0.375000 0.487501
vt 0.375000 0.512499
vt 0.387499 0.512499
vt 0.637499 0.012499
vt 0.612501 0.237501
vt 0.612501 0.512499
vt 0.625000 0.737501
vt 0.862501 0.012499
vt 0.862501 0.237501
vt 0.637499 0.237501
vt 0.443749 0.262499
vt 0.411935 0.311320
vt 0.411964 0.311556
vt 0.415065 0.314137
vt 0.418734 0.315504
vt 0.422505 0.315626
vt 0.425874 0.314266
vt 0.428695 0.312418
vt 0.429636 0.311646
vt 0.443749 0.311905
vt 0.443749 0.364617
vt 0.429416 0.424710
vt 0.429102 0.426693
vt 0.430964 0.438449
vt 0.436367 0.449054
vt 0.441696 0.454383
vt 0.440938 0.487501
vt 0.612501 0.262499
vt 0.556251 0.262499
vt 0.500000 0.262499
vt 0.505039 0.487501
vt 0.561698 0.487501
vt 0.612501 0.487501
vt 0.625000 0.512499
vt 0.625000 0.487501
vt 0.612501 0.427511
vt 0.612501 0.367521
vt 0.612501 0.315010
vt 0.625000 0.262499
vt 0.431143 0.310174
vt 0.432861 0.307263
vt 0.433775 0.303898
vt 0.433740 0.300247
vt 0.432619 0.296549
vt 0.430320 0.293141
vt 0.427570 0.291003
vt 0.426355 0.292049
vt 0.422505 0.295359
vt 0.420336 0.297224
vt 0.418687 0.298643
vt 0.417123 0.299987
vt 0.415299 0.301556
vt 0.412576 0.303898
vt 0.409027 0.306949
vt 0.409445 0.308141
vt 0.469330 0.321432
vt 0.442907 0.401438
vt 0.438099 0.405589
vt 0.431967 0.415262
vt 0.489642 0.417079
vt 0.500000 0.444583
vt 0.500000 0.687500
vt 0.487500 0.687500
vt 0.487500 0.417079
vt 0.475000 0.687500
vt 0.475000 0.417079
vt 0.462500 0.687500
vt 0.462500 0.417079
vt 0.450000 0.687500
vt 0.450000 0.422989
vt 0.454606 0.417079
vt 0.445166 0.457013
vt 0.456762 0.460762
vt 0.467569 0.460818
vt 0.556251 0.313975
vt 0.500000 0.312940
vt 0.468960 0.461077
vt 0.480307 0.459017
vt 0.490603 0.453120
vt 0.498704 0.444172
vt 0.502881 0.435288
vt 0.503702 0.433348
vt 0.565533 0.375664
vt 0.574449 0.374422
vt 0.587014 0.367083
vt 0.589618 0.364479
vt 0.593846 0.356180
vt 0.595303 0.346981
vt 0.593846 0.337781
vt 0.591874 0.333911
vt 0.470114 0.319895
vt 0.469061 0.323135
vt 0.476201 0.390083
vt 0.467145 0.389749
vt 0.456035 0.392498
vt 0.446312 0.398019
vt 0.519562 0.485148
vt 0.525000 0.484892
vt 0.525000 0.687500
vt 0.512500 0.687500
vt 0.512500 0.472899
vt 0.351397 0.795466
vt 0.351397 0.795466
vt 0.343750 0.843750
vt 0.343750 0.843750
vt 0.351397 0.892034
vt 0.351397 0.892034
vt 0.373591 0.935591
vt 0.373591 0.935591
vt 0.408159 0.970159
vt 0.408159 0.970159
vt 0.437500 0.687500
vt 0.437500 0.442547
vt 0.426578 0.460641
vt 0.425000 0.687500
vt 0.425000 0.460219
vt 0.412500 0.687500
vt 0.412500 0.463582
vt 0.400000 0.687500
vt 0.400000 0.473208
vt 0.387500 0.687500
vt 0.387500 0.487818
vt 0.375000 0.687500
vt 0.375000 0.506939
vt 0.377322 0.502321
vt 0.558959 0.426692
vt 0.412500 0.369426
vt 0.425000 0.375530
vt 0.425000 0.687500
vt 0.412500 0.687500
vt 0.582768 0.370703
vt 0.556628 0.374390
vt 0.594166 0.336392
vt 0.600000 0.336392
vt 0.600000 0.687500
vt 0.587500 0.687500
vt 0.587500 0.366841
vt 0.588934 0.329979
vt 0.581646 0.324803
vt 0.573609 0.322128
vt 0.565533 0.321830
vt 0.557962 0.323679
vt 0.556251 0.324637
vt 0.392454 0.336392
vt 0.400000 0.352539
vt 0.400000 0.687500
vt 0.387500 0.687500
vt 0.387500 0.336392
vt 0.375000 0.687500
vt 0.375000 0.336392
vt 0.625000 0.336392
vt 0.625000 0.687500
vt 0.612500 0.687500
vt 0.612500 0.336392
vt 0.500000 0.950000
vt 0.550000 0.950000
vt 0.525000 1.000000
vt 0.472549 0.316901
vt 0.475000 1.000000
vt 0.450000 0.950000
vt 0.469331 0.324839
vt 0.479062 0.390458
vt 0.559595 0.417079
vt 0.562500 0.422401
vt 0.562500 0.687500
vt 0.550000 0.687500
vt 0.550000 0.445759
vt 0.537500 0.687500
vt 0.537500 0.471563
vt 0.408159 0.717341
vt 0.408159 0.717341
vt 0.373591 0.751909
vt 0.373591 0.751909
vt 0.500000 0.843750
vt 0.451716 0.992353
vt 0.451716 0.992353
vt 0.500000 1.000000
vt 0.500000 1.000000
vt 0.540547 0.338862
vt 0.474574 0.315959
vt 0.548284 0.992353
vt 0.548284 0.992353
vt 0.591841 0.970159
vt 0.591841 0.970159
vt 0.626409 0.935591
vt 0.626409 0.935591
vt 0.648603 0.892034
vt 0.648603 0.892034
vt 0.625000 0.506939
vt 0.625000 0.687500
vt 0.612500 0.687500
vt 0.612500 0.516593
vt 0.616837 0.521241
vt 0.504685 0.425862
vt 0.437500 0.370628
vt 0.437500 0.687500
vt 0.500000 1.000000
vt 0.500000 1.000000
vt 0.548284 0.992353
vt 0.548284 0.992353
vt 0.648603 0.795466
vt 0.648603 0.795466
vt 0.626409 0.751908
vt 0.626409 0.751908
vt 0.575000 0.687500
vt 0.575000 0.421317
vt 0.562500 0.687500
vt 0.562500 0.467460
vt 0.550000 0.687500
vt 0.550000 0.502832
vt 0.537500 0.687500
vt 0.537500 0.526222
vt 0.525000 0.687500
vt 0.525000 0.517880
vt 0.534344 0.529025
vt 0.550996 0.326971
vt 0.544989 0.332054
vt 0.591841 0.970159
vt 0.591841 0.970159
vt 0.626409 0.935591
vt 0.626409 0.935591
vt 0.648603 0.892034
vt 0.648603 0.892034
vt 0.656250 0.843750
vt 0.656250 0.843750
vt 0.600000 0.950000
vt 0.575000 1.000000
vt 0.471334 0.318675
vt 0.425000 1.000000
vt 0.400000 0.950000
vt 0.470114 0.326376
vt 0.500000 0.365585
vt 0.575000 0.448620
vt 0.575000 0.687500
vt 0.548284 0.695147
vt 0.548284 0.695147
vt 0.500000 0.687500
vt 0.500000 0.687500
vt 0.451716 0.695147
vt 0.451716 0.695147
vt 0.479051 0.316974
vt 0.656250 0.843750
vt 0.656250 0.843750
vt 0.600000 0.687500
vt 0.600000 0.497829
vt 0.505161 0.422507
vt 0.503550 0.412393
vt 0.556603 0.374379
vt 0.437540 0.370581
vt 0.450000 0.354898
vt 0.450000 0.687500
vt 0.451716 0.992353
vt 0.451716 0.992353
vt 0.500000 0.843750
vt 0.591842 0.717341
vt 0.591842 0.717341
vt 0.548284 0.695147
vt 0.548284 0.695147
vt 0.500000 0.687500
vt 0.500000 0.687500
vt 0.451716 0.695147
vt 0.451716 0.695147
vt 0.408159 0.717341
vt 0.408159 0.717341
vt 0.512500 0.687500
vt 0.512500 0.494045
vt 0.500000 0.462408
vt 0.500000 0.687500
vt 0.625000 1.000000
vt 0.650000 0.950000
vt 0.650000 0.940322
vt 0.700000 0.934539
vt 0.700000 0.950000
vt 0.375000 1.000000
vt 0.350000 0.950000
vt 0.472516 0.329469
vt 0.501779 0.408617
vt 0.498558 0.402954
vt 0.490123 0.395427
vt 0.474574 0.330445
vt 0.587500 0.474607
vt 0.587500 0.687500
vt 0.591842 0.717341
vt 0.591842 0.717341
vt 0.479133 0.329410
vt 0.481413 0.328104
vt 0.538220 0.346981
vt 0.538492 0.355767
vt 0.541652 0.364331
vt 0.543300 0.366330
vt 0.483092 0.325903
vt 0.483692 0.323135
vt 0.483024 0.320390
vt 0.481316 0.318238
vt 0.476701 0.316592
vt 0.648603 0.795466
vt 0.648603 0.795466
vt 0.595138 0.489000
vt 0.548337 0.370650
vt 0.458961 0.336392
vt 0.462500 0.345447
vt 0.462500 0.687500
vt 0.408159 0.970159
vt 0.408159 0.970159
vt 0.373591 0.751909
vt 0.373591 0.751909
vt 0.487500 0.687500
vt 0.487500 0.424913
vt 0.351397 0.795466
vt 0.351397 0.795466
vt 0.675000 1.000000
vt 0.750000 0.937292
vt 0.750000 0.950000
vt 0.325000 1.000000
vt 0.300000 0.950000
vt 0.471334 0.327596
vt 0.250000 0.939346
vt 0.250000 0.950000
vt 0.200000 0.950000
vt 0.200000 0.933306
vt 0.626409 0.751908
vt 0.626409 0.751908
vt 0.100000 0.929160
vt 0.100000 0.950000
vt 0.050000 0.950000
vt 0.050000 0.922669
vt 0.475000 0.687500
vt 0.475000 0.384556
vt 0.800000 0.930455
vt 0.850000 0.923792
vt 0.850000 0.950000
vt 0.800000 0.950000
vt 1.000000 0.917997
vt 1.000000 0.950000
vt 0.950000 0.950000
vt 0.950000 0.916497
vt 0.900000 0.950000
vt 0.900000 0.918664
vt 0.373591 0.935591
vt 0.373591 0.935591
vt 0.343750 0.843750
vt 0.343750 0.843750
vt 0.725000 1.000000
vt 0.275000 1.000000
vt 0.150000 0.950000
vt 0.150000 0.936047
vt 0.225000 1.000000
vt 0.476742 0.329807
vt 0.075000 1.000000
vt 0.000000 0.950000
vt 0.000000 0.917997
vt 0.351397 0.892034
vt 0.351397 0.892034
vt 0.825000 1.000000
vt 0.975000 1.000000
vt 0.925000 1.000000
vt 0.875000 1.000000
vt 0.775000 1.000000
vt 0.175000 1.000000
vt 0.125000 1.000000
vt 0.025000 1.000000
vt 0.387500 0.570356
vt 0.387500 0.687500
vt 0.375000 0.687500
vt 0.375000 0.553733
vt 0.400000 0.581812
vt 0.400000 0.687500
vt 0.395423 0.572386
vt 0.626409 0.935591
vt 0.626409 0.935591
vt 0.648603 0.892034
vt 0.648603 0.892034
vt 0.625000 0.553733
vt 0.625000 0.687500
vt 0.612500 0.687500
vt 0.612500 0.523831
vt 0.412500 0.552747
vt 0.412500 0.687500
vt 0.591841 0.970159
vt 0.591841 0.970159
vt 0.656250 0.843750
vt 0.656250 0.843750
vt 0.500000 0.843750
vt 0.600000 0.687500
vt 0.600000 0.481163
vt 0.425000 0.487835
vt 0.425000 0.687500
vt 0.548284 0.992353
vt 0.548284 0.992353
vt 0.648603 0.795466
vt 0.648603 0.795466
vt 0.587500 0.687500
vt 0.587500 0.427120
vt 0.437500 0.450496
vt 0.437500 0.687500
vt 0.500000 1.000000
vt 0.500000 1.000000
vt 0.626409 0.751908
vt 0.626409 0.751908
vt 0.575000 0.687500
vt 0.575000 0.364690
vt 0.450000 0.414901
vt 0.450000 0.687500
vt 0.451716 0.992353
vt 0.451716 0.992353
vt 0.591842 0.717341
vt 0.591842 0.717341
vt 0.562500 0.687500
vt 0.562500 0.312500
vt 0.564914 0.312500
vt 0.462500 0.385635
vt 0.462500 0.687500
vt 0.408159 0.970159
vt 0.408159 0.970159
vt 0.548284 0.695147
vt 0.548284 0.695147
vt 0.550000 0.687500
vt 0.550000 0.312500
vt 0.556696 0.300566
vt 0.548284 0.304853
vt 0.543089 0.288866
vt 0.463174 0.392160
vt 0.475000 0.330484
vt 0.475000 0.687500
vt 0.373591 0.935591
vt 0.373591 0.935591
vt 0.500000 0.687500
vt 0.500000 0.687500
vt 0.537500 0.687500
vt 0.537500 0.312500
vt 0.500000 0.312500
vt 0.500000 0.251812
vt 0.478659 0.312500
vt 0.487500 0.312500
vt 0.487500 0.687500
vt 0.351397 0.892034
vt 0.351397 0.892034
vt 0.451716 0.695147
vt 0.451716 0.695147
vt 0.525000 0.687500
vt 0.525000 0.312500
vt 0.451716 0.304853
vt 0.475731 0.230942
vt 0.388872 0.156250
vt 0.343750 0.156250
vt 0.349159 0.122100
vt 0.500000 0.312500
vt 0.500000 0.687500
vt 0.343750 0.843750
vt 0.343750 0.843750
vt 0.408159 0.717341
vt 0.408159 0.717341
vt 0.512500 0.687500
vt 0.512500 0.312500
vt 0.408159 0.282659
vt 0.457268 0.215066
vt 0.419346 0.182456
vt 0.351397 0.204534
vt 0.351397 0.795466
vt 0.351397 0.795466
vt 0.373591 0.751909
vt 0.373591 0.751909
vt 0.373591 0.248091
vt 0.439764 0.200014
vn -0.707107 -0.707107 0.000000
vn -0.707107 -0.707107 0.000000
vn -0.707107 -0.707107 0.000000
vn -0.707107 -0.707107 0.000000
vn 0.000000 -1.000000 0.000000
vn 0.000000 -1.000000 0.000000
vn 0.000000 -1.000000 0.000000
vn 0.000000 -1.000000 0.000000
vn -1.000000 0.000000 0.000000
vn -1.000000 0.000000 0.000000
vn -1.000000 0.000000 0.000000
vn -1.000000 0.000000 0.000000
vn 0.000000 -0.707107 0.707107
vn 0.000000 -0.707107 0.707107
vn 0.000000 -0.707107 0.707107
vn 0.000000 -0.707107 0.707107
vn 0.000000 -0.707107 -0.707107
vn 0.000000 -0.707107 -0.707107
vn 0.000000 -0.707107 -0.707107
vn 0.000000 -0.707107 -0.707107
vn 0.707107 -0.707107 0.000000
vn 0.707107 -0.707107 0.000000
vn 0.707107 -0.707107 0.000000
vn 0.707107 -0.707107 0.000000
vn -0.707107 0.000000 0.707107
vn -0.707107 0.000000 0.707107
vn -0.707107 0.000000 0.707107
vn -0.707107 0.000000 0.707107
vn -0.707107 0.000000 -0.707107
vn -0.707107 0.000000 -0.707107
vn -0.707107 0.000000 -0.707107
vn -0.707107 0.000000 -0.707107
vn 0.000000 0.000000 1.000000
vn 0.000000 0.000000 1.000000
vn 0.000000 0.000000 1.000000
vn 0.000000 0.000000 1.000000
vn 0.000000 0.000000 -1.000000
vn 0.000000 0.000000 -1.000000
vn 0.000000 0.000000 -1.000000
vn 0.000000 0.000000 -1.000000
vn 1.000000 0.000000 0.000000
vn 1.000000 0.000000 0.000000
vn 1.000000 0.000000 0.000000
vn 1.000000 0.000000 0.000000
vn 0.707107 0.000000 0.707107
vn 0.707107 0.000000 0.707107
vn 0.707107 0.000000 0.707107
vn 0.707107 0.000000 0.707107
vn 0.707107 0.000000 -0.707107
vn 0.707107 0.000000 -0.707107
vn 0.707107 0.000000 -0.707107
vn 0.707107 0.000000 -0.707107
vn -0.509960 0.860197 -0.001013
vn -0.509959 0.860196 -0.002026
vn -0.485001 0.860198 -0.157586
vn -0.485001 0.860198 -0.157586
vn -0.412677 0.860198 -0.299595
vn -0.412622 0.860198 -0.299671
vn 0.000000 -1.000000 0.000002
vn 0.000000 -1.000000 0.000004
vn 0.000000 -1.000000 0.000004
vn 0.000000 -1.000000 0.000002
vn -0.415551 0.860187 0.295628
vn -0.415377 0.860188 0.295868
vn -0.486765 0.860184 0.152130
vn -0.486877 0.860182 0.151784
vn 0.474160 0.877230 -0.075100
vn 0.474160 0.877230 -0.075100
vn 0.474160 0.877230 -0.075100
vn 0.474160 0.877230 -0.075100
vn 0.474159 0.877230 0.075100
vn 0.474159 0.877230 0.075100
vn 0.474159 0.877230 0.075100
vn 0.474159 0.877230 0.075100
vn 0.427746 0.877230 0.217948
vn 0.427746 0.877230 0.217948
vn 0.427746 0.877230 0.217948
vn 0.427746 0.877230 0.217948
vn 0.339462 0.877231 0.339457
vn 0.339462 0.877231 0.339457
vn 0.339462 0.877231 0.339457
vn 0.339462 0.877231 0.339457
vn -0.301854 0.860195 -0.411034
vn -0.161164 0.860191 -0.483837
vn -0.161414 0.860190 -0.483754
vn -0.302325 0.860193 -0.410690
vn -0.000915 0.860197 -0.509961
vn -0.001830 0.860195 -0.509962
vn 0.156312 0.860197 -0.485415
vn 0.156265 0.860197 -0.485430
vn 0.297646 0.860196 -0.414090
vn 0.297604 0.860195 -0.414121
vn 0.410378 0.860193 -0.302752
vn 0.410400 0.860192 -0.302722
vn 0.159465 0.860195 -0.484391
vn 0.000105 0.860197 -0.509962
vn 0.000091 0.860197 -0.509962
vn 0.159209 0.860195 -0.484476
vn 0.339463 0.877226 -0.339470
vn 0.339463 0.877226 -0.339470
vn 0.339463 0.877226 -0.339470
vn 0.339463 0.877226 -0.339470
vn 0.412766 0.860198 -0.299474
vn 0.412965 0.860198 -0.299200
vn 0.485001 0.860198 -0.157586
vn 0.485002 0.860198 -0.157586
vn 0.509961 0.860198 0.000002
vn 0.509961 0.860198 0.000001
vn 0.485352 0.860197 0.156510
vn 0.485177 0.860197 0.157048
vn 0.006124 0.860182 0.509951
vn 0.005675 0.860184 0.509953
vn -0.153715 0.860189 0.486257
vn -0.153656 0.860190 0.486275
vn -0.299147 0.860197 0.413003
vn -0.298832 0.860197 0.413231
vn 0.339461 0.877232 -0.339457
vn 0.339461 0.877232 -0.339457
vn 0.339461 0.877232 -0.339457
vn 0.339461 0.877232 -0.339457
vn 0.427745 0.877230 -0.217948
vn 0.427745 0.877230 -0.217948
vn 0.427745 0.877230 -0.217948
vn 0.427745 0.877230 -0.217948
vn 0.217948 0.877230 0.427745
vn 0.217948 0.877230 0.427745
vn 0.217948 0.877230 0.427745
vn 0.217948 0.877230 0.427745
vn 0.075099 0.877228 0.474164
vn 0.075099 0.877228 0.474164
vn 0.075099 0.877228 0.474164
vn 0.075099 0.877228 0.474164
vn -0.075099 0.877230 0.474159
vn -0.075099 0.877230 0.474159
vn -0.075099 0.877230 0.474159
vn -0.075099 0.877230 0.474159
vn -0.217947 0.877230 0.427745
vn -0.217947 0.877230 0.427745
vn -0.217947 0.877230 0.427745
vn -0.217947 0.877230 0.427745
vn -0.339461 0.877232 0.339457
vn -0.339461 0.877232 0.339457
vn -0.339461 0.877232 0.339457
vn -0.339461 0.877232 0.339457
vn -0.427745 0.877230 0.217948
vn -0.427745 0.877230 0.217948
vn -0.427745 0.877230 0.217948
vn -0.427745 0.877230 0.217948
vn -0.159272 0.860196 -0.484453
vn -0.159047 0.860196 -0.484527
vn -0.075100 0.877229 0.474162
vn -0.075100 0.877229 0.474162
vn -0.075100 0.877229 0.474162
vn -0.075100 0.877229 0.474162
vn 0.302024 0.860193 -0.410912
vn 0.302587 0.860192 -0.410501
vn -0.427748 0.877229 -0.217947
vn -0.427748 0.877229 -0.217947
vn -0.427748 0.877229 -0.217947
vn -0.427748 0.877229 -0.217947
vn 0.416948 0.860173 0.293694
vn 0.306808 0.860164 0.407416
vn 0.307337 0.860159 0.407026
vn 0.417927 0.860161 0.292334
vn 0.165526 0.860167 0.482405
vn 0.165617 0.860166 0.482374
vn 0.007028 0.860177 0.509947
vn 0.006735 0.860179 0.509949
vn -0.155080 0.860195 0.485813
vn -0.154475 0.860193 0.486009
vn -0.339463 0.877229 0.339462
vn -0.339463 0.877229 0.339462
vn -0.339463 0.877229 0.339462
vn -0.339463 0.877229 0.339462
vn -0.427750 0.877227 0.217951
vn -0.427750 0.877227 0.217951
vn -0.427750 0.877227 0.217951
vn -0.427750 0.877227 0.217951
vn -0.474164 0.877228 0.075101
vn -0.474164 0.877228 0.075101
vn -0.474164 0.877228 0.075101
vn -0.474164 0.877228 0.075101
vn -0.474165 0.877227 -0.075101
vn -0.474165 0.877227 -0.075101
vn -0.474165 0.877227 -0.075101
vn -0.474165 0.877227 -0.075101
vn 0.154508 0.860193 0.485999
vn 0.295452 0.860186 0.415678
vn 0.295666 0.860187 0.415524
vn 0.156411 0.860197 0.485383
vn -0.075099 0.877228 -0.474164
vn -0.075099 0.877228 -0.474164
vn -0.075099 0.877228 -0.474164
vn -0.075099 0.877228 -0.474164
vn 0.075099 0.877228 -0.474164
vn 0.075099 0.877228 -0.474164
vn 0.075099 0.877228 -0.474164
vn 0.075099 0.877228 -0.474164
vn 0.217948 0.877232 -0.427741
vn 0.217948 0.877232 -0.427741
vn 0.217948 0.877232 -0.427741
vn 0.217948 0.877232 -0.427741
vn -0.474160 0.877230 0.075099
vn -0.474160 0.877230 0.075099
vn -0.474160 0.877230 0.075099
vn -0.474160 0.877230 0.075099
vn 0.509959 0.860196 0.002170
vn 0.483466 0.860188 0.162290
vn 0.483509 0.860188 0.162158
vn 0.509958 0.860194 0.002914
vn 0.474162 0.877228 -0.075103
vn 0.474162 0.877228 -0.075103
vn 0.474162 0.877228 -0.075103
vn 0.474162 0.877228 -0.075103
vn 0.075100 0.877224 0.474170
vn 0.075100 0.877224 0.474170
vn 0.075100 0.877224 0.474170
vn 0.075100 0.877224 0.474170
vn -0.217949 0.877231 0.427744
vn -0.217949 0.877231 0.427744
vn -0.217949 0.877231 0.427744
vn -0.217949 0.877231 0.427744
vn -0.339464 0.877228 -0.339462
vn -0.339464 0.877228 -0.339462
vn -0.339464 0.877228 -0.339462
vn -0.339464 0.877228 -0.339462
vn -0.217950 0.877230 -0.427745
vn -0.217950 0.877230 -0.427745
vn -0.217950 0.877230 -0.427745
vn -0.217950 0.877230 -0.427745
vn -0.075100 0.877229 -0.474161
vn -0.075100 0.877229 -0.474161
vn -0.075100 0.877229 -0.474161
vn -0.075100 0.877229 -0.474161
vn 0.075100 0.877230 -0.474161
vn 0.075100 0.877230 -0.474161
vn 0.075100 0.877230 -0.474161
vn 0.075100 0.877230 -0.474161
vn 0.217949 0.877227 -0.427750
vn 0.217949 0.877227 -0.427750
vn 0.217949 0.877227 -0.427750
vn 0.217949 0.877227 -0.427750
vn -0.303624 0.860188 0.409744
vn -0.416322 0.860179 0.294564
vn -0.416231 0.860180 0.294689
vn -0.303458 0.860189 0.409865
vn -0.487202 0.860175 0.150773
vn -0.487148 0.860177 0.150940
vn -0.052739 0.977637 0.203581
vn 0.002355 0.975766 0.218805
vn 0.001029 0.989519 0.144397
vn -0.034027 0.991806 0.123141
vn 0.427748 0.877230 -0.217944
vn 0.427748 0.877230 -0.217944
vn 0.427748 0.877230 -0.217944
vn 0.427748 0.877230 -0.217944
vn 0.409434 0.860186 0.304045
vn 0.409471 0.860186 0.303995
vn -0.217947 0.877230 -0.427747
vn -0.217947 0.877230 -0.427747
vn -0.217947 0.877230 -0.427747
vn -0.217947 0.877230 -0.427747
vn 0.000000 -1.000000 -0.000000
vn 0.000000 -1.000000 0.000000
vn -0.474160 0.877231 -0.075096
vn -0.474160 0.877231 -0.075096
vn -0.474159 0.877231 -0.075096
vn -0.474159 0.877231 -0.075096
vn 0.217949 0.877227 0.427750
vn 0.217948 0.877227 0.427750
vn 0.217949 0.877227 0.427750
vn 0.217949 0.877227 0.427750
vn 0.339464 0.877229 -0.339462
vn 0.339464 0.877228 -0.339462
vn 0.339464 0.877228 -0.339462
vn 0.339464 0.877228 -0.339462
vn -0.509949 0.860177 -0.006886
vn -0.509947 0.860174 -0.007435
vn 0.427748 0.877228 -0.217950
vn 0.427748 0.877228 -0.217950
vn 0.427748 0.877228 -0.217950
vn 0.427748 0.877228 -0.217950
vn 0.068571 0.976703 0.203345
vn 0.047470 0.988719 0.142060
vn -0.052998 0.977310 -0.205075
vn -0.034679 0.991383 -0.126322
vn 0.001095 0.988984 -0.148015
vn 0.002445 0.975338 -0.220704
vn -0.339461 0.877231 -0.339458
vn -0.339461 0.877231 -0.339458
vn -0.339461 0.877231 -0.339458
vn -0.339461 0.877231 -0.339458
vn 0.139197 0.973858 -0.179514
vn 0.099498 0.986454 -0.130416
vn 0.143731 0.984467 -0.100826
vn 0.194845 0.971498 -0.135008
vn -0.483070 0.860181 -0.163503
vn -0.482807 0.860176 -0.164301
vn -0.410801 0.860193 -0.302177
vn -0.409614 0.860186 -0.303802
vn 0.138253 0.974316 0.177748
vn 0.193685 0.971913 0.133687
vn 0.142435 0.984779 0.099617
vn 0.097966 0.986909 0.128117
vn 0.233039 0.969739 -0.072790
vn 0.173570 0.983296 -0.054799
vn 0.183832 0.982958 -0.000157
vn 0.246416 0.969164 -0.000297
vn 0.172857 0.983451 0.054264
vn 0.232235 0.969993 0.071976
vn -0.427745 0.877229 -0.217951
vn -0.427745 0.877229 -0.217951
vn -0.427745 0.877229 -0.217951
vn -0.427745 0.877229 -0.217951
vn 0.339463 0.877228 0.339465
vn 0.339463 0.877228 0.339465
vn 0.339463 0.877228 0.339465
vn 0.339463 0.877228 0.339465
vn 0.474163 0.877229 -0.075098
vn 0.474163 0.877229 -0.075098
vn 0.474163 0.877229 -0.075098
vn 0.474163 0.877229 -0.075098
vn 0.048545 0.988182 -0.145393
vn 0.069091 0.976283 -0.205179
vn 0.474162 0.877229 0.075095
vn 0.474163 0.877229 0.075095
vn 0.474163 0.877229 0.075095
vn 0.474163 0.877229 0.075095
vn 0.427748 0.877228 0.217950
vn 0.427748 0.877228 0.217950
vn 0.427748 0.877228 0.217950
vn 0.427748 0.877228 0.217950
vn 0.414473 0.860196 -0.297110
vn 0.414990 0.860195 -0.296392
vn 0.487274 0.860178 -0.150524
vn 0.486965 0.860183 -0.151492
vn -0.427746 0.877229 0.217950
vn -0.427746 0.877229 0.217950
vn -0.427746 0.877229 0.217950
vn -0.427746 0.877229 0.217950
vn 0.509933 0.860160 0.009658
vn 0.509937 0.860166 0.008837
vn 0.146091 0.860138 -0.488691
vn 0.144013 0.860115 -0.489349
vn 0.297919 0.860199 -0.413886
vn 0.298698 0.860200 -0.413323
vn -0.339462 0.877229 0.339463
vn -0.339462 0.877229 0.339463
vn -0.339462 0.877229 0.339463
vn -0.339462 0.877229 0.339463
vn -0.474161 0.877229 0.075106
vn -0.474161 0.877229 0.075106
vn -0.474161 0.877229 0.075106
vn -0.474161 0.877229 0.075106
vn 0.481732 0.860151 0.167555
vn 0.481787 0.860153 0.167384
vn -0.011752 0.860139 -0.509924
vn -0.012066 0.860136 -0.509922
vn -0.217950 0.877235 0.427734
vn -0.217950 0.877235 0.427734
vn -0.217950 0.877235 0.427734
vn -0.217950 0.877235 0.427734
vn -0.474166 0.877227 -0.075096
vn -0.474166 0.877227 -0.075096
vn -0.474166 0.877227 -0.075096
vn -0.474166 0.877227 -0.075096
vn 0.406479 0.860152 0.308080
vn 0.406110 0.860148 0.308578
vn -0.164641 0.860175 -0.482693
vn -0.164339 0.860175 -0.482795
vn -0.075099 0.877229 0.474162
vn -0.075099 0.877229 0.474162
vn -0.075099 0.877229 0.474162
vn -0.075099 0.877229 0.474162
vn -0.427747 0.877227 -0.217958
vn -0.427747 0.877227 -0.217958
vn -0.427747 0.877227 -0.217958
vn -0.427747 0.877227 -0.217958
vn 0.292242 0.860163 0.417990
vn 0.291089 0.860150 0.418818
vn -0.304732 0.860183 -0.408930
vn -0.304275 0.860186 -0.409265
vn 0.075100 0.877230 0.474160
vn 0.075100 0.877230 0.474160
vn 0.075100 0.877230 0.474160
vn 0.075100 0.877230 0.474160
vn -0.339462 0.877227 -0.339469
vn -0.339462 0.877226 -0.339469
vn -0.339462 0.877227 -0.339469
vn -0.339462 0.877226 -0.339469
vn -0.411247 0.860198 -0.301555
vn -0.415949 0.860186 -0.295071
vn 0.217948 0.877228 0.427749
vn 0.217948 0.877228 0.427749
vn 0.217948 0.877228 0.427749
vn 0.217948 0.877228 0.427749
vn -0.217950 0.877233 -0.427739
vn -0.217950 0.877233 -0.427739
vn -0.217950 0.877233 -0.427739
vn -0.217950 0.877233 -0.427739
vn 0.154893 0.860197 0.485870
vn 0.000000 0.860201 0.509955
vn 0.000000 0.860201 0.509955
vn 0.154893 0.860197 0.485870
vn 0.339462 0.877226 0.339469
vn 0.339462 0.877226 0.339469
vn 0.339462 0.877226 0.339469
vn 0.339462 0.877226 0.339469
vn -0.075099 0.877229 -0.474163
vn -0.075099 0.877229 -0.474163
vn -0.075099 0.877229 -0.474163
vn -0.075099 0.877229 -0.474163
vn -0.157586 0.860201 0.484995
vn -0.157586 0.860201 0.484995
vn 0.000000 -1.000000 0.000004
vn 0.000000 -1.000000 0.000008
vn 0.000000 -1.000000 0.000005
vn 0.000000 -1.000000 0.000002
vn 0.427747 0.877228 0.217951
vn 0.427747 0.877228 0.217951
vn 0.427747 0.877228 0.217951
vn 0.427747 0.877228 0.217951
vn 0.075099 0.877229 -0.474161
vn 0.075099 0.877229 -0.474161
vn 0.075099 0.877229 -0.474161
vn 0.075099 0.877229 -0.474161
vn -0.299746 0.860201 0.412561
vn -0.299746 0.860201 0.412561
vn 0.000000 -1.000000 0.000003
vn 0.000000 -1.000000 0.000001
vn -0.509958 0.860200 0.000346
vn -0.484998 0.860199 0.157588
vn -0.484998 0.860199 0.157588
vn -0.509958 0.860199 0.000346
vn 0.474163 0.877228 0.075110
vn 0.474163 0.877228 0.075110
vn 0.474163 0.877228 0.075110
vn 0.474163 0.877228 0.075110
vn 0.217950 0.877233 -0.427739
vn 0.217950 0.877233 -0.427739
vn 0.217950 0.877233 -0.427739
vn 0.217950 0.877233 -0.427739
vn -0.412564 0.860200 0.299745
vn -0.412564 0.860200 0.299746
vn 0.000000 -1.000000 -0.000002
vn 0.000000 -1.000000 -0.000001
vn 0.005469 0.999143 0.041027
vn 0.001542 0.999154 0.041094
vn 0.009146 0.999847 0.014908
vn 0.000454 0.999834 0.018230
vn 0.033053 0.999331 0.015639
vn -0.006481 0.999907 0.011967
vn 0.000710 0.999255 0.038586
vn 0.017826 0.999659 0.019096
vn 0.010600 0.999944 -0.000108
vn 0.041795 0.999126 -0.000807
vn 0.020555 0.999637 -0.017407
vn 0.012372 0.998852 -0.046281
vn -0.577350 -0.577350 0.577350
vn -0.577350 -0.577350 0.577350
vn -0.577350 -0.577350 0.577350
vn -0.577350 -0.577350 -0.577350
vn -0.577350 -0.577350 -0.577350
vn -0.577350 -0.577350 -0.577350
vn 0.577350 -0.577350 0.577350
vn 0.577350 -0.577350 0.577350
vn 0.577350 -0.577350 0.577350
vn 0.577350 -0.577350 -0.577350
vn 0.577350 -0.577350 -0.577350
vn 0.577350 -0.577350 -0.577350
vn -0.577351 0.577349 0.577351
vn -0.577351 0.577349 0.577351
vn -0.577351 0.577349 0.577350
vn 0.000000 1.000000 -0.000000
vn 0.000000 1.000000 0.000000
vn 0.000000 1.000000 0.000000
vn 0.000000 1.000000 0.000000
vn -0.577351 0.577349 -0.577351
vn -0.577351 0.577349 -0.577350
vn -0.577351 0.577349 -0.577351
vn 0.000000 1.000000 0.000000
vn 0.000000 1.000000 0.000000
vn 0.577351 0.577349 0.577351
vn 0.577351 0.577349 0.577351
vn 0.577351 0.577349 0.577350
vn 0.000000 1.000000 -0.000000
vn 0.000000 1.000000 0.000000
vn 0.000000 1.000000 -0.000005
vn -0.000000 1.000000 -0.000000
vn 0.000000 1.000000 0.000000
vn 0.577351 0.577349 -0.577351
vn 0.577351 0.577349 -0.577350
vn 0.577351 0.577349 -0.577351
vn 0.000000 1.000000 0.000000
vn 0.000000 1.000000 0.000000
vn 0.000000 1.000000 0.000000
vn 0.000000 1.000000 0.000000
vn 0.000000 1.000000 0.000005
vn 0.000000 1.000000 0.000000
vn -0.074621 0.996917 0.024247
vn -0.063476 0.996918 0.046102
vn -0.078460 0.996917 0.000000
vn 0.000000 1.000000 0.000000
vn 0.000000 1.000000 0.000000
vn 0.000000 1.000000 -0.000001
vn 0.000000 1.000000 0.000000
vn 0.000000 1.000000 -0.000001
vn 0.000000 1.000000 -0.000000
vn 0.000000 1.000000 0.000000
vn 0.000000 1.000000 0.000001
vn 0.000000 1.000000 -0.000000
vn 0.000000 1.000000 -0.000001
vn 0.000000 1.000000 -0.000000
vn 0.000000 1.000000 0.000002
vn -0.048204 0.996488 0.068471
vn 0.000000 -1.000000 0.000000
vn 0.000000 1.000000 0.000000
vn 0.000000 1.000000 0.000000
vn -0.074620 0.996917 -0.024247
vn 0.000000 1.000000 0.000000
vn 0.000000 1.000000 -0.000001
vn 0.000000 1.000000 0.000001
vn 0.000000 1.000000 -0.000002
vn 0.000000 1.000000 0.000001
vn 0.000000 1.000000 0.000000
vn 0.000000 1.000000 -0.000002
vn 0.000000 1.000000 0.000000
vn 0.000000 1.000000 0.000000
vn 0.000000 1.000000 0.000000
vn 0.000000 1.000000 0.000000
vn 0.000000 1.000000 0.000000
vn 0.000000 1.000000 0.000001
vn 0.000000 1.000000 -0.000002
vn 0.000000 1.000000 0.000001
vn 0.000000 1.000000 0.000001
vn 0.000000 1.000000 0.000002
vn 0.000000 1.000000 -0.000000
vn 0.000000 1.000000 -0.000002
vn -0.063476 0.996917 -0.046114
vn 0.000000 -1.000000 0.000000
vn 0.000000 1.000000 0.000000
vn 0.000000 1.000000 0.000000
vn 0.000000 1.000000 0.000000
vn 0.000000 1.000000 0.000000
vn 0.000000 1.000000 0.000000
vn 0.000000 1.000000 0.000000
vn 0.000000 1.000000 0.000000
vn 0.000000 1.000000 0.000000
vn 0.000000 1.000000 0.000002
vn 0.000000 1.000000 0.000000
vn 0.000000 1.000000 0.000000
vn 0.000000 1.000000 0.000000
vn 0.000000 1.000000 -0.000002
vn -0.048570 0.996409 -0.069353
vn 0.000000 1.000000 -0.000002
vn -0.707108 0.707106 0.000000
vn -0.707108 0.707106 0.000000
vn -0.707109 0.707105 0.000000
vn -0.707109 0.707105 0.000000
vn -0.707109 0.707105 0.000000
vn -0.707108 0.707106 0.000000
vn -0.707108 0.707106 0.000000
vn 0.000000 0.707106 0.707108
vn 0.000000 0.707106 0.707108
vn 0.000000 0.707106 0.707108
vn 0.000000 0.707105 0.707108
vn 0.000000 0.707105 0.707108
vn 0.000000 0.707105 0.707108
vn 0.000000 0.707106 0.707108
vn 0.000000 0.707106 -0.707108
vn 0.000000 0.707105 -0.707108
vn 0.000000 0.707105 -0.707108
vn 0.000000 0.707105 -0.707108
vn 0.000000 0.707106 -0.707108
vn 0.000000 0.707106 -0.707108
vn 0.000000 0.707106 -0.707108
vn 0.707108 0.707106 0.000000
vn 0.707108 0.707106 0.000000
vn 0.707108 0.707105 0.000000
vn 0.707108 0.707105 0.000000
vn 0.707108 0.707105 0.000000
vn 0.707108 0.707106 0.000000
vn 0.707108 0.707106 0.000000
vn -0.055435 0.998314 -0.017212
vn -0.006779 0.999828 -0.017288
vn -0.012832 0.999632 -0.023895
vn -0.015102 0.999594 -0.024177
vn -0.019356 0.999507 -0.024703
vn -0.014376 0.999726 -0.018462
vn -0.019478 0.999692 -0.015398
vn -0.054849 0.998368 0.015913
vn -0.036834 0.999217 0.014473
vn -0.042960 0.999044 0.008060
vn -0.040991 0.999138 0.006584
vn -0.038388 0.999248 0.005440
vn -0.035515 0.999358 0.004741
vn -0.032747 0.999453 0.004699
vn -0.030343 0.999527 0.004960
vn -0.025201 0.999636 0.009583
vn -0.003605 0.999946 -0.009741
vn -0.003499 0.999955 -0.008769
vn -0.003583 0.999960 -0.008216
vn -0.003732 0.999960 -0.008157
vn 0.000000 1.000000 -0.000000
vn 0.000000 1.000000 -0.000000
vn -0.022084 0.999742 -0.005346
vn -0.015379 0.998237 -0.057325
vn -0.020729 0.999223 -0.033528
vn -0.020683 0.999253 -0.032644
vn -0.507635 0.859891 0.053800
vn -0.353147 0.860142 -0.368026
vn -0.437927 0.859642 -0.263125
vn -0.487862 0.860162 -0.148700
vn -0.487041 0.860181 -0.151259
vn -0.356926 0.860179 0.364276
vn -0.050235 0.859802 -0.508150
vn 0.483548 0.860188 -0.162041
vn 0.483450 0.860187 -0.162339
vn 0.465655 0.859917 -0.209067
vn 0.455599 0.860186 0.229150
vn 0.366462 0.860160 -0.354727
vn 0.100899 0.859992 0.500234
vn 0.505574 0.860125 -0.067682
vn -0.213841 0.860020 0.463290
vn 0.209591 0.859930 0.465394
vn -0.196002 0.859508 -0.472048
vn -0.302438 0.860193 -0.410609
vn -0.301891 0.860194 -0.411008
vn -0.501031 0.860073 -0.096143
vn 0.458408 0.860156 0.223593
vn -0.372821 0.860059 -0.348286
vn 0.353008 0.860144 -0.368155
vn 0.030346 0.999326 0.020647
vn 0.031354 0.999255 0.022526
vn 0.031882 0.999216 0.023487
vn 0.042471 0.998501 0.034516
vn 0.007390 0.999714 0.022760
vn 0.028251 0.999463 0.016628
vn 0.029288 0.999397 0.018635
vn -0.005118 0.999829 0.017749
vn -0.002551 0.999672 0.025490
vn -0.021607 0.999441 0.025497
vn -0.018477 0.999509 0.025303
vn -0.015777 0.999633 0.022028
vn 0.008193 0.999956 0.004691
vn -0.016529 0.999679 0.019222
vn -0.009119 0.999608 0.026454
vn -0.009625 0.999572 0.027634
vn -0.011011 0.999514 0.029172
vn -0.013281 0.999431 0.031007
vn -0.016393 0.999320 0.033041
vn -0.020206 0.999179 0.035121
vn -0.023575 0.999051 0.036637
vn -0.023841 0.999056 0.036310
vn -0.024683 0.999073 0.035276
vn -0.025157 0.999081 0.034694
vn -0.025517 0.999088 0.034251
vn -0.025859 0.999093 0.033831
vn -0.026258 0.999099 0.033341
vn -0.026854 0.999107 0.032609
vn -0.027629 0.999117 0.031656
vn -0.026585 0.999166 0.030991
vn 0.037465 0.999273 0.007064
vn 0.037451 0.999268 0.007775
vn 0.037420 0.999266 0.008236
vn 0.037397 0.999262 0.008762
vn 0.037351 0.999264 0.008715
vn 0.037305 0.999270 0.008229
vn 0.037269 0.999274 0.007925
vn 0.037235 0.999279 0.007429
vn 0.037207 0.999284 0.006798
vn 0.037187 0.999290 0.006113
vn 0.037176 0.999294 0.005463
vn 0.037174 0.999297 0.004925
vn 0.037161 0.999301 0.004180
vn 0.037172 0.999302 0.003758
vn 0.037209 0.999300 0.003887
vn 0.037246 0.999299 0.003909
vn 0.037297 0.999296 0.004175
vn 0.037358 0.999291 0.004673
vn 0.037416 0.999285 0.005371
vn 0.037454 0.999279 0.006209
vn 0.022962 0.999451 -0.023891
vn 0.023717 0.999423 -0.024297
vn 0.025560 0.999355 -0.025228
vn 0.026811 0.999290 -0.026487
vn 0.026911 0.999254 -0.027703
vn 0.026471 0.999252 -0.028183
vn 0.014376 0.999674 -0.021124
vn 0.018825 0.999574 -0.022321
vn -0.011727 0.999695 -0.021730
vn -0.014139 0.999696 -0.020201
vn -0.014063 0.999686 -0.020720
vn -0.014075 0.999629 -0.023331
vn -0.014691 0.999601 -0.024134
vn -0.015824 0.999608 -0.023090
vn -0.017051 0.999636 -0.020890
vn -0.008032 0.999454 -0.032067
vn -0.008032 0.999454 -0.032067
vn -0.007748 0.999677 -0.024191
vn -0.008779 0.999684 -0.023564
vn -0.021069 0.999680 -0.013981
vn -0.020852 0.999683 -0.014093
vn -0.020276 0.999693 -0.014265
vn -0.019437 0.999707 -0.014450
vn -0.018380 0.999724 -0.014632
vn -0.017183 0.999743 -0.014793
vn -0.015961 0.999761 -0.014912
vn 0.030711 0.999305 -0.021109
vn 0.031181 0.999241 -0.023346
vn 0.029434 0.999311 -0.022604
vn 0.025722 0.999452 -0.020849
vn 0.022040 0.999577 -0.018970
vn 0.018664 0.999679 -0.017127
vn 0.015787 0.999756 -0.015439
vn 0.015211 0.999771 -0.015067
vn 0.027733 0.999157 -0.030267
vn 0.024515 0.999660 -0.008909
vn 0.025307 0.999634 -0.009559
vn 0.027339 0.999548 -0.012515
vn 0.029201 0.999437 -0.016495
s off
g polySurface1
usemtl initialShadingGroup
f 996/1250/1380 997/1251/1381 998/1252/1382 999/1253/1383
f 996/1250/1384 999/1253/1385 1000/1254/1386 1001/1255/1387
f 997/1258/1388 1003/1259/1389 1004/1260/1390 998/1261/1391
f 996/1256/1392 1001/1264/1393 1006/1265/1394 1002/1257/1395
f 999/1253/1396 1005/1263/1397 1007/1266/1398 1000/1254/1399
f 1000/1254/1400 1008/1267/1401 1009/1268/1402 1001/1255/1403
f 997/1258/1404 1002/1257/1405 1010/1269/1406 1003/1259/1407
f 998/1262/1408 1004/1277/1409 1016/1278/1410 1005/1263/1411
f 1002/1257/1412 1006/1265/1413 1017/1280/1414 1010/1269/1415
f 1005/1263/1416 1016/1278/1417 1018/1281/1418 1007/1266/1419
f 1008/1283/1420 1019/1284/1421 1020/1285/1422 1009/1279/1423
f 1006/1265/1424 1009/1279/1425 1020/1285/1426 1017/1280/1427
f 1007/1266/1428 1018/1281/1429 1019/1309/1430 1008/1282/1431
s 1
f 1033/1339/1432 1068/1338/1433 1069/1340/1434 1034/1341/1435
f 1034/1341/1435 1069/1340/1434 1070/1342/1436 1035/1343/1437
s 2
f 1057/1731/1438 1269/1730/1439 1275/1738/1440 1058/1739/1441
s 1
f 1065/1376/1442 1098/1375/1443 1067/1337/1444 1066/1336/1445
s off
f 1067/1377/1446 1099/1378/1447 1100/1379/1448 1068/1380/1449
f 1068/1380/1450 1100/1379/1451 1101/1381/1452 1069/1382/1453
f 1069/1382/1454 1101/1381/1455 1102/1383/1456 1070/1384/1457
f 1070/1384/1458 1102/1383/1459 1103/1385/1460 1071/1386/1461
s 1
f 1071/1344/1462 1104/1387/1463 1074/1388/1464 1072/1345/1465
f 1077/1391/1466 1105/1390/1467 1106/1392/1468 1078/1393/1469
f 1078/1393/1469 1106/1392/1468 1107/1394/1470 1079/1395/1471
f 1079/1395/1471 1107/1394/1470 1108/1396/1472 1080/1397/1473
s 5
f 1083/1402/1474 1084/1403/1475 1111/1404/1476 1112/1405/1477
s off
f 1270/1727/1478 1274/1726/1479 1278/1736/1480 1276/1737/1481
s 5
f 1087/1423/1482 1124/1422/1483 1125/1424/1484 1088/1425/1485
f 1088/1426/1485 1125/1427/1484 1126/1428/1486 1089/1429/1487
f 1089/1429/1487 1126/1428/1486 1115/1410/1488 1090/1409/1489
s 1
f 1094/1442/1490 1132/1441/1491 1133/1443/1492 1095/1444/1493
f 1095/1444/1493 1133/1443/1492 1097/1374/1494 1096/1373/1495
s off
f 1097/1445/1496 1134/1446/1497 1135/1447/1498 1098/1448/1499
f 1067/1377/1500 1098/1448/1501 1135/1447/1502 1099/1378/1503
f 1071/1386/1504 1103/1385/1505 1137/1450/1506 1104/1451/1507
f 1104/1451/1508 1137/1450/1509 1138/1452/1510 1105/1453/1511
f 1105/1453/1512 1138/1452/1513 1141/1456/1514 1106/1457/1515
f 1106/1457/1516 1141/1456/1517 1142/1458/1518 1107/1459/1519
f 1107/1459/1520 1142/1458/1521 1143/1460/1522 1108/1461/1523
f 1108/1461/1524 1143/1460/1525 1144/1462/1526 1109/1463/1527
s 5
f 1084/1403/1475 1114/1470/1528 1148/1471/1529 1111/1404/1476
s off
f 1111/1472/1530 1149/1473/1531 1150/1474/1532 1112/1475/1533
s 5
f 1083/1402/1474 1112/1405/1477 1123/1421/1534 1113/1420/1535
s off
f 1115/1476/1536 1151/1477/1537 1152/1478/1538 1116/1479/1539
s 5
f 1116/1411/1540 1153/1480/1541 1118/1481/1542 1117/1412/1543
f 1118/1481/1542 1153/1480/1541 1154/1482/1544 1119/1483/1545
f 1119/1483/1545 1154/1482/1544 1155/1484/1546 1120/1485/1547
f 1120/1485/1547 1155/1484/1546 1156/1486/1548 1121/1487/1549
s off
f 1123/1493/1550 1160/1494/1551 1161/1495/1552 1124/1496/1553
f 1124/1496/1554 1161/1495/1555 1162/1497/1556 1125/1498/1557
f 1125/1498/1558 1162/1497/1559 1163/1499/1560 1126/1500/1561
f 1115/1476/1562 1126/1500/1563 1163/1499/1564 1151/1477/1565
s 1
f 1130/1439/1566 1167/1508/1567 1168/1509/1568 1131/1440/1569
s off
f 1131/1510/1570 1169/1511/1571 1170/1512/1572 1132/1513/1573
f 1132/1513/1574 1170/1512/1575 1171/1514/1576 1133/1515/1577
f 1097/1445/1578 1133/1515/1579 1171/1514/1580 1134/1446/1581
f 1109/1463/1582 1144/1462/1583 1173/1517/1584 1145/1518/1585
s 1
f 1145/1466/1586 1174/1519/1587 1175/1520/1588 1146/1467/1589
s off
f 1266/1724/1590 1272/1734/1591 1277/1735/1592 1273/1725/1593
f 1111/1472/1594 1148/1527/1595 1179/1528/1596 1149/1473/1597
f 1112/1475/1598 1150/1474/1599 1160/1494/1600 1123/1493/1601
f 1116/1479/1602 1152/1478/1603 1181/1530/1604 1153/1531/1605
f 1153/1531/1606 1181/1530/1607 1182/1532/1608 1154/1533/1609
f 1154/1533/1610 1182/1532/1611 1183/1534/1612 1155/1535/1613
f 1155/1535/1614 1183/1534/1615 1184/1536/1616 1156/1537/1617
f 1156/1537/1618 1184/1536/1619 1185/1538/1620 1157/1539/1621
s 5
f 1157/1488/1622 1186/1540/1623 1159/1541/1624 1158/1489/1625
f 1139/1542/1626 1159/1541/1624 1186/1540/1623 1187/1543/1627
s 12
f 1128/1546/1628 1140/1547/1629 1189/1548/1630 1188/1545/1631
s off
f 1272/1734/1632 1276/1737/1633 1278/1736/1634 1277/1735/1635
s 1
f 1167/1508/1567 1192/1556/1636 1194/1557/1637 1168/1509/1568
s off
f 1131/1510/1638 1168/1558/1639 1195/1559/1640 1169/1511/1641
s 2
f 1058/1739/1441 1275/1738/1440 1271/1733/1642 1059/1732/1643
s off
f 1145/1518/1644 1173/1517/1645 1207/1571/1646 1174/1572/1647
f 1148/1527/1648 1178/1578/1649 1209/1579/1650 1179/1528/1651
f 1157/1539/1652 1185/1538/1653 1210/1580/1654 1186/1581/1655
s 5
f 1139/1542/1626 1187/1543/1627 1211/1582/1656 1198/1583/1657
s off
f 1186/1581/1658 1210/1580/1659 1212/1584/1660 1187/1585/1661
s 12
f 1140/1547/1629 1206/1587/1662 1213/1588/1663 1189/1548/1630
f 1190/1592/1664 1215/1593/1665 1216/1594/1666 1193/1595/1667
s off
f 1168/1558/1668 1194/1596/1669 1217/1597/1670 1195/1559/1671
s 12
f 1196/1598/1672 1218/1599/1673 1219/1600/1674 1197/1601/1675
s 5
f 1198/1583/1657 1211/1582/1656 1220/1602/1676 1199/1603/1677
f 1199/1603/1677 1220/1602/1676 1208/1577/1678 1200/1576/1679
s 12
f 1172/1604/1680 1205/1605/1681 1221/1606/1682 1222/1607/1683
f 1202/1608/1684 1223/1609/1685 1224/1610/1686 1203/1611/1687
f 1203/1611/1687 1224/1610/1686 1225/1612/1688 1204/1613/1689
f 1204/1613/1689 1225/1612/1688 1221/1606/1682 1205/1605/1681
f 1172/1604/1680 1222/1607/1683 1213/1588/1663 1206/1587/1662
s off
f 1174/1572/1690 1207/1571/1691 1217/1597/1692 1194/1596/1693
f 1178/1578/1694 1208/1614/1695 1226/1615/1696 1209/1579/1697
f 1187/1585/1698 1212/1584/1699 1227/1616/1700 1211/1617/1701
s 12
f 1193/1595/1667 1216/1594/1666 1228/1620/1702 1229/1621/1703
f 1196/1598/1672 1229/1621/1703 1228/1620/1702 1218/1599/1673
f 1197/1601/1675 1219/1600/1674 1223/1625/1685 1202/1626/1684
s off
f 1211/1617/1704 1227/1616/1705 1230/1627/1706 1220/1628/1707
f 1208/1614/1708 1220/1628/1709 1230/1627/1710 1226/1615/1711
s 16
f 1047/1637/1712 1231/1638/1713 1232/1639/1714 1048/1640/1715
s off
f 1231/1644/1716 1234/1645/1717 1235/1646/1718 1232/1647/1719
s 16
f 1048/1648/1715 1232/1649/1714 1236/1650/1720 1049/1651/1721
f 1027/1652/1722 1237/1653/1723 1233/1642/1724 1028/1641/1725
s off
f 1231/1644/1726 1233/1654/1727 1238/1655/1728 1234/1645/1729
f 1232/1647/1730 1235/1646/1731 1239/1656/1732 1236/1657/1733
s 16
f 1049/1651/1721 1236/1650/1720 1241/1659/1734 1050/1660/1735
f 1026/1661/1736 1242/1662/1737 1237/1653/1723 1027/1652/1722
s off
f 1233/1654/1738 1237/1663/1739 1243/1664/1740 1238/1655/1741
f 1236/1657/1742 1239/1656/1743 1244/1665/1744 1241/1666/1745
s 16
f 1050/1660/1735 1241/1659/1734 1245/1667/1746 1051/1668/1747
f 1025/1669/1748 1246/1670/1749 1242/1662/1737 1026/1661/1736
s off
f 1237/1663/1750 1242/1671/1751 1247/1672/1752 1243/1664/1753
f 1241/1666/1754 1244/1665/1755 1248/1673/1756 1245/1674/1757
s 16
f 1051/1668/1747 1245/1667/1746 1249/1675/1758 1052/1676/1759
f 1024/1677/1760 1250/1678/1761 1246/1670/1749 1025/1669/1748
s off
f 1242/1671/1762 1246/1679/1763 1251/1680/1764 1247/1672/1765
f 1245/1674/1766 1248/1673/1767 1252/1681/1768 1249/1682/1769
s 16
f 1023/1686/1770 1255/1687/1771 1250/1678/1761 1024/1677/1760
s off
f 1246/1679/1772 1250/1688/1773 1256/1689/1774 1251/1680/1775
f 1249/1682/1776 1252/1681/1777 1257/1690/1778 1253/1691/1779
s 16
f 1253/1683/1780 1259/1692/1781 1258/1693/1782 1254/1684/1783
s off
f 1250/1688/1784 1255/1700/1785 1261/1701/1786 1256/1689/1787
f 1253/1691/1788 1257/1690/1789 1262/1702/1790 1259/1703/1791
s 16
f 1258/1693/1782 1259/1692/1781 1264/1704/1792 1263/1705/1793
s 2
f 1054/1696/1794 1254/1695/1795 1258/1706/1796 1055/1707/1797
s off
f 1255/1700/1798 1260/1711/1799 1267/1712/1800 1261/1701/1801
f 1259/1703/1802 1262/1702/1803 1268/1713/1804 1264/1714/1805
s 16
f 1263/1705/1793 1264/1704/1792 1270/1715/1806 1269/1716/1807
s 2
f 1055/1707/1797 1258/1706/1796 1263/1717/1808 1056/1718/1809
s 16
f 1265/1709/1810 1271/1722/1811 1272/1723/1812 1266/1710/1813
s off
f 1260/1711/1814 1266/1724/1815 1273/1725/1816 1267/1712/1817
f 1264/1714/1818 1268/1713/1819 1274/1726/1820 1270/1727/1821
s 16
f 1269/1716/1807 1270/1715/1806 1276/1728/1822 1275/1729/1823
s 2
f 1056/1718/1809 1263/1717/1808 1269/1730/1439 1057/1731/1438
f 1059/1732/1643 1271/1733/1642 1265/1720/1824 1060/1719/1825
s 16
f 1271/1722/1811 1275/1729/1823 1276/1728/1822 1272/1723/1812
s 21
f 1021/1286/1826 1040/1305/1827 1076/1351/1828 1030/1295/1829
f 1046/1313/1830 1075/1350/1831 1039/1304/1832 1038/1303/1833
f 1075/1350/1831 1076/1351/1828 1040/1305/1827 1039/1304/1832
f 1110/1401/1834 1044/1311/1835 1043/1308/1836 1042/1307/1837
s off
f 996/1256/1838 1002/1257/1839 997/1258/1840
f 998/1262/1841 1005/1263/1842 999/1253/1843
f 1001/1264/1844 1009/1279/1845 1006/1265/1846
f 1000/1254/1847 1007/1266/1848 1008/1282/1849
f 1003/1259/1850 1010/1269/1851 1011/1271/1852
s 24
f 1240/1658/1853 1277/1735/1854 1278/1736/1855
f 1240/1658/1853 1278/1736/1855 1274/1726/1856
s off
f 1004/1276/1857 1015/1275/1858 1016/1278/1859
s 24
f 1240/1658/1853 1267/1712/1860 1273/1725/1861
s off
f 1017/1280/1862 1020/1285/1863 1038/1303/1864
s 26
f 1180/1529/1865 1226/1615/1866 1230/1627/1867
s 12
f 1127/1636/1868 1223/1625/1685 1219/1600/1674
s 24
f 1240/1658/1853 1274/1726/1856 1268/1713/1869
s 12
f 1127/1634/1868 1228/1620/1702 1216/1594/1666
f 1127/1633/1868 1213/1588/1663 1222/1607/1683
s off
f 1018/1281/1870 1043/1308/1871 1019/1310/1872
s 26
f 1180/1529/1865 1230/1627/1867 1227/1616/1873
s 24
f 1240/1658/1853 1268/1713/1869 1262/1702/1874
f 1240/1658/1853 1256/1689/1875 1261/1701/1876
s 12
f 1127/1635/1868 1218/1599/1673 1228/1620/1702
s 24
f 1240/1658/1853 1273/1725/1861 1277/1735/1854
s 26
f 1180/1529/1865 1227/1616/1873 1212/1584/1877
f 1180/1529/1865 1209/1579/1878 1226/1615/1866
s 12
f 1127/1632/1868 1221/1606/1682 1225/1612/1688
f 1127/1631/1868 1225/1612/1688 1224/1610/1686
f 1063/1430/1879 1091/1431/1880 1127/1432/1868
s 24
f 1240/1658/1853 1261/1701/1876 1267/1712/1860
s 12
f 1063/1430/1879 1127/1434/1868 1092/1435/1881
s 24
f 1240/1658/1853 1257/1690/1882 1252/1681/1883
f 1234/1645/1884 1238/1655/1885 1240/1658/1853
s 30
f 1099/1378/1886 1136/1449/1887 1100/1379/1888
f 1100/1379/1888 1136/1449/1887 1101/1381/1889
f 1101/1381/1889 1136/1449/1887 1102/1383/1890
f 1102/1383/1890 1136/1449/1887 1103/1385/1891
s 12
f 1127/1624/1868 1219/1600/1674 1218/1599/1673
s 24
f 1240/1658/1853 1262/1702/1874 1257/1690/1882
s 30
f 1136/1449/1887 1217/1597/1892 1207/1571/1893
s 12
f 1127/1630/1868 1224/1610/1686 1223/1609/1685
f 1091/1431/1880 1164/1501/1894 1127/1502/1868
s 2
f 1060/1719/1825 1265/1720/1824 1061/1721/1895
s 24
f 1240/1658/1853 1248/1673/1896 1244/1665/1897
s 12
f 1092/1435/1881 1127/1504/1868 1129/1505/1898
s 24
f 1240/1658/1853 1251/1680/1899 1256/1689/1875
f 1234/1645/1884 1240/1658/1853 1235/1646/1900
s 30
f 1134/1446/1901 1136/1449/1887 1135/1447/1902
f 1099/1378/1886 1135/1447/1902 1136/1449/1887
f 1103/1385/1891 1136/1449/1887 1137/1450/1903
f 1136/1449/1887 1138/1452/1904 1137/1450/1903
f 1136/1449/1887 1195/1559/1905 1217/1597/1892
s 24
f 1240/1658/1853 1252/1681/1883 1248/1673/1896
s 30
f 1136/1449/1887 1141/1456/1906 1138/1452/1904
f 1136/1449/1887 1142/1458/1907 1141/1456/1906
f 1136/1449/1887 1143/1460/1908 1142/1458/1907
f 1136/1449/1887 1144/1462/1909 1143/1460/1908
s 12
f 1127/1629/1868 1222/1607/1683 1221/1606/1682
s 26
f 1149/1473/1910 1180/1529/1865 1150/1474/1911
f 1151/1477/1912 1180/1529/1865 1152/1478/1913
f 1160/1494/1914 1180/1529/1865 1161/1495/1915
f 1161/1495/1915 1180/1529/1865 1162/1497/1916
f 1162/1497/1916 1180/1529/1865 1163/1499/1917
f 1151/1477/1912 1163/1499/1917 1180/1529/1865
s 12
f 1127/1544/1868 1164/1501/1894 1188/1545/1631
f 1128/1546/1628 1188/1545/1631 1164/1501/1894
f 1127/1549/1868 1165/1550/1918 1129/1505/1898
s 2
f 1053/1694/1919 1254/1695/1795 1054/1696/1794
s 30
f 1136/1449/1887 1170/1512/1920 1169/1511/1921
f 1136/1449/1887 1171/1514/1922 1170/1512/1920
f 1134/1446/1901 1171/1514/1922 1136/1449/1887
s 24
f 1240/1658/1853 1243/1664/1923 1247/1672/1924
s 30
f 1136/1449/1887 1173/1517/1925 1144/1462/1909
s 24
f 1235/1646/1900 1240/1658/1853 1239/1656/1926
s 12
f 1127/1622/1868 1216/1594/1666 1215/1593/1665
s 26
f 1149/1473/1910 1179/1528/1927 1180/1529/1865
f 1150/1474/1911 1180/1529/1865 1160/1494/1914
f 1152/1478/1913 1180/1529/1865 1181/1530/1928
f 1180/1529/1865 1182/1532/1929 1181/1530/1928
f 1180/1529/1865 1183/1534/1930 1182/1532/1929
f 1180/1529/1865 1184/1536/1931 1183/1534/1930
f 1180/1529/1865 1185/1538/1932 1184/1536/1931
s 12
f 1127/1586/1868 1188/1545/1631 1189/1548/1630
f 1127/1589/1868 1214/1590/1933 1165/1550/1918
s 24
f 1239/1656/1926 1240/1658/1853 1244/1665/1897
s 12
f 1190/1592/1664 1214/1590/1933 1215/1593/1665
s 24
f 1238/1655/1885 1243/1664/1923 1240/1658/1853
s 30
f 1136/1449/1887 1169/1511/1921 1195/1559/1905
s 24
f 1240/1658/1853 1247/1672/1924 1251/1680/1899
s 12
f 1127/1619/1868 1215/1593/1665 1214/1590/1933
s 30
f 1136/1449/1887 1207/1571/1893 1173/1517/1925
s 12
f 1127/1618/1868 1189/1548/1630 1213/1588/1663
s 26
f 1179/1528/1927 1209/1579/1878 1180/1529/1865
f 1180/1529/1865 1210/1580/1934 1185/1538/1932
f 1180/1529/1865 1212/1584/1877 1210/1580/1934
s off
f 1003/1270/1935 1011/1271/1936 1012/1272/1937 1013/1273/1938 1014/1274/1939 1015/1275/1940 1004/1276/1941
f 1010/1269/1942 1017/1280/1943 1038/1303/1944 1039/1304/1945 1040/1305/1946 1021/1286/1947 1011/1271/1948
f 1015/1275/1949 1037/1302/1950 1041/1306/1951 1042/1307/1952 1043/1308/1953 1018/1281/1954 1016/1278/1955
f 1019/1310/1956 1043/1308/1957 1044/1311/1958 1045/1312/1959 1046/1313/1960 1038/1303/1961 1020/1314/1962
s 21
f 1013/1273/1963 1031/1296/1964 1064/1332/1965 1065/1333/1966 1066/1334/1967 1032/1297/1968 1014/1274/1969
f 1012/1272/1970 1022/1287/1971 1023/1288/1972 1024/1289/1973 1025/1290/1974 1026/1291/1975 1027/1292/1976 1028/1293/1977 1029/1294/1978 1030/1295/1829 1031/1296/1964 1013/1273/1963
f 1014/1274/1969 1032/1297/1968 1033/1298/1979 1034/1299/1980 1035/1300/1981 1036/1301/1982 1037/1302/1983 1015/1275/1984
f 1147/1469/1985 1110/1401/1834 1042/1307/1837 1041/1306/1986 1081/1356/1987 1082/1357/1988
s 1
f 1032/1335/1989 1066/1336/1445 1067/1337/1444 1068/1338/1433 1033/1339/1432
f 1035/1343/1437 1070/1342/1436 1071/1344/1462 1072/1345/1465 1036/1346/1990
s 16
f 1022/1697/1991 1062/1698/1992 1260/1699/1993 1255/1687/1771 1023/1686/1770
s 1
f 1064/1372/1994 1096/1373/1495 1097/1374/1494 1098/1375/1443 1065/1376/1442
f 1073/1389/1995 1074/1388/1464 1104/1387/1463 1105/1390/1467 1077/1391/1466
f 1080/1397/1473 1108/1396/1472 1109/1398/1996 1082/1399/1997 1081/1400/1998
s 5
f 1085/1408/1999 1090/1409/1489 1115/1410/1488 1116/1411/1540 1117/1412/1543
f 1086/1419/2000 1113/1420/1535 1123/1421/1534 1124/1422/1483 1087/1423/1482
s 1
f 1093/1438/2001 1130/1439/1566 1131/1440/1569 1132/1441/1491 1094/1442/1490
f 1082/1464/1997 1109/1465/1996 1145/1466/1586 1146/1467/1589 1147/1468/2002
s 5
f 1121/1487/1549 1156/1486/1548 1157/1488/1622 1158/1489/1625 1122/1490/2003
s 16
f 1052/1676/1759 1249/1675/1758 1253/1683/1780 1254/1684/1783 1053/1685/2004
s 5
f 1114/1470/1528 1176/1524/2005 1177/1525/2006 1178/1526/2007 1148/1471/1529
s 16
f 1061/1708/2008 1265/1709/1810 1266/1710/1813 1260/1699/1993 1062/1698/1992
s 1
f 1174/1519/1587 1194/1557/1637 1192/1556/1636 1191/1573/2009 1175/1520/1588
s 5
f 1177/1525/2006 1201/1575/2010 1200/1576/1679 1208/1577/1678 1178/1526/2007
s 16
f 1028/1641/1725 1233/1642/1724 1231/1638/1713 1047/1637/1712 1029/1643/2011
s 21
f 1083/1359/2012 1113/1406/2013 1086/1360/2014 1045/1312/2015 1044/1311/1835 1110/1401/1834 1176/1523/2016 1114/1407/2017 1084/1358/2018
f 1201/1565/2019 1177/1574/2020 1176/1523/2016 1110/1401/1834 1147/1469/1985 1146/1521/2021 1175/1522/2022 1191/1552/2023 1166/1507/2024
f 1011/1271/2025 1021/1286/1826 1030/1295/1829 1029/1294/1978 1047/1315/2026 1048/1316/2027 1049/1317/2028 1050/1318/2029 1051/1319/2030 1052/1320/2031 1053/1321/2032 1054/1322/2033 1055/1323/2034 1056/1324/2035 1057/1325/2036 1058/1326/2037 1059/1327/2038 1060/1328/2039 1061/1329/2040 1062/1330/2041 1022/1287/1971 1012/1272/1970
f 1076/1351/1828 1166/1507/2024 1031/1296/1964 1030/1295/1829 1205/1569/2042 1172/1516/2043 1206/1570/2044 1140/1455/2045 1128/1433/2046 1164/1503/2047 1091/1366/2048 1063/1331/2049 1092/1367/2050 1129/1436/2051 1165/1506/2052 1214/1591/2053 1190/1551/2054 1193/1555/2055 1229/1623/2056 1196/1560/2057 1197/1561/2058 1202/1566/2059 1203/1567/2060 1204/1568/2061
f 1130/1437/2062 1093/1368/2063 1094/1369/2064 1095/1370/2065 1096/1371/2066 1064/1332/2067 1031/1296/1964 1166/1507/2024 1191/1552/2023 1192/1553/2068 1167/1554/2069
s off
f 1074/1348/2070 1073/1349/2071 1077/1352/2072 1078/1353/2073 1079/1354/2074 1080/1355/2075 1081/1356/2076 1041/1306/2077 1037/1302/2078 1036/1301/2079 1072/1347/2080
s 21
f 1201/1565/2019 1166/1507/2024 1076/1351/1828 1075/1350/1831 1122/1418/2081 1158/1491/2082 1159/1492/2083 1139/1454/2084 1198/1562/2085 1199/1563/2086 1200/1564/2087
f 1090/1364/2088 1085/1365/2089 1117/1413/2090 1118/1414/2091 1119/1415/2092 1120/1416/2093 1121/1417/2094 1122/1418/2095 1075/1350/1831 1046/1313/1830 1045/1312/2096 1086/1360/2097 1087/1361/2098 1088/1362/2099 1089/1363/2100
