# This file uses centimeters as units for non-parametric coordinates.

mtllib falg.mtl
g default
v -9.615076 5.737859 -38.026366
v -9.619771 5.752916 -38.040922
v -9.599532 5.752901 -38.047500
v -9.594764 5.737859 -38.032965
v -9.655887 5.737859 -38.001822
v -9.664851 5.752916 -38.014214
v -9.647634 5.752901 -38.026725
v -9.638609 5.737859 -38.014375
v -9.687116 5.737859 -37.965868
v -9.699471 5.752916 -37.974884
v -9.686963 5.752901 -37.992102
v -9.674563 5.737859 -37.983146
v -9.705706 5.737859 -37.922023
v -9.720242 5.752916 -37.926780
v -9.713668 5.752901 -37.947021
v -9.699107 5.737859 -37.942335
v -9.709838 5.737859 -37.874580
v -9.725133 5.752916 -37.874612
v -9.725134 5.752901 -37.895894
v -9.709838 5.737859 -37.895937
v -9.699107 5.737859 -37.828182
v -9.713663 5.752916 -37.823486
v -9.720241 5.752901 -37.843725
v -9.705706 5.737859 -37.848493
v -9.674563 5.737859 -37.787371
v -9.686955 5.752916 -37.778407
v -9.699466 5.752901 -37.795623
v -9.687116 5.737859 -37.804649
v -9.638609 5.737859 -37.756142
v -9.647625 5.752916 -37.743787
v -9.664843 5.752901 -37.756294
v -9.655887 5.737859 -37.768695
v -9.594764 5.737859 -37.737551
v -9.599521 5.752916 -37.723015
v -9.619762 5.752901 -37.729590
v -9.615076 5.737859 -37.744151
v -9.547321 5.737859 -37.733420
v -9.547353 5.752916 -37.718125
v -9.568635 5.752901 -37.718123
v -9.568677 5.737859 -37.733420
v -9.500923 5.737859 -37.744151
v -9.496227 5.752916 -37.729595
v -9.516466 5.752901 -37.723017
v -9.521234 5.737859 -37.737551
v -9.460112 5.737859 -37.768695
v -9.451148 5.752916 -37.756302
v -9.468364 5.752901 -37.743792
v -9.477390 5.737859 -37.756142
v -9.428883 5.737859 -37.804649
v -9.416528 5.752916 -37.795633
v -9.429035 5.752901 -37.778414
v -9.441436 5.737859 -37.787371
v -9.410292 5.737859 -37.848493
v -9.395756 5.752916 -37.843736
v -9.402331 5.752901 -37.823496
v -9.416892 5.737859 -37.828182
v -9.406161 5.737859 -37.895937
v -9.390866 5.752916 -37.895904
v -9.390864 5.752901 -37.874623
v -9.406161 5.737859 -37.874580
v -9.416892 5.737859 -37.942335
v -9.402336 5.752916 -37.947030
v -9.395758 5.752901 -37.926791
v -9.410292 5.737859 -37.922023
v -9.441436 5.737859 -37.983146
v -9.429043 5.752916 -37.992110
v -9.416533 5.752901 -37.974893
v -9.428883 5.737859 -37.965868
v -9.477390 5.737859 -38.014375
v -9.468374 5.752916 -38.026730
v -9.451155 5.752901 -38.014222
v -9.460112 5.737859 -38.001822
v -9.521234 5.737859 -38.032965
v -9.516477 5.752916 -38.047501
v -9.496237 5.752901 -38.040927
v -9.500923 5.737859 -38.026365
v -9.568677 5.737859 -38.037097
v -9.568645 5.752916 -38.052392
v -9.547364 5.752901 -38.052393
v -9.547321 5.737859 -38.037097
v -9.594764 6.075496 -38.032965
v -9.599521 6.060439 -38.047501
v -9.619762 6.060455 -38.040927
v -9.615076 6.075496 -38.026366
v -9.638609 6.075496 -38.014375
v -9.647625 6.060439 -38.026730
v -9.664843 6.060455 -38.014222
v -9.655887 6.075496 -38.001822
v -9.674563 6.075496 -37.983146
v -9.686955 6.060439 -37.992110
v -9.699466 6.060455 -37.974894
v -9.687116 6.075496 -37.965868
v -9.699107 6.075496 -37.942335
v -9.713663 6.060439 -37.947030
v -9.720241 6.060455 -37.926791
v -9.705706 6.075496 -37.922023
v -9.709838 6.075496 -37.895937
v -9.725133 6.060439 -37.895904
v -9.725134 6.060455 -37.874623
v -9.709838 6.075496 -37.874580
v -9.705706 6.075496 -37.848493
v -9.720242 6.060439 -37.843736
v -9.713668 6.060455 -37.823496
v -9.699107 6.075496 -37.828182
v -9.687116 6.075496 -37.804649
v -9.699471 6.060439 -37.795633
v -9.686963 6.060455 -37.778414
v -9.674563 6.075496 -37.787371
v -9.655887 6.075496 -37.768695
v -9.664851 6.060439 -37.756302
v -9.647634 6.060455 -37.743792
v -9.638609 6.075496 -37.756142
v -9.615076 6.075496 -37.744151
v -9.619771 6.060439 -37.729595
v -9.599532 6.060455 -37.723017
v -9.594764 6.075496 -37.737551
v -9.568677 6.075496 -37.733420
v -9.568645 6.060439 -37.718125
v -9.547364 6.060455 -37.718123
v -9.547321 6.075496 -37.733420
v -9.521234 6.075496 -37.737551
v -9.516477 6.060439 -37.723015
v -9.496237 6.060455 -37.729590
v -9.500923 6.075496 -37.744151
v -9.477390 6.075496 -37.756142
v -9.468374 6.060439 -37.743787
v -9.451155 6.060455 -37.756294
v -9.460112 6.075496 -37.768695
v -9.441436 6.075496 -37.787371
v -9.429043 6.060439 -37.778407
v -9.416533 6.060455 -37.795623
v -9.428883 6.075496 -37.804649
v -9.416892 6.075496 -37.828182
v -9.402336 6.060439 -37.823486
v -9.395758 6.060455 -37.843726
v -9.410292 6.075496 -37.848493
v -9.406161 6.075496 -37.874580
v -9.390866 6.060439 -37.874612
v -9.390864 6.060455 -37.895894
v -9.406161 6.075496 -37.895937
v -9.410292 6.075496 -37.922023
v -9.395756 6.060439 -37.926780
v -9.402331 6.060455 -37.947021
v -9.416892 6.075496 -37.942335
v -9.428883 6.075496 -37.965868
v -9.416528 6.060439 -37.974884
v -9.429035 6.060455 -37.992102
v -9.441436 6.075496 -37.983146
v -9.460112 6.075496 -38.001822
v -9.451148 6.060439 -38.014214
v -9.468364 6.060455 -38.026725
v -9.477390 6.075496 -38.014375
v -9.500923 6.075496 -38.026365
v -9.496227 6.060439 -38.040922
v -9.516466 6.060455 -38.047500
v -9.521234 6.075496 -38.032965
v -9.547321 6.075496 -38.037097
v -9.547353 6.060439 -38.052392
v -9.568635 6.060455 -38.052393
v -9.568677 6.075496 -38.037097
v -9.547342 5.737859 -37.952543
v -9.527071 5.737859 -37.945957
v -9.509828 5.737859 -37.933429
v -9.497300 5.737859 -37.916186
v -9.490714 5.737859 -37.895915
v -9.490714 5.737859 -37.874601
v -9.497300 5.737859 -37.854331
v -9.509828 5.737859 -37.837087
v -9.527071 5.737859 -37.824559
v -9.547342 5.737859 -37.817973
v -9.568656 5.737859 -37.817973
v -9.588927 5.737859 -37.824559
v -9.606170 5.737859 -37.837087
v -9.618698 5.737859 -37.854331
v -9.625284 5.737859 -37.874601
v -9.625284 5.737859 -37.895915
v -9.618698 5.737859 -37.916186
v -9.606170 5.737859 -37.933429
v -9.588927 5.737859 -37.945957
v -9.568656 5.737859 -37.952543
v -9.568656 6.075496 -37.952543
v -9.588927 6.075496 -37.945957
v -9.606170 6.075496 -37.933429
v -9.618698 6.075496 -37.916186
v -9.625284 6.075496 -37.895915
v -9.625284 6.075496 -37.874601
v -9.618698 6.075496 -37.854331
v -9.606170 6.075496 -37.837087
v -9.588927 6.075496 -37.824559
v -9.568656 6.075496 -37.817973
v -9.547342 6.075496 -37.817973
v -9.527071 6.075496 -37.824559
v -9.509828 6.075496 -37.837087
v -9.497300 6.075496 -37.854331
v -9.490714 6.075496 -37.874601
v -9.490714 6.075496 -37.895915
v -9.497300 6.075496 -37.916186
v -9.509828 6.075496 -37.933429
v -9.527071 6.075496 -37.945957
v -9.547342 6.075496 -37.952543
vt 0.630601 0.102857
vt 0.378125 0.312500
vt 0.377551 0.329262
vt 0.375450 0.674903
vt 0.621875 0.312500
vt 0.622451 0.329245
vt 0.615624 0.312500
vt 0.607885 0.065085
vt 0.619503 0.081076
vt 0.556180 0.123929
vt 0.390625 0.312500
vt 0.390051 0.329262
vt 0.574608 0.036181
vt 0.590599 0.047799
vt 0.544584 0.107969
vt 0.403125 0.312500
vt 0.402551 0.329262
vt 0.534028 0.018975
vt 0.552827 0.025083
vt 0.528625 0.096374
vt 0.415625 0.312500
vt 0.415051 0.329262
vt 0.490117 0.015151
vt 0.509883 0.015151
vt 0.509863 0.090278
vt 0.428125 0.312500
vt 0.427551 0.329262
vt 0.447173 0.025083
vt 0.465972 0.018975
vt 0.490137 0.090278
vt 0.440625 0.312500
vt 0.440051 0.329262
vt 0.409401 0.047799
vt 0.425392 0.036181
vt 0.471375 0.096374
vt 0.453125 0.312500
vt 0.452551 0.329262
vt 0.380497 0.081076
vt 0.392115 0.065085
vt 0.455416 0.107969
vt 0.465625 0.312500
vt 0.465051 0.329262
vt 0.363291 0.121656
vt 0.369399 0.102857
vt 0.443820 0.123929
vt 0.478125 0.312500
vt 0.477551 0.329262
vt 0.359467 0.165567
vt 0.359467 0.145801
vt 0.437725 0.142690
vt 0.490625 0.312500
vt 0.490051 0.329262
vt 0.369399 0.208511
vt 0.363291 0.189712
vt 0.437725 0.162417
vt 0.503125 0.312500
vt 0.502551 0.329262
vt 0.392115 0.246283
vt 0.380497 0.230292
vt 0.443820 0.181178
vt 0.515625 0.312500
vt 0.515051 0.329262
vt 0.425392 0.275187
vt 0.409401 0.263569
vt 0.455416 0.197138
vt 0.528125 0.312500
vt 0.527551 0.329262
vt 0.465972 0.292393
vt 0.447173 0.286285
vt 0.471375 0.208733
vt 0.540624 0.312500
vt 0.540051 0.329262
vt 0.509883 0.296217
vt 0.490117 0.296217
vt 0.490137 0.214829
vt 0.553124 0.312500
vt 0.552551 0.329262
vt 0.552827 0.286285
vt 0.534028 0.292393
vt 0.509863 0.214829
vt 0.565624 0.312500
vt 0.565051 0.329262
vt 0.590599 0.263569
vt 0.574608 0.275187
vt 0.528625 0.208733
vt 0.578124 0.312500
vt 0.577551 0.329262
vt 0.619503 0.230292
vt 0.607885 0.246283
vt 0.544584 0.197138
vt 0.590624 0.312500
vt 0.590051 0.329262
vt 0.636709 0.189712
vt 0.630601 0.208511
vt 0.556180 0.181178
vt 0.603124 0.312500
vt 0.602551 0.329262
vt 0.640533 0.165567
vt 0.562276 0.162417
vt 0.562276 0.142690
vt 0.615051 0.329262
vt 0.636709 0.877212
vt 0.621875 0.688437
vt 0.615624 0.688437
vt 0.615048 0.671690
vt 0.377548 0.671690
vt 0.384949 0.671672
vt 0.384375 0.688437
vt 0.556180 0.868678
vt 0.390625 0.688437
vt 0.390048 0.671690
vt 0.397449 0.671672
vt 0.396875 0.688437
vt 0.544584 0.884638
vt 0.403125 0.688437
vt 0.402548 0.671690
vt 0.409949 0.671672
vt 0.409375 0.688437
vt 0.528625 0.896233
vt 0.415625 0.688437
vt 0.415048 0.671690
vt 0.422449 0.671672
vt 0.421875 0.688437
vt 0.509863 0.902329
vt 0.428125 0.688437
vt 0.427548 0.671690
vt 0.434949 0.671672
vt 0.434375 0.688437
vt 0.490137 0.902329
vt 0.440625 0.688437
vt 0.440048 0.671690
vt 0.447449 0.671672
vt 0.446875 0.688437
vt 0.471375 0.896233
vt 0.453125 0.688437
vt 0.452548 0.671690
vt 0.459949 0.671672
vt 0.459375 0.688437
vt 0.455416 0.884638
vt 0.465625 0.688437
vt 0.465048 0.671690
vt 0.472449 0.671672
vt 0.471875 0.688437
vt 0.443820 0.868678
vt 0.478125 0.688437
vt 0.477548 0.671690
vt 0.484949 0.671672
vt 0.484375 0.688437
vt 0.437725 0.849917
vt 0.490625 0.688437
vt 0.490048 0.671690
vt 0.497449 0.671672
vt 0.496875 0.688437
vt 0.437725 0.830190
vt 0.503125 0.688437
vt 0.502548 0.671690
vt 0.509949 0.671672
vt 0.509375 0.688437
vt 0.443820 0.811429
vt 0.515625 0.688437
vt 0.515048 0.671690
vt 0.522449 0.671672
vt 0.521875 0.688437
vt 0.455416 0.795469
vt 0.528125 0.688437
vt 0.527548 0.671690
vt 0.534949 0.671672
vt 0.534375 0.688437
vt 0.471375 0.783874
vt 0.540625 0.688437
vt 0.540048 0.671690
vt 0.547449 0.671672
vt 0.546875 0.688437
vt 0.490137 0.777778
vt 0.553124 0.688437
vt 0.552548 0.671690
vt 0.559949 0.671672
vt 0.559375 0.688437
vt 0.509863 0.777778
vt 0.565625 0.688437
vt 0.565048 0.671690
vt 0.572449 0.671672
vt 0.571875 0.688437
vt 0.528625 0.783874
vt 0.578125 0.688437
vt 0.577548 0.671690
vt 0.584949 0.671672
vt 0.584375 0.688437
vt 0.544584 0.795469
vt 0.590624 0.688437
vt 0.590048 0.671690
vt 0.597449 0.671672
vt 0.596875 0.688437
vt 0.556180 0.811429
vt 0.603124 0.688437
vt 0.602548 0.671690
vt 0.609949 0.671672
vt 0.609375 0.688437
vt 0.640533 0.853067
vt 0.562276 0.849917
vt 0.562276 0.830190
vt 0.384952 0.329245
vt 0.397452 0.329245
vt 0.409952 0.329245
vt 0.422452 0.329245
vt 0.434952 0.329245
vt 0.447452 0.329245
vt 0.459952 0.329245
vt 0.472452 0.329245
vt 0.484952 0.329245
vt 0.497452 0.329245
vt 0.509951 0.329245
vt 0.522452 0.329245
vt 0.534951 0.329245
vt 0.547451 0.329245
vt 0.559951 0.329245
vt 0.572451 0.329245
vt 0.584951 0.329245
vt 0.597451 0.329245
vt 0.609951 0.329245
vt 0.622449 0.671672
vt 0.636709 0.121656
vt 0.640533 0.145801
vt 0.630601 0.896011
vt 0.619503 0.917792
vt 0.607885 0.933783
vt 0.590599 0.951069
vt 0.574608 0.962687
vt 0.552827 0.973785
vt 0.534028 0.979893
vt 0.509883 0.983717
vt 0.490117 0.983717
vt 0.465972 0.979893
vt 0.447173 0.973785
vt 0.425392 0.962687
vt 0.409401 0.951069
vt 0.392115 0.933783
vt 0.380497 0.917792
vt 0.369399 0.896011
vt 0.363291 0.877212
vt 0.359467 0.853067
vt 0.359467 0.833301
vt 0.363291 0.809156
vt 0.369399 0.790357
vt 0.380497 0.768576
vt 0.392115 0.752585
vt 0.409401 0.735299
vt 0.425392 0.723681
vt 0.447173 0.712583
vt 0.465972 0.706475
vt 0.490117 0.702651
vt 0.509883 0.702651
vt 0.534028 0.706475
vt 0.552827 0.712583
vt 0.574608 0.723681
vt 0.590599 0.735299
vt 0.607885 0.752585
vt 0.619503 0.768576
vt 0.630601 0.790357
vt 0.636709 0.809156
vt 0.640533 0.833301
vt 0.375000 0.326525
vt 0.375000 0.312500
vt 0.387500 0.312500
vt 0.384375 0.312500
vt 0.400000 0.312500
vt 0.396875 0.312500
vt 0.412500 0.312500
vt 0.409375 0.312500
vt 0.425000 0.312500
vt 0.421875 0.312500
vt 0.437500 0.312500
vt 0.434375 0.312500
vt 0.450000 0.312500
vt 0.446875 0.312500
vt 0.462500 0.312500
vt 0.459375 0.312500
vt 0.475000 0.312500
vt 0.471875 0.312500
vt 0.487500 0.312500
vt 0.484375 0.312500
vt 0.500000 0.312500
vt 0.496875 0.312500
vt 0.512500 0.312500
vt 0.509375 0.312500
vt 0.525000 0.312500
vt 0.521875 0.312500
vt 0.537500 0.312500
vt 0.534375 0.312500
vt 0.550000 0.312500
vt 0.546875 0.312500
vt 0.562500 0.312500
vt 0.559375 0.312500
vt 0.575000 0.312500
vt 0.571875 0.312500
vt 0.587500 0.312500
vt 0.584375 0.312500
vt 0.600000 0.312500
vt 0.596875 0.312500
vt 0.612500 0.312500
vt 0.609375 0.312500
vt 0.375000 0.688437
vt 0.378125 0.688437
vt 0.387500 0.688437
vt 0.400000 0.688437
vt 0.412500 0.688437
vt 0.425000 0.688437
vt 0.437500 0.688437
vt 0.450000 0.688437
vt 0.462500 0.688437
vt 0.475000 0.688437
vt 0.487500 0.688437
vt 0.500000 0.688437
vt 0.512500 0.688437
vt 0.525000 0.688437
vt 0.537500 0.688437
vt 0.550000 0.688437
vt 0.562500 0.688437
vt 0.575000 0.688437
vt 0.587500 0.688437
vt 0.600000 0.688437
vt 0.612500 0.688437
vn 0.000000 -1.000000 0.000000
vn 0.000000 -1.000000 0.000000
vn 0.000000 -1.000000 0.000000
vn 0.000000 -1.000000 0.000000
vn -0.274715 -0.711405 -0.646865
vn -0.278407 -0.711222 -0.645487
vn -0.358551 -0.711239 -0.604632
vn -0.361898 -0.711425 -0.602416
vn -0.218868 -0.000000 -0.975754
vn -0.396457 -0.000000 -0.918053
vn -0.396464 -0.000000 -0.918050
vn -0.218876 -0.000000 -0.975753
vn -0.154159 -0.711239 -0.685839
vn -0.158027 -0.711425 -0.684765
vn -0.061376 -0.711405 -0.700097
vn -0.065313 -0.711222 -0.699927
vn 0.000000 -1.000000 0.000000
vn 0.000000 -1.000000 0.000000
vn 0.000000 -1.000000 0.000000
vn -0.461162 -0.711406 -0.530313
vn -0.464247 -0.711222 -0.527862
vn -0.527843 -0.711239 -0.464241
vn -0.530341 -0.711425 -0.461099
vn -0.509683 -0.000000 -0.860362
vn -0.660747 0.000000 -0.750608
vn -0.660753 0.000000 -0.750603
vn -0.509689 -0.000000 -0.860359
vn 0.000000 -1.000000 0.000000
vn 0.000000 -1.000000 0.000000
vn 0.000000 -1.000000 0.000000
vn -0.602467 -0.711405 -0.361851
vn -0.604643 -0.711222 -0.358566
vn -0.645467 -0.711239 -0.278407
vn -0.646872 -0.711425 -0.274647
vn -0.750603 0.000000 -0.660753
vn -0.860359 0.000000 -0.509689
vn -0.860363 0.000000 -0.509682
vn -0.750609 0.000000 -0.660747
vn 0.000000 -1.000000 0.000000
vn 0.000000 -1.000000 0.000000
vn 0.000000 -1.000000 0.000000
vn -0.684798 -0.711405 -0.157968
vn -0.685853 -0.711222 -0.154171
vn -0.699909 -0.711239 -0.065320
vn -0.700083 -0.711425 -0.061310
vn -0.918050 0.000000 -0.396464
vn -0.975752 0.000000 -0.218877
vn -0.975754 0.000000 -0.218870
vn -0.918053 0.000000 -0.396457
vn -0.000000 -1.000000 -0.000000
vn -0.000000 -1.000000 -0.000000
vn 0.000000 -1.000000 0.000000
vn -0.700097 -0.711405 0.061377
vn -0.699927 -0.711222 0.065314
vn -0.685838 -0.711239 0.154160
vn -0.684764 -0.711425 0.158028
vn -0.995632 -0.000000 -0.093367
vn -0.995632 0.000000 0.093359
vn -0.995632 0.000000 0.093367
vn -0.995632 -0.000000 -0.093359
vn -0.000000 -1.000000 -0.000000
vn -0.000000 -1.000000 -0.000000
vn 0.000000 -1.000000 0.000000
vn -0.646864 -0.711406 0.274715
vn -0.645486 -0.711222 0.278407
vn -0.604632 -0.711240 0.358551
vn -0.602416 -0.711425 0.361897
vn -0.975754 0.000000 0.218870
vn -0.918053 0.000000 0.396457
vn -0.918050 0.000000 0.396465
vn -0.975752 0.000000 0.218878
vn 0.000000 -1.000000 0.000000
vn 0.000000 -1.000000 0.000000
vn 0.000000 -1.000000 0.000000
vn -0.530313 -0.711405 0.461162
vn -0.527862 -0.711222 0.464247
vn -0.464241 -0.711239 0.527844
vn -0.461099 -0.711425 0.530342
vn -0.860363 0.000000 0.509682
vn -0.750608 0.000000 0.660747
vn -0.750603 0.000000 0.660753
vn -0.860359 0.000000 0.509689
vn 0.000000 -1.000000 0.000000
vn 0.000000 -1.000000 0.000000
vn -0.000000 -1.000000 -0.000000
vn -0.361851 -0.711405 0.602467
vn -0.358566 -0.711222 0.604643
vn -0.278407 -0.711239 0.645468
vn -0.274647 -0.711425 0.646872
vn -0.660753 -0.000000 0.750604
vn -0.509689 -0.000000 0.860359
vn -0.509682 -0.000000 0.860363
vn -0.660747 -0.000000 0.750609
vn 0.000000 -1.000000 0.000000
vn -0.000000 -1.000000 -0.000000
vn 0.000000 -1.000000 0.000000
vn -0.157968 -0.711405 0.684798
vn -0.154171 -0.711222 0.685853
vn -0.065321 -0.711239 0.699909
vn -0.061310 -0.711425 0.700083
vn -0.396464 0.000000 0.918050
vn -0.218877 0.000000 0.975752
vn -0.218870 0.000000 0.975754
vn -0.396457 0.000000 0.918053
vn -0.000000 -1.000000 -0.000000
vn 0.000001 -1.000000 0.000000
vn 0.000000 -1.000000 0.000000
vn 0.061377 -0.711405 0.700097
vn 0.065314 -0.711222 0.699927
vn 0.154160 -0.711239 0.685838
vn 0.158028 -0.711425 0.684764
vn -0.093367 0.000000 0.995632
vn 0.093359 -0.000000 0.995632
vn 0.093367 -0.000000 0.995632
vn -0.093359 0.000000 0.995632
vn 0.000000 -1.000000 0.000000
vn -0.000000 -1.000000 -0.000000
vn 0.000000 -1.000000 0.000000
vn 0.274715 -0.711406 0.646864
vn 0.278407 -0.711222 0.645486
vn 0.358551 -0.711240 0.604632
vn 0.361897 -0.711425 0.602416
vn 0.218870 -0.000000 0.975754
vn 0.396457 0.000000 0.918053
vn 0.396464 0.000000 0.918050
vn 0.218878 -0.000000 0.975752
vn 0.000000 -1.000000 0.000000
vn 0.000000 -1.000000 0.000000
vn 0.000000 -1.000000 0.000000
vn 0.461161 -0.711406 0.530313
vn 0.464246 -0.711222 0.527862
vn 0.527843 -0.711239 0.464241
vn 0.530341 -0.711425 0.461099
vn 0.509683 0.000000 0.860363
vn 0.660747 0.000000 0.750608
vn 0.660753 0.000000 0.750603
vn 0.509689 0.000000 0.860359
vn 0.000000 -1.000000 0.000000
vn 0.000000 -1.000000 0.000000
vn 0.000000 -1.000000 0.000000
vn 0.602467 -0.711406 0.361851
vn 0.604643 -0.711222 0.358566
vn 0.645467 -0.711239 0.278407
vn 0.646872 -0.711425 0.274647
vn 0.750604 -0.000000 0.660753
vn 0.860359 -0.000000 0.509689
vn 0.860363 -0.000000 0.509682
vn 0.750609 -0.000000 0.660747
vn 0.000000 -1.000000 0.000000
vn 0.000000 -1.000000 0.000000
vn 0.000000 -1.000000 0.000000
vn 0.684798 -0.711405 0.157968
vn 0.685853 -0.711222 0.154172
vn 0.699909 -0.711239 0.065320
vn 0.700083 -0.711425 0.061310
vn 0.918050 -0.000000 0.396464
vn 0.975752 0.000000 0.218877
vn 0.975754 0.000000 0.218870
vn 0.918053 -0.000000 0.396457
vn 0.000000 -1.000000 0.000000
vn 0.000000 -1.000000 0.000000
vn 0.000000 -1.000000 0.000000
vn 0.700096 -0.711406 -0.061378
vn 0.699926 -0.711222 -0.065314
vn 0.685838 -0.711239 -0.154160
vn 0.684764 -0.711425 -0.158028
vn 0.995632 -0.000000 0.093367
vn 0.995632 0.000000 -0.093359
vn 0.995632 0.000000 -0.093367
vn 0.995632 -0.000000 0.093359
vn 0.000000 -1.000000 0.000000
vn 0.000000 -1.000000 0.000000
vn 0.000000 -1.000000 0.000000
vn 0.646865 -0.711405 -0.274715
vn 0.645487 -0.711222 -0.278407
vn 0.604632 -0.711239 -0.358551
vn 0.602416 -0.711425 -0.361897
vn 0.975754 -0.000000 -0.218870
vn 0.918053 -0.000000 -0.396457
vn 0.918050 -0.000000 -0.396464
vn 0.975752 -0.000000 -0.218877
vn 0.000000 -1.000000 0.000000
vn 0.000000 -1.000000 0.000000
vn 0.000000 -1.000000 0.000000
vn 0.530313 -0.711405 -0.461162
vn 0.527862 -0.711222 -0.464247
vn 0.464241 -0.711239 -0.527844
vn 0.461099 -0.711425 -0.530342
vn 0.860363 0.000000 -0.509682
vn 0.750609 0.000000 -0.660747
vn 0.750603 0.000000 -0.660753
vn 0.860359 0.000000 -0.509689
vn 0.000000 -1.000000 0.000000
vn 0.000000 -1.000000 0.000000
vn 0.000000 -1.000000 0.000000
vn 0.361851 -0.711406 -0.602466
vn 0.358566 -0.711222 -0.604643
vn 0.278407 -0.711240 -0.645467
vn 0.274647 -0.711425 -0.646872
vn 0.660753 0.000000 -0.750604
vn 0.509689 0.000000 -0.860359
vn 0.509682 0.000000 -0.860363
vn 0.660747 0.000000 -0.750609
vn -0.000001 -1.000000 -0.000000
vn 0.000000 -1.000000 0.000000
vn 0.000000 -1.000000 0.000000
vn 0.157968 -0.711405 -0.684798
vn 0.154172 -0.711222 -0.685853
vn 0.065321 -0.711239 -0.699909
vn 0.061310 -0.711425 -0.700083
vn 0.396464 0.000000 -0.918050
vn 0.218878 -0.000000 -0.975752
vn 0.218870 -0.000000 -0.975754
vn 0.396457 0.000000 -0.918053
vn 0.000001 -1.000000 0.000000
vn 0.000000 -1.000000 0.000000
vn 0.093367 -0.000000 -0.995632
vn -0.093358 -0.000000 -0.995633
vn -0.093366 -0.000000 -0.995632
vn 0.093359 -0.000000 -0.995632
vn -0.000000 1.000000 -0.000000
vn -0.000000 1.000000 -0.000000
vn 0.000000 1.000000 0.000000
vn 0.000000 1.000000 0.000000
vn -0.157967 0.711405 -0.684798
vn -0.154170 0.711222 -0.685853
vn -0.065319 0.711239 -0.699909
vn -0.061309 0.711425 -0.700083
vn -0.278407 0.711239 -0.645468
vn -0.274647 0.711425 -0.646872
vn -0.361851 0.711406 -0.602467
vn -0.358566 0.711222 -0.604643
vn 0.000000 1.000000 0.000000
vn 0.000000 1.000000 0.000000
vn 0.000000 1.000000 0.000000
vn -0.464241 0.711239 -0.527843
vn -0.461099 0.711425 -0.530341
vn -0.530313 0.711405 -0.461162
vn -0.527862 0.711222 -0.464247
vn 0.000000 1.000000 0.000000
vn 0.000000 1.000000 0.000000
vn 0.000000 1.000000 0.000000
vn -0.604632 0.711239 -0.358550
vn -0.602416 0.711425 -0.361897
vn -0.646865 0.711405 -0.274715
vn -0.645487 0.711222 -0.278407
vn 0.000000 1.000000 0.000000
vn 0.000000 1.000000 0.000000
vn 0.000000 1.000000 0.000000
vn -0.685838 0.711239 -0.154160
vn -0.684764 0.711425 -0.158028
vn -0.700096 0.711406 -0.061378
vn -0.699927 0.711222 -0.065314
vn 0.000000 1.000000 0.000000
vn -0.000000 1.000000 -0.000000
vn 0.000000 1.000000 0.000000
vn -0.699908 0.711239 0.065320
vn -0.700082 0.711425 0.061310
vn -0.684798 0.711406 0.157968
vn -0.685853 0.711222 0.154172
vn 0.000000 1.000000 0.000000
vn 0.000000 1.000000 0.000000
vn 0.000000 1.000000 0.000000
vn -0.645468 0.711239 0.278407
vn -0.646872 0.711425 0.274647
vn -0.602467 0.711405 0.361851
vn -0.604643 0.711222 0.358566
vn 0.000000 1.000000 0.000000
vn 0.000000 1.000000 0.000000
vn 0.000000 1.000000 0.000000
vn -0.527843 0.711239 0.464241
vn -0.530341 0.711425 0.461099
vn -0.461161 0.711406 0.530313
vn -0.464247 0.711222 0.527862
vn 0.000000 1.000000 0.000000
vn 0.000000 1.000000 0.000000
vn 0.000000 1.000000 0.000000
vn -0.358551 0.711239 0.604632
vn -0.361897 0.711425 0.602416
vn -0.274716 0.711405 0.646865
vn -0.278407 0.711222 0.645487
vn 0.000000 1.000000 0.000000
vn 0.000000 1.000000 0.000000
vn 0.000000 1.000000 0.000000
vn -0.154160 0.711239 0.685838
vn -0.158028 0.711425 0.684764
vn -0.061377 0.711405 0.700096
vn -0.065314 0.711222 0.699927
vn 0.000000 1.000000 0.000000
vn 0.000000 1.000000 0.000000
vn 0.000000 1.000000 0.000000
vn 0.065320 0.711239 0.699909
vn 0.061310 0.711425 0.700083
vn 0.157968 0.711405 0.684798
vn 0.154171 0.711222 0.685853
vn 0.000000 1.000000 0.000000
vn -0.000000 1.000000 -0.000000
vn 0.000000 1.000000 0.000000
vn 0.278408 0.711239 0.645468
vn 0.274647 0.711425 0.646872
vn 0.361851 0.711405 0.602467
vn 0.358567 0.711222 0.604643
vn -0.000000 1.000000 -0.000000
vn 0.000000 1.000000 0.000000
vn 0.000000 1.000000 0.000000
vn 0.464241 0.711239 0.527844
vn 0.461099 0.711425 0.530341
vn 0.530313 0.711406 0.461162
vn 0.527861 0.711222 0.464247
vn 0.000000 1.000000 0.000000
vn 0.000000 1.000000 0.000000
vn 0.000000 1.000000 0.000000
vn 0.604632 0.711239 0.358550
vn 0.602416 0.711425 0.361897
vn 0.646865 0.711405 0.274715
vn 0.645487 0.711222 0.278407
vn -0.000000 1.000000 -0.000000
vn -0.000000 1.000000 -0.000000
vn 0.000000 1.000000 0.000000
vn 0.685838 0.711239 0.154160
vn 0.684764 0.711425 0.158028
vn 0.700096 0.711405 0.061378
vn 0.699927 0.711222 0.065314
vn 0.000000 1.000000 0.000000
vn 0.000000 1.000000 0.000000
vn 0.000000 1.000000 0.000000
vn 0.699908 0.711240 -0.065320
vn 0.700082 0.711425 -0.061310
vn 0.684798 0.711406 -0.157968
vn 0.685853 0.711222 -0.154172
vn 0.000000 1.000000 0.000000
vn 0.000000 1.000000 0.000000
vn 0.000000 1.000000 0.000000
vn 0.645468 0.711239 -0.278407
vn 0.646873 0.711425 -0.274647
vn 0.602467 0.711405 -0.361851
vn 0.604644 0.711222 -0.358566
vn 0.000000 1.000000 0.000000
vn 0.000000 1.000000 0.000000
vn 0.000000 1.000000 0.000000
vn 0.527844 0.711239 -0.464241
vn 0.530342 0.711425 -0.461099
vn 0.461162 0.711405 -0.530313
vn 0.464247 0.711222 -0.527862
vn 0.000000 1.000000 0.000000
vn -0.000000 1.000000 -0.000000
vn 0.000000 1.000000 0.000000
vn 0.358551 0.711239 -0.604632
vn 0.361897 0.711425 -0.602416
vn 0.274716 0.711405 -0.646864
vn 0.278408 0.711222 -0.645486
vn -0.000000 1.000000 -0.000000
vn -0.000000 1.000000 -0.000000
vn 0.000000 1.000000 0.000000
vn 0.154161 0.711239 -0.685838
vn 0.158029 0.711425 -0.684764
vn 0.061378 0.711405 -0.700096
vn 0.065315 0.711222 -0.699927
vn -0.000000 1.000000 -0.000000
vn 0.000000 1.000000 0.000000
s 1
g pCylinder1 flag1
usemtl initialShadingGroup
f 1/1/1 4/222/2 180/100/3 179/10/4
s 2
f 2/3/5 1/2/6 8/265/7 7/202/8
s 3
f 3/262/9 2/3/10 83/106/11 82/4/12
s 2
f 4/5/13 3/6/14 78/101/15 77/7/16
s 1
f 5/8/17 8/9/18 179/10/4 178/15/19
s 2
f 6/12/20 5/11/21 12/267/22 11/203/23
s 3
f 7/202/24 6/12/25 87/111/26 86/107/27
s 1
f 9/13/28 12/14/29 178/15/19 177/20/30
s 2
f 10/17/31 9/16/32 16/269/33 15/204/34
s 3
f 11/203/35 10/17/36 91/116/37 90/112/38
s 1
f 13/18/39 16/19/40 177/20/30 176/25/41
s 2
f 14/22/42 13/21/43 20/271/44 19/205/45
s 3
f 15/204/46 14/22/47 95/121/48 94/117/49
s 1
f 17/23/50 20/24/51 176/25/41 175/30/52
s 2
f 18/27/53 17/26/54 24/273/55 23/206/56
s 3
f 19/205/57 18/27/58 99/126/59 98/122/60
s 1
f 21/28/61 24/29/62 175/30/52 174/35/63
s 2
f 22/32/64 21/31/65 28/275/66 27/207/67
s 3
f 23/206/68 22/32/69 103/131/70 102/127/71
s 1
f 25/33/72 28/34/73 174/35/63 173/40/74
s 2
f 26/37/75 25/36/76 32/277/77 31/208/78
s 3
f 27/207/79 26/37/80 107/136/81 106/132/82
s 1
f 29/38/83 32/39/84 173/40/74 172/45/85
s 2
f 30/42/86 29/41/87 36/279/88 35/209/89
s 3
f 31/208/90 30/42/91 111/141/92 110/137/93
s 1
f 33/43/94 36/44/95 172/45/85 171/50/96
s 2
f 34/47/97 33/46/98 40/281/99 39/210/100
s 3
f 35/209/101 34/47/102 115/146/103 114/142/104
s 1
f 37/48/105 40/49/106 171/50/96 170/55/107
s 2
f 38/52/108 37/51/109 44/283/110 43/211/111
s 3
f 39/210/112 38/52/113 119/151/114 118/147/115
s 1
f 41/53/116 44/54/117 170/55/107 169/60/118
s 2
f 42/57/119 41/56/120 48/285/121 47/212/122
s 3
f 43/211/123 42/57/124 123/156/125 122/152/126
s 1
f 45/58/127 48/59/128 169/60/118 168/65/129
s 2
f 46/62/130 45/61/131 52/287/132 51/213/133
s 3
f 47/212/134 46/62/135 127/161/136 126/157/137
s 1
f 49/63/138 52/64/139 168/65/129 167/70/140
s 2
f 50/67/141 49/66/142 56/289/143 55/214/144
s 3
f 51/213/145 50/67/146 131/166/147 130/162/148
s 1
f 53/68/149 56/69/150 167/70/140 166/75/151
s 2
f 54/72/152 53/71/153 60/291/154 59/215/155
s 3
f 55/214/156 54/72/157 135/171/158 134/167/159
s 1
f 57/73/160 60/74/161 166/75/151 165/80/162
s 2
f 58/77/163 57/76/164 64/293/165 63/216/166
s 3
f 59/215/167 58/77/168 139/176/169 138/172/170
s 1
f 61/78/171 64/79/172 165/80/162 164/85/173
s 2
f 62/82/174 61/81/175 68/295/176 67/217/177
s 3
f 63/216/178 62/82/179 143/181/180 142/177/181
s 1
f 65/83/182 68/84/183 164/85/173 163/90/184
s 2
f 66/87/185 65/86/186 72/297/187 71/218/188
s 3
f 67/217/189 66/87/190 147/186/191 146/182/192
s 1
f 69/88/193 72/89/194 163/90/184 162/95/195
s 2
f 70/92/196 69/91/197 76/299/198 75/219/199
s 3
f 71/218/200 70/92/201 151/191/202 150/187/203
s 1
f 73/93/204 76/94/205 162/95/195 161/99/206
s 2
f 74/97/207 73/96/208 80/301/209 79/220/210
s 3
f 75/219/211 74/97/212 155/196/213 154/192/214
s 1
f 77/223/215 80/98/216 161/99/206 180/100/3
s 3
f 79/220/217 78/101/218 159/105/219 158/197/220
s 22
f 81/102/221 84/224/222 182/109/223 181/200/224
s 23
f 82/221/225 81/103/226 160/104/227 159/105/228
f 84/303/229 83/106/230 86/107/231 85/108/232
s 22
f 85/225/233 88/226/234 183/114/235 182/109/223
s 23
f 88/110/236 87/111/237 90/112/238 89/113/239
s 22
f 89/227/240 92/228/241 184/119/242 183/114/235
s 23
f 92/115/243 91/116/244 94/117/245 93/118/246
s 22
f 93/229/247 96/230/248 185/124/249 184/119/242
s 23
f 96/120/250 95/121/251 98/122/252 97/123/253
s 22
f 97/231/254 100/232/255 186/129/256 185/124/249
s 23
f 100/125/257 99/126/258 102/127/259 101/128/260
s 22
f 101/233/261 104/234/262 187/134/263 186/129/256
s 23
f 104/130/264 103/131/265 106/132/266 105/133/267
s 22
f 105/235/268 108/236/269 188/139/270 187/134/263
s 23
f 108/135/271 107/136/272 110/137/273 109/138/274
s 22
f 109/237/275 112/238/276 189/144/277 188/139/270
s 23
f 112/140/278 111/141/279 114/142/280 113/143/281
s 22
f 113/239/282 116/240/283 190/149/284 189/144/277
s 23
f 116/145/285 115/146/286 118/147/287 117/148/288
s 22
f 117/241/289 120/242/290 191/154/291 190/149/284
s 23
f 120/150/292 119/151/293 122/152/294 121/153/295
s 22
f 121/243/296 124/244/297 192/159/298 191/154/291
s 23
f 124/155/299 123/156/300 126/157/301 125/158/302
s 22
f 125/245/303 128/246/304 193/164/305 192/159/298
s 23
f 128/160/306 127/161/307 130/162/308 129/163/309
s 22
f 129/247/310 132/248/311 194/169/312 193/164/305
s 23
f 132/165/313 131/166/314 134/167/315 133/168/316
s 22
f 133/249/317 136/250/318 195/174/319 194/169/312
s 23
f 136/170/320 135/171/321 138/172/322 137/173/323
s 22
f 137/251/324 140/252/325 196/179/326 195/174/319
s 23
f 140/175/327 139/176/328 142/177/329 141/178/330
s 22
f 141/253/331 144/254/332 197/184/333 196/179/326
s 23
f 144/180/334 143/181/335 146/182/336 145/183/337
s 22
f 145/255/338 148/256/339 198/189/340 197/184/333
s 23
f 148/185/341 147/186/342 150/187/343 149/188/344
s 22
f 149/257/345 152/258/346 199/194/347 198/189/340
s 23
f 152/190/348 151/191/349 154/192/350 153/193/351
s 22
f 153/259/352 156/260/353 200/201/354 199/194/347
s 23
f 156/195/355 155/196/356 158/197/357 157/198/358
s 22
f 157/261/359 160/199/360 181/200/224 200/201/354
s 3
f 2/3/10 7/202/24 86/107/27 83/106/11
f 6/12/25 11/203/35 90/112/38 87/111/26
f 10/17/36 15/204/46 94/117/49 91/116/37
f 14/22/47 19/205/57 98/122/60 95/121/48
f 18/27/58 23/206/68 102/127/71 99/126/59
f 22/32/69 27/207/79 106/132/82 103/131/70
f 26/37/80 31/208/90 110/137/93 107/136/81
f 30/42/91 35/209/101 114/142/104 111/141/92
f 34/47/102 39/210/112 118/147/115 115/146/103
f 38/52/113 43/211/123 122/152/126 119/151/114
f 42/57/124 47/212/134 126/157/137 123/156/125
f 46/62/135 51/213/145 130/162/148 127/161/136
f 50/67/146 55/214/156 134/167/159 131/166/147
f 54/72/157 59/215/167 138/172/170 135/171/158
f 58/77/168 63/216/178 142/177/181 139/176/169
f 62/82/179 67/217/189 146/182/192 143/181/180
f 66/87/190 71/218/200 150/187/203 147/186/191
f 70/92/201 75/219/211 154/192/214 151/191/202
f 74/97/212 79/220/217 158/197/220 155/196/213
f 78/101/218 3/6/9 82/221/12 159/105/219
s 1
f 8/9/18 1/1/1 179/10/4
f 12/14/29 5/8/17 178/15/19
f 16/19/40 9/13/28 177/20/30
f 20/24/51 13/18/39 176/25/41
f 24/29/62 17/23/50 175/30/52
f 28/34/73 21/28/61 174/35/63
f 32/39/84 25/33/72 173/40/74
f 36/44/95 29/38/83 172/45/85
f 40/49/106 33/43/94 171/50/96
f 44/54/117 37/48/105 170/55/107
f 48/59/128 41/53/116 169/60/118
f 52/64/139 45/58/127 168/65/129
f 56/69/150 49/63/138 167/70/140
f 60/74/161 53/68/149 166/75/151
f 64/79/172 57/73/160 165/80/162
f 68/84/183 61/78/171 164/85/173
f 72/89/194 65/83/182 163/90/184
f 76/94/205 69/88/193 162/95/195
f 80/98/216 73/93/204 161/99/206
f 4/222/2 77/223/215 180/100/3
s 22
f 84/224/222 85/225/233 182/109/223
f 88/226/234 89/227/240 183/114/235
f 92/228/241 93/229/247 184/119/242
f 96/230/248 97/231/254 185/124/249
f 100/232/255 101/233/261 186/129/256
f 104/234/262 105/235/268 187/134/263
f 108/236/269 109/237/275 188/139/270
f 112/238/276 113/239/282 189/144/277
f 116/240/283 117/241/289 190/149/284
f 120/242/290 121/243/296 191/154/291
f 124/244/297 125/245/303 192/159/298
f 128/246/304 129/247/310 193/164/305
f 132/248/311 133/249/317 194/169/312
f 136/250/318 137/251/324 195/174/319
f 140/252/325 141/253/331 196/179/326
f 144/254/332 145/255/338 197/184/333
f 148/256/339 149/257/345 198/189/340
f 152/258/346 153/259/352 199/194/347
f 156/260/353 157/261/359 200/201/354
f 160/199/360 81/102/221 181/200/224
s 2
f 1/2/6 2/3/5 3/262/14 4/263/13
f 5/264/21 6/12/20 7/202/8 8/265/7
f 9/266/32 10/17/31 11/203/23 12/267/22
f 13/268/43 14/22/42 15/204/34 16/269/33
f 17/270/54 18/27/53 19/205/45 20/271/44
f 21/272/65 22/32/64 23/206/56 24/273/55
f 25/274/76 26/37/75 27/207/67 28/275/66
f 29/276/87 30/42/86 31/208/78 32/277/77
f 33/278/98 34/47/97 35/209/89 36/279/88
f 37/280/109 38/52/108 39/210/100 40/281/99
f 41/282/120 42/57/119 43/211/111 44/283/110
f 45/284/131 46/62/130 47/212/122 48/285/121
f 49/286/142 50/67/141 51/213/133 52/287/132
f 53/288/153 54/72/152 55/214/144 56/289/143
f 57/290/164 58/77/163 59/215/155 60/291/154
f 61/292/175 62/82/174 63/216/166 64/293/165
f 65/294/186 66/87/185 67/217/177 68/295/176
f 69/296/197 70/92/196 71/218/188 72/297/187
f 73/298/208 74/97/207 75/219/199 76/299/198
f 77/300/16 78/101/15 79/220/210 80/301/209
s 23
f 81/302/226 82/4/225 83/106/230 84/303/229
f 85/108/232 86/107/231 87/111/237 88/304/236
f 89/113/239 90/112/238 91/116/244 92/305/243
f 93/118/246 94/117/245 95/121/251 96/306/250
f 97/123/253 98/122/252 99/126/258 100/307/257
f 101/128/260 102/127/259 103/131/265 104/308/264
f 105/133/267 106/132/266 107/136/272 108/309/271
f 109/138/274 110/137/273 111/141/279 112/310/278
f 113/143/281 114/142/280 115/146/286 116/311/285
f 117/148/288 118/147/287 119/151/293 120/312/292
f 121/153/295 122/152/294 123/156/300 124/313/299
f 125/158/302 126/157/301 127/161/307 128/314/306
f 129/163/309 130/162/308 131/166/314 132/315/313
f 133/168/316 134/167/315 135/171/321 136/316/320
f 137/173/323 138/172/322 139/176/328 140/317/327
f 141/178/330 142/177/329 143/181/335 144/318/334
f 145/183/337 146/182/336 147/186/342 148/319/341
f 149/188/344 150/187/343 151/191/349 152/320/348
f 153/193/351 154/192/350 155/196/356 156/321/355
f 157/198/358 158/197/357 159/105/228 160/322/227
s 1
f 161/99/206 162/95/195 163/90/184 164/85/173 165/80/162 166/75/151 167/70/140 168/65/129 169/60/118 170/55/107 171/50/96 172/45/85 173/40/74 174/35/63 175/30/52 176/25/41 177/20/30 178/15/19 179/10/4 180/100/3
s 22
f 181/200/224 182/109/223 183/114/235 184/119/242 185/124/249 186/129/256 187/134/263 188/139/270 189/144/277 190/149/284 191/154/291 192/159/298 193/164/305 194/169/312 195/174/319 196/179/326 197/184/333 198/189/340 199/194/347 200/201/354
g default
v -9.680484 5.279360 -38.207547
v -9.687107 5.305509 -38.228105
v -9.655089 5.305479 -38.238518
v -9.648343 5.279360 -38.217990
v -9.774082 5.279360 -38.153923
v -9.786733 5.305509 -38.171429
v -9.759500 5.305479 -38.191226
v -9.746741 5.279360 -38.173787
v -9.846528 5.279360 -38.074000
v -9.863970 5.305509 -38.086740
v -9.844187 5.305479 -38.113983
v -9.826664 5.279360 -38.101341
v -9.890731 5.279360 -37.975602
v -9.911256 5.305509 -37.982328
v -9.900860 5.305479 -38.014351
v -9.880288 5.279360 -38.007743
v -9.902364 5.279360 -37.868361
v -9.923963 5.305509 -37.868415
v -9.923971 5.305479 -37.902083
v -9.902364 5.279360 -37.902156
v -9.880288 5.279360 -37.762773
v -9.900846 5.305509 -37.756150
v -9.911259 5.305479 -37.788168
v -9.890731 5.279360 -37.794914
v -9.826664 5.279360 -37.669175
v -9.844169 5.305509 -37.656524
v -9.863966 5.305479 -37.683757
v -9.846528 5.279360 -37.696516
v -9.746741 5.279360 -37.596729
v -9.759481 5.305509 -37.579287
v -9.786724 5.305479 -37.599070
v -9.774082 5.279360 -37.616594
v -9.648343 5.279360 -37.552526
v -9.655069 5.305509 -37.532002
v -9.687092 5.305479 -37.542397
v -9.680484 5.279360 -37.562970
v -9.541102 5.279360 -37.540894
v -9.541156 5.305509 -37.519295
v -9.574824 5.305479 -37.519286
v -9.574897 5.279360 -37.540894
v -9.435514 5.279360 -37.562970
v -9.428891 5.305509 -37.542411
v -9.460909 5.305479 -37.531999
v -9.467655 5.279360 -37.552526
v -9.341916 5.279360 -37.616594
v -9.329265 5.305509 -37.599088
v -9.356498 5.305479 -37.579291
v -9.369257 5.279360 -37.596729
v -9.269470 5.279360 -37.696516
v -9.252028 5.305509 -37.683777
v -9.271811 5.305479 -37.656533
v -9.289334 5.279360 -37.669175
v -9.225267 5.279360 -37.794914
v -9.204743 5.305509 -37.788188
v -9.215138 5.305479 -37.756165
v -9.235711 5.279360 -37.762773
v -9.213635 5.279360 -37.902156
v -9.192036 5.305509 -37.902101
v -9.192027 5.305479 -37.868433
v -9.213635 5.279360 -37.868361
v -9.235711 5.279360 -38.007743
v -9.215152 5.305509 -38.014366
v -9.204740 5.305479 -37.982348
v -9.225267 5.279360 -37.975602
v -9.289335 5.279360 -38.101341
v -9.271829 5.305509 -38.113992
v -9.252032 5.305479 -38.086759
v -9.269470 5.279360 -38.074000
v -9.369257 5.279360 -38.173787
v -9.356518 5.305509 -38.191229
v -9.329274 5.305479 -38.171446
v -9.341916 5.279360 -38.153923
v -9.467655 5.279360 -38.217990
v -9.460929 5.305509 -38.238515
v -9.428906 5.305479 -38.228119
v -9.435514 5.279360 -38.207547
v -9.574897 5.279360 -38.229623
v -9.574842 5.305509 -38.251221
v -9.541174 5.305479 -38.251230
v -9.541102 5.279360 -38.229623
v -9.615489 5.804836 -38.116856
v -9.623735 5.783588 -38.142088
v -9.655764 5.783608 -38.131679
v -9.647619 5.804836 -38.106417
v -9.684243 5.804836 -38.087756
v -9.699882 5.783588 -38.109204
v -9.727127 5.783608 -38.089407
v -9.711574 5.804836 -38.067899
v -9.740640 5.804836 -38.038833
v -9.762141 5.783588 -38.054399
v -9.781935 5.783608 -38.027152
v -9.760497 5.804836 -38.011502
v -9.779158 5.804836 -37.974878
v -9.804417 5.783588 -37.983038
v -9.814822 5.783608 -37.951007
v -9.789597 5.804836 -37.942748
v -9.796027 5.804836 -37.902149
v -9.822572 5.783588 -37.902105
v -9.822570 5.783608 -37.868427
v -9.796027 5.804836 -37.868367
v -9.789597 5.804836 -37.827768
v -9.814829 5.783588 -37.819523
v -9.804420 5.783608 -37.787494
v -9.779158 5.804836 -37.795639
v -9.760497 5.804836 -37.759014
v -9.781945 5.783588 -37.743375
v -9.762148 5.783608 -37.716130
v -9.740640 5.804836 -37.731683
v -9.711574 5.804836 -37.702618
v -9.727140 5.783588 -37.681116
v -9.699893 5.783608 -37.661322
v -9.684243 5.804836 -37.682761
v -9.647618 5.804836 -37.664100
v -9.655779 5.783588 -37.638840
v -9.623748 5.783608 -37.628435
v -9.615489 5.804836 -37.653660
v -9.574890 5.804836 -37.647230
v -9.574846 5.783588 -37.620686
v -9.541168 5.783608 -37.620687
v -9.541108 5.804836 -37.647230
v -9.500509 5.804836 -37.653660
v -9.492264 5.783588 -37.628429
v -9.460235 5.783608 -37.638837
v -9.468380 5.804836 -37.664100
v -9.431755 5.804836 -37.682761
v -9.416116 5.783588 -37.661312
v -9.388871 5.783608 -37.681109
v -9.404424 5.804836 -37.702618
v -9.375359 5.804836 -37.731683
v -9.353857 5.783588 -37.716117
v -9.334063 5.783608 -37.743364
v -9.355502 5.804836 -37.759014
v -9.336841 5.804836 -37.795639
v -9.311581 5.783588 -37.787479
v -9.301176 5.783608 -37.819509
v -9.326401 5.804836 -37.827768
v -9.319971 5.804836 -37.868367
v -9.293427 5.783588 -37.868412
v -9.293428 5.783608 -37.902090
v -9.319971 5.804836 -37.902149
v -9.326401 5.804836 -37.942748
v -9.301170 5.783588 -37.950994
v -9.311578 5.783608 -37.983023
v -9.336841 5.804836 -37.974877
v -9.355502 5.804836 -38.011502
v -9.334053 5.783588 -38.027141
v -9.353850 5.783608 -38.054386
v -9.375359 5.804836 -38.038833
v -9.404424 5.804836 -38.067899
v -9.388858 5.783588 -38.089400
v -9.416105 5.783608 -38.109194
v -9.431755 5.804836 -38.087755
v -9.468380 5.804836 -38.106417
v -9.460220 5.783588 -38.131676
v -9.492250 5.783608 -38.142081
v -9.500509 5.804836 -38.116856
v -9.541108 5.804836 -38.123286
v -9.541153 5.783588 -38.149831
v -9.574831 5.783608 -38.149829
v -9.574890 5.804836 -38.123286
v -9.541138 5.279360 -37.991717
v -9.509065 5.279360 -37.981296
v -9.481783 5.279360 -37.961474
v -9.461961 5.279360 -37.934192
v -9.451540 5.279360 -37.902120
v -9.451540 5.279360 -37.868397
v -9.461961 5.279360 -37.836324
v -9.481783 5.279360 -37.809042
v -9.509065 5.279360 -37.789220
v -9.541138 5.279360 -37.778799
v -9.574861 5.279360 -37.778799
v -9.606933 5.279360 -37.789220
v -9.634215 5.279360 -37.809042
v -9.654037 5.279360 -37.836324
v -9.664458 5.279360 -37.868397
v -9.664458 5.279360 -37.902120
v -9.654037 5.279360 -37.934192
v -9.634215 5.279360 -37.961474
v -9.606933 5.279360 -37.981296
v -9.574861 5.279360 -37.991717
v -9.574861 5.804836 -37.991717
v -9.606933 5.804836 -37.981296
v -9.634215 5.804836 -37.961474
v -9.654037 5.804836 -37.934192
v -9.664458 5.804836 -37.902120
v -9.664458 5.804836 -37.868397
v -9.654037 5.804836 -37.836324
v -9.634215 5.804836 -37.809042
v -9.606933 5.804836 -37.789220
v -9.574861 5.804836 -37.778799
v -9.541138 5.804836 -37.778799
v -9.509065 5.804836 -37.789220
v -9.481783 5.804836 -37.809042
v -9.461961 5.804836 -37.836324
v -9.451540 5.804836 -37.868397
v -9.451540 5.804836 -37.902120
v -9.461961 5.804836 -37.934192
v -9.481783 5.804836 -37.961474
v -9.509065 5.804836 -37.981296
v -9.541138 5.804836 -37.991717
vt 0.634583 0.104649
vt 0.377261 0.316348
vt 0.376821 0.331208
vt 0.375383 0.676909
vt 0.622701 0.316347
vt 0.622996 0.331187
vt 0.614761 0.316348
vt 0.612190 0.065564
vt 0.620485 0.076981
vt 0.540104 0.131389
vt 0.389761 0.316347
vt 0.389321 0.331208
vt 0.578816 0.035312
vt 0.590233 0.043607
vt 0.531827 0.119996
vt 0.402261 0.316347
vt 0.401821 0.331208
vt 0.537726 0.016853
vt 0.551148 0.021214
vt 0.520434 0.111719
vt 0.414761 0.316347
vt 0.414321 0.331208
vt 0.492944 0.011996
vt 0.507056 0.011996
vt 0.507041 0.107367
vt 0.427261 0.316347
vt 0.426821 0.331207
vt 0.448852 0.021214
vt 0.462274 0.016853
vt 0.492959 0.107367
vt 0.439761 0.316347
vt 0.439321 0.331208
vt 0.409767 0.043607
vt 0.421184 0.035312
vt 0.479566 0.111719
vt 0.452261 0.316347
vt 0.451821 0.331207
vt 0.379515 0.076981
vt 0.387810 0.065564
vt 0.468173 0.119996
vt 0.464761 0.316347
vt 0.464321 0.331207
vt 0.361057 0.118071
vt 0.365418 0.104649
vt 0.459896 0.131389
vt 0.477261 0.316347
vt 0.476821 0.331208
vt 0.356199 0.162853
vt 0.356199 0.148741
vt 0.455545 0.144782
vt 0.489761 0.316347
vt 0.489321 0.331208
vt 0.365417 0.206945
vt 0.361057 0.193523
vt 0.455545 0.158864
vt 0.502261 0.316347
vt 0.501821 0.331208
vt 0.387810 0.246030
vt 0.379515 0.234612
vt 0.459896 0.172257
vt 0.514761 0.316347
vt 0.514321 0.331208
vt 0.421184 0.276282
vt 0.409767 0.267987
vt 0.468173 0.183649
vt 0.527261 0.316347
vt 0.526821 0.331208
vt 0.462274 0.294740
vt 0.448852 0.290379
vt 0.479566 0.191927
vt 0.539761 0.316347
vt 0.539321 0.331208
vt 0.507056 0.299598
vt 0.492944 0.299598
vt 0.492959 0.196278
vt 0.552261 0.316347
vt 0.551821 0.331207
vt 0.551148 0.290379
vt 0.537726 0.294740
vt 0.507041 0.196278
vt 0.564761 0.316347
vt 0.564321 0.331208
vt 0.590233 0.267987
vt 0.578816 0.276282
vt 0.520434 0.191927
vt 0.577261 0.316347
vt 0.576821 0.331208
vt 0.620485 0.234612
vt 0.612190 0.246029
vt 0.531827 0.183649
vt 0.589761 0.316347
vt 0.589321 0.331208
vt 0.638944 0.193523
vt 0.634583 0.206945
vt 0.540104 0.172257
vt 0.602261 0.316347
vt 0.601821 0.331208
vt 0.643801 0.162853
vt 0.544456 0.158864
vt 0.544455 0.144782
vt 0.614321 0.331208
vt 0.637732 0.877416
vt 0.621923 0.688440
vt 0.615724 0.688440
vt 0.614877 0.673256
vt 0.377377 0.673256
vt 0.384906 0.673241
vt 0.384423 0.688440
vt 0.557114 0.869197
vt 0.390724 0.688440
vt 0.389877 0.673256
vt 0.397406 0.673241
vt 0.396923 0.688440
vt 0.545326 0.885422
vt 0.403224 0.688440
vt 0.402377 0.673256
vt 0.409906 0.673241
vt 0.409423 0.688440
vt 0.529101 0.897210
vt 0.415724 0.688440
vt 0.414877 0.673256
vt 0.422406 0.673241
vt 0.421923 0.688440
vt 0.510028 0.903407
vt 0.428224 0.688440
vt 0.427377 0.673256
vt 0.434906 0.673241
vt 0.434423 0.688440
vt 0.489972 0.903407
vt 0.440724 0.688440
vt 0.439877 0.673256
vt 0.447406 0.673241
vt 0.446923 0.688440
vt 0.470899 0.897210
vt 0.453224 0.688440
vt 0.452377 0.673256
vt 0.459906 0.673241
vt 0.459423 0.688440
vt 0.454674 0.885422
vt 0.465724 0.688440
vt 0.464877 0.673256
vt 0.472406 0.673241
vt 0.471923 0.688440
vt 0.442886 0.869197
vt 0.478224 0.688440
vt 0.477377 0.673256
vt 0.484906 0.673241
vt 0.484423 0.688440
vt 0.436689 0.850124
vt 0.490724 0.688440
vt 0.489877 0.673256
vt 0.497406 0.673241
vt 0.496923 0.688440
vt 0.436689 0.830068
vt 0.503224 0.688440
vt 0.502377 0.673256
vt 0.509906 0.673241
vt 0.509423 0.688440
vt 0.442886 0.810995
vt 0.515724 0.688440
vt 0.514877 0.673256
vt 0.522406 0.673241
vt 0.521923 0.688440
vt 0.454674 0.794770
vt 0.528224 0.688440
vt 0.527377 0.673256
vt 0.534906 0.673241
vt 0.534423 0.688440
vt 0.470899 0.782982
vt 0.540724 0.688440
vt 0.539877 0.673256
vt 0.547406 0.673241
vt 0.546923 0.688440
vt 0.489972 0.776785
vt 0.553224 0.688440
vt 0.552377 0.673256
vt 0.559906 0.673241
vt 0.559423 0.688440
vt 0.510028 0.776785
vt 0.565724 0.688440
vt 0.564877 0.673256
vt 0.572406 0.673241
vt 0.571923 0.688440
vt 0.529101 0.782982
vt 0.578224 0.688440
vt 0.577377 0.673256
vt 0.584906 0.673241
vt 0.584423 0.688440
vt 0.545326 0.794770
vt 0.590724 0.688440
vt 0.589877 0.673256
vt 0.597406 0.673241
vt 0.596923 0.688440
vt 0.557114 0.810995
vt 0.603224 0.688440
vt 0.602377 0.673256
vt 0.609906 0.673241
vt 0.609423 0.688440
vt 0.641556 0.853271
vt 0.563311 0.850124
vt 0.563311 0.830068
vt 0.385496 0.331187
vt 0.397996 0.331186
vt 0.410496 0.331186
vt 0.422996 0.331186
vt 0.435496 0.331186
vt 0.447996 0.331186
vt 0.460496 0.331186
vt 0.472996 0.331186
vt 0.485496 0.331186
vt 0.497996 0.331186
vt 0.510496 0.331186
vt 0.522996 0.331186
vt 0.535496 0.331186
vt 0.547996 0.331186
vt 0.560496 0.331186
vt 0.572996 0.331186
vt 0.585496 0.331186
vt 0.597996 0.331186
vt 0.610496 0.331186
vt 0.622406 0.673241
vt 0.638943 0.118071
vt 0.643801 0.148741
vt 0.631524 0.896523
vt 0.620426 0.918304
vt 0.608617 0.934557
vt 0.591331 0.951843
vt 0.575078 0.963652
vt 0.553297 0.974750
vt 0.534190 0.980958
vt 0.510045 0.984782
vt 0.489955 0.984782
vt 0.465810 0.980958
vt 0.446703 0.974750
vt 0.424922 0.963652
vt 0.408668 0.951843
vt 0.391383 0.934557
vt 0.379574 0.918304
vt 0.368476 0.896523
vt 0.362268 0.877416
vt 0.358444 0.853271
vt 0.358444 0.833181
vt 0.362268 0.809036
vt 0.368476 0.789929
vt 0.379574 0.768148
vt 0.391383 0.751894
vt 0.408668 0.734609
vt 0.424922 0.722800
vt 0.446703 0.711702
vt 0.465810 0.705494
vt 0.489955 0.701670
vt 0.510045 0.701670
vt 0.534190 0.705494
vt 0.553297 0.711702
vt 0.575078 0.722800
vt 0.591332 0.734609
vt 0.608617 0.751894
vt 0.620426 0.768148
vt 0.631524 0.789929
vt 0.637732 0.809036
vt 0.641556 0.833181
vt 0.375000 0.329575
vt 0.375000 0.316672
vt 0.387362 0.316639
vt 0.385201 0.316348
vt 0.399862 0.316638
vt 0.397701 0.316347
vt 0.412362 0.316638
vt 0.410201 0.316347
vt 0.424862 0.316638
vt 0.422701 0.316347
vt 0.437362 0.316638
vt 0.435201 0.316347
vt 0.449862 0.316638
vt 0.447701 0.316347
vt 0.462362 0.316638
vt 0.460201 0.316347
vt 0.474862 0.316638
vt 0.472701 0.316347
vt 0.487362 0.316638
vt 0.485201 0.316347
vt 0.499862 0.316638
vt 0.497701 0.316347
vt 0.512362 0.316638
vt 0.510201 0.316347
vt 0.524862 0.316638
vt 0.522701 0.316347
vt 0.537362 0.316638
vt 0.535201 0.316347
vt 0.549862 0.316638
vt 0.547701 0.316347
vt 0.562362 0.316638
vt 0.560201 0.316347
vt 0.574862 0.316638
vt 0.572701 0.316347
vt 0.587362 0.316638
vt 0.585201 0.316347
vt 0.599862 0.316638
vt 0.597701 0.316347
vt 0.612362 0.316638
vt 0.610201 0.316347
vt 0.375000 0.688440
vt 0.378224 0.688440
vt 0.387500 0.688440
vt 0.400000 0.688440
vt 0.412500 0.688440
vt 0.425000 0.688440
vt 0.437500 0.688440
vt 0.450000 0.688440
vt 0.462500 0.688440
vt 0.475000 0.688440
vt 0.487500 0.688440
vt 0.500000 0.688440
vt 0.512500 0.688440
vt 0.525000 0.688440
vt 0.537500 0.688440
vt 0.550000 0.688440
vt 0.562500 0.688440
vt 0.575000 0.688440
vt 0.587500 0.688440
vt 0.600000 0.688440
vt 0.612500 0.688440
vn 0.000000 -1.000000 0.000000
vn 0.000000 -1.000000 0.000000
vn -0.000000 -1.000000 -0.000000
vn 0.000000 -1.000000 0.000000
vn -0.316147 -0.634818 -0.705022
vn -0.319263 -0.634633 -0.703785
vn -0.381701 -0.634648 -0.671957
vn -0.384599 -0.634838 -0.670123
vn -0.205083 0.206411 -0.956731
vn -0.396420 0.206412 -0.894564
vn -0.397741 0.206382 -0.893985
vn -0.203701 0.206382 -0.957033
vn -0.155372 -0.634648 -0.757022
vn -0.158694 -0.634837 -0.756173
vn -0.082809 -0.634818 -0.768212
vn -0.086154 -0.634632 -0.767998
vn 0.000000 -1.000000 0.000000
vn 0.000000 -1.000000 0.000000
vn -0.000000 -1.000000 -0.000000
vn -0.518538 -0.634818 -0.572822
vn -0.521118 -0.634632 -0.570682
vn -0.570665 -0.634648 -0.521118
vn -0.572854 -0.634837 -0.518479
vn -0.490694 0.206411 -0.846531
vn -0.653454 0.206412 -0.728280
vn -0.654531 0.206381 -0.727321
vn -0.489472 0.206382 -0.847245
vn -0.000000 -1.000000 -0.000000
vn 0.000000 -1.000000 0.000000
vn -0.000000 -1.000000 -0.000000
vn -0.670171 -0.634818 -0.384549
vn -0.671963 -0.634632 -0.381716
vn -0.703769 -0.634648 -0.319267
vn -0.705035 -0.634838 -0.316080
vn -0.728270 0.206411 -0.653466
vn -0.846523 0.206412 -0.490707
vn -0.847250 0.206382 -0.489463
vn -0.727328 0.206381 -0.654523
vn 0.000000 -1.000000 0.000000
vn -0.000000 -1.000000 -0.000000
vn -0.000000 -1.000000 -0.000000
vn -0.756203 -0.634817 -0.158634
vn -0.757032 -0.634632 -0.155386
vn -0.767983 -0.634647 -0.086164
vn -0.768203 -0.634837 -0.082742
vn -0.894558 0.206411 -0.396435
vn -0.956728 0.206412 -0.205101
vn -0.957035 0.206381 -0.203692
vn -0.893989 0.206381 -0.397731
vn 0.000000 -1.000000 0.000000
vn 0.000000 -1.000000 0.000000
vn -0.000000 -1.000000 -0.000000
vn -0.768212 -0.634818 0.082809
vn -0.767997 -0.634632 0.086155
vn -0.757021 -0.634648 0.155373
vn -0.756173 -0.634837 0.158695
vn -0.973280 0.206411 -0.100599
vn -0.973282 0.206412 0.100582
vn -0.973139 0.206382 0.102017
vn -0.973140 0.206382 -0.102007
vn -0.000000 -1.000000 -0.000000
vn -0.000000 -1.000000 -0.000000
vn -0.000000 -1.000000 -0.000000
vn -0.705022 -0.634818 0.316148
vn -0.703785 -0.634632 0.319263
vn -0.671957 -0.634648 0.381701
vn -0.670124 -0.634837 0.384599
vn -0.956731 0.206411 0.205084
vn -0.894564 0.206412 0.396421
vn -0.893985 0.206382 0.397741
vn -0.957033 0.206382 0.203701
vn -0.000000 -1.000000 -0.000000
vn -0.000000 -1.000000 -0.000000
vn -0.000000 -1.000000 -0.000000
vn -0.572822 -0.634817 0.518539
vn -0.570682 -0.634631 0.521119
vn -0.521118 -0.634647 0.570666
vn -0.518478 -0.634837 0.572855
vn -0.846530 0.206411 0.490694
vn -0.728280 0.206412 0.653454
vn -0.727322 0.206381 0.654531
vn -0.847245 0.206381 0.489472
vn 0.000000 -1.000000 0.000000
vn 0.000000 -1.000000 0.000000
vn -0.000000 -1.000000 -0.000000
vn -0.384549 -0.634818 0.670171
vn -0.381716 -0.634632 0.671964
vn -0.319267 -0.634648 0.703769
vn -0.316080 -0.634837 0.705035
vn -0.653466 0.206411 0.728270
vn -0.490707 0.206412 0.846523
vn -0.489463 0.206382 0.847250
vn -0.654523 0.206381 0.727329
vn 0.000000 -1.000000 0.000000
vn 0.000000 -1.000000 0.000000
vn -0.000000 -1.000000 -0.000000
vn -0.158634 -0.634817 0.756203
vn -0.155386 -0.634631 0.757033
vn -0.086165 -0.634647 0.767984
vn -0.082743 -0.634836 0.768203
vn -0.396435 0.206411 0.894558
vn -0.205101 0.206412 0.956728
vn -0.203692 0.206381 0.957035
vn -0.397731 0.206381 0.893989
vn 0.000000 -1.000000 0.000000
vn 0.000000 -1.000000 0.000000
vn -0.000000 -1.000000 -0.000000
vn 0.082810 -0.634817 0.768212
vn 0.086155 -0.634632 0.767997
vn 0.155373 -0.634648 0.757021
vn 0.158695 -0.634837 0.756173
vn -0.100599 0.206411 0.973280
vn 0.100583 0.206412 0.973282
vn 0.102017 0.206381 0.973139
vn -0.102007 0.206381 0.973140
vn 0.000000 -1.000000 0.000000
vn 0.000000 -1.000000 0.000000
vn -0.000000 -1.000000 -0.000000
vn 0.316147 -0.634817 0.705023
vn 0.319263 -0.634631 0.703786
vn 0.381701 -0.634647 0.671958
vn 0.384599 -0.634837 0.670124
vn 0.205085 0.206411 0.956731
vn 0.396421 0.206412 0.894564
vn 0.397741 0.206381 0.893985
vn 0.203702 0.206381 0.957033
vn 0.000000 -1.000000 0.000000
vn 0.000000 -1.000000 0.000000
vn 0.000000 -1.000000 0.000000
vn 0.518538 -0.634817 0.572822
vn 0.521119 -0.634631 0.570683
vn 0.570665 -0.634647 0.521118
vn 0.572855 -0.634837 0.518479
vn 0.490694 0.206411 0.846531
vn 0.653454 0.206412 0.728280
vn 0.654530 0.206381 0.727322
vn 0.489472 0.206381 0.847245
vn 0.000000 -1.000000 0.000000
vn 0.000000 -1.000000 0.000000
vn 0.000000 -1.000000 0.000000
vn 0.670171 -0.634817 0.384549
vn 0.671964 -0.634632 0.381717
vn 0.703769 -0.634648 0.319267
vn 0.705036 -0.634837 0.316081
vn 0.728270 0.206411 0.653466
vn 0.846523 0.206412 0.490707
vn 0.847250 0.206382 0.489463
vn 0.727328 0.206381 0.654523
vn 0.000000 -1.000000 0.000000
vn 0.000000 -1.000000 0.000000
vn -0.000000 -1.000000 -0.000000
vn 0.756203 -0.634817 0.158634
vn 0.757033 -0.634631 0.155386
vn 0.767983 -0.634647 0.086164
vn 0.768203 -0.634837 0.082742
vn 0.894558 0.206411 0.396435
vn 0.956728 0.206412 0.205100
vn 0.957035 0.206381 0.203692
vn 0.893989 0.206382 0.397731
vn 0.000000 -1.000000 0.000000
vn 0.000000 -1.000000 0.000000
vn -0.000000 -1.000000 -0.000000
vn 0.768212 -0.634817 -0.082810
vn 0.767998 -0.634631 -0.086155
vn 0.757022 -0.634647 -0.155373
vn 0.756173 -0.634837 -0.158696
vn 0.973280 0.206411 0.100599
vn 0.973282 0.206412 -0.100582
vn 0.973139 0.206381 -0.102017
vn 0.973140 0.206381 0.102008
vn 0.000000 -1.000000 0.000000
vn 0.000000 -1.000000 0.000000
vn -0.000000 -1.000000 -0.000000
vn 0.705023 -0.634818 -0.316148
vn 0.703785 -0.634632 -0.319263
vn 0.671957 -0.634648 -0.381701
vn 0.670124 -0.634837 -0.384598
vn 0.956731 0.206411 -0.205085
vn 0.894564 0.206412 -0.396421
vn 0.893985 0.206381 -0.397741
vn 0.957033 0.206381 -0.203702
vn 0.000000 -1.000000 0.000000
vn 0.000000 -1.000000 0.000000
vn -0.000000 -1.000000 -0.000000
vn 0.572822 -0.634817 -0.518538
vn 0.570682 -0.634632 -0.521119
vn 0.521117 -0.634648 -0.570666
vn 0.518478 -0.634837 -0.572855
vn 0.846531 0.206411 -0.490693
vn 0.728280 0.206412 -0.653454
vn 0.727322 0.206381 -0.654530
vn 0.847245 0.206381 -0.489472
vn 0.000000 -1.000000 0.000000
vn 0.000000 -1.000000 0.000000
vn -0.000000 -1.000000 -0.000000
vn 0.384549 -0.634818 -0.670171
vn 0.381716 -0.634632 -0.671964
vn 0.319267 -0.634647 -0.703769
vn 0.316080 -0.634837 -0.705036
vn 0.653466 0.206411 -0.728270
vn 0.490707 0.206412 -0.846523
vn 0.489463 0.206381 -0.847250
vn 0.654523 0.206381 -0.727328
vn 0.000000 -1.000000 0.000000
vn 0.000000 -1.000000 0.000000
vn -0.000000 -1.000000 -0.000000
vn 0.158634 -0.634817 -0.756203
vn 0.155386 -0.634632 -0.757032
vn 0.086165 -0.634648 -0.767983
vn 0.082743 -0.634838 -0.768202
vn 0.396435 0.206411 -0.894558
vn 0.205101 0.206412 -0.956728
vn 0.203692 0.206381 -0.957035
vn 0.397731 0.206381 -0.893989
vn -0.000000 -1.000000 -0.000000
vn -0.000000 -1.000000 -0.000000
vn 0.100599 0.206411 -0.973280
vn -0.100581 0.206412 -0.973282
vn -0.102016 0.206382 -0.973139
vn 0.102008 0.206382 -0.973140
vn 0.000000 1.000000 0.000000
vn 0.000000 1.000000 0.000000
vn 0.000000 1.000000 0.000000
vn 0.000000 1.000000 0.000000
vn -0.141107 0.779614 -0.610156
vn -0.137418 0.779441 -0.611218
vn -0.058187 0.779454 -0.623752
vn -0.054292 0.779628 -0.623885
vn -0.248090 0.779454 -0.575242
vn -0.244426 0.779629 -0.576572
vn -0.322750 0.779614 -0.536688
vn -0.319570 0.779441 -0.538838
vn -0.000000 1.000000 -0.000000
vn 0.000000 1.000000 0.000000
vn 0.000000 1.000000 0.000000
vn -0.413707 0.779454 -0.470423
vn -0.410634 0.779629 -0.472820
vn -0.472799 0.779614 -0.410685
vn -0.470439 0.779441 -0.413713
vn 0.000000 1.000000 0.000000
vn -0.000000 1.000000 -0.000000
vn 0.000000 1.000000 0.000000
vn -0.538828 0.779454 -0.319556
vn -0.536646 0.779629 -0.322786
vn -0.576568 0.779614 -0.244482
vn -0.575259 0.779441 -0.248090
vn -0.000001 1.000000 -0.000000
vn -0.000000 1.000000 -0.000000
vn 0.000000 1.000000 0.000000
vn -0.611204 0.779454 -0.137409
vn -0.610127 0.779629 -0.141155
vn -0.623898 0.779614 -0.054347
vn -0.623768 0.779441 -0.058183
vn 0.000000 1.000000 0.000000
vn 0.000000 1.000000 0.000000
vn 0.000000 1.000000 0.000000
vn -0.623751 0.779454 0.058188
vn -0.623884 0.779629 0.054293
vn -0.610156 0.779614 0.141108
vn -0.611218 0.779441 0.137419
vn -0.000000 1.000000 -0.000000
vn -0.000000 1.000000 -0.000000
vn 0.000000 1.000000 0.000000
vn -0.575241 0.779454 0.248090
vn -0.576571 0.779629 0.244427
vn -0.536688 0.779614 0.322751
vn -0.538838 0.779441 0.319571
vn 0.000000 1.000000 0.000000
vn 0.000000 1.000000 0.000000
vn 0.000000 1.000000 0.000000
vn -0.470423 0.779454 0.413707
vn -0.472820 0.779628 0.410634
vn -0.410685 0.779614 0.472800
vn -0.413713 0.779441 0.470440
vn 0.000000 1.000000 0.000000
vn -0.000000 1.000000 -0.000000
vn 0.000000 1.000000 0.000000
vn -0.319556 0.779454 0.538828
vn -0.322786 0.779628 0.536646
vn -0.244482 0.779614 0.576568
vn -0.248090 0.779441 0.575259
vn -0.000000 1.000000 -0.000000
vn 0.000000 1.000000 0.000000
vn 0.000000 1.000000 0.000000
vn -0.137409 0.779454 0.611204
vn -0.141155 0.779628 0.610127
vn -0.054347 0.779614 0.623898
vn -0.058183 0.779441 0.623768
vn 0.000000 1.000000 0.000000
vn 0.000000 1.000000 0.000000
vn 0.000000 1.000000 0.000000
vn 0.058188 0.779454 0.623751
vn 0.054293 0.779629 0.623884
vn 0.141108 0.779614 0.610156
vn 0.137419 0.779441 0.611218
vn -0.000000 1.000000 -0.000000
vn -0.000000 1.000000 -0.000000
vn 0.000000 1.000000 0.000000
vn 0.248090 0.779454 0.575242
vn 0.244427 0.779629 0.576572
vn 0.322750 0.779614 0.536688
vn 0.319570 0.779441 0.538838
vn 0.000000 1.000000 0.000000
vn -0.000000 1.000000 -0.000000
vn 0.000000 1.000000 0.000000
vn 0.413707 0.779454 0.470423
vn 0.410634 0.779629 0.472820
vn 0.472800 0.779614 0.410685
vn 0.470439 0.779441 0.413713
vn 0.000000 1.000000 0.000000
vn 0.000000 1.000000 0.000000
vn 0.000000 1.000000 0.000000
vn 0.538828 0.779454 0.319557
vn 0.536646 0.779629 0.322786
vn 0.576568 0.779614 0.244482
vn 0.575259 0.779441 0.248090
vn -0.000000 1.000000 -0.000000
vn 0.000000 1.000000 0.000000
vn 0.000000 1.000000 0.000000
vn 0.611204 0.779454 0.137409
vn 0.610127 0.779629 0.141155
vn 0.623898 0.779614 0.054347
vn 0.623768 0.779441 0.058183
vn -0.000000 1.000000 -0.000000
vn -0.000000 1.000000 -0.000000
vn 0.000000 1.000000 0.000000
vn 0.623751 0.779454 -0.058188
vn 0.623884 0.779628 -0.054293
vn 0.610156 0.779614 -0.141108
vn 0.611218 0.779441 -0.137419
vn 0.000000 1.000000 0.000000
vn 0.000000 1.000000 0.000000
vn 0.000000 1.000000 0.000000
vn 0.575241 0.779454 -0.248090
vn 0.576572 0.779629 -0.244427
vn 0.536688 0.779614 -0.322750
vn 0.538838 0.779441 -0.319570
vn 0.000000 1.000000 0.000000
vn -0.000000 1.000000 -0.000000
vn 0.000000 1.000000 0.000000
vn 0.470423 0.779454 -0.413707
vn 0.472820 0.779629 -0.410634
vn 0.410685 0.779614 -0.472800
vn 0.413713 0.779441 -0.470440
vn -0.000000 1.000000 -0.000000
vn 0.000000 1.000000 0.000000
vn 0.000000 1.000000 0.000000
vn 0.319556 0.779454 -0.538828
vn 0.322786 0.779628 -0.536646
vn 0.244482 0.779614 -0.576568
vn 0.248090 0.779441 -0.575259
vn 0.000000 1.000000 0.000000
vn 0.000000 1.000000 0.000000
vn 0.000000 1.000000 0.000000
vn 0.137410 0.779454 -0.611204
vn 0.141155 0.779629 -0.610126
vn 0.054347 0.779614 -0.623898
vn 0.058184 0.779441 -0.623768
vn 0.000000 1.000000 0.000000
vn 0.000000 1.000000 0.000000
s 1
g flag1 pCylinder2
usemtl initialShadingGroup
f 201/323/361 204/544/362 380/422/363 379/332/364
s 2
f 202/325/365 201/324/366 208/587/367 207/524/368
s 3
f 203/584/369 202/325/370 283/428/371 282/326/372
s 2
f 204/327/373 203/328/374 278/423/375 277/329/376
s 1
f 205/330/377 208/331/378 379/332/364 378/337/379
s 2
f 206/334/380 205/333/381 212/589/382 211/525/383
s 3
f 207/524/384 206/334/385 287/433/386 286/429/387
s 1
f 209/335/388 212/336/389 378/337/379 377/342/390
s 2
f 210/339/391 209/338/392 216/591/393 215/526/394
s 3
f 211/525/395 210/339/396 291/438/397 290/434/398
s 1
f 213/340/399 216/341/400 377/342/390 376/347/401
s 2
f 214/344/402 213/343/403 220/593/404 219/527/405
s 3
f 215/526/406 214/344/407 295/443/408 294/439/409
s 1
f 217/345/410 220/346/411 376/347/401 375/352/412
s 2
f 218/349/413 217/348/414 224/595/415 223/528/416
s 3
f 219/527/417 218/349/418 299/448/419 298/444/420
s 1
f 221/350/421 224/351/422 375/352/412 374/357/423
s 2
f 222/354/424 221/353/425 228/597/426 227/529/427
s 3
f 223/528/428 222/354/429 303/453/430 302/449/431
s 1
f 225/355/432 228/356/433 374/357/423 373/362/434
s 2
f 226/359/435 225/358/436 232/599/437 231/530/438
s 3
f 227/529/439 226/359/440 307/458/441 306/454/442
s 1
f 229/360/443 232/361/444 373/362/434 372/367/445
s 2
f 230/364/446 229/363/447 236/601/448 235/531/449
s 3
f 231/530/450 230/364/451 311/463/452 310/459/453
s 1
f 233/365/454 236/366/455 372/367/445 371/372/456
s 2
f 234/369/457 233/368/458 240/603/459 239/532/460
s 3
f 235/531/461 234/369/462 315/468/463 314/464/464
s 1
f 237/370/465 240/371/466 371/372/456 370/377/467
s 2
f 238/374/468 237/373/469 244/605/470 243/533/471
s 3
f 239/532/472 238/374/473 319/473/474 318/469/475
s 1
f 241/375/476 244/376/477 370/377/467 369/382/478
s 2
f 242/379/479 241/378/480 248/607/481 247/534/482
s 3
f 243/533/483 242/379/484 323/478/485 322/474/486
s 1
f 245/380/487 248/381/488 369/382/478 368/387/489
s 2
f 246/384/490 245/383/491 252/609/492 251/535/493
s 3
f 247/534/494 246/384/495 327/483/496 326/479/497
s 1
f 249/385/498 252/386/499 368/387/489 367/392/500
s 2
f 250/389/501 249/388/502 256/611/503 255/536/504
s 3
f 251/535/505 250/389/506 331/488/507 330/484/508
s 1
f 253/390/509 256/391/510 367/392/500 366/397/511
s 2
f 254/394/512 253/393/513 260/613/514 259/537/515
s 3
f 255/536/516 254/394/517 335/493/518 334/489/519
s 1
f 257/395/520 260/396/521 366/397/511 365/402/522
s 2
f 258/399/523 257/398/524 264/615/525 263/538/526
s 3
f 259/537/527 258/399/528 339/498/529 338/494/530
s 1
f 261/400/531 264/401/532 365/402/522 364/407/533
s 2
f 262/404/534 261/403/535 268/617/536 267/539/537
s 3
f 263/538/538 262/404/539 343/503/540 342/499/541
s 1
f 265/405/542 268/406/543 364/407/533 363/412/544
s 2
f 266/409/545 265/408/546 272/619/547 271/540/548
s 3
f 267/539/549 266/409/550 347/508/551 346/504/552
s 1
f 269/410/553 272/411/554 363/412/544 362/417/555
s 2
f 270/414/556 269/413/557 276/621/558 275/541/559
s 3
f 271/540/560 270/414/561 351/513/562 350/509/563
s 1
f 273/415/564 276/416/565 362/417/555 361/421/566
s 2
f 274/419/567 273/418/568 280/623/569 279/542/570
s 3
f 275/541/571 274/419/572 355/518/573 354/514/574
s 1
f 277/545/575 280/420/576 361/421/566 380/422/363
s 3
f 279/542/577 278/423/578 359/427/579 358/519/580
s 22
f 281/424/581 284/546/582 382/431/583 381/522/584
s 23
f 282/543/585 281/425/586 360/426/587 359/427/588
f 284/625/589 283/428/590 286/429/591 285/430/592
s 22
f 285/547/593 288/548/594 383/436/595 382/431/583
s 23
f 288/432/596 287/433/597 290/434/598 289/435/599
s 22
f 289/549/600 292/550/601 384/441/602 383/436/595
s 23
f 292/437/603 291/438/604 294/439/605 293/440/606
s 22
f 293/551/607 296/552/608 385/446/609 384/441/602
s 23
f 296/442/610 295/443/611 298/444/612 297/445/613
s 22
f 297/553/614 300/554/615 386/451/616 385/446/609
s 23
f 300/447/617 299/448/618 302/449/619 301/450/620
s 22
f 301/555/621 304/556/622 387/456/623 386/451/616
s 23
f 304/452/624 303/453/625 306/454/626 305/455/627
s 22
f 305/557/628 308/558/629 388/461/630 387/456/623
s 23
f 308/457/631 307/458/632 310/459/633 309/460/634
s 22
f 309/559/635 312/560/636 389/466/637 388/461/630
s 23
f 312/462/638 311/463/639 314/464/640 313/465/641
s 22
f 313/561/642 316/562/643 390/471/644 389/466/637
s 23
f 316/467/645 315/468/646 318/469/647 317/470/648
s 22
f 317/563/649 320/564/650 391/476/651 390/471/644
s 23
f 320/472/652 319/473/653 322/474/654 321/475/655
s 22
f 321/565/656 324/566/657 392/481/658 391/476/651
s 23
f 324/477/659 323/478/660 326/479/661 325/480/662
s 22
f 325/567/663 328/568/664 393/486/665 392/481/658
s 23
f 328/482/666 327/483/667 330/484/668 329/485/669
s 22
f 329/569/670 332/570/671 394/491/672 393/486/665
s 23
f 332/487/673 331/488/674 334/489/675 333/490/676
s 22
f 333/571/677 336/572/678 395/496/679 394/491/672
s 23
f 336/492/680 335/493/681 338/494/682 337/495/683
s 22
f 337/573/684 340/574/685 396/501/686 395/496/679
s 23
f 340/497/687 339/498/688 342/499/689 341/500/690
s 22
f 341/575/691 344/576/692 397/506/693 396/501/686
s 23
f 344/502/694 343/503/695 346/504/696 345/505/697
s 22
f 345/577/698 348/578/699 398/511/700 397/506/693
s 23
f 348/507/701 347/508/702 350/509/703 349/510/704
s 22
f 349/579/705 352/580/706 399/516/707 398/511/700
s 23
f 352/512/708 351/513/709 354/514/710 353/515/711
s 22
f 353/581/712 356/582/713 400/523/714 399/516/707
s 23
f 356/517/715 355/518/716 358/519/717 357/520/718
s 22
f 357/583/719 360/521/720 381/522/584 400/523/714
s 3
f 202/325/370 207/524/384 286/429/387 283/428/371
f 206/334/385 211/525/395 290/434/398 287/433/386
f 210/339/396 215/526/406 294/439/409 291/438/397
f 214/344/407 219/527/417 298/444/420 295/443/408
f 218/349/418 223/528/428 302/449/431 299/448/419
f 222/354/429 227/529/439 306/454/442 303/453/430
f 226/359/440 231/530/450 310/459/453 307/458/441
f 230/364/451 235/531/461 314/464/464 311/463/452
f 234/369/462 239/532/472 318/469/475 315/468/463
f 238/374/473 243/533/483 322/474/486 319/473/474
f 242/379/484 247/534/494 326/479/497 323/478/485
f 246/384/495 251/535/505 330/484/508 327/483/496
f 250/389/506 255/536/516 334/489/519 331/488/507
f 254/394/517 259/537/527 338/494/530 335/493/518
f 258/399/528 263/538/538 342/499/541 339/498/529
f 262/404/539 267/539/549 346/504/552 343/503/540
f 266/409/550 271/540/560 350/509/563 347/508/551
f 270/414/561 275/541/571 354/514/574 351/513/562
f 274/419/572 279/542/577 358/519/580 355/518/573
f 278/423/578 203/328/369 282/543/372 359/427/579
s 1
f 208/331/378 201/323/361 379/332/364
f 212/336/389 205/330/377 378/337/379
f 216/341/400 209/335/388 377/342/390
f 220/346/411 213/340/399 376/347/401
f 224/351/422 217/345/410 375/352/412
f 228/356/433 221/350/421 374/357/423
f 232/361/444 225/355/432 373/362/434
f 236/366/455 229/360/443 372/367/445
f 240/371/466 233/365/454 371/372/456
f 244/376/477 237/370/465 370/377/467
f 248/381/488 241/375/476 369/382/478
f 252/386/499 245/380/487 368/387/489
f 256/391/510 249/385/498 367/392/500
f 260/396/521 253/390/509 366/397/511
f 264/401/532 257/395/520 365/402/522
f 268/406/543 261/400/531 364/407/533
f 272/411/554 265/405/542 363/412/544
f 276/416/565 269/410/553 362/417/555
f 280/420/576 273/415/564 361/421/566
f 204/544/362 277/545/575 380/422/363
s 22
f 284/546/582 285/547/593 382/431/583
f 288/548/594 289/549/600 383/436/595
f 292/550/601 293/551/607 384/441/602
f 296/552/608 297/553/614 385/446/609
f 300/554/615 301/555/621 386/451/616
f 304/556/622 305/557/628 387/456/623
f 308/558/629 309/559/635 388/461/630
f 312/560/636 313/561/642 389/466/637
f 316/562/643 317/563/649 390/471/644
f 320/564/650 321/565/656 391/476/651
f 324/566/657 325/567/663 392/481/658
f 328/568/664 329/569/670 393/486/665
f 332/570/671 333/571/677 394/491/672
f 336/572/678 337/573/684 395/496/679
f 340/574/685 341/575/691 396/501/686
f 344/576/692 345/577/698 397/506/693
f 348/578/699 349/579/705 398/511/700
f 352/580/706 353/581/712 399/516/707
f 356/582/713 357/583/719 400/523/714
f 360/521/720 281/424/581 381/522/584
s 2
f 201/324/366 202/325/365 203/584/374 204/585/373
f 205/586/381 206/334/380 207/524/368 208/587/367
f 209/588/392 210/339/391 211/525/383 212/589/382
f 213/590/403 214/344/402 215/526/394 216/591/393
f 217/592/414 218/349/413 219/527/405 220/593/404
f 221/594/425 222/354/424 223/528/416 224/595/415
f 225/596/436 226/359/435 227/529/427 228/597/426
f 229/598/447 230/364/446 231/530/438 232/599/437
f 233/600/458 234/369/457 235/531/449 236/601/448
f 237/602/469 238/374/468 239/532/460 240/603/459
f 241/604/480 242/379/479 243/533/471 244/605/470
f 245/606/491 246/384/490 247/534/482 248/607/481
f 249/608/502 250/389/501 251/535/493 252/609/492
f 253/610/513 254/394/512 255/536/504 256/611/503
f 257/612/524 258/399/523 259/537/515 260/613/514
f 261/614/535 262/404/534 263/538/526 264/615/525
f 265/616/546 266/409/545 267/539/537 268/617/536
f 269/618/557 270/414/556 271/540/548 272/619/547
f 273/620/568 274/419/567 275/541/559 276/621/558
f 277/622/376 278/423/375 279/542/570 280/623/569
s 23
f 281/624/586 282/326/585 283/428/590 284/625/589
f 285/430/592 286/429/591 287/433/597 288/626/596
f 289/435/599 290/434/598 291/438/604 292/627/603
f 293/440/606 294/439/605 295/443/611 296/628/610
f 297/445/613 298/444/612 299/448/618 300/629/617
f 301/450/620 302/449/619 303/453/625 304/630/624
f 305/455/627 306/454/626 307/458/632 308/631/631
f 309/460/634 310/459/633 311/463/639 312/632/638
f 313/465/641 314/464/640 315/468/646 316/633/645
f 317/470/648 318/469/647 319/473/653 320/634/652
f 321/475/655 322/474/654 323/478/660 324/635/659
f 325/480/662 326/479/661 327/483/667 328/636/666
f 329/485/669 330/484/668 331/488/674 332/637/673
f 333/490/676 334/489/675 335/493/681 336/638/680
f 337/495/683 338/494/682 339/498/688 340/639/687
f 341/500/690 342/499/689 343/503/695 344/640/694
f 345/505/697 346/504/696 347/508/702 348/641/701
f 349/510/704 350/509/703 351/513/709 352/642/708
f 353/515/711 354/514/710 355/518/716 356/643/715
f 357/520/718 358/519/717 359/427/588 360/644/587
s 1
f 361/421/566 362/417/555 363/412/544 364/407/533 365/402/522 366/397/511 367/392/500 368/387/489 369/382/478 370/377/467 371/372/456 372/367/445 373/362/434 374/357/423 375/352/412 376/347/401 377/342/390 378/337/379 379/332/364 380/422/363
s 22
f 381/522/584 382/431/583 383/436/595 384/441/602 385/446/609 386/451/616 387/456/623 388/461/630 389/466/637 390/471/644 391/476/651 392/481/658 393/486/665 394/491/672 395/496/679 396/501/686 397/506/693 398/511/700 399/516/707 400/523/714
g default
v -9.589280 5.828171 -37.981530
v -9.617498 5.828171 -37.967152
v -9.639893 5.828171 -37.944757
v -9.654271 5.828171 -37.916539
v -9.659225 5.828171 -37.885258
v -9.654271 5.828171 -37.853978
v -9.639893 5.828171 -37.825759
v -9.617498 5.828171 -37.803365
v -9.589280 5.828171 -37.788987
v -9.557999 5.828171 -37.784032
v -9.526719 5.828171 -37.788987
v -9.498500 5.828171 -37.803365
v -9.476106 5.828171 -37.825759
v -9.461728 5.828171 -37.853978
v -9.456773 5.828171 -37.885258
v -9.461728 5.828171 -37.916539
v -9.476106 5.828171 -37.944757
v -9.498500 5.828171 -37.967152
v -9.526719 5.828171 -37.981530
v -9.557999 5.828171 -37.986484
v -9.589280 9.798846 -37.981530
v -9.617498 9.798846 -37.967152
v -9.639893 9.798846 -37.944757
v -9.654271 9.798846 -37.916539
v -9.659225 9.798846 -37.885258
v -9.654271 9.798846 -37.853978
v -9.639893 9.798846 -37.825759
v -9.617498 9.798846 -37.803365
v -9.589280 9.798846 -37.788987
v -9.557999 9.798846 -37.784032
v -9.526719 9.798846 -37.788987
v -9.498500 9.798846 -37.803365
v -9.476106 9.798846 -37.825759
v -9.461728 9.798846 -37.853978
v -9.456773 9.798846 -37.885258
v -9.461728 9.798846 -37.916539
v -9.476106 9.798846 -37.944757
v -9.498500 9.798846 -37.967152
v -9.526719 9.798846 -37.981530
v -9.557999 9.798846 -37.986484
v -9.557999 5.828171 -37.885258
v -9.557999 9.798846 -37.885258
vt 0.648603 0.107966
vt 0.626409 0.064408
vt 0.591842 0.029841
vt 0.548284 0.007647
vt 0.500000 -0.000000
vt 0.451716 0.007647
vt 0.408159 0.029841
vt 0.373591 0.064409
vt 0.351397 0.107966
vt 0.343750 0.156250
vt 0.351397 0.204534
vt 0.373591 0.248091
vt 0.408159 0.282659
vt 0.451716 0.304853
vt 0.500000 0.312500
vt 0.548284 0.304853
vt 0.591841 0.282659
vt 0.626409 0.248091
vt 0.648603 0.204534
vt 0.656250 0.156250
vt 0.375000 0.312500
vt 0.387500 0.312500
vt 0.400000 0.312500
vt 0.412500 0.312500
vt 0.425000 0.312500
vt 0.437500 0.312500
vt 0.450000 0.312500
vt 0.462500 0.312500
vt 0.475000 0.312500
vt 0.487500 0.312500
vt 0.500000 0.312500
vt 0.512500 0.312500
vt 0.525000 0.312500
vt 0.537500 0.312500
vt 0.550000 0.312500
vt 0.562500 0.312500
vt 0.575000 0.312500
vt 0.587500 0.312500
vt 0.600000 0.312500
vt 0.612500 0.312500
vt 0.625000 0.312500
vt 0.375000 0.688440
vt 0.387500 0.688440
vt 0.400000 0.688440
vt 0.412500 0.688440
vt 0.425000 0.688440
vt 0.437500 0.688440
vt 0.450000 0.688440
vt 0.462500 0.688440
vt 0.475000 0.688440
vt 0.487500 0.688440
vt 0.500000 0.688440
vt 0.512500 0.688440
vt 0.525000 0.688440
vt 0.537500 0.688440
vt 0.550000 0.688440
vt 0.562500 0.688440
vt 0.575000 0.688440
vt 0.587500 0.688440
vt 0.600000 0.688440
vt 0.612500 0.688440
vt 0.625000 0.688440
vt 0.648603 0.795466
vt 0.626409 0.751908
vt 0.591842 0.717341
vt 0.548284 0.695147
vt 0.500000 0.687500
vt 0.451716 0.695147
vt 0.408159 0.717341
vt 0.373591 0.751909
vt 0.351397 0.795466
vt 0.343750 0.843750
vt 0.351397 0.892034
vt 0.373591 0.935591
vt 0.408159 0.970159
vt 0.451716 0.992353
vt 0.500000 1.000000
vt 0.548284 0.992353
vt 0.591841 0.970159
vt 0.626409 0.935591
vt 0.648603 0.892034
vt 0.656250 0.843750
vt 0.500000 0.150000
vt 0.500000 0.837500
vn -0.309016 0.000000 -0.951057
vn -0.587785 0.000000 -0.809017
vn -0.587785 0.000000 -0.809017
vn -0.309016 0.000000 -0.951057
vn -0.809017 0.000000 -0.587785
vn -0.809017 0.000000 -0.587785
vn -0.951056 0.000000 -0.309017
vn -0.951056 0.000000 -0.309017
vn -1.000000 0.000000 0.000000
vn -1.000000 0.000000 0.000000
vn -0.951057 0.000000 0.309017
vn -0.951057 0.000000 0.309017
vn -0.809017 0.000000 0.587785
vn -0.809017 0.000000 0.587785
vn -0.587785 0.000000 0.809017
vn -0.587785 0.000000 0.809017
vn -0.309017 0.000000 0.951057
vn -0.309017 0.000000 0.951057
vn -0.000000 0.000000 1.000000
vn -0.000000 0.000000 1.000000
vn 0.309017 0.000000 0.951057
vn 0.309017 0.000000 0.951057
vn 0.587785 0.000000 0.809017
vn 0.587785 0.000000 0.809017
vn 0.809017 0.000000 0.587785
vn 0.809017 0.000000 0.587785
vn 0.951057 0.000000 0.309017
vn 0.951057 0.000000 0.309017
vn 1.000000 0.000000 -0.000000
vn 1.000000 0.000000 -0.000000
vn 0.951057 0.000000 -0.309017
vn 0.951057 0.000000 -0.309017
vn 0.809017 0.000000 -0.587785
vn 0.809017 0.000000 -0.587785
vn 0.587785 0.000000 -0.809017
vn 0.587785 0.000000 -0.809017
vn 0.309017 0.000000 -0.951057
vn 0.309017 0.000000 -0.951057
vn 0.000001 0.000000 -1.000000
vn 0.000001 0.000000 -1.000000
vn 0.000000 -1.000000 0.000000
vn 0.000000 -1.000000 0.000000
vn 0.000000 -1.000000 0.000000
vn 0.000000 -1.000000 0.000000
vn 0.000000 -1.000000 0.000000
vn 0.000000 -1.000000 0.000000
vn 0.000000 -1.000000 0.000000
vn 0.000000 -1.000000 0.000000
vn 0.000000 -1.000000 0.000000
vn 0.000000 -1.000000 0.000000
vn 0.000000 -1.000000 0.000000
vn 0.000000 -1.000000 0.000000
vn 0.000000 -1.000000 0.000000
vn 0.000000 -1.000000 0.000000
vn 0.000000 -1.000000 0.000000
vn 0.000000 -1.000000 0.000000
vn 0.000000 -1.000000 0.000000
vn 0.000000 -1.000000 0.000000
vn 0.000000 -1.000000 0.000000
vn 0.000000 -1.000000 0.000000
vn 0.000000 -1.000000 0.000000
vn 0.000000 1.000000 0.000000
vn 0.000000 1.000000 0.000000
vn 0.000000 1.000000 0.000000
vn 0.000000 1.000000 0.000000
vn 0.000000 1.000000 0.000000
vn 0.000000 1.000000 0.000000
vn 0.000000 1.000000 0.000000
vn 0.000000 1.000000 0.000000
vn 0.000000 1.000000 0.000000
vn 0.000000 1.000000 0.000000
vn 0.000000 1.000000 0.000000
vn 0.000000 1.000000 0.000000
vn 0.000000 1.000000 0.000000
vn 0.000000 1.000000 0.000000
vn 0.000000 1.000000 0.000000
vn 0.000000 1.000000 0.000000
vn 0.000000 1.000000 0.000000
vn 0.000000 1.000000 0.000000
vn 0.000000 1.000000 0.000000
vn 0.000000 1.000000 0.000000
vn 0.000000 1.000000 0.000000
s 1
g flag1 pCylinder3
usemtl initialShadingGroup
f 401/665/721 402/666/722 422/687/723 421/686/724
f 402/666/722 403/667/725 423/688/726 422/687/723
f 403/667/725 404/668/727 424/689/728 423/688/726
f 404/668/727 405/669/729 425/690/730 424/689/728
f 405/669/729 406/670/731 426/691/732 425/690/730
f 406/670/731 407/671/733 427/692/734 426/691/732
f 407/671/733 408/672/735 428/693/736 427/692/734
f 408/672/735 409/673/737 429/694/738 428/693/736
f 409/673/737 410/674/739 430/695/740 429/694/738
f 410/674/739 411/675/741 431/696/742 430/695/740
f 411/675/741 412/676/743 432/697/744 431/696/742
f 412/676/743 413/677/745 433/698/746 432/697/744
f 413/677/745 414/678/747 434/699/748 433/698/746
f 414/678/747 415/679/749 435/700/750 434/699/748
f 415/679/749 416/680/751 436/701/752 435/700/750
f 416/680/751 417/681/753 437/702/754 436/701/752
f 417/681/753 418/682/755 438/703/756 437/702/754
f 418/682/755 419/683/757 439/704/758 438/703/756
f 419/683/757 420/684/759 440/705/760 439/704/758
f 420/684/759 401/685/721 421/706/724 440/705/760
s 2
f 402/646/761 401/645/762 441/727/763
f 403/647/764 402/646/761 441/727/763
f 404/648/765 403/647/764 441/727/763
f 405/649/766 404/648/765 441/727/763
f 406/650/767 405/649/766 441/727/763
f 407/651/768 406/650/767 441/727/763
f 408/652/769 407/651/768 441/727/763
f 409/653/770 408/652/769 441/727/763
f 410/654/771 409/653/770 441/727/763
f 411/655/772 410/654/771 441/727/763
f 412/656/773 411/655/772 441/727/763
f 413/657/774 412/656/773 441/727/763
f 414/658/775 413/657/774 441/727/763
f 415/659/776 414/658/775 441/727/763
f 416/660/777 415/659/776 441/727/763
f 417/661/778 416/660/777 441/727/763
f 418/662/779 417/661/778 441/727/763
f 419/663/780 418/662/779 441/727/763
f 420/664/781 419/663/780 441/727/763
f 401/645/762 420/664/781 441/727/763
s 3
f 421/725/782 422/724/783 442/728/784
f 422/724/783 423/723/785 442/728/784
f 423/723/785 424/722/786 442/728/784
f 424/722/786 425/721/787 442/728/784
f 425/721/787 426/720/788 442/728/784
f 426/720/788 427/719/789 442/728/784
f 427/719/789 428/718/790 442/728/784
f 428/718/790 429/717/791 442/728/784
f 429/717/791 430/716/792 442/728/784
f 430/716/792 431/715/793 442/728/784
f 431/715/793 432/714/794 442/728/784
f 432/714/794 433/713/795 442/728/784
f 433/713/795 434/712/796 442/728/784
f 434/712/796 435/711/797 442/728/784
f 435/711/797 436/710/798 442/728/784
f 436/710/798 437/709/799 442/728/784
f 437/709/799 438/708/800 442/728/784
f 438/708/800 439/707/801 442/728/784
f 439/707/801 440/726/802 442/728/784
f 440/726/802 421/725/782 442/728/784
g default
v -7.668802 8.519941 -37.853327
v -7.668802 8.519941 -37.917190
v -7.668802 8.563750 -37.853327
v -7.668802 8.563750 -37.917190
v -9.511585 9.519941 -37.853327
v -9.511585 9.519941 -37.917190
v -9.511585 8.519941 -37.853327
v -9.511585 8.519941 -37.917190
vt 0.375000 0.000000
vt 0.625000 0.000000
vt 0.375000 0.250000
vt 0.625000 0.250000
vt 0.375000 0.500000
vt 0.625000 0.500000
vt 0.375000 0.750000
vt 0.625000 0.750000
vt 0.375000 1.000000
vt 0.625000 1.000000
vt 0.875000 0.000000
vt 0.875000 0.250000
vt 0.125000 0.000000
vt 0.125000 0.250000
vn 1.000000 0.000000 0.000000
vn 1.000000 0.000000 0.000000
vn 1.000000 0.000000 0.000000
vn 1.000000 0.000000 0.000000
vn 0.460573 0.887622 0.000000
vn 0.460573 0.887622 0.000000
vn 0.460573 0.887622 0.000000
vn 0.460573 0.887622 0.000000
vn -1.000000 0.000000 -0.000000
vn -1.000000 0.000000 -0.000000
vn -1.000000 0.000000 -0.000000
vn -1.000000 0.000000 -0.000000
vn 0.000000 -1.000000 0.000000
vn 0.000000 -1.000000 0.000000
vn 0.000000 -1.000000 0.000000
vn 0.000000 -1.000000 0.000000
vn 0.000000 0.000000 -1.000000
vn 0.000000 0.000000 -1.000000
vn 0.000000 0.000000 -1.000000
vn 0.000000 0.000000 -1.000000
vn -0.000000 0.000000 1.000000
vn -0.000000 0.000000 1.000000
vn -0.000000 0.000000 1.000000
vn -0.000000 0.000000 1.000000
s off
g flag1 pCube65
usemtl initialShadingGroup
f 443/729/803 444/730/804 446/732/805 445/731/806
f 445/731/807 446/732/808 448/734/809 447/733/810
f 447/733/811 448/734/812 450/736/813 449/735/814
f 449/735/815 450/736/816 444/738/817 443/737/818
f 444/730/819 450/739/820 448/740/821 446/732/822
f 449/741/823 443/729/824 445/731/825 447/742/826
g default
v -9.615076 9.580231 -38.026366
v -9.619771 9.595288 -38.040922
v -9.599532 9.595273 -38.047500
v -9.594764 9.580231 -38.032965
v -9.655887 9.580231 -38.001822
v -9.664851 9.595288 -38.014214
v -9.647634 9.595273 -38.026725
v -9.638609 9.580231 -38.014375
v -9.687116 9.580231 -37.965868
v -9.699471 9.595288 -37.974884
v -9.686963 9.595273 -37.992102
v -9.674563 9.580231 -37.983146
v -9.705706 9.580231 -37.922023
v -9.720242 9.595288 -37.926780
v -9.713668 9.595273 -37.947021
v -9.699107 9.580231 -37.942335
v -9.709838 9.580231 -37.874580
v -9.725133 9.595288 -37.874612
v -9.725134 9.595273 -37.895894
v -9.709838 9.580231 -37.895937
v -9.699107 9.580231 -37.828182
v -9.713663 9.595288 -37.823486
v -9.720241 9.595273 -37.843725
v -9.705706 9.580231 -37.848493
v -9.674563 9.580231 -37.787371
v -9.686955 9.595288 -37.778407
v -9.699466 9.595273 -37.795623
v -9.687116 9.580231 -37.804649
v -9.638609 9.580231 -37.756142
v -9.647625 9.595288 -37.743787
v -9.664843 9.595273 -37.756294
v -9.655887 9.580231 -37.768695
v -9.594764 9.580231 -37.737551
v -9.599521 9.595288 -37.723015
v -9.619762 9.595273 -37.729590
v -9.615076 9.580231 -37.744151
v -9.547321 9.580231 -37.733420
v -9.547353 9.595288 -37.718125
v -9.568635 9.595273 -37.718123
v -9.568677 9.580231 -37.733420
v -9.500923 9.580231 -37.744151
v -9.496227 9.595288 -37.729595
v -9.516466 9.595273 -37.723017
v -9.521234 9.580231 -37.737551
v -9.460112 9.580231 -37.768695
v -9.451148 9.595288 -37.756302
v -9.468364 9.595273 -37.743792
v -9.477390 9.580231 -37.756142
v -9.428883 9.580231 -37.804649
v -9.416528 9.595288 -37.795633
v -9.429035 9.595273 -37.778414
v -9.441436 9.580231 -37.787371
v -9.410292 9.580231 -37.848493
v -9.395756 9.595288 -37.843736
v -9.402331 9.595273 -37.823496
v -9.416892 9.580231 -37.828182
v -9.406161 9.580231 -37.895937
v -9.390866 9.595288 -37.895904
v -9.390864 9.595273 -37.874623
v -9.406161 9.580231 -37.874580
v -9.416892 9.580231 -37.942335
v -9.402336 9.595288 -37.947030
v -9.395758 9.595273 -37.926791
v -9.410292 9.580231 -37.922023
v -9.441436 9.580231 -37.983146
v -9.429043 9.595288 -37.992110
v -9.416533 9.595273 -37.974893
v -9.428883 9.580231 -37.965868
v -9.477390 9.580231 -38.014375
v -9.468374 9.595288 -38.026730
v -9.451155 9.595273 -38.014222
v -9.460112 9.580231 -38.001822
v -9.521234 9.580231 -38.032965
v -9.516477 9.595288 -38.047501
v -9.496237 9.595273 -38.040927
v -9.500923 9.580231 -38.026365
v -9.568677 9.580231 -38.037097
v -9.568645 9.595288 -38.052392
v -9.547364 9.595273 -38.052393
v -9.547321 9.580231 -38.037097
v -9.594764 9.917868 -38.032965
v -9.599521 9.902811 -38.047501
v -9.619762 9.902827 -38.040927
v -9.615076 9.917868 -38.026366
v -9.638609 9.917868 -38.014375
v -9.647625 9.902811 -38.026730
v -9.664843 9.902827 -38.014222
v -9.655887 9.917868 -38.001822
v -9.674563 9.917868 -37.983146
v -9.686955 9.902811 -37.992110
v -9.699466 9.902827 -37.974894
v -9.687116 9.917868 -37.965868
v -9.699107 9.917868 -37.942335
v -9.713663 9.902811 -37.947030
v -9.720241 9.902827 -37.926791
v -9.705706 9.917868 -37.922023
v -9.709838 9.917868 -37.895937
v -9.725133 9.902811 -37.895904
v -9.725134 9.902827 -37.874623
v -9.709838 9.917868 -37.874580
v -9.705706 9.917868 -37.848493
v -9.720242 9.902811 -37.843736
v -9.713668 9.902827 -37.823496
v -9.699107 9.917868 -37.828182
v -9.687116 9.917868 -37.804649
v -9.699471 9.902811 -37.795633
v -9.686963 9.902827 -37.778414
v -9.674563 9.917868 -37.787371
v -9.655887 9.917868 -37.768695
v -9.664851 9.902811 -37.756302
v -9.647634 9.902827 -37.743792
v -9.638609 9.917868 -37.756142
v -9.615076 9.917868 -37.744151
v -9.619771 9.902811 -37.729595
v -9.599532 9.902827 -37.723017
v -9.594764 9.917868 -37.737551
v -9.568677 9.917868 -37.733420
v -9.568645 9.902811 -37.718125
v -9.547364 9.902827 -37.718123
v -9.547321 9.917868 -37.733420
v -9.521234 9.917868 -37.737551
v -9.516477 9.902811 -37.723015
v -9.496237 9.902827 -37.729590
v -9.500923 9.917868 -37.744151
v -9.477390 9.917868 -37.756142
v -9.468374 9.902811 -37.743787
v -9.451155 9.902827 -37.756294
v -9.460112 9.917868 -37.768695
v -9.441436 9.917868 -37.787371
v -9.429043 9.902811 -37.778407
v -9.416533 9.902827 -37.795623
v -9.428883 9.917868 -37.804649
v -9.416892 9.917868 -37.828182
v -9.402336 9.902811 -37.823486
v -9.395758 9.902827 -37.843726
v -9.410292 9.917868 -37.848493
v -9.406161 9.917868 -37.874580
v -9.390866 9.902811 -37.874612
v -9.390864 9.902827 -37.895894
v -9.406161 9.917868 -37.895937
v -9.410292 9.917868 -37.922023
v -9.395756 9.902811 -37.926780
v -9.402331 9.902827 -37.947021
v -9.416892 9.917868 -37.942335
v -9.428883 9.917868 -37.965868
v -9.416528 9.902811 -37.974884
v -9.429035 9.902827 -37.992102
v -9.441436 9.917868 -37.983146
v -9.460112 9.917868 -38.001822
v -9.451148 9.902811 -38.014214
v -9.468364 9.902827 -38.026725
v -9.477390 9.917868 -38.014375
v -9.500923 9.917868 -38.026365
v -9.496227 9.902811 -38.040922
v -9.516466 9.902827 -38.047500
v -9.521234 9.917868 -38.032965
v -9.547321 9.917868 -38.037097
v -9.547353 9.902811 -38.052392
v -9.568635 9.902827 -38.052393
v -9.568677 9.917868 -38.037097
v -9.547342 9.580231 -37.952543
v -9.527071 9.580231 -37.945957
v -9.509828 9.580231 -37.933429
v -9.497300 9.580231 -37.916186
v -9.490714 9.580231 -37.895915
v -9.490714 9.580231 -37.874601
v -9.497300 9.580231 -37.854331
v -9.509828 9.580231 -37.837087
v -9.527071 9.580231 -37.824559
v -9.547342 9.580231 -37.817973
v -9.568656 9.580231 -37.817973
v -9.588927 9.580231 -37.824559
v -9.606170 9.580231 -37.837087
v -9.618698 9.580231 -37.854331
v -9.625284 9.580231 -37.874601
v -9.625284 9.580231 -37.895915
v -9.618698 9.580231 -37.916186
v -9.606170 9.580231 -37.933429
v -9.588927 9.580231 -37.945957
v -9.568656 9.580231 -37.952543
v -9.568656 9.917868 -37.952543
v -9.588927 9.917868 -37.945957
v -9.606170 9.917868 -37.933429
v -9.618698 9.917868 -37.916186
v -9.625284 9.917868 -37.895915
v -9.625284 9.917868 -37.874601
v -9.618698 9.917868 -37.854331
v -9.606170 9.917868 -37.837087
v -9.588927 9.917868 -37.824559
v -9.568656 9.917868 -37.817973
v -9.547342 9.917868 -37.817973
v -9.527071 9.917868 -37.824559
v -9.509828 9.917868 -37.837087
v -9.497300 9.917868 -37.854331
v -9.490714 9.917868 -37.874601
v -9.490714 9.917868 -37.895915
v -9.497300 9.917868 -37.916186
v -9.509828 9.917868 -37.933429
v -9.527071 9.917868 -37.945957
v -9.547342 9.917868 -37.952543
vt 0.630601 0.102857
vt 0.378125 0.312500
vt 0.377551 0.329262
vt 0.375450 0.674903
vt 0.621875 0.312500
vt 0.622451 0.329245
vt 0.615624 0.312500
vt 0.607885 0.065085
vt 0.619503 0.081076
vt 0.556180 0.123929
vt 0.390625 0.312500
vt 0.390051 0.329262
vt 0.574608 0.036181
vt 0.590599 0.047799
vt 0.544584 0.107969
vt 0.403125 0.312500
vt 0.402551 0.329262
vt 0.534028 0.018975
vt 0.552827 0.025083
vt 0.528625 0.096374
vt 0.415625 0.312500
vt 0.415051 0.329262
vt 0.490117 0.015151
vt 0.509883 0.015151
vt 0.509863 0.090278
vt 0.428125 0.312500
vt 0.427551 0.329262
vt 0.447173 0.025083
vt 0.465972 0.018975
vt 0.490137 0.090278
vt 0.440625 0.312500
vt 0.440051 0.329262
vt 0.409401 0.047799
vt 0.425392 0.036181
vt 0.471375 0.096374
vt 0.453125 0.312500
vt 0.452551 0.329262
vt 0.380497 0.081076
vt 0.392115 0.065085
vt 0.455416 0.107969
vt 0.465625 0.312500
vt 0.465051 0.329262
vt 0.363291 0.121656
vt 0.369399 0.102857
vt 0.443820 0.123929
vt 0.478125 0.312500
vt 0.477551 0.329262
vt 0.359467 0.165567
vt 0.359467 0.145801
vt 0.437725 0.142690
vt 0.490625 0.312500
vt 0.490051 0.329262
vt 0.369399 0.208511
vt 0.363291 0.189712
vt 0.437725 0.162417
vt 0.503125 0.312500
vt 0.502551 0.329262
vt 0.392115 0.246283
vt 0.380497 0.230292
vt 0.443820 0.181178
vt 0.515625 0.312500
vt 0.515051 0.329262
vt 0.425392 0.275187
vt 0.409401 0.263569
vt 0.455416 0.197138
vt 0.528125 0.312500
vt 0.527551 0.329262
vt 0.465972 0.292393
vt 0.447173 0.286285
vt 0.471375 0.208733
vt 0.540624 0.312500
vt 0.540051 0.329262
vt 0.509883 0.296217
vt 0.490117 0.296217
vt 0.490137 0.214829
vt 0.553124 0.312500
vt 0.552551 0.329262
vt 0.552827 0.286285
vt 0.534028 0.292393
vt 0.509863 0.214829
vt 0.565624 0.312500
vt 0.565051 0.329262
vt 0.590599 0.263569
vt 0.574608 0.275187
vt 0.528625 0.208733
vt 0.578124 0.312500
vt 0.577551 0.329262
vt 0.619503 0.230292
vt 0.607885 0.246283
vt 0.544584 0.197138
vt 0.590624 0.312500
vt 0.590051 0.329262
vt 0.636709 0.189712
vt 0.630601 0.208511
vt 0.556180 0.181178
vt 0.603124 0.312500
vt 0.602551 0.329262
vt 0.640533 0.165567
vt 0.562276 0.162417
vt 0.562276 0.142690
vt 0.615051 0.329262
vt 0.636709 0.877212
vt 0.621875 0.688437
vt 0.615624 0.688437
vt 0.615048 0.671690
vt 0.377548 0.671690
vt 0.384949 0.671672
vt 0.384375 0.688437
vt 0.556180 0.868678
vt 0.390625 0.688437
vt 0.390048 0.671690
vt 0.397449 0.671672
vt 0.396875 0.688437
vt 0.544584 0.884638
vt 0.403125 0.688437
vt 0.402548 0.671690
vt 0.409949 0.671672
vt 0.409375 0.688437
vt 0.528625 0.896233
vt 0.415625 0.688437
vt 0.415048 0.671690
vt 0.422449 0.671672
vt 0.421875 0.688437
vt 0.509863 0.902329
vt 0.428125 0.688437
vt 0.427548 0.671690
vt 0.434949 0.671672
vt 0.434375 0.688437
vt 0.490137 0.902329
vt 0.440625 0.688437
vt 0.440048 0.671690
vt 0.447449 0.671672
vt 0.446875 0.688437
vt 0.471375 0.896233
vt 0.453125 0.688437
vt 0.452548 0.671690
vt 0.459949 0.671672
vt 0.459375 0.688437
vt 0.455416 0.884638
vt 0.465625 0.688437
vt 0.465048 0.671690
vt 0.472449 0.671672
vt 0.471875 0.688437
vt 0.443820 0.868678
vt 0.478125 0.688437
vt 0.477548 0.671690
vt 0.484949 0.671672
vt 0.484375 0.688437
vt 0.437725 0.849917
vt 0.490625 0.688437
vt 0.490048 0.671690
vt 0.497449 0.671672
vt 0.496875 0.688437
vt 0.437725 0.830190
vt 0.503125 0.688437
vt 0.502548 0.671690
vt 0.509949 0.671672
vt 0.509375 0.688437
vt 0.443820 0.811429
vt 0.515625 0.688437
vt 0.515048 0.671690
vt 0.522449 0.671672
vt 0.521875 0.688437
vt 0.455416 0.795469
vt 0.528125 0.688437
vt 0.527548 0.671690
vt 0.534949 0.671672
vt 0.534375 0.688437
vt 0.471375 0.783874
vt 0.540625 0.688437
vt 0.540048 0.671690
vt 0.547449 0.671672
vt 0.546875 0.688437
vt 0.490137 0.777778
vt 0.553124 0.688437
vt 0.552548 0.671690
vt 0.559949 0.671672
vt 0.559375 0.688437
vt 0.509863 0.777778
vt 0.565625 0.688437
vt 0.565048 0.671690
vt 0.572449 0.671672
vt 0.571875 0.688437
vt 0.528625 0.783874
vt 0.578125 0.688437
vt 0.577548 0.671690
vt 0.584949 0.671672
vt 0.584375 0.688437
vt 0.544584 0.795469
vt 0.590624 0.688437
vt 0.590048 0.671690
vt 0.597449 0.671672
vt 0.596875 0.688437
vt 0.556180 0.811429
vt 0.603124 0.688437
vt 0.602548 0.671690
vt 0.609949 0.671672
vt 0.609375 0.688437
vt 0.640533 0.853067
vt 0.562276 0.849917
vt 0.562276 0.830190
vt 0.384952 0.329245
vt 0.397452 0.329245
vt 0.409952 0.329245
vt 0.422452 0.329245
vt 0.434952 0.329245
vt 0.447452 0.329245
vt 0.459952 0.329245
vt 0.472452 0.329245
vt 0.484952 0.329245
vt 0.497452 0.329245
vt 0.509951 0.329245
vt 0.522452 0.329245
vt 0.534951 0.329245
vt 0.547451 0.329245
vt 0.559951 0.329245
vt 0.572451 0.329245
vt 0.584951 0.329245
vt 0.597451 0.329245
vt 0.609951 0.329245
vt 0.622449 0.671672
vt 0.636709 0.121656
vt 0.640533 0.145801
vt 0.630601 0.896011
vt 0.619503 0.917792
vt 0.607885 0.933783
vt 0.590599 0.951069
vt 0.574608 0.962687
vt 0.552827 0.973785
vt 0.534028 0.979893
vt 0.509883 0.983717
vt 0.490117 0.983717
vt 0.465972 0.979893
vt 0.447173 0.973785
vt 0.425392 0.962687
vt 0.409401 0.951069
vt 0.392115 0.933783
vt 0.380497 0.917792
vt 0.369399 0.896011
vt 0.363291 0.877212
vt 0.359467 0.853067
vt 0.359467 0.833301
vt 0.363291 0.809156
vt 0.369399 0.790357
vt 0.380497 0.768576
vt 0.392115 0.752585
vt 0.409401 0.735299
vt 0.425392 0.723681
vt 0.447173 0.712583
vt 0.465972 0.706475
vt 0.490117 0.702651
vt 0.509883 0.702651
vt 0.534028 0.706475
vt 0.552827 0.712583
vt 0.574608 0.723681
vt 0.590599 0.735299
vt 0.607885 0.752585
vt 0.619503 0.768576
vt 0.630601 0.790357
vt 0.636709 0.809156
vt 0.640533 0.833301
vt 0.375000 0.326525
vt 0.375000 0.312500
vt 0.387500 0.312500
vt 0.384375 0.312500
vt 0.400000 0.312500
vt 0.396875 0.312500
vt 0.412500 0.312500
vt 0.409375 0.312500
vt 0.425000 0.312500
vt 0.421875 0.312500
vt 0.437500 0.312500
vt 0.434375 0.312500
vt 0.450000 0.312500
vt 0.446875 0.312500
vt 0.462500 0.312500
vt 0.459375 0.312500
vt 0.475000 0.312500
vt 0.471875 0.312500
vt 0.487500 0.312500
vt 0.484375 0.312500
vt 0.500000 0.312500
vt 0.496875 0.312500
vt 0.512500 0.312500
vt 0.509375 0.312500
vt 0.525000 0.312500
vt 0.521875 0.312500
vt 0.537500 0.312500
vt 0.534375 0.312500
vt 0.550000 0.312500
vt 0.546875 0.312500
vt 0.562500 0.312500
vt 0.559375 0.312500
vt 0.575000 0.312500
vt 0.571875 0.312500
vt 0.587500 0.312500
vt 0.584375 0.312500
vt 0.600000 0.312500
vt 0.596875 0.312500
vt 0.612500 0.312500
vt 0.609375 0.312500
vt 0.375000 0.688437
vt 0.378125 0.688437
vt 0.387500 0.688437
vt 0.400000 0.688437
vt 0.412500 0.688437
vt 0.425000 0.688437
vt 0.437500 0.688437
vt 0.450000 0.688437
vt 0.462500 0.688437
vt 0.475000 0.688437
vt 0.487500 0.688437
vt 0.500000 0.688437
vt 0.512500 0.688437
vt 0.525000 0.688437
vt 0.537500 0.688437
vt 0.550000 0.688437
vt 0.562500 0.688437
vt 0.575000 0.688437
vt 0.587500 0.688437
vt 0.600000 0.688437
vt 0.612500 0.688437
vn 0.000000 -1.000000 0.000000
vn 0.000000 -1.000000 0.000000
vn 0.000000 -1.000000 0.000000
vn 0.000000 -1.000000 0.000000
vn -0.274715 -0.711405 -0.646865
vn -0.278407 -0.711222 -0.645487
vn -0.358551 -0.711239 -0.604632
vn -0.361898 -0.711425 -0.602416
vn -0.218868 -0.000000 -0.975754
vn -0.396457 -0.000000 -0.918053
vn -0.396464 -0.000000 -0.918050
vn -0.218876 -0.000000 -0.975753
vn -0.154159 -0.711239 -0.685839
vn -0.158027 -0.711425 -0.684765
vn -0.061376 -0.711405 -0.700097
vn -0.065313 -0.711222 -0.699927
vn 0.000000 -1.000000 0.000000
vn 0.000000 -1.000000 0.000000
vn 0.000000 -1.000000 0.000000
vn -0.461162 -0.711406 -0.530313
vn -0.464247 -0.711222 -0.527862
vn -0.527843 -0.711239 -0.464241
vn -0.530341 -0.711425 -0.461099
vn -0.509683 -0.000000 -0.860362
vn -0.660747 0.000000 -0.750608
vn -0.660753 0.000000 -0.750603
vn -0.509689 -0.000000 -0.860359
vn 0.000000 -1.000000 0.000000
vn 0.000000 -1.000000 0.000000
vn 0.000000 -1.000000 0.000000
vn -0.602467 -0.711405 -0.361851
vn -0.604643 -0.711222 -0.358566
vn -0.645467 -0.711239 -0.278407
vn -0.646872 -0.711425 -0.274647
vn -0.750603 0.000000 -0.660753
vn -0.860359 0.000000 -0.509689
vn -0.860363 0.000000 -0.509682
vn -0.750609 0.000000 -0.660747
vn 0.000000 -1.000000 0.000000
vn 0.000000 -1.000000 0.000000
vn 0.000000 -1.000000 0.000000
vn -0.684798 -0.711405 -0.157968
vn -0.685853 -0.711222 -0.154171
vn -0.699909 -0.711239 -0.065320
vn -0.700083 -0.711425 -0.061310
vn -0.918050 0.000000 -0.396464
vn -0.975752 0.000000 -0.218877
vn -0.975754 0.000000 -0.218870
vn -0.918053 0.000000 -0.396457
vn -0.000000 -1.000000 -0.000000
vn -0.000000 -1.000000 -0.000000
vn 0.000000 -1.000000 0.000000
vn -0.700097 -0.711405 0.061377
vn -0.699927 -0.711222 0.065314
vn -0.685838 -0.711239 0.154160
vn -0.684764 -0.711425 0.158028
vn -0.995632 -0.000000 -0.093367
vn -0.995632 0.000000 0.093359
vn -0.995632 0.000000 0.093367
vn -0.995632 -0.000000 -0.093359
vn -0.000000 -1.000000 -0.000000
vn -0.000000 -1.000000 -0.000000
vn 0.000000 -1.000000 0.000000
vn -0.646864 -0.711406 0.274715
vn -0.645486 -0.711222 0.278407
vn -0.604632 -0.711240 0.358551
vn -0.602416 -0.711425 0.361897
vn -0.975754 0.000000 0.218870
vn -0.918053 0.000000 0.396457
vn -0.918050 0.000000 0.396465
vn -0.975752 0.000000 0.218878
vn 0.000000 -1.000000 0.000000
vn 0.000000 -1.000000 0.000000
vn 0.000000 -1.000000 0.000000
vn -0.530313 -0.711405 0.461162
vn -0.527862 -0.711222 0.464247
vn -0.464241 -0.711239 0.527844
vn -0.461099 -0.711425 0.530342
vn -0.860363 0.000000 0.509682
vn -0.750608 0.000000 0.660747
vn -0.750603 0.000000 0.660753
vn -0.860359 0.000000 0.509689
vn 0.000000 -1.000000 0.000000
vn 0.000000 -1.000000 0.000000
vn -0.000000 -1.000000 -0.000000
vn -0.361851 -0.711405 0.602467
vn -0.358566 -0.711222 0.604643
vn -0.278407 -0.711239 0.645468
vn -0.274647 -0.711425 0.646872
vn -0.660753 -0.000000 0.750604
vn -0.509689 -0.000000 0.860359
vn -0.509682 -0.000000 0.860363
vn -0.660747 -0.000000 0.750609
vn 0.000000 -1.000000 0.000000
vn -0.000000 -1.000000 -0.000000
vn 0.000000 -1.000000 0.000000
vn -0.157968 -0.711405 0.684798
vn -0.154171 -0.711222 0.685853
vn -0.065321 -0.711239 0.699909
vn -0.061310 -0.711425 0.700083
vn -0.396464 0.000000 0.918050
vn -0.218877 0.000000 0.975752
vn -0.218870 0.000000 0.975754
vn -0.396457 0.000000 0.918053
vn -0.000000 -1.000000 -0.000000
vn 0.000001 -1.000000 0.000000
vn 0.000000 -1.000000 0.000000
vn 0.061377 -0.711405 0.700097
vn 0.065314 -0.711222 0.699927
vn 0.154160 -0.711239 0.685838
vn 0.158028 -0.711425 0.684764
vn -0.093367 0.000000 0.995632
vn 0.093359 -0.000000 0.995632
vn 0.093367 -0.000000 0.995632
vn -0.093359 0.000000 0.995632
vn 0.000000 -1.000000 0.000000
vn -0.000000 -1.000000 -0.000000
vn 0.000000 -1.000000 0.000000
vn 0.274715 -0.711406 0.646864
vn 0.278407 -0.711222 0.645486
vn 0.358551 -0.711240 0.604632
vn 0.361897 -0.711425 0.602416
vn 0.218870 -0.000000 0.975754
vn 0.396457 0.000000 0.918053
vn 0.396464 0.000000 0.918050
vn 0.218878 -0.000000 0.975752
vn 0.000000 -1.000000 0.000000
vn 0.000000 -1.000000 0.000000
vn 0.000000 -1.000000 0.000000
vn 0.461161 -0.711406 0.530313
vn 0.464246 -0.711222 0.527862
vn 0.527843 -0.711239 0.464241
vn 0.530341 -0.711425 0.461099
vn 0.509683 0.000000 0.860363
vn 0.660747 0.000000 0.750608
vn 0.660753 0.000000 0.750603
vn 0.509689 0.000000 0.860359
vn 0.000000 -1.000000 0.000000
vn 0.000000 -1.000000 0.000000
vn 0.000000 -1.000000 0.000000
vn 0.602467 -0.711406 0.361851
vn 0.604643 -0.711222 0.358566
vn 0.645467 -0.711239 0.278407
vn 0.646872 -0.711425 0.274647
vn 0.750604 -0.000000 0.660753
vn 0.860359 -0.000000 0.509689
vn 0.860363 -0.000000 0.509682
vn 0.750609 -0.000000 0.660747
vn 0.000000 -1.000000 0.000000
vn 0.000000 -1.000000 0.000000
vn 0.000000 -1.000000 0.000000
vn 0.684798 -0.711405 0.157968
vn 0.685853 -0.711222 0.154172
vn 0.699909 -0.711239 0.065320
vn 0.700083 -0.711425 0.061310
vn 0.918050 -0.000000 0.396464
vn 0.975752 0.000000 0.218877
vn 0.975754 0.000000 0.218870
vn 0.918053 -0.000000 0.396457
vn 0.000000 -1.000000 0.000000
vn 0.000000 -1.000000 0.000000
vn 0.000000 -1.000000 0.000000
vn 0.700096 -0.711406 -0.061378
vn 0.699926 -0.711222 -0.065314
vn 0.685838 -0.711239 -0.154160
vn 0.684764 -0.711425 -0.158028
vn 0.995632 -0.000000 0.093367
vn 0.995632 0.000000 -0.093359
vn 0.995632 0.000000 -0.093367
vn 0.995632 -0.000000 0.093359
vn 0.000000 -1.000000 0.000000
vn 0.000000 -1.000000 0.000000
vn 0.000000 -1.000000 0.000000
vn 0.646865 -0.711405 -0.274715
vn 0.645487 -0.711222 -0.278407
vn 0.604632 -0.711239 -0.358551
vn 0.602416 -0.711425 -0.361897
vn 0.975754 -0.000000 -0.218870
vn 0.918053 -0.000000 -0.396457
vn 0.918050 -0.000000 -0.396464
vn 0.975752 -0.000000 -0.218877
vn 0.000000 -1.000000 0.000000
vn 0.000000 -1.000000 0.000000
vn 0.000000 -1.000000 0.000000
vn 0.530313 -0.711405 -0.461162
vn 0.527862 -0.711222 -0.464247
vn 0.464241 -0.711239 -0.527844
vn 0.461099 -0.711425 -0.530342
vn 0.860363 0.000000 -0.509682
vn 0.750609 0.000000 -0.660747
vn 0.750603 0.000000 -0.660753
vn 0.860359 0.000000 -0.509689
vn 0.000000 -1.000000 0.000000
vn 0.000000 -1.000000 0.000000
vn 0.000000 -1.000000 0.000000
vn 0.361851 -0.711406 -0.602466
vn 0.358566 -0.711222 -0.604643
vn 0.278407 -0.711240 -0.645467
vn 0.274647 -0.711425 -0.646872
vn 0.660753 0.000000 -0.750604
vn 0.509689 0.000000 -0.860359
vn 0.509682 0.000000 -0.860363
vn 0.660747 0.000000 -0.750609
vn -0.000001 -1.000000 -0.000000
vn 0.000000 -1.000000 0.000000
vn 0.000000 -1.000000 0.000000
vn 0.157968 -0.711405 -0.684798
vn 0.154172 -0.711222 -0.685853
vn 0.065321 -0.711239 -0.699909
vn 0.061310 -0.711425 -0.700083
vn 0.396464 0.000000 -0.918050
vn 0.218878 -0.000000 -0.975752
vn 0.218870 -0.000000 -0.975754
vn 0.396457 0.000000 -0.918053
vn 0.000001 -1.000000 0.000000
vn 0.000000 -1.000000 0.000000
vn 0.093367 -0.000000 -0.995632
vn -0.093358 -0.000000 -0.995633
vn -0.093366 -0.000000 -0.995632
vn 0.093359 -0.000000 -0.995632
vn -0.000000 1.000000 -0.000000
vn -0.000000 1.000000 -0.000000
vn 0.000000 1.000000 0.000000
vn 0.000000 1.000000 0.000000
vn -0.157967 0.711405 -0.684798
vn -0.154170 0.711222 -0.685853
vn -0.065319 0.711239 -0.699909
vn -0.061309 0.711425 -0.700083
vn -0.278407 0.711239 -0.645468
vn -0.274647 0.711425 -0.646872
vn -0.361851 0.711406 -0.602467
vn -0.358566 0.711222 -0.604643
vn 0.000000 1.000000 0.000000
vn 0.000000 1.000000 0.000000
vn 0.000000 1.000000 0.000000
vn -0.464241 0.711239 -0.527843
vn -0.461099 0.711425 -0.530341
vn -0.530313 0.711405 -0.461162
vn -0.527862 0.711222 -0.464247
vn 0.000000 1.000000 0.000000
vn 0.000000 1.000000 0.000000
vn 0.000000 1.000000 0.000000
vn -0.604632 0.711239 -0.358550
vn -0.602416 0.711425 -0.361897
vn -0.646865 0.711405 -0.274715
vn -0.645487 0.711222 -0.278407
vn 0.000000 1.000000 0.000000
vn 0.000000 1.000000 0.000000
vn 0.000000 1.000000 0.000000
vn -0.685838 0.711239 -0.154160
vn -0.684764 0.711425 -0.158028
vn -0.700096 0.711406 -0.061378
vn -0.699927 0.711222 -0.065314
vn 0.000000 1.000000 0.000000
vn -0.000000 1.000000 -0.000000
vn 0.000000 1.000000 0.000000
vn -0.699908 0.711239 0.065320
vn -0.700082 0.711425 0.061310
vn -0.684798 0.711406 0.157968
vn -0.685853 0.711222 0.154172
vn 0.000000 1.000000 0.000000
vn 0.000000 1.000000 0.000000
vn 0.000000 1.000000 0.000000
vn -0.645468 0.711239 0.278407
vn -0.646872 0.711425 0.274647
vn -0.602467 0.711405 0.361851
vn -0.604643 0.711222 0.358566
vn 0.000000 1.000000 0.000000
vn 0.000000 1.000000 0.000000
vn 0.000000 1.000000 0.000000
vn -0.527843 0.711239 0.464241
vn -0.530341 0.711425 0.461099
vn -0.461161 0.711406 0.530313
vn -0.464247 0.711222 0.527862
vn 0.000000 1.000000 0.000000
vn 0.000000 1.000000 0.000000
vn 0.000000 1.000000 0.000000
vn -0.358551 0.711239 0.604632
vn -0.361897 0.711425 0.602416
vn -0.274716 0.711405 0.646865
vn -0.278407 0.711222 0.645487
vn 0.000000 1.000000 0.000000
vn 0.000000 1.000000 0.000000
vn 0.000000 1.000000 0.000000
vn -0.154160 0.711239 0.685838
vn -0.158028 0.711425 0.684764
vn -0.061377 0.711405 0.700096
vn -0.065314 0.711222 0.699927
vn 0.000000 1.000000 0.000000
vn 0.000000 1.000000 0.000000
vn 0.000000 1.000000 0.000000
vn 0.065320 0.711239 0.699909
vn 0.061310 0.711425 0.700083
vn 0.157968 0.711405 0.684798
vn 0.154171 0.711222 0.685853
vn 0.000000 1.000000 0.000000
vn -0.000000 1.000000 -0.000000
vn 0.000000 1.000000 0.000000
vn 0.278408 0.711239 0.645468
vn 0.274647 0.711425 0.646872
vn 0.361851 0.711405 0.602467
vn 0.358567 0.711222 0.604643
vn -0.000000 1.000000 -0.000000
vn 0.000000 1.000000 0.000000
vn 0.000000 1.000000 0.000000
vn 0.464241 0.711239 0.527844
vn 0.461099 0.711425 0.530341
vn 0.530313 0.711406 0.461162
vn 0.527861 0.711222 0.464247
vn 0.000000 1.000000 0.000000
vn 0.000000 1.000000 0.000000
vn 0.000000 1.000000 0.000000
vn 0.604632 0.711239 0.358550
vn 0.602416 0.711425 0.361897
vn 0.646865 0.711405 0.274715
vn 0.645487 0.711222 0.278407
vn -0.000000 1.000000 -0.000000
vn -0.000000 1.000000 -0.000000
vn 0.000000 1.000000 0.000000
vn 0.685838 0.711239 0.154160
vn 0.684764 0.711425 0.158028
vn 0.700096 0.711405 0.061378
vn 0.699927 0.711222 0.065314
vn 0.000000 1.000000 0.000000
vn 0.000000 1.000000 0.000000
vn 0.000000 1.000000 0.000000
vn 0.699908 0.711240 -0.065320
vn 0.700082 0.711425 -0.061310
vn 0.684798 0.711406 -0.157968
vn 0.685853 0.711222 -0.154172
vn 0.000000 1.000000 0.000000
vn 0.000000 1.000000 0.000000
vn 0.000000 1.000000 0.000000
vn 0.645468 0.711239 -0.278407
vn 0.646873 0.711425 -0.274647
vn 0.602467 0.711405 -0.361851
vn 0.604644 0.711222 -0.358566
vn 0.000000 1.000000 0.000000
vn 0.000000 1.000000 0.000000
vn 0.000000 1.000000 0.000000
vn 0.527844 0.711239 -0.464241
vn 0.530342 0.711425 -0.461099
vn 0.461162 0.711405 -0.530313
vn 0.464247 0.711222 -0.527862
vn 0.000000 1.000000 0.000000
vn -0.000000 1.000000 -0.000000
vn 0.000000 1.000000 0.000000
vn 0.358551 0.711239 -0.604632
vn 0.361897 0.711425 -0.602416
vn 0.274716 0.711405 -0.646864
vn 0.278408 0.711222 -0.645486
vn -0.000000 1.000000 -0.000000
vn -0.000000 1.000000 -0.000000
vn 0.000000 1.000000 0.000000
vn 0.154161 0.711239 -0.685838
vn 0.158029 0.711425 -0.684764
vn 0.061378 0.711405 -0.700096
vn 0.065315 0.711222 -0.699927
vn -0.000000 1.000000 -0.000000
vn 0.000000 1.000000 0.000000
s 1
g flag1 pCylinder4
usemtl initialShadingGroup
f 451/743/827 454/964/828 630/842/829 629/752/830
s 2
f 452/745/831 451/744/832 458/1007/833 457/944/834
s 3
f 453/1004/835 452/745/836 533/848/837 532/746/838
s 2
f 454/747/839 453/748/840 528/843/841 527/749/842
s 1
f 455/750/843 458/751/844 629/752/830 628/757/845
s 2
f 456/754/846 455/753/847 462/1009/848 461/945/849
s 3
f 457/944/850 456/754/851 537/853/852 536/849/853
s 1
f 459/755/854 462/756/855 628/757/845 627/762/856
s 2
f 460/759/857 459/758/858 466/1011/859 465/946/860
s 3
f 461/945/861 460/759/862 541/858/863 540/854/864
s 1
f 463/760/865 466/761/866 627/762/856 626/767/867
s 2
f 464/764/868 463/763/869 470/1013/870 469/947/871
s 3
f 465/946/872 464/764/873 545/863/874 544/859/875
s 1
f 467/765/876 470/766/877 626/767/867 625/772/878
s 2
f 468/769/879 467/768/880 474/1015/881 473/948/882
s 3
f 469/947/883 468/769/884 549/868/885 548/864/886
s 1
f 471/770/887 474/771/888 625/772/878 624/777/889
s 2
f 472/774/890 471/773/891 478/1017/892 477/949/893
s 3
f 473/948/894 472/774/895 553/873/896 552/869/897
s 1
f 475/775/898 478/776/899 624/777/889 623/782/900
s 2
f 476/779/901 475/778/902 482/1019/903 481/950/904
s 3
f 477/949/905 476/779/906 557/878/907 556/874/908
s 1
f 479/780/909 482/781/910 623/782/900 622/787/911
s 2
f 480/784/912 479/783/913 486/1021/914 485/951/915
s 3
f 481/950/916 480/784/917 561/883/918 560/879/919
s 1
f 483/785/920 486/786/921 622/787/911 621/792/922
s 2
f 484/789/923 483/788/924 490/1023/925 489/952/926
s 3
f 485/951/927 484/789/928 565/888/929 564/884/930
s 1
f 487/790/931 490/791/932 621/792/922 620/797/933
s 2
f 488/794/934 487/793/935 494/1025/936 493/953/937
s 3
f 489/952/938 488/794/939 569/893/940 568/889/941
s 1
f 491/795/942 494/796/943 620/797/933 619/802/944
s 2
f 492/799/945 491/798/946 498/1027/947 497/954/948
s 3
f 493/953/949 492/799/950 573/898/951 572/894/952
s 1
f 495/800/953 498/801/954 619/802/944 618/807/955
s 2
f 496/804/956 495/803/957 502/1029/958 501/955/959
s 3
f 497/954/960 496/804/961 577/903/962 576/899/963
s 1
f 499/805/964 502/806/965 618/807/955 617/812/966
s 2
f 500/809/967 499/808/968 506/1031/969 505/956/970
s 3
f 501/955/971 500/809/972 581/908/973 580/904/974
s 1
f 503/810/975 506/811/976 617/812/966 616/817/977
s 2
f 504/814/978 503/813/979 510/1033/980 509/957/981
s 3
f 505/956/982 504/814/983 585/913/984 584/909/985
s 1
f 507/815/986 510/816/987 616/817/977 615/822/988
s 2
f 508/819/989 507/818/990 514/1035/991 513/958/992
s 3
f 509/957/993 508/819/994 589/918/995 588/914/996
s 1
f 511/820/997 514/821/998 615/822/988 614/827/999
s 2
f 512/824/1000 511/823/1001 518/1037/1002 517/959/1003
s 3
f 513/958/1004 512/824/1005 593/923/1006 592/919/1007
s 1
f 515/825/1008 518/826/1009 614/827/999 613/832/1010
s 2
f 516/829/1011 515/828/1012 522/1039/1013 521/960/1014
s 3
f 517/959/1015 516/829/1016 597/928/1017 596/924/1018
s 1
f 519/830/1019 522/831/1020 613/832/1010 612/837/1021
s 2
f 520/834/1022 519/833/1023 526/1041/1024 525/961/1025
s 3
f 521/960/1026 520/834/1027 601/933/1028 600/929/1029
s 1
f 523/835/1030 526/836/1031 612/837/1021 611/841/1032
s 2
f 524/839/1033 523/838/1034 530/1043/1035 529/962/1036
s 3
f 525/961/1037 524/839/1038 605/938/1039 604/934/1040
s 1
f 527/965/1041 530/840/1042 611/841/1032 630/842/829
s 3
f 529/962/1043 528/843/1044 609/847/1045 608/939/1046
s 22
f 531/844/1047 534/966/1048 632/851/1049 631/942/1050
s 23
f 532/963/1051 531/845/1052 610/846/1053 609/847/1054
f 534/1045/1055 533/848/1056 536/849/1057 535/850/1058
s 22
f 535/967/1059 538/968/1060 633/856/1061 632/851/1049
s 23
f 538/852/1062 537/853/1063 540/854/1064 539/855/1065
s 22
f 539/969/1066 542/970/1067 634/861/1068 633/856/1061
s 23
f 542/857/1069 541/858/1070 544/859/1071 543/860/1072
s 22
f 543/971/1073 546/972/1074 635/866/1075 634/861/1068
s 23
f 546/862/1076 545/863/1077 548/864/1078 547/865/1079
s 22
f 547/973/1080 550/974/1081 636/871/1082 635/866/1075
s 23
f 550/867/1083 549/868/1084 552/869/1085 551/870/1086
s 22
f 551/975/1087 554/976/1088 637/876/1089 636/871/1082
s 23
f 554/872/1090 553/873/1091 556/874/1092 555/875/1093
s 22
f 555/977/1094 558/978/1095 638/881/1096 637/876/1089
s 23
f 558/877/1097 557/878/1098 560/879/1099 559/880/1100
s 22
f 559/979/1101 562/980/1102 639/886/1103 638/881/1096
s 23
f 562/882/1104 561/883/1105 564/884/1106 563/885/1107
s 22
f 563/981/1108 566/982/1109 640/891/1110 639/886/1103
s 23
f 566/887/1111 565/888/1112 568/889/1113 567/890/1114
s 22
f 567/983/1115 570/984/1116 641/896/1117 640/891/1110
s 23
f 570/892/1118 569/893/1119 572/894/1120 571/895/1121
s 22
f 571/985/1122 574/986/1123 642/901/1124 641/896/1117
s 23
f 574/897/1125 573/898/1126 576/899/1127 575/900/1128
s 22
f 575/987/1129 578/988/1130 643/906/1131 642/901/1124
s 23
f 578/902/1132 577/903/1133 580/904/1134 579/905/1135
s 22
f 579/989/1136 582/990/1137 644/911/1138 643/906/1131
s 23
f 582/907/1139 581/908/1140 584/909/1141 583/910/1142
s 22
f 583/991/1143 586/992/1144 645/916/1145 644/911/1138
s 23
f 586/912/1146 585/913/1147 588/914/1148 587/915/1149
s 22
f 587/993/1150 590/994/1151 646/921/1152 645/916/1145
s 23
f 590/917/1153 589/918/1154 592/919/1155 591/920/1156
s 22
f 591/995/1157 594/996/1158 647/926/1159 646/921/1152
s 23
f 594/922/1160 593/923/1161 596/924/1162 595/925/1163
s 22
f 595/997/1164 598/998/1165 648/931/1166 647/926/1159
s 23
f 598/927/1167 597/928/1168 600/929/1169 599/930/1170
s 22
f 599/999/1171 602/1000/1172 649/936/1173 648/931/1166
s 23
f 602/932/1174 601/933/1175 604/934/1176 603/935/1177
s 22
f 603/1001/1178 606/1002/1179 650/943/1180 649/936/1173
s 23
f 606/937/1181 605/938/1182 608/939/1183 607/940/1184
s 22
f 607/1003/1185 610/941/1186 631/942/1050 650/943/1180
s 3
f 452/745/836 457/944/850 536/849/853 533/848/837
f 456/754/851 461/945/861 540/854/864 537/853/852
f 460/759/862 465/946/872 544/859/875 541/858/863
f 464/764/873 469/947/883 548/864/886 545/863/874
f 468/769/884 473/948/894 552/869/897 549/868/885
f 472/774/895 477/949/905 556/874/908 553/873/896
f 476/779/906 481/950/916 560/879/919 557/878/907
f 480/784/917 485/951/927 564/884/930 561/883/918
f 484/789/928 489/952/938 568/889/941 565/888/929
f 488/794/939 493/953/949 572/894/952 569/893/940
f 492/799/950 497/954/960 576/899/963 573/898/951
f 496/804/961 501/955/971 580/904/974 577/903/962
f 500/809/972 505/956/982 584/909/985 581/908/973
f 504/814/983 509/957/993 588/914/996 585/913/984
f 508/819/994 513/958/1004 592/919/1007 589/918/995
f 512/824/1005 517/959/1015 596/924/1018 593/923/1006
f 516/829/1016 521/960/1026 600/929/1029 597/928/1017
f 520/834/1027 525/961/1037 604/934/1040 601/933/1028
f 524/839/1038 529/962/1043 608/939/1046 605/938/1039
f 528/843/1044 453/748/835 532/963/838 609/847/1045
s 1
f 458/751/844 451/743/827 629/752/830
f 462/756/855 455/750/843 628/757/845
f 466/761/866 459/755/854 627/762/856
f 470/766/877 463/760/865 626/767/867
f 474/771/888 467/765/876 625/772/878
f 478/776/899 471/770/887 624/777/889
f 482/781/910 475/775/898 623/782/900
f 486/786/921 479/780/909 622/787/911
f 490/791/932 483/785/920 621/792/922
f 494/796/943 487/790/931 620/797/933
f 498/801/954 491/795/942 619/802/944
f 502/806/965 495/800/953 618/807/955
f 506/811/976 499/805/964 617/812/966
f 510/816/987 503/810/975 616/817/977
f 514/821/998 507/815/986 615/822/988
f 518/826/1009 511/820/997 614/827/999
f 522/831/1020 515/825/1008 613/832/1010
f 526/836/1031 519/830/1019 612/837/1021
f 530/840/1042 523/835/1030 611/841/1032
f 454/964/828 527/965/1041 630/842/829
s 22
f 534/966/1048 535/967/1059 632/851/1049
f 538/968/1060 539/969/1066 633/856/1061
f 542/970/1067 543/971/1073 634/861/1068
f 546/972/1074 547/973/1080 635/866/1075
f 550/974/1081 551/975/1087 636/871/1082
f 554/976/1088 555/977/1094 637/876/1089
f 558/978/1095 559/979/1101 638/881/1096
f 562/980/1102 563/981/1108 639/886/1103
f 566/982/1109 567/983/1115 640/891/1110
f 570/984/1116 571/985/1122 641/896/1117
f 574/986/1123 575/987/1129 642/901/1124
f 578/988/1130 579/989/1136 643/906/1131
f 582/990/1137 583/991/1143 644/911/1138
f 586/992/1144 587/993/1150 645/916/1145
f 590/994/1151 591/995/1157 646/921/1152
f 594/996/1158 595/997/1164 647/926/1159
f 598/998/1165 599/999/1171 648/931/1166
f 602/1000/1172 603/1001/1178 649/936/1173
f 606/1002/1179 607/1003/1185 650/943/1180
f 610/941/1186 531/844/1047 631/942/1050
s 2
f 451/744/832 452/745/831 453/1004/840 454/1005/839
f 455/1006/847 456/754/846 457/944/834 458/1007/833
f 459/1008/858 460/759/857 461/945/849 462/1009/848
f 463/1010/869 464/764/868 465/946/860 466/1011/859
f 467/1012/880 468/769/879 469/947/871 470/1013/870
f 471/1014/891 472/774/890 473/948/882 474/1015/881
f 475/1016/902 476/779/901 477/949/893 478/1017/892
f 479/1018/913 480/784/912 481/950/904 482/1019/903
f 483/1020/924 484/789/923 485/951/915 486/1021/914
f 487/1022/935 488/794/934 489/952/926 490/1023/925
f 491/1024/946 492/799/945 493/953/937 494/1025/936
f 495/1026/957 496/804/956 497/954/948 498/1027/947
f 499/1028/968 500/809/967 501/955/959 502/1029/958
f 503/1030/979 504/814/978 505/956/970 506/1031/969
f 507/1032/990 508/819/989 509/957/981 510/1033/980
f 511/1034/1001 512/824/1000 513/958/992 514/1035/991
f 515/1036/1012 516/829/1011 517/959/1003 518/1037/1002
f 519/1038/1023 520/834/1022 521/960/1014 522/1039/1013
f 523/1040/1034 524/839/1033 525/961/1025 526/1041/1024
f 527/1042/842 528/843/841 529/962/1036 530/1043/1035
s 23
f 531/1044/1052 532/746/1051 533/848/1056 534/1045/1055
f 535/850/1058 536/849/1057 537/853/1063 538/1046/1062
f 539/855/1065 540/854/1064 541/858/1070 542/1047/1069
f 543/860/1072 544/859/1071 545/863/1077 546/1048/1076
f 547/865/1079 548/864/1078 549/868/1084 550/1049/1083
f 551/870/1086 552/869/1085 553/873/1091 554/1050/1090
f 555/875/1093 556/874/1092 557/878/1098 558/1051/1097
f 559/880/1100 560/879/1099 561/883/1105 562/1052/1104
f 563/885/1107 564/884/1106 565/888/1112 566/1053/1111
f 567/890/1114 568/889/1113 569/893/1119 570/1054/1118
f 571/895/1121 572/894/1120 573/898/1126 574/1055/1125
f 575/900/1128 576/899/1127 577/903/1133 578/1056/1132
f 579/905/1135 580/904/1134 581/908/1140 582/1057/1139
f 583/910/1142 584/909/1141 585/913/1147 586/1058/1146
f 587/915/1149 588/914/1148 589/918/1154 590/1059/1153
f 591/920/1156 592/919/1155 593/923/1161 594/1060/1160
f 595/925/1163 596/924/1162 597/928/1168 598/1061/1167
f 599/930/1170 600/929/1169 601/933/1175 602/1062/1174
f 603/935/1177 604/934/1176 605/938/1182 606/1063/1181
f 607/940/1184 608/939/1183 609/847/1054 610/1064/1053
s 1
f 611/841/1032 612/837/1021 613/832/1010 614/827/999 615/822/988 616/817/977 617/812/966 618/807/955 619/802/944 620/797/933 621/792/922 622/787/911 623/782/900 624/777/889 625/772/878 626/767/867 627/762/856 628/757/845 629/752/830 630/842/829
s 22
f 631/942/1050 632/851/1049 633/856/1061 634/861/1068 635/866/1075 636/871/1082 637/876/1089 638/881/1096 639/886/1103 640/891/1110 641/896/1117 642/901/1124 643/906/1131 644/911/1138 645/916/1145 646/921/1152 647/926/1159 648/931/1166 649/936/1173 650/943/1180
