# This file uses centimeters as units for non-parametric coordinates.

mtllib point_box.mtl
g default
v -9.934773 1.187204 -34.719921
v -9.934700 1.197206 -34.689086
v -9.934699 1.209724 -34.658864
v -9.934773 1.224449 -34.629998
v -9.934918 1.241021 -34.603199
v -9.965611 1.249832 -34.601850
v -9.996889 1.262261 -34.600420
v -10.028537 1.277969 -34.598925
v -10.059838 1.296415 -34.597401
v -10.089621 1.316672 -34.595902
v -10.087787 1.296140 -34.625529
v -10.085538 1.277325 -34.654947
v -10.083290 1.261114 -34.684702
v -10.081465 1.248212 -34.715462
v -10.080457 1.239154 -34.747964
v -10.054169 1.223063 -34.748332
v -10.025771 1.208808 -34.748793
v -9.995923 1.196693 -34.749335
v -9.965366 1.187000 -34.749944
v -9.934918 1.179964 -34.750605
v -10.181846 1.471374 -34.630007
v -10.196574 1.471374 -34.658878
v -10.209092 1.471374 -34.689099
v -10.219093 1.471374 -34.719928
v -10.226329 1.471374 -34.750605
v -10.219088 1.440690 -34.750750
v -10.209086 1.409855 -34.750823
v -10.196568 1.379633 -34.750824
v -10.181843 1.350767 -34.750750
v -10.165271 1.323969 -34.750605
v -10.156461 1.322619 -34.719912
v -10.144032 1.321190 -34.688634
v -10.128324 1.319695 -34.656986
v -10.109877 1.318171 -34.625685
v -10.109882 1.346460 -34.597405
v -10.128333 1.377766 -34.598931
v -10.144042 1.409415 -34.600426
v -10.156469 1.440689 -34.601854
v -10.165271 1.471374 -34.603199
v -10.219088 1.471519 -38.300124
v -10.209086 1.471593 -38.330959
v -10.196568 1.471593 -38.361181
v -10.181843 1.471519 -38.390047
v -10.165271 1.471374 -38.416846
v -10.156469 1.440689 -38.418191
v -10.144042 1.409415 -38.419618
v -10.128333 1.377766 -38.421114
v -10.109882 1.346460 -38.422640
v -10.089621 1.316672 -38.424142
v -10.110152 1.318506 -38.394516
v -10.128967 1.320755 -38.365098
v -10.145178 1.323002 -38.335343
v -10.158080 1.324827 -38.304583
v -10.167138 1.325836 -38.272081
v -10.183230 1.352123 -38.271713
v -10.197485 1.380521 -38.271252
v -10.209600 1.410370 -38.270710
v -10.219292 1.440927 -38.270101
v -10.226329 1.471374 -38.269440
v -9.934918 1.224446 -38.390037
v -9.934918 1.209718 -38.361167
v -9.934918 1.197200 -38.330945
v -9.934918 1.187200 -38.300117
v -9.934918 1.179964 -38.269440
v -9.965603 1.187204 -38.269295
v -9.996437 1.197206 -38.269221
v -10.026659 1.209724 -38.269221
v -10.055525 1.224449 -38.269295
v -10.082324 1.241021 -38.269440
v -10.083673 1.249832 -38.300132
v -10.085103 1.262261 -38.331411
v -10.086598 1.277969 -38.363059
v -10.088122 1.296415 -38.394360
v -10.059832 1.296411 -38.422640
v -10.028527 1.277960 -38.421114
v -9.996878 1.262250 -38.419618
v -9.965603 1.249824 -38.418191
v -9.934918 1.241021 -38.416846
v -9.965595 1.471374 -34.466430
v -9.996424 1.471374 -34.476431
v -10.026645 1.471374 -34.488949
v -10.055516 1.471374 -34.503677
v -10.082324 1.471374 -34.520252
v -10.083673 1.440682 -34.529062
v -10.085103 1.409403 -34.541492
v -10.086598 1.377755 -34.557199
v -10.088122 1.346455 -34.575646
v -10.059994 1.318506 -34.575371
v -10.030576 1.320755 -34.556556
v -10.000821 1.323002 -34.540345
v -9.970061 1.324827 -34.527443
v -9.937559 1.325836 -34.518385
v -9.937191 1.352123 -34.502293
v -9.936730 1.380521 -34.488038
v -9.936188 1.410370 -34.475923
v -9.935579 1.440927 -34.466231
v -9.934918 1.471374 -34.459194
v -6.385399 1.187204 -34.750750
v -6.354564 1.197206 -34.750823
v -6.324342 1.209724 -34.750824
v -6.295476 1.224449 -34.750750
v -6.268677 1.241021 -34.750605
v -6.267328 1.249832 -34.719912
v -6.265899 1.262261 -34.688634
v -6.264403 1.277969 -34.656986
v -6.262879 1.296415 -34.625685
v -6.261381 1.316672 -34.595902
v -6.291007 1.296140 -34.597736
v -6.320425 1.277325 -34.599985
v -6.350180 1.261114 -34.602233
v -6.380940 1.248212 -34.604058
v -6.413442 1.239154 -34.605066
v -6.413810 1.223063 -34.631354
v -6.414271 1.208808 -34.659752
v -6.414813 1.196693 -34.689600
v -6.415422 1.187000 -34.720157
v -6.416083 1.179964 -34.750605
v -6.295486 1.471374 -34.503677
v -6.324356 1.471374 -34.488949
v -6.354578 1.471374 -34.476431
v -6.385406 1.471374 -34.466430
v -6.416083 1.471374 -34.459194
v -6.416228 1.440690 -34.466435
v -6.416302 1.409855 -34.476437
v -6.416302 1.379633 -34.488955
v -6.416228 1.350767 -34.503680
v -6.416083 1.323969 -34.520252
v -6.385391 1.322619 -34.529062
v -6.354112 1.321190 -34.541492
v -6.322464 1.319695 -34.557199
v -6.291163 1.318171 -34.575646
v -6.262883 1.346460 -34.575641
v -6.264409 1.377766 -34.557190
v -6.265905 1.409415 -34.541481
v -6.267332 1.440689 -34.529054
v -6.268677 1.471374 -34.520252
v -9.934918 5.020887 -34.466430
v -9.934918 5.051715 -34.476431
v -9.934918 5.081937 -34.488949
v -9.934918 5.110807 -34.503677
v -9.934918 5.137616 -34.520252
v -9.965556 5.138963 -34.529059
v -9.996793 5.140391 -34.541487
v -10.028435 5.141886 -34.557197
v -10.059770 5.143411 -34.575648
v -10.089621 5.144913 -34.595902
v -10.087792 5.115418 -34.575358
v -10.085543 5.086001 -34.556547
v -10.083293 5.056176 -34.540344
v -10.081465 5.025346 -34.527447
v -10.080457 4.992850 -34.518385
v -10.054169 4.992483 -34.502293
v -10.025771 4.992022 -34.488038
v -9.995923 4.991480 -34.475923
v -9.965366 4.990870 -34.466231
v -9.934918 4.990210 -34.459194
v -10.181846 5.110807 -34.750605
v -10.196574 5.081937 -34.750605
v -10.209092 5.051715 -34.750605
v -10.219093 5.020887 -34.750605
v -10.226329 4.990210 -34.750605
v -10.219088 4.990065 -34.719921
v -10.209086 4.989991 -34.689086
v -10.196568 4.989991 -34.658864
v -10.181843 4.990065 -34.629998
v -10.165271 4.990210 -34.603199
v -10.156459 5.021057 -34.601848
v -10.144028 5.052455 -34.600417
v -10.128326 5.084125 -34.598921
v -10.109890 5.115326 -34.597398
v -10.109885 5.143412 -34.625624
v -10.128330 5.141887 -34.656894
v -10.144037 5.140392 -34.688550
v -10.156465 5.138963 -34.719866
v -10.165271 5.137616 -34.750605
v -6.131909 1.471374 -34.719928
v -6.141909 1.471374 -34.689099
v -6.154427 1.471374 -34.658878
v -6.169155 1.471374 -34.630007
v -6.185730 1.471374 -34.603199
v -6.194541 1.440682 -34.601850
v -6.206970 1.409403 -34.600420
v -6.222678 1.377755 -34.598925
v -6.241124 1.346455 -34.597401
v -6.240849 1.318506 -34.625529
v -6.222034 1.320755 -34.654947
v -6.205823 1.323002 -34.684702
v -6.192921 1.324827 -34.715462
v -6.183863 1.325836 -34.747964
v -6.167772 1.352123 -34.748332
v -6.153517 1.380521 -34.748793
v -6.141402 1.410370 -34.749335
v -6.131709 1.440927 -34.749944
v -6.124673 1.471374 -34.750605
v -6.416228 1.187204 -38.300124
v -6.416302 1.197206 -38.330959
v -6.416302 1.209724 -38.361181
v -6.416228 1.224449 -38.390047
v -6.416083 1.241021 -38.416846
v -6.385398 1.249824 -38.418191
v -6.354123 1.262250 -38.419618
v -6.322474 1.277960 -38.421114
v -6.291169 1.296411 -38.422640
v -6.261381 1.316672 -38.424142
v -6.263214 1.296140 -38.394516
v -6.265464 1.277325 -38.365098
v -6.267711 1.261114 -38.335343
v -6.269536 1.248212 -38.304583
v -6.270544 1.239154 -38.272081
v -6.296832 1.223063 -38.271713
v -6.325230 1.208808 -38.271252
v -6.355079 1.196693 -38.270710
v -6.385635 1.187000 -38.270101
v -6.416083 1.179964 -38.269440
v -6.240849 1.346298 -38.422309
v -6.222034 1.375717 -38.420059
v -6.205823 1.405471 -38.417812
v -6.192921 1.436232 -38.415987
v -6.183863 1.468734 -38.414979
v -6.167772 1.469102 -38.388691
v -6.153517 1.469562 -38.360293
v -6.141402 1.470104 -38.330444
v -6.131709 1.470714 -38.299888
v -6.124673 1.471374 -38.269440
v -6.131913 1.440690 -38.269295
v -6.141915 1.409855 -38.269221
v -6.154433 1.379633 -38.269221
v -6.169158 1.350767 -38.269295
v -6.185730 1.323969 -38.269440
v -6.194541 1.322619 -38.300132
v -6.206970 1.321190 -38.331411
v -6.222678 1.319695 -38.363059
v -6.241124 1.318171 -38.394360
v -6.131909 5.020887 -34.750605
v -6.141909 5.051715 -34.750605
v -6.154427 5.081937 -34.750605
v -6.169155 5.110807 -34.750605
v -6.185730 5.137616 -34.750605
v -6.194540 5.138965 -34.719912
v -6.206970 5.140395 -34.688634
v -6.222677 5.141890 -34.656986
v -6.241124 5.143414 -34.625685
v -6.261381 5.144913 -34.595902
v -6.240836 5.115418 -34.597731
v -6.222025 5.086001 -34.599980
v -6.205822 5.056176 -34.602230
v -6.192925 5.025346 -34.604058
v -6.183863 4.992850 -34.605066
v -6.167772 4.992483 -34.631354
v -6.153517 4.992022 -34.659752
v -6.141402 4.991480 -34.689600
v -6.131709 4.990870 -34.720157
v -6.124673 4.990210 -34.750605
v -6.291007 5.143079 -34.575371
v -6.320425 5.140830 -34.556556
v -6.350180 5.138582 -34.540345
v -6.380940 5.136757 -34.527443
v -6.413442 5.135749 -34.518385
v -6.413810 5.109461 -34.502293
v -6.414271 5.081063 -34.488038
v -6.414813 5.051214 -34.475923
v -6.415422 5.020658 -34.466231
v -6.416083 4.990210 -34.459194
v -6.385399 4.990065 -34.466435
v -6.354564 4.989991 -34.476437
v -6.324342 4.989991 -34.488955
v -6.295476 4.990065 -34.503680
v -6.268677 4.990210 -34.520252
v -6.267328 5.021004 -34.529061
v -6.265898 5.052361 -34.541490
v -6.264402 5.084023 -34.557195
v -6.262879 5.115259 -34.575636
v -9.934918 5.237138 -34.630007
v -9.934918 5.251866 -34.658878
v -9.934918 5.264385 -34.689099
v -9.934918 5.274385 -34.719928
v -9.934918 5.281621 -34.750605
v -9.965595 5.274385 -34.750605
v -9.996424 5.264385 -34.750605
v -10.026645 5.251866 -34.750605
v -10.055516 5.237138 -34.750605
v -10.082324 5.220563 -34.750605
v -10.083670 5.211760 -34.720023
v -10.085096 5.199334 -34.688828
v -10.086590 5.183620 -34.657194
v -10.088117 5.165164 -34.625822
v -10.059627 5.165166 -34.597412
v -10.028215 5.183632 -34.598942
v -9.996586 5.199349 -34.600437
v -9.965437 5.211771 -34.601859
v -9.934918 5.220563 -34.603199
v -9.934918 5.274385 -38.300117
v -9.934918 5.264385 -38.330945
v -9.934918 5.251866 -38.361167
v -9.934918 5.237138 -38.390037
v -9.934918 5.220563 -38.416846
v -9.965500 5.211760 -38.418191
v -9.996695 5.199334 -38.419618
v -10.028329 5.183620 -38.421112
v -10.059701 5.165164 -38.422639
v -10.089621 5.144912 -38.424142
v -10.087779 5.165423 -38.394317
v -10.085529 5.184245 -38.364896
v -10.083286 5.200469 -38.335247
v -10.081466 5.213378 -38.304593
v -10.080457 5.222430 -38.272081
v -10.054169 5.238522 -38.271713
v -10.025771 5.252777 -38.271252
v -9.995922 5.264892 -38.270710
v -9.965366 5.274585 -38.270101
v -9.934918 5.281621 -38.269440
v -10.181846 4.990210 -38.390037
v -10.196574 4.990210 -38.361167
v -10.209092 4.990210 -38.330945
v -10.219093 4.990210 -38.300117
v -10.226329 4.990210 -38.269440
v -10.219088 5.020894 -38.269295
v -10.209086 5.051729 -38.269221
v -10.196568 5.081951 -38.269221
v -10.181843 5.110817 -38.269295
v -10.165271 5.137616 -38.269440
v -10.156472 5.138959 -38.300070
v -10.144047 5.140385 -38.331304
v -10.128335 5.141880 -38.362946
v -10.109879 5.143407 -38.394286
v -10.109887 5.115259 -38.422644
v -10.128328 5.084023 -38.421121
v -10.144033 5.052361 -38.419625
v -10.156462 5.021004 -38.418195
v -10.165271 4.990210 -38.416846
v -6.295486 5.237138 -34.750605
v -6.324356 5.251866 -34.750605
v -6.354578 5.264385 -34.750605
v -6.385406 5.274385 -34.750605
v -6.416083 5.281621 -34.750605
v -6.416228 5.274381 -34.719921
v -6.416302 5.264379 -34.689086
v -6.416302 5.251861 -34.658864
v -6.416228 5.237135 -34.629998
v -6.416083 5.220563 -34.603199
v -6.385509 5.211768 -34.601858
v -6.354318 5.199344 -34.600433
v -6.322682 5.183630 -34.598939
v -6.291306 5.165168 -34.597410
v -6.262888 5.165168 -34.625828
v -6.264417 5.183630 -34.657204
v -6.265912 5.199344 -34.688839
v -6.267336 5.211768 -34.720031
v -6.268677 5.220563 -34.750605
v -6.131909 4.990210 -38.300117
v -6.141909 4.990210 -38.330945
v -6.154427 4.990210 -38.361167
v -6.169155 4.990210 -38.390037
v -6.185730 4.990210 -38.416846
v -6.194551 5.021064 -38.418201
v -6.206984 5.052466 -38.419634
v -6.222685 5.084135 -38.421130
v -6.241116 5.115332 -38.422650
v -6.261381 5.144912 -38.424142
v -6.240842 5.143082 -38.394582
v -6.222029 5.140832 -38.365164
v -6.205823 5.138584 -38.335374
v -6.192923 5.136757 -38.304579
v -6.183863 5.135749 -38.272081
v -6.167772 5.109461 -38.271713
v -6.153516 5.081063 -38.271252
v -6.141402 5.051214 -38.270710
v -6.131709 5.020658 -38.270101
v -6.124673 4.990210 -38.269440
v -6.291206 5.165423 -38.422300
v -6.320627 5.184245 -38.420051
v -6.350276 5.200469 -38.417808
v -6.380930 5.213378 -38.415987
v -6.413442 5.222430 -38.414979
v -6.413810 5.238522 -38.388691
v -6.414271 5.252777 -38.360293
v -6.414813 5.264892 -38.330444
v -6.415422 5.274585 -38.299888
v -6.416083 5.281621 -38.269440
v -6.385399 5.274381 -38.269295
v -6.354564 5.264379 -38.269221
v -6.324342 5.251861 -38.269221
v -6.295476 5.237135 -38.269295
v -6.268677 5.220563 -38.269440
v -6.267336 5.211768 -38.300014
v -6.265912 5.199344 -38.331205
v -6.264417 5.183630 -38.362841
v -6.262888 5.165168 -38.394217
v -9.934918 5.110807 -38.516368
v -9.934918 5.081937 -38.531096
v -9.934918 5.051715 -38.543614
v -9.934918 5.020887 -38.553614
v -9.934918 4.990210 -38.560850
v -9.965595 4.990210 -38.553614
v -9.996424 4.990210 -38.543614
v -10.026645 4.990210 -38.531096
v -10.055516 4.990210 -38.516368
v -10.082324 4.990210 -38.499793
v -10.083679 5.021064 -38.490973
v -10.085113 5.052466 -38.478539
v -10.086608 5.084135 -38.462838
v -10.088129 5.115332 -38.444407
v -10.059899 5.143412 -38.444407
v -10.028629 5.141887 -38.462852
v -9.996973 5.140392 -38.478559
v -9.965657 5.138963 -38.490987
v -9.934918 5.137616 -38.499793
v -9.934918 1.440698 -38.553614
v -9.934918 1.409869 -38.543614
v -9.934918 1.379647 -38.531096
v -9.934918 1.350777 -38.516368
v -9.934918 1.323969 -38.499793
v -9.965611 1.322619 -38.490983
v -9.996889 1.321190 -38.478553
v -10.028537 1.319695 -38.462845
v -10.059838 1.318171 -38.444399
v -10.087787 1.346298 -38.444674
v -10.085538 1.375717 -38.463489
v -10.083290 1.405471 -38.479700
v -10.081465 1.436232 -38.492602
v -10.080457 1.468734 -38.501660
v -10.054169 1.469102 -38.517751
v -10.025771 1.469562 -38.532007
v -9.995923 1.470104 -38.544122
v -9.965366 1.470714 -38.553814
v -9.934918 1.471374 -38.560850
v -6.295486 4.990210 -38.516368
v -6.324356 4.990210 -38.531096
v -6.354578 4.990210 -38.543614
v -6.385406 4.990210 -38.553614
v -6.416083 4.990210 -38.560850
v -6.416228 5.020894 -38.553610
v -6.416302 5.051729 -38.543608
v -6.416302 5.081951 -38.531090
v -6.416228 5.110817 -38.516365
v -6.416083 5.137616 -38.499793
v -6.385453 5.138959 -38.490994
v -6.354219 5.140385 -38.478569
v -6.322577 5.141880 -38.462857
v -6.291237 5.143407 -38.444401
v -6.262879 5.115259 -38.444409
v -6.264402 5.084023 -38.462850
v -6.265898 5.052361 -38.478554
v -6.267328 5.021004 -38.490984
v -6.268677 4.990210 -38.499793
v -6.291007 1.318506 -38.444674
v -6.320425 1.320755 -38.463489
v -6.350180 1.323002 -38.479700
v -6.380940 1.324827 -38.492602
v -6.413442 1.325836 -38.501660
v -6.413810 1.352123 -38.517751
v -6.414271 1.380521 -38.532007
v -6.414813 1.410370 -38.544122
v -6.415422 1.440927 -38.553814
v -6.416083 1.471374 -38.560850
v -6.385399 1.471519 -38.553610
v -6.354564 1.471593 -38.543608
v -6.324342 1.471593 -38.531090
v -6.295476 1.471519 -38.516365
v -6.268677 1.471374 -38.499793
v -6.267332 1.440689 -38.490990
v -6.265905 1.409415 -38.478564
v -6.264409 1.377766 -38.462855
v -6.262883 1.346460 -38.444404
v -9.965205 1.194453 -34.719003
v -9.965175 1.204767 -34.688131
v -9.965243 1.217672 -34.657925
v -9.965402 1.232830 -34.629005
v -9.996561 1.244591 -34.628069
v -10.027902 1.259414 -34.627198
v -10.058695 1.276830 -34.626387
v -10.057380 1.259000 -34.656188
v -10.056090 1.243751 -34.686509
v -10.054966 1.231639 -34.717189
v -10.026032 1.216944 -34.717631
v -9.995866 1.204448 -34.718234
v -9.995993 1.215235 -34.687382
v -9.996234 1.228746 -34.657167
v -10.027191 1.242656 -34.656598
v -10.026544 1.228344 -34.686849
v -10.173437 1.440634 -34.629151
v -10.188554 1.440557 -34.658533
v -10.201406 1.440531 -34.689078
v -10.211670 1.440576 -34.720045
v -10.201401 1.409574 -34.720112
v -10.188542 1.379076 -34.720121
v -10.173426 1.349833 -34.720064
v -10.161608 1.348935 -34.688842
v -10.146708 1.348085 -34.657427
v -10.129202 1.347279 -34.626546
v -10.146714 1.378049 -34.627413
v -10.161620 1.409411 -34.628285
v -10.177350 1.409367 -34.658179
v -10.190730 1.409411 -34.689034
v -10.177341 1.378628 -34.688960
v -10.163261 1.378295 -34.657813
v -10.211841 1.441089 -38.301041
v -10.201528 1.441121 -38.331913
v -10.188624 1.441054 -38.362119
v -10.173468 1.440897 -38.391038
v -10.161710 1.409740 -38.391972
v -10.146885 1.378399 -38.392843
v -10.129466 1.347603 -38.393655
v -10.147295 1.348916 -38.363855
v -10.162543 1.350206 -38.333535
v -10.174654 1.351328 -38.302856
v -10.189349 1.380263 -38.302414
v -10.201845 1.410429 -38.301811
v -10.191060 1.410303 -38.332663
v -10.177551 1.410065 -38.362876
v -10.163641 1.379108 -38.363445
v -10.177951 1.379753 -38.333195
v -9.965658 1.232856 -38.390894
v -9.965736 1.217739 -38.361512
v -9.965761 1.204887 -38.330967
v -9.965717 1.194622 -38.299999
v -9.996718 1.204892 -38.299933
v -10.027217 1.217750 -38.299924
v -10.056460 1.232867 -38.299981
v -10.057357 1.244685 -38.331203
v -10.058208 1.259585 -38.362618
v -10.059014 1.277090 -38.393498
v -10.028244 1.259579 -38.392631
v -9.996882 1.244673 -38.391760
v -9.996925 1.228942 -38.361866
v -9.996881 1.215562 -38.331011
v -10.027665 1.228952 -38.331085
v -10.027998 1.243032 -38.362232
v -9.966474 1.440894 -34.473671
v -9.997309 1.440826 -34.483981
v -10.027509 1.440758 -34.496889
v -10.056458 1.440697 -34.512056
v -10.057377 1.409543 -34.523817
v -10.058267 1.378259 -34.538645
v -10.059122 1.347572 -34.556062
v -10.029315 1.348873 -34.538232
v -9.998995 1.350163 -34.522982
v -9.968323 1.351299 -34.510870
v -9.967848 1.380123 -34.496170
v -9.967230 1.410235 -34.483667
v -9.998035 1.410012 -34.494448
v -10.028240 1.409773 -34.507963
v -10.028839 1.378900 -34.521881
v -9.998594 1.379544 -34.507567
v -6.384482 1.194453 -34.720318
v -6.353609 1.204767 -34.720348
v -6.323403 1.217672 -34.720280
v -6.294483 1.232830 -34.720121
v -6.293547 1.244591 -34.688962
v -6.292677 1.259414 -34.657622
v -6.291866 1.276830 -34.626828
v -6.321666 1.259000 -34.628143
v -6.351987 1.243751 -34.629433
v -6.382667 1.231639 -34.630557
v -6.383109 1.216944 -34.659491
v -6.383712 1.204448 -34.689657
v -6.352860 1.215235 -34.689530
v -6.322646 1.228746 -34.689289
v -6.322076 1.242656 -34.658332
v -6.352328 1.228344 -34.658979
v -6.294629 1.440634 -34.512086
v -6.324011 1.440557 -34.496969
v -6.354556 1.440531 -34.484117
v -6.385524 1.440576 -34.473853
v -6.385590 1.409574 -34.484122
v -6.385599 1.379076 -34.496981
v -6.385542 1.349833 -34.512097
v -6.354320 1.348935 -34.523915
v -6.322905 1.348085 -34.538815
v -6.292025 1.347279 -34.556321
v -6.292892 1.378049 -34.538809
v -6.293763 1.409411 -34.523903
v -6.323657 1.409367 -34.508173
v -6.354512 1.409411 -34.494793
v -6.354438 1.378628 -34.508182
v -6.323291 1.378295 -34.522262
v -9.965395 5.021760 -34.473670
v -9.965460 5.052598 -34.483979
v -9.965524 5.082803 -34.496886
v -9.965578 5.111754 -34.512053
v -9.996721 5.112682 -34.523812
v -10.028007 5.113587 -34.538640
v -10.058711 5.114464 -34.556057
v -10.057424 5.084658 -34.538229
v -10.056138 5.054312 -34.522983
v -10.055000 5.023612 -34.510873
v -10.026169 5.023130 -34.496170
v -9.996053 5.022512 -34.483666
v -9.996270 5.053326 -34.494446
v -9.996503 5.083543 -34.507959
v -10.027381 5.084158 -34.521878
v -10.026743 5.053894 -34.507565
v -10.173436 5.111690 -34.719837
v -10.188555 5.082318 -34.719765
v -10.201407 5.051771 -34.719746
v -10.211671 5.020789 -34.719797
v -10.201402 5.020741 -34.688787
v -10.188544 5.020748 -34.658281
v -10.173427 5.020823 -34.629036
v -10.161609 5.052099 -34.628122
v -10.146712 5.083524 -34.627264
v -10.129210 5.114361 -34.626459
v -10.146717 5.113472 -34.657219
v -10.161620 5.112579 -34.688590
v -10.177352 5.082707 -34.688556
v -10.190732 5.051846 -34.688611
v -10.177343 5.051950 -34.657817
v -10.163264 5.083105 -34.657472
v -6.139150 1.440894 -34.719049
v -6.149459 1.440826 -34.688214
v -6.162367 1.440758 -34.658014
v -6.177534 1.440697 -34.629065
v -6.189295 1.409543 -34.628146
v -6.204123 1.378259 -34.627256
v -6.221540 1.347572 -34.626401
v -6.203710 1.348873 -34.656209
v -6.188460 1.350163 -34.686528
v -6.176348 1.351299 -34.717200
v -6.161648 1.380123 -34.717675
v -6.149145 1.410235 -34.718293
v -6.159927 1.410012 -34.687488
v -6.173441 1.409773 -34.657283
v -6.187360 1.378900 -34.656684
v -6.173045 1.379544 -34.686929
v -6.385798 1.194452 -38.301041
v -6.385829 1.204765 -38.331913
v -6.385762 1.217668 -38.362119
v -6.385605 1.232825 -38.391038
v -6.354449 1.244583 -38.391972
v -6.323108 1.259408 -38.392843
v -6.292311 1.276826 -38.393655
v -6.293625 1.258998 -38.363855
v -6.294914 1.243749 -38.333535
v -6.296036 1.231639 -38.302856
v -6.324971 1.216943 -38.302414
v -6.355138 1.204447 -38.301811
v -6.355012 1.215232 -38.332663
v -6.354774 1.228741 -38.362876
v -6.323817 1.242652 -38.363445
v -6.324462 1.228341 -38.333195
v -6.221538 1.347156 -38.393216
v -6.203709 1.376957 -38.391902
v -6.188459 1.407278 -38.390611
v -6.176348 1.437958 -38.389488
v -6.161653 1.438400 -38.360554
v -6.149157 1.439003 -38.330387
v -6.139161 1.439773 -38.299726
v -6.149476 1.408900 -38.299697
v -6.162381 1.378694 -38.299765
v -6.177539 1.349774 -38.299924
v -6.189300 1.348837 -38.331083
v -6.204123 1.347967 -38.362423
v -6.187365 1.377366 -38.361712
v -6.173052 1.407618 -38.361065
v -6.159944 1.408151 -38.330515
v -6.173455 1.377936 -38.330756
v -6.139149 5.021761 -34.720122
v -6.149458 5.052602 -34.720051
v -6.162366 5.082809 -34.719981
v -6.177533 5.111763 -34.719921
v -6.189293 5.112694 -34.688760
v -6.204120 5.113600 -34.657471
v -6.221535 5.114472 -34.626783
v -6.203707 5.084665 -34.628078
v -6.188461 5.054316 -34.629370
v -6.176351 5.023614 -34.630516
v -6.161649 5.023133 -34.659344
v -6.149145 5.022515 -34.689460
v -6.159926 5.053332 -34.689232
v -6.173439 5.083553 -34.688989
v -6.187357 5.084168 -34.658109
v -6.173045 5.053900 -34.658758
v -6.291853 5.114041 -34.556055
v -6.321657 5.112712 -34.538228
v -6.351981 5.111408 -34.522979
v -6.382664 5.110271 -34.510869
v -6.383105 5.081347 -34.496174
v -6.383709 5.051180 -34.483678
v -6.384479 5.020510 -34.473683
v -6.353603 5.020494 -34.483997
v -6.323393 5.020573 -34.496901
v -6.294469 5.020740 -34.512058
v -6.293527 5.051934 -34.523818
v -6.292656 5.083279 -34.538641
v -6.322061 5.082550 -34.521885
v -6.352319 5.081882 -34.507573
v -6.352852 5.051330 -34.494465
v -6.322631 5.051590 -34.507975
v -9.965570 5.228734 -34.629162
v -9.965633 5.243855 -34.658433
v -9.965662 5.256713 -34.688916
v -9.965651 5.266975 -34.719867
v -9.996599 5.256712 -34.719849
v -10.027084 5.243851 -34.719872
v -10.056363 5.228726 -34.719925
v -10.057213 5.216908 -34.688751
v -10.058060 5.202001 -34.657404
v -10.058893 5.184488 -34.626606
v -10.028073 5.202007 -34.627454
v -9.996726 5.216918 -34.628310
v -9.996741 5.232656 -34.658042
v -9.996703 5.246044 -34.688802
v -10.027467 5.232652 -34.688752
v -10.027794 5.218563 -34.657702
v -9.965384 5.267144 -38.300999
v -9.965435 5.256835 -38.331823
v -9.965487 5.243929 -38.362006
v -9.965536 5.228762 -38.390946
v -9.996643 5.217001 -38.391837
v -10.027914 5.202168 -38.392704
v -10.058630 5.184744 -38.393540
v -10.057335 5.202579 -38.363736
v -10.056065 5.217834 -38.333465
v -10.054958 5.229948 -38.302844
v -10.026134 5.244647 -38.302374
v -9.996029 5.257149 -38.301757
v -9.996222 5.246368 -38.332538
v -9.996432 5.232854 -38.362714
v -10.027291 5.218933 -38.363289
v -10.026677 5.233249 -38.333084
v -10.173434 5.020998 -38.390902
v -10.188553 5.021059 -38.361506
v -10.201406 5.021072 -38.330956
v -10.211671 5.021018 -38.299991
v -10.201402 5.052025 -38.299917
v -10.188547 5.082521 -38.299900
v -10.173433 5.111754 -38.299950
v -10.161619 5.112660 -38.331154
v -10.146718 5.113525 -38.362572
v -10.129207 5.114357 -38.393481
v -10.146713 5.083621 -38.392632
v -10.161616 5.052256 -38.391769
v -10.177351 5.052270 -38.361852
v -10.190732 5.052206 -38.330988
v -10.177346 5.082987 -38.331050
v -10.163265 5.083343 -38.362205
v -6.294660 5.228732 -34.719918
v -6.324045 5.243847 -34.719825
v -6.354585 5.256699 -34.719787
v -6.385539 5.266963 -34.719820
v -6.385620 5.256696 -34.688830
v -6.385644 5.243840 -34.658337
v -6.385601 5.228726 -34.629094
v -6.354423 5.216910 -34.628219
v -6.323018 5.202007 -34.627383
v -6.292106 5.184494 -34.626588
v -6.292963 5.202009 -34.657384
v -6.293818 5.216917 -34.688735
v -6.323721 5.232646 -34.688666
v -6.354567 5.246026 -34.688688
v -6.354517 5.232640 -34.657915
v -6.323380 5.218558 -34.657605
v -6.139151 5.020709 -38.300999
v -6.149462 5.020797 -38.331844
v -6.162372 5.020885 -38.362054
v -6.177539 5.020963 -38.391012
v -6.189302 5.052175 -38.391950
v -6.204126 5.083469 -38.392848
v -6.221535 5.114111 -38.393699
v -6.203708 5.112790 -38.363886
v -6.188460 5.111475 -38.333546
v -6.176350 5.110312 -38.302851
v -6.161650 5.081498 -38.302375
v -6.149147 5.051382 -38.301757
v -6.159931 5.051640 -38.332578
v -6.173447 5.051914 -38.362801
v -6.187363 5.082796 -38.363409
v -6.173048 5.082114 -38.333143
v -6.291972 5.184749 -38.393122
v -6.321768 5.202581 -38.391814
v -6.352039 5.217835 -38.390545
v -6.382669 5.229949 -38.389452
v -6.383102 5.244641 -38.360518
v -6.383704 5.257137 -38.330360
v -6.384477 5.267133 -38.299712
v -6.353616 5.256820 -38.299665
v -6.323426 5.243918 -38.299716
v -6.294518 5.228762 -38.299860
v -6.293610 5.217003 -38.330970
v -6.292761 5.202174 -38.362298
v -6.322145 5.218930 -38.361608
v -6.352355 5.233242 -38.360994
v -6.352875 5.246351 -38.330456
v -6.322690 5.232843 -38.330666
v -9.965678 5.111718 -38.507957
v -9.965715 5.082455 -38.523080
v -9.965720 5.051960 -38.535939
v -9.965681 5.020981 -38.546203
v -9.996656 5.021030 -38.535938
v -10.027155 5.021039 -38.523075
v -10.056431 5.021019 -38.507948
v -10.057329 5.052293 -38.496127
v -10.058207 5.083663 -38.481227
v -10.059055 5.114391 -38.463727
v -10.028288 5.113515 -38.481235
v -9.996918 5.112621 -38.496140
v -9.996892 5.082911 -38.511878
v -9.996810 5.052131 -38.525268
v -10.027596 5.052237 -38.511873
v -10.027970 5.083310 -38.497786
v -9.965399 1.439819 -38.546373
v -9.965467 1.408983 -38.536064
v -9.965535 1.378783 -38.523156
v -9.965595 1.349834 -38.507989
v -9.996749 1.348915 -38.496228
v -10.028033 1.348024 -38.481400
v -10.058720 1.347170 -38.463983
v -10.057419 1.376977 -38.481813
v -10.056129 1.407297 -38.497063
v -10.054993 1.437969 -38.509174
v -10.026170 1.438445 -38.523875
v -9.996058 1.439063 -38.536378
v -9.996280 1.408257 -38.525596
v -9.996519 1.378052 -38.512082
v -10.027392 1.377452 -38.498163
v -10.026748 1.407698 -38.512478
v -6.294621 5.020998 -38.507956
v -6.324017 5.021059 -38.523075
v -6.354567 5.021072 -38.535928
v -6.385532 5.021018 -38.546192
v -6.385606 5.052025 -38.535924
v -6.385623 5.082521 -38.523068
v -6.385573 5.111754 -38.507955
v -6.354369 5.112660 -38.496140
v -6.322951 5.113525 -38.481240
v -6.292042 5.114357 -38.463729
v -6.292891 5.083621 -38.481235
v -6.293754 5.052256 -38.496138
v -6.323671 5.052270 -38.511873
v -6.354535 5.052206 -38.525254
v -6.354473 5.082987 -38.511868
v -6.323318 5.083343 -38.497787
v -6.291867 1.347603 -38.463988
v -6.321667 1.348917 -38.481817
v -6.351987 1.350206 -38.497065
v -6.382667 1.351328 -38.509176
v -6.383109 1.380263 -38.523871
v -6.383712 1.410429 -38.536367
v -6.384481 1.441089 -38.546362
v -6.353609 1.441121 -38.536049
v -6.323403 1.441054 -38.523146
v -6.294485 1.440897 -38.507990
v -6.293550 1.409740 -38.496231
v -6.292679 1.378400 -38.481407
v -6.322077 1.379109 -38.498163
v -6.352328 1.379753 -38.512473
v -6.352860 1.410304 -38.525582
v -6.322646 1.410065 -38.512073
v -8.174292 1.223756 -34.630676
v -8.174180 1.240088 -34.604133
v -8.176821 1.324902 -34.519318
v -8.176710 1.351445 -34.502987
v -8.176516 1.380077 -34.488497
v -8.176245 1.410113 -34.476180
v -8.175903 1.440808 -34.466333
v -8.175501 1.471374 -34.459194
v -8.175501 4.990210 -34.459194
v -8.175170 5.020772 -34.466331
v -8.174866 5.051465 -34.476177
v -8.174595 5.081500 -34.488493
v -8.174364 5.110134 -34.502985
v -8.174180 5.136683 -34.519318
v -8.175501 5.220563 -34.603199
v -8.175573 5.237137 -34.630003
v -8.175610 5.251863 -34.658871
v -8.175610 5.264381 -34.689093
v -8.175573 5.274383 -34.719924
v -8.175501 5.281621 -34.750605
v -8.175501 5.281621 -38.269440
v -8.175170 5.274485 -38.300002
v -8.174866 5.264638 -38.330695
v -8.174595 5.252322 -38.360730
v -8.174364 5.237830 -38.389364
v -8.174180 5.221497 -38.415912
v -8.175501 5.137616 -38.499793
v -8.175573 5.110812 -38.516367
v -8.175610 5.081944 -38.531093
v -8.175610 5.051722 -38.543611
v -8.175573 5.020890 -38.553612
v -8.175501 4.990210 -38.560850
v -8.175501 1.471374 -38.560850
v -8.175170 1.440812 -38.553714
v -8.174866 1.410119 -38.543868
v -8.174595 1.380084 -38.531551
v -8.174364 1.351450 -38.517060
v -8.174180 1.324902 -38.500726
v -8.175501 1.241021 -38.416846
v -8.175573 1.224448 -38.390042
v -8.175610 1.209721 -38.361174
v -8.175610 1.197203 -38.330952
v -8.175573 1.187202 -38.300121
v -8.175501 1.179964 -38.269440
v -8.175501 1.179964 -34.750605
v -8.175098 1.187102 -34.720039
v -8.174756 1.196950 -34.689343
v -8.174485 1.209266 -34.659308
v -9.965484 1.187102 -36.509620
v -9.934918 1.179964 -36.510022
v -8.175501 1.179964 -36.510022
v -6.416083 1.179964 -36.510022
v -6.385517 1.187102 -36.510425
v -6.354821 1.196950 -36.510767
v -6.324786 1.209266 -36.511038
v -6.296154 1.223756 -36.511231
v -6.269611 1.240088 -36.511343
v -6.184797 1.324902 -36.508702
v -6.168465 1.351445 -36.508813
v -6.153975 1.380077 -36.509007
v -6.141658 1.410113 -36.509278
v -6.131811 1.440808 -36.509620
v -6.124673 1.471374 -36.510022
v -6.124673 4.990210 -36.510022
v -6.131809 5.020772 -36.510353
v -6.141655 5.051465 -36.510657
v -6.153972 5.081500 -36.510928
v -6.168463 5.110134 -36.511159
v -6.184796 5.136683 -36.511343
v -6.268677 5.220563 -36.510022
v -6.295481 5.237137 -36.509950
v -6.324349 5.251863 -36.509913
v -6.354571 5.264381 -36.509913
v -6.385402 5.274383 -36.509950
v -6.416083 5.281621 -36.510022
v -8.175501 5.281621 -36.510022
v -9.934918 5.281621 -36.510022
v -9.965481 5.274485 -36.510353
v -9.996173 5.264638 -36.510657
v -10.026208 5.252322 -36.510928
v -10.054842 5.237830 -36.511159
v -10.081390 5.221497 -36.511343
v -10.165271 5.137616 -36.510022
v -10.181845 5.110812 -36.509950
v -10.196571 5.081944 -36.509913
v -10.209089 5.051722 -36.509913
v -10.219090 5.020890 -36.509950
v -10.226329 4.990210 -36.510022
v -10.226329 1.471374 -36.510022
v -10.219190 1.440808 -36.510425
v -10.209343 1.410113 -36.510767
v -10.197026 1.380077 -36.511038
v -10.182536 1.351445 -36.511231
v -10.166205 1.324902 -36.511343
v -10.081390 1.240088 -36.508702
v -10.054847 1.223756 -36.508813
v -10.026215 1.209266 -36.509007
v -9.996180 1.196950 -36.509278
vt 0.392762 0.003722
vt 0.379166 0.008333
vt 0.383891 0.982399
vt 0.357238 0.017762
vt 0.142762 0.017762
vt 0.378722 0.732238
vt 0.383777 0.767762
vt 0.383333 0.745834
vt 0.392601 0.008891
vt 0.607238 0.982238
vt 0.607238 0.767762
vt 0.616223 0.982238
vt 0.607238 0.008777
vt 0.620834 0.008333
vt 0.392762 0.232238
vt 0.607238 0.232238
vt 0.392762 0.244944
vt 0.369944 0.232238
vt 0.379166 0.245834
vt 0.142762 0.232238
vt 0.621392 0.982399
vt 0.607238 0.755056
vt 0.621278 0.767762
vt 0.616667 0.745834
vt 0.621392 0.732399
vt 0.642762 0.232238
vt 0.857238 0.232238
vt 0.621278 0.267762
vt 0.619944 0.232238
vt 0.620834 0.245834
vt 0.392762 0.255056
vt 0.607238 0.255056
vt 0.392762 0.267762
vt 0.392762 0.482238
vt 0.392762 0.494944
vt 0.378722 0.482238
vt 0.383333 0.495834
vt 0.607238 0.482238
vt 0.616223 0.267762
vt 0.621278 0.517762
vt 0.616223 0.482238
vt 0.616667 0.495834
vt 0.392762 0.505056
vt 0.607238 0.505056
vt 0.383891 0.732399
vt 0.392762 0.517762
vt 0.607399 0.744717
vt 0.392762 0.732238
vt 0.607238 0.732238
vt 0.616223 0.517762
vt 0.616223 0.732238
vt 0.378722 0.982238
vt 0.378608 0.767601
vt 0.607399 0.003608
vt 0.369944 0.017762
vt 0.380056 0.017762
vt 0.380283 0.232399
vt 0.616109 0.767601
vt 0.619944 0.017762
vt 0.630056 0.017762
vt 0.630283 0.232399
vt 0.378722 0.267762
vt 0.383777 0.267762
vt 0.383891 0.482399
vt 0.607399 0.244717
vt 0.621392 0.482399
vt 0.378722 0.517762
vt 0.383777 0.517762
vt 0.607399 0.494717
vt 0.392762 0.755056
vt 0.392762 0.744945
vt 0.392762 0.017762
vt 0.607238 0.017762
vt 0.607238 0.267762
vt 0.607238 0.517762
vt 0.392762 0.767762
vt 0.392762 0.982238
vt 0.642762 0.017762
vt 0.857238 0.017762
vt 0.357238 0.232238
vt 0.426946 0.873882
vt 0.390117 0.012499
vt 0.462109 0.762499
vt 0.390996 0.009563
vt 0.391882 0.006623
vt 0.389678 0.006769
vt 0.386757 0.008811
vt 0.384045 0.009925
vt 0.381514 0.009974
vt 0.378460 0.010869
vt 0.457824 0.762499
vt 0.377689 0.012499
vt 0.431768 0.801466
vt 0.407999 0.879654
vt 0.386472 0.977605
vt 0.388768 0.975103
vt 0.390689 0.975431
vt 0.392031 0.977901
vt 0.367490 0.017750
vt 0.364950 0.017738
vt 0.362365 0.017736
vt 0.359780 0.017744
vt 0.359290 0.015168
vt 0.452207 0.762499
vt 0.361400 0.012499
vt 0.427411 0.834924
vt 0.402837 0.908658
vt 0.404663 0.881699
vt 0.429197 0.808455
vt 0.373926 0.012499
vt 0.456526 0.762499
vt 0.376536 0.011057
vt 0.377148 0.011306
vt 0.375092 0.013002
vt 0.373156 0.014457
vt 0.371450 0.016084
vt 0.140167 0.017112
vt 0.375000 0.733555
vt 0.137499 0.016445
vt 0.376250 0.733118
vt 0.377499 0.732676
vt 0.378828 0.734813
vt 0.379097 0.737347
vt 0.379682 0.739842
vt 0.380889 0.742528
vt 0.378577 0.744480
vt 0.375000 0.756096
vt 0.375000 0.743904
vt 0.376388 0.760013
vt 0.377562 0.763672
vt 0.377874 0.765933
vt 0.377133 0.764226
vt 0.141542 0.012499
vt 0.376394 0.762499
vt 0.142155 0.015161
vt 0.392730 0.757527
vt 0.392719 0.760087
vt 0.392727 0.762683
vt 0.392744 0.765256
vt 0.390976 0.767734
vt 0.389143 0.767714
vt 0.387302 0.767705
vt 0.385498 0.767717
vt 0.381432 0.763415
vt 0.378491 0.758586
vt 0.375000 0.746762
vt 0.375000 0.753238
vt 0.378977 0.746118
vt 0.382549 0.746518
vt 0.383688 0.748318
vt 0.386663 0.750927
vt 0.389787 0.753175
vt 0.390283 0.017768
vt 0.387726 0.017770
vt 0.385142 0.017771
vt 0.382568 0.017769
vt 0.380132 0.016178
vt 0.380077 0.014562
vt 0.379882 0.012943
vt 0.379570 0.011102
vt 0.381986 0.010183
vt 0.384743 0.010509
vt 0.387400 0.010289
vt 0.389984 0.009766
vt 0.392612 0.010633
vt 0.392635 0.012419
vt 0.392667 0.014221
vt 0.392710 0.016015
vt 0.607800 0.978462
vt 0.609003 0.976567
vt 0.610853 0.976654
vt 0.613315 0.978679
vt 0.590837 0.903784
vt 0.566321 0.829515
vt 0.622432 0.012499
vt 0.542218 0.762499
vt 0.621549 0.013716
vt 0.618405 0.018448
vt 0.615939 0.028605
vt 0.613177 0.054668
vt 0.610401 0.039704
vt 0.608249 0.007868
vt 0.609111 0.010905
vt 0.537922 0.762499
vt 0.609974 0.012499
vt 0.573042 0.873805
vt 0.617432 0.017781
vt 0.614860 0.017788
vt 0.612273 0.017786
vt 0.609718 0.017777
vt 0.607242 0.016024
vt 0.607242 0.014235
vt 0.607242 0.012421
vt 0.607241 0.010603
vt 0.609654 0.015071
vt 0.612245 0.019858
vt 0.615045 0.019223
vt 0.617955 0.015734
vt 0.620445 0.012975
vt 0.620131 0.014564
vt 0.619937 0.015592
vt 0.619880 0.016665
vt 0.392712 0.234751
vt 0.392676 0.237333
vt 0.392658 0.239936
vt 0.392674 0.242497
vt 0.384149 0.250351
vt 0.374552 0.256587
vt 0.364742 0.262951
vt 0.361430 0.263660
vt 0.359226 0.261634
vt 0.360338 0.258270
vt 0.366578 0.250169
vt 0.373445 0.241385
vt 0.382661 0.232453
vt 0.385162 0.232443
vt 0.387718 0.232395
vt 0.390270 0.232324
vt 0.341539 0.302527
vt 0.303893 0.337742
vt 0.246280 0.352007
vt 0.266219 0.372995
vt 0.302543 0.291280
vt 0.358122 0.233891
vt 0.360004 0.234589
vt 0.362874 0.234296
vt 0.366260 0.233452
vt 0.354278 0.251042
vt 0.340433 0.268388
vt 0.332498 0.280331
vt 0.341328 0.276465
vt 0.307755 0.308988
vt 0.260119 0.366574
vt 0.252380 0.358428
vt 0.296687 0.337159
vt 0.334678 0.305637
vt 0.640221 0.017743
vt 0.637635 0.017735
vt 0.635053 0.017738
vt 0.632511 0.017751
vt 0.628571 0.016282
vt 0.626874 0.014925
vt 0.624952 0.013736
vt 0.622897 0.012108
vt 0.623524 0.012102
vt 0.543515 0.762499
vt 0.626195 0.012499
vt 0.569270 0.798707
vt 0.592892 0.872671
vt 0.597317 0.909108
vt 0.572702 0.835471
vt 0.638648 0.012499
vt 0.547810 0.762499
vt 0.640727 0.015164
vt 0.607246 0.765259
vt 0.607257 0.762685
vt 0.607265 0.760090
vt 0.607261 0.757529
vt 0.610285 0.753162
vt 0.613440 0.750886
vt 0.616177 0.748438
vt 0.617416 0.746590
vt 0.621007 0.746128
vt 0.625000 0.753235
vt 0.625000 0.746765
vt 0.621515 0.758321
vt 0.618576 0.763032
vt 0.614421 0.767572
vt 0.612648 0.767583
vt 0.610830 0.767624
vt 0.609013 0.767685
vt 0.619159 0.742460
vt 0.620329 0.739941
vt 0.620968 0.737605
vt 0.621269 0.735109
vt 0.622573 0.732776
vt 0.623782 0.733147
vt 0.862501 0.016491
vt 0.625000 0.733509
vt 0.859839 0.017130
vt 0.857864 0.015165
vt 0.623622 0.762499
vt 0.858505 0.012499
vt 0.622835 0.764261
vt 0.622051 0.766025
vt 0.622214 0.764109
vt 0.623422 0.760352
vt 0.625000 0.743898
vt 0.625000 0.756102
vt 0.621296 0.744511
vt 0.697333 0.291213
vt 0.733842 0.372931
vt 0.753659 0.352071
vt 0.696155 0.337706
vt 0.658499 0.302521
vt 0.664562 0.304981
vt 0.702418 0.336413
vt 0.747625 0.358423
vt 0.739876 0.366579
vt 0.691613 0.308631
vt 0.659729 0.277731
vt 0.668950 0.282615
vt 0.659853 0.270585
vt 0.646416 0.253128
vt 0.633882 0.233659
vt 0.637192 0.234491
vt 0.639972 0.234679
vt 0.641851 0.233931
vt 0.638213 0.263427
vt 0.634493 0.262149
vt 0.625771 0.256466
vt 0.616588 0.250479
vt 0.607457 0.242330
vt 0.607448 0.239828
vt 0.607399 0.237273
vt 0.607327 0.234725
vt 0.609754 0.232276
vt 0.612342 0.232307
vt 0.614947 0.232324
vt 0.617507 0.232313
vt 0.626197 0.240714
vt 0.633289 0.249962
vt 0.640222 0.258916
vt 0.640698 0.261775
vt 0.392341 0.257893
vt 0.392208 0.260570
vt 0.392297 0.263089
vt 0.392504 0.265483
vt 0.390687 0.268002
vt 0.388603 0.268214
vt 0.386620 0.268340
vt 0.384932 0.268248
vt 0.347849 0.295501
vt 0.306249 0.327582
vt 0.254172 0.360314
vt 0.258327 0.364688
vt 0.309250 0.310013
vt 0.344292 0.280633
vt 0.340691 0.287890
vt 0.357539 0.277904
vt 0.375777 0.266181
vt 0.392764 0.484716
vt 0.392763 0.487270
vt 0.392761 0.489855
vt 0.392761 0.492427
vt 0.390565 0.494672
vt 0.388243 0.494492
vt 0.385883 0.494427
vt 0.383975 0.494720
vt 0.382859 0.492403
vt 0.383166 0.489666
vt 0.383562 0.487183
vt 0.383845 0.484806
vt 0.385622 0.482386
vt 0.387403 0.482363
vt 0.389211 0.482331
vt 0.391010 0.482289
vt 0.377493 0.517330
vt 0.376248 0.516906
vt 0.137499 0.233509
vt 0.375000 0.516491
vt 0.140161 0.232872
vt 0.141132 0.235852
vt 0.373042 0.485440
vt 0.139457 0.239562
vt 0.374958 0.484359
vt 0.376862 0.483287
vt 0.378828 0.484766
vt 0.379144 0.487240
vt 0.379727 0.489766
vt 0.380915 0.492487
vt 0.378653 0.494489
vt 0.375000 0.506036
vt 0.375000 0.493964
vt 0.376439 0.510244
vt 0.377648 0.514105
vt 0.615061 0.268241
vt 0.613389 0.268347
vt 0.611413 0.268227
vt 0.609325 0.268010
vt 0.607466 0.265465
vt 0.607651 0.263056
vt 0.607741 0.260537
vt 0.607629 0.257875
vt 0.624650 0.266542
vt 0.643008 0.278364
vt 0.657407 0.286435
vt 0.654239 0.279406
vt 0.690770 0.310189
vt 0.741668 0.364693
vt 0.745833 0.360309
vt 0.692564 0.326714
vt 0.651761 0.295252
vt 0.859838 0.232892
vt 0.625000 0.516451
vt 0.862501 0.233549
vt 0.623754 0.516879
vt 0.622508 0.517316
vt 0.622320 0.514158
vt 0.623516 0.510332
vt 0.625000 0.493921
vt 0.625000 0.506079
vt 0.621258 0.494520
vt 0.619156 0.492456
vt 0.620325 0.489919
vt 0.620935 0.487504
vt 0.621291 0.485079
vt 0.623202 0.483392
vt 0.625067 0.484407
vt 0.860538 0.239567
vt 0.626963 0.485435
vt 0.858876 0.235861
vt 0.615984 0.494726
vt 0.614139 0.494354
vt 0.611969 0.494268
vt 0.609717 0.494381
vt 0.607377 0.492265
vt 0.607347 0.489751
vt 0.607313 0.487210
vt 0.607276 0.484691
vt 0.609001 0.482241
vt 0.610815 0.482241
vt 0.612645 0.482240
vt 0.614456 0.482239
vt 0.616287 0.484500
vt 0.616541 0.486912
vt 0.616905 0.489523
vt 0.617153 0.492402
vt 0.392730 0.507527
vt 0.392719 0.510088
vt 0.392727 0.512683
vt 0.392744 0.515257
vt 0.390977 0.517727
vt 0.389142 0.517704
vt 0.387302 0.517695
vt 0.385498 0.517710
vt 0.381414 0.513402
vt 0.378459 0.508553
vt 0.375000 0.496761
vt 0.375000 0.503239
vt 0.379009 0.496113
vt 0.382540 0.496513
vt 0.383667 0.498310
vt 0.386646 0.500924
vt 0.389778 0.503174
vt 0.392764 0.734717
vt 0.392763 0.737270
vt 0.392761 0.739856
vt 0.392761 0.742427
vt 0.390558 0.744671
vt 0.388232 0.744491
vt 0.385875 0.744429
vt 0.383972 0.744725
vt 0.382849 0.742438
vt 0.383153 0.739707
vt 0.383551 0.737214
vt 0.383840 0.734818
vt 0.385623 0.732386
vt 0.387406 0.732362
vt 0.389212 0.732330
vt 0.391009 0.732289
vt 0.614502 0.517710
vt 0.612700 0.517693
vt 0.610859 0.517702
vt 0.609025 0.517726
vt 0.607246 0.515258
vt 0.607257 0.512684
vt 0.607265 0.510089
vt 0.607260 0.507528
vt 0.610254 0.503165
vt 0.613379 0.500898
vt 0.616110 0.498453
vt 0.617371 0.496596
vt 0.620925 0.496120
vt 0.625000 0.503267
vt 0.625000 0.496733
vt 0.621411 0.508705
vt 0.618526 0.513471
vt 0.616012 0.744722
vt 0.614172 0.744348
vt 0.611991 0.744264
vt 0.609725 0.744381
vt 0.607377 0.742265
vt 0.607347 0.739751
vt 0.607313 0.737210
vt 0.607276 0.734691
vt 0.608999 0.732241
vt 0.610813 0.732241
vt 0.612642 0.732240
vt 0.614456 0.732239
vt 0.616288 0.734516
vt 0.616547 0.736943
vt 0.616911 0.739551
vt 0.617156 0.742419
vt 0.425244 0.868771
vt 0.388155 0.012499
vt 0.461433 0.762499
vt 0.388086 0.010713
vt 0.388851 0.008463
vt 0.385738 0.010108
vt 0.383131 0.010924
vt 0.380740 0.011198
vt 0.458548 0.762499
vt 0.379789 0.012499
vt 0.428425 0.743612
vt 0.406897 0.843910
vt 0.410028 0.812974
vt 0.421778 0.857335
vt 0.460732 0.762499
vt 0.386121 0.012499
vt 0.384054 0.012499
vt 0.460019 0.762499
vt 0.459288 0.762499
vt 0.381934 0.012499
vt 0.417849 0.546694
vt 0.368873 0.015745
vt 0.366277 0.015319
vt 0.363863 0.015214
vt 0.361541 0.015187
vt 0.452889 0.762499
vt 0.363377 0.012499
vt 0.426619 0.739090
vt 0.412817 0.812510
vt 0.427372 0.739142
vt 0.371813 0.012499
vt 0.455798 0.762499
vt 0.374508 0.012289
vt 0.372431 0.013070
vt 0.370472 0.013987
vt 0.454321 0.762499
vt 0.367530 0.012499
vt 0.453597 0.762499
vt 0.365430 0.012499
vt 0.412750 0.531239
vt 0.369661 0.012499
vt 0.455056 0.762499
vt 0.139843 0.014830
vt 0.375000 0.735493
vt 0.137499 0.014507
vt 0.375893 0.735679
vt 0.377280 0.735267
vt 0.377132 0.737903
vt 0.377337 0.740126
vt 0.377700 0.742196
vt 0.375000 0.757691
vt 0.375000 0.742309
vt 0.376081 0.760875
vt 0.377032 0.763645
vt 0.376393 0.763102
vt 0.139540 0.012499
vt 0.375704 0.762499
vt 0.375000 0.762499
vt 0.137499 0.012499
vt 0.375000 0.737501
vt 0.375000 0.739071
vt 0.375000 0.760929
vt 0.375000 0.759319
vt 0.375000 0.740681
vt 0.375691 0.761619
vt 0.389483 0.755972
vt 0.389739 0.759210
vt 0.390293 0.762371
vt 0.390665 0.765118
vt 0.388462 0.764948
vt 0.385891 0.764380
vt 0.383384 0.763709
vt 0.380106 0.758578
vt 0.375000 0.748366
vt 0.375000 0.751634
vt 0.379290 0.747600
vt 0.380567 0.749651
vt 0.385636 0.753616
vt 0.386089 0.758035
vt 0.387841 0.762274
vt 0.384189 0.760878
vt 0.375000 0.750000
vt 0.390343 0.016015
vt 0.387922 0.015970
vt 0.385391 0.015982
vt 0.382756 0.016083
vt 0.382824 0.014402
vt 0.382678 0.012895
vt 0.382354 0.011606
vt 0.385163 0.011521
vt 0.387824 0.011269
vt 0.390280 0.010967
vt 0.390405 0.012479
vt 0.390417 0.014199
vt 0.388183 0.014015
vt 0.385701 0.014008
vt 0.385561 0.012581
vt 0.388214 0.012329
vt 0.574266 0.873574
vt 0.575744 0.874078
vt 0.578334 0.877719
vt 0.584913 0.892238
vt 0.559296 0.814820
vt 0.620319 0.012499
vt 0.541489 0.762499
vt 0.619186 0.021213
vt 0.616733 0.033040
vt 0.613419 0.125935
vt 0.610714 0.082257
vt 0.611227 0.103503
vt 0.538612 0.762499
vt 0.611976 0.012499
vt 0.614017 0.012499
vt 0.539316 0.762499
vt 0.540029 0.762499
vt 0.616085 0.012499
vt 0.618205 0.012499
vt 0.540760 0.762499
vt 0.613184 0.350039
vt 0.617254 0.016585
vt 0.614591 0.016322
vt 0.612029 0.016208
vt 0.609595 0.016170
vt 0.609481 0.014595
vt 0.609452 0.013552
vt 0.609531 0.013415
vt 0.612001 0.015817
vt 0.614729 0.016558
vt 0.617621 0.015885
vt 0.617332 0.015404
vt 0.617197 0.015619
vt 0.614288 0.014680
vt 0.611749 0.014490
vt 0.611691 0.013920
vt 0.614388 0.014856
vt 0.389977 0.235050
vt 0.389631 0.237867
vt 0.388621 0.241313
vt 0.386741 0.245542
vt 0.379752 0.249495
vt 0.371378 0.254718
vt 0.362581 0.260475
vt 0.368403 0.252833
vt 0.374256 0.245071
vt 0.379044 0.238245
vt 0.383599 0.236326
vt 0.387115 0.235396
vt 0.386905 0.238038
vt 0.385068 0.242188
vt 0.377682 0.246592
vt 0.382462 0.239787
vt 0.314066 0.325233
vt 0.287863 0.350128
vt 0.247246 0.353023
vt 0.265253 0.371979
vt 0.305500 0.290521
vt 0.310864 0.287386
vt 0.334902 0.265154
vt 0.345103 0.257508
vt 0.324195 0.281557
vt 0.299726 0.309673
vt 0.296972 0.315706
vt 0.261147 0.367656
vt 0.251352 0.357346
vt 0.284935 0.349025
vt 0.249266 0.355150
vt 0.263233 0.369852
vt 0.248245 0.354075
vt 0.264254 0.370927
vt 0.321717 0.280625
vt 0.262197 0.368761
vt 0.250302 0.356241
vt 0.638454 0.015190
vt 0.636130 0.015227
vt 0.633750 0.015348
vt 0.631161 0.015818
vt 0.629592 0.014178
vt 0.627670 0.013352
vt 0.625586 0.012920
vt 0.544239 0.762499
vt 0.628293 0.012499
vt 0.572430 0.730653
vt 0.587131 0.808935
vt 0.573171 0.744350
vt 0.636650 0.012499
vt 0.547121 0.762499
vt 0.546418 0.762499
vt 0.634611 0.012499
vt 0.632544 0.012499
vt 0.545705 0.762499
vt 0.544975 0.762499
vt 0.630429 0.012499
vt 0.587331 0.531253
vt 0.609300 0.765060
vt 0.609622 0.762362
vt 0.610140 0.759258
vt 0.610461 0.756038
vt 0.614545 0.753569
vt 0.619304 0.749825
vt 0.620721 0.747653
vt 0.625000 0.751634
vt 0.625000 0.748366
vt 0.619835 0.758499
vt 0.616630 0.763473
vt 0.614105 0.764199
vt 0.611531 0.764815
vt 0.612103 0.762210
vt 0.613461 0.758361
vt 0.625000 0.750000
vt 0.616070 0.760533
vt 0.622275 0.742135
vt 0.622696 0.740069
vt 0.622896 0.737963
vt 0.622793 0.735386
vt 0.624118 0.735700
vt 0.862501 0.014514
vt 0.625000 0.735486
vt 0.860157 0.014829
vt 0.624299 0.762499
vt 0.860467 0.012499
vt 0.623573 0.763102
vt 0.622892 0.763769
vt 0.623851 0.761037
vt 0.625000 0.742288
vt 0.625000 0.757712
vt 0.625000 0.759323
vt 0.625000 0.740677
vt 0.625000 0.739084
vt 0.625000 0.760916
vt 0.625000 0.762499
vt 0.625000 0.737501
vt 0.862501 0.012499
vt 0.624305 0.761674
vt 0.694577 0.290922
vt 0.734798 0.371925
vt 0.752703 0.353077
vt 0.712855 0.350698
vt 0.685921 0.325186
vt 0.713906 0.347986
vt 0.748652 0.357341
vt 0.738849 0.367661
vt 0.703619 0.316620
vt 0.702454 0.312638
vt 0.673983 0.284211
vt 0.655012 0.260558
vt 0.666384 0.270373
vt 0.688443 0.287666
vt 0.751715 0.354118
vt 0.735786 0.370884
vt 0.736791 0.369826
vt 0.750710 0.355176
vt 0.749681 0.356258
vt 0.737820 0.368744
vt 0.674988 0.290431
vt 0.637231 0.260457
vt 0.628888 0.254970
vt 0.620570 0.249632
vt 0.613430 0.245427
vt 0.611443 0.241158
vt 0.610467 0.237779
vt 0.610091 0.234972
vt 0.612959 0.235283
vt 0.616528 0.236242
vt 0.620979 0.238057
vt 0.625423 0.244735
vt 0.631112 0.252489
vt 0.622277 0.246538
vt 0.615007 0.242140
vt 0.613161 0.237956
vt 0.617531 0.239691
vt 0.373626 0.270854
vt 0.377740 0.270529
vt 0.383786 0.268521
vt 0.387334 0.268266
vt 0.381343 0.271688
vt 0.370199 0.279274
vt 0.357377 0.288453
vt 0.317511 0.318136
vt 0.255202 0.361398
vt 0.257297 0.363604
vt 0.301326 0.320232
vt 0.307406 0.318315
vt 0.348201 0.288737
vt 0.358123 0.284467
vt 0.376484 0.273026
vt 0.353220 0.290262
vt 0.256250 0.362501
vt 0.390965 0.484644
vt 0.390874 0.487049
vt 0.390783 0.489546
vt 0.390704 0.492122
vt 0.388550 0.491905
vt 0.386420 0.491864
vt 0.384437 0.492010
vt 0.384873 0.489390
vt 0.385218 0.486908
vt 0.385480 0.484602
vt 0.387245 0.484537
vt 0.389092 0.484556
vt 0.388862 0.486774
vt 0.388667 0.489193
vt 0.386698 0.489184
vt 0.386935 0.486683
vt 0.376741 0.514237
vt 0.375784 0.514240
vt 0.137499 0.235471
vt 0.375000 0.514529
vt 0.139309 0.235703
vt 0.374003 0.486451
vt 0.138496 0.238551
vt 0.375445 0.485958
vt 0.377121 0.485313
vt 0.377295 0.487589
vt 0.377412 0.490039
vt 0.377772 0.492176
vt 0.375000 0.507644
vt 0.375000 0.492356
vt 0.375846 0.510867
vt 0.375000 0.489096
vt 0.375000 0.510904
vt 0.375000 0.487501
vt 0.375000 0.512499
vt 0.137499 0.237501
vt 0.375713 0.487861
vt 0.375000 0.509286
vt 0.375000 0.490714
vt 0.642796 0.288561
vt 0.629811 0.279226
vt 0.618773 0.271756
vt 0.612531 0.268151
vt 0.615587 0.268014
vt 0.621266 0.269720
vt 0.625570 0.270203
vt 0.652590 0.289336
vt 0.689529 0.315813
vt 0.697589 0.319353
vt 0.742699 0.363608
vt 0.744802 0.361394
vt 0.681681 0.317569
vt 0.649097 0.291969
vt 0.623031 0.272604
vt 0.637722 0.281171
vt 0.743751 0.362501
vt 0.860716 0.235728
vt 0.625000 0.514508
vt 0.862501 0.235492
vt 0.624238 0.514197
vt 0.623261 0.514238
vt 0.624117 0.510958
vt 0.625000 0.492309
vt 0.625000 0.507691
vt 0.622268 0.492134
vt 0.622695 0.490047
vt 0.622774 0.487660
vt 0.622963 0.485433
vt 0.624565 0.485986
vt 0.861510 0.238545
vt 0.625991 0.486457
vt 0.625000 0.487501
vt 0.862501 0.237501
vt 0.625000 0.512499
vt 0.625000 0.510921
vt 0.625000 0.489079
vt 0.625000 0.490694
vt 0.625000 0.509306
vt 0.624349 0.487890
vt 0.615559 0.492003
vt 0.613615 0.491814
vt 0.611548 0.491797
vt 0.609435 0.491964
vt 0.609327 0.489427
vt 0.609213 0.486946
vt 0.609089 0.484560
vt 0.610960 0.484444
vt 0.612812 0.484396
vt 0.614594 0.484434
vt 0.614828 0.486781
vt 0.615140 0.489332
vt 0.613336 0.489123
vt 0.611397 0.489118
vt 0.611195 0.486682
vt 0.613102 0.486592
vt 0.389479 0.505975
vt 0.389743 0.509208
vt 0.390296 0.512362
vt 0.390668 0.515106
vt 0.388462 0.514929
vt 0.385886 0.514359
vt 0.383372 0.513688
vt 0.380090 0.508556
vt 0.375000 0.498365
vt 0.375000 0.501635
vt 0.379284 0.497593
vt 0.380544 0.499642
vt 0.385626 0.503617
vt 0.386096 0.508037
vt 0.387842 0.512259
vt 0.384181 0.510858
vt 0.375000 0.500000
vt 0.390964 0.734644
vt 0.390873 0.737050
vt 0.390780 0.739548
vt 0.390701 0.742124
vt 0.388544 0.741911
vt 0.386413 0.741875
vt 0.384428 0.742030
vt 0.384863 0.739411
vt 0.385211 0.736922
vt 0.385477 0.734607
vt 0.387244 0.734538
vt 0.389092 0.734556
vt 0.388861 0.736775
vt 0.388663 0.739196
vt 0.386692 0.739194
vt 0.386932 0.736687
vt 0.616660 0.513664
vt 0.614137 0.514329
vt 0.611551 0.514905
vt 0.609314 0.515106
vt 0.609632 0.512388
vt 0.610147 0.509251
vt 0.610443 0.506022
vt 0.614477 0.503567
vt 0.619208 0.499838
vt 0.620635 0.497653
vt 0.625000 0.501651
vt 0.625000 0.498349
vt 0.619814 0.508658
vt 0.616072 0.510615
vt 0.612112 0.512264
vt 0.613493 0.508316
vt 0.625000 0.500000
vt 0.615577 0.742011
vt 0.613633 0.741819
vt 0.611559 0.741800
vt 0.609439 0.741966
vt 0.609328 0.739429
vt 0.609213 0.736948
vt 0.609088 0.734561
vt 0.610959 0.734445
vt 0.612812 0.734399
vt 0.614596 0.734441
vt 0.614834 0.736794
vt 0.615150 0.739345
vt 0.613344 0.739130
vt 0.611400 0.739121
vt 0.611196 0.736684
vt 0.613105 0.736598
vt 0.500066 0.007246
vt 0.500081 0.003665
vt 0.499919 0.008834
vt 0.499926 0.010618
vt 0.499938 0.012420
vt 0.499955 0.014228
vt 0.499976 0.016020
vt 0.500000 0.017762
vt 0.500000 0.232238
vt 0.500019 0.234738
vt 0.500037 0.237303
vt 0.500053 0.239882
vt 0.500066 0.242413
vt 0.500081 0.244830
vt 0.500000 0.255056
vt 0.499985 0.257884
vt 0.499974 0.260554
vt 0.499974 0.263072
vt 0.499985 0.265474
vt 0.500000 0.267762
vt 0.500000 0.482238
vt 0.500020 0.484704
vt 0.500038 0.487240
vt 0.500054 0.489803
vt 0.500069 0.492346
vt 0.500081 0.494830
vt 0.500000 0.505056
vt 0.499995 0.507528
vt 0.499992 0.510088
vt 0.499992 0.512684
vt 0.499995 0.515257
vt 0.500000 0.517762
vt 0.500000 0.732238
vt 0.500020 0.734704
vt 0.500038 0.737240
vt 0.500054 0.739803
vt 0.500069 0.742346
vt 0.500081 0.744831
vt 0.500000 0.755056
vt 0.499995 0.757528
vt 0.499992 0.760089
vt 0.499992 0.762684
vt 0.499995 0.765257
vt 0.500000 0.767762
vt 0.500000 0.982238
vt 0.499994 0.873843
vt 0.500045 0.012499
vt 0.500016 0.762499
vt 0.500053 0.010234
vt 0.391504 0.872818
vt 0.392762 0.875000
vt 0.500000 0.875000
vt 0.607238 0.875000
vt 0.608407 0.873074
vt 0.609916 0.872096
vt 0.611750 0.872119
vt 0.613868 0.873125
vt 0.616166 0.874919
vt 0.621335 0.875081
vt 0.609684 0.837567
vt 0.597768 0.799866
vt 0.748577 0.012499
vt 0.585716 0.762499
vt 0.749295 0.015165
vt 0.750000 0.017762
vt 0.750000 0.232238
vt 0.778104 0.263537
vt 0.680402 0.429183
vt 0.807099 0.295819
vt 0.660611 0.411056
vt 0.640851 0.392957
vt 0.621335 0.375081
vt 0.616223 0.375000
vt 0.614759 0.375240
vt 0.613017 0.375294
vt 0.611114 0.375234
vt 0.609163 0.375126
vt 0.607238 0.375000
vt 0.500000 0.375000
vt 0.392762 0.375000
vt 0.390849 0.375146
vt 0.388907 0.375272
vt 0.387011 0.375351
vt 0.385277 0.375317
vt 0.383834 0.375081
vt 0.378722 0.375000
vt 0.359201 0.392907
vt 0.339426 0.411050
vt 0.192869 0.295785
vt 0.319630 0.429217
vt 0.221837 0.263566
vt 0.250000 0.232238
vt 0.250000 0.017762
vt 0.250722 0.015165
vt 0.414301 0.762499
vt 0.251471 0.012499
vt 0.402272 0.799575
vt 0.390355 0.837295
vt 0.378665 0.874919
vt 0.383834 0.875081
vt 0.385985 0.872661
vt 0.388035 0.871404
vt 0.389916 0.871572
vn -0.002817 -0.739924 0.672685
vn -0.003940 -0.872279 0.488993
vn -0.000151 -0.873019 0.487686
vn -0.000032 -0.740230 0.672354
vn -0.003926 -0.908788 0.417239
vn -0.000130 -0.909549 0.415597
vn -0.003858 -0.938783 0.344488
vn -0.000089 -0.939395 0.342836
vn -0.003810 -0.963271 0.268505
vn -0.000043 -0.963644 0.267190
vn -0.004008 -0.999984 0.004002
vn -0.000000 -0.999992 0.003988
vn -0.578319 -0.576604 0.577126
vn -0.416120 -0.708153 0.570407
vn -0.420961 -0.572114 0.703901
vn -0.352518 -0.713099 0.605988
vn -0.359954 -0.610271 0.705693
vn -0.286328 -0.721317 0.630649
vn -0.292472 -0.635039 0.714972
vn -0.213601 -0.729035 0.650294
vn -0.217459 -0.652693 0.725744
vn -0.002930 -0.672001 0.740545
vn -0.672000 -0.740545 0.002931
vn -0.652604 -0.725807 0.217515
vn -0.729284 -0.649921 0.213888
vn -0.739927 -0.672681 0.002822
vn -0.634914 -0.715062 0.292524
vn -0.721797 -0.629904 0.286759
vn -0.610155 -0.705775 0.359990
vn -0.713818 -0.604784 0.353129
vn -0.572053 -0.703954 0.420956
vn -0.709119 -0.568687 0.416828
vn -0.266233 -0.963901 0.003974
vn -0.267192 -0.963643 -0.000043
vn -0.003988 -0.999992 -0.000000
vn -0.341536 -0.939860 0.003974
vn -0.342833 -0.939397 -0.000089
vn -0.414280 -0.910141 0.003935
vn -0.415596 -0.909549 -0.000130
vn -0.486643 -0.873593 0.003840
vn -0.487688 -0.873018 -0.000151
vn -0.672354 -0.740230 -0.000032
vn -0.999990 -0.002020 0.004043
vn -0.962895 -0.002014 0.269870
vn -0.962917 0.001996 0.269790
vn -0.999990 0.002038 0.004031
vn -0.938211 -0.002023 0.346058
vn -0.938220 0.001996 0.346033
vn -0.908122 -0.002011 0.418701
vn -0.908110 0.001980 0.418727
vn -0.871686 -0.001957 0.490062
vn -0.871643 0.001935 0.490138
vn -0.740560 -0.001389 0.671988
vn -0.740137 0.001418 0.672454
vn -0.872291 -0.488970 0.004009
vn -0.873017 -0.487690 0.000151
vn -0.740231 -0.672353 0.000032
vn -0.908801 -0.417211 0.004075
vn -0.909547 -0.415600 0.000130
vn -0.938790 -0.344465 0.004058
vn -0.939396 -0.342834 0.000089
vn -0.963269 -0.268508 0.004009
vn -0.963644 -0.267190 0.000043
vn -0.999998 -0.002011 0.000000
vn -0.728119 -0.214168 0.651134
vn -0.651591 -0.213830 0.727809
vn -0.671966 -0.001420 0.740581
vn -0.719393 -0.285315 0.633301
vn -0.634167 -0.284832 0.718820
vn -0.711743 -0.349865 0.609111
vn -0.610436 -0.349221 0.710924
vn -0.708399 -0.414282 0.571438
vn -0.573225 -0.413595 0.707356
vn -0.740136 -0.001415 -0.672456
vn -0.871635 -0.001902 -0.490152
vn -0.871686 0.001958 -0.490061
vn -0.740560 0.001390 -0.671988
vn -0.908102 -0.001907 -0.418745
vn -0.908122 0.002012 -0.418701
vn -0.938217 -0.001896 -0.346042
vn -0.938211 0.002024 -0.346058
vn -0.962918 -0.001896 -0.269789
vn -0.962895 0.002015 -0.269870
vn -0.999990 -0.002021 -0.004030
vn -0.999990 0.002033 -0.004043
vn -0.576617 -0.578304 -0.577128
vn -0.708161 -0.416105 -0.570407
vn -0.572141 -0.420954 -0.703884
vn -0.713099 -0.352525 -0.605984
vn -0.610286 -0.359956 -0.705679
vn -0.721311 -0.286333 -0.630653
vn -0.635039 -0.292478 -0.714970
vn -0.729034 -0.213587 -0.650300
vn -0.652688 -0.217457 -0.725748
vn -0.671745 -0.001472 -0.740781
vn -0.740545 -0.672000 -0.002931
vn -0.725810 -0.652599 -0.217519
vn -0.649921 -0.729283 -0.213890
vn -0.672682 -0.739926 -0.002822
vn -0.715068 -0.634906 -0.292528
vn -0.629904 -0.721796 -0.286759
vn -0.705782 -0.610144 -0.359994
vn -0.604784 -0.713818 -0.353128
vn -0.703965 -0.572034 -0.420963
vn -0.568690 -0.709116 -0.416827
vn -0.004005 -0.999984 -0.004042
vn -0.003995 -0.962889 -0.269870
vn 0.000000 -0.962899 -0.269862
vn 0.000000 -0.999992 -0.004043
vn -0.004012 -0.938200 -0.346069
vn 0.000000 -0.938215 -0.346054
vn -0.003987 -0.908116 -0.418701
vn -0.000000 -0.908122 -0.418705
vn -0.003881 -0.871695 -0.490034
vn -0.000000 -0.871677 -0.490080
vn -0.002769 -0.740777 -0.671745
vn -0.000000 -0.740489 -0.672068
vn -0.214168 -0.728119 -0.651133
vn -0.213828 -0.651593 -0.727808
vn -0.002797 -0.671740 -0.740782
vn -0.285314 -0.719393 -0.633300
vn -0.284831 -0.634172 -0.718817
vn -0.349863 -0.711744 -0.609111
vn -0.349220 -0.610439 -0.710922
vn -0.414283 -0.708399 -0.571437
vn -0.413596 -0.573227 -0.707354
vn -0.487706 -0.002082 0.873005
vn -0.487903 0.001842 0.872896
vn -0.671745 0.001472 0.740781
vn -0.415658 -0.002062 0.909519
vn -0.415901 0.001893 0.909408
vn -0.342892 -0.002001 0.939373
vn -0.343205 0.001934 0.939259
vn -0.267203 -0.001950 0.963638
vn -0.267610 0.001963 0.963525
vn -0.003986 -0.002021 0.999990
vn -0.004037 0.002023 0.999990
vn -0.003943 -0.266229 0.963902
vn 0.000043 -0.267190 0.963644
vn 0.000000 -0.002011 0.999998
vn -0.003933 -0.341542 0.939858
vn 0.000089 -0.342836 0.939395
vn -0.003899 -0.414288 0.910138
vn 0.000130 -0.415598 0.909549
vn -0.003821 -0.486648 0.873590
vn 0.000151 -0.487687 0.873019
vn 0.000032 -0.672353 0.740231
vn 0.672685 -0.739923 0.002817
vn 0.488994 -0.872278 0.003940
vn 0.487688 -0.873018 0.000151
vn 0.672354 -0.740230 0.000032
vn 0.417237 -0.908789 0.003926
vn 0.415596 -0.909549 0.000130
vn 0.344484 -0.938784 0.003858
vn 0.342833 -0.939396 0.000089
vn 0.268508 -0.963270 0.003810
vn 0.267192 -0.963643 0.000043
vn 0.004003 -0.999984 0.004008
vn 0.003988 -0.999992 0.000000
vn 0.577128 -0.576603 0.578319
vn 0.570410 -0.708150 0.416121
vn 0.703903 -0.572112 0.420961
vn 0.605986 -0.713099 0.352520
vn 0.705692 -0.610271 0.359956
vn 0.630648 -0.721318 0.286328
vn 0.714972 -0.635040 0.292471
vn 0.650294 -0.729035 0.213603
vn 0.725744 -0.652692 0.217461
vn 0.740544 -0.672001 0.002930
vn 0.002931 -0.740544 0.672001
vn 0.217514 -0.725808 0.652602
vn 0.213888 -0.649922 0.729283
vn 0.002822 -0.672681 0.739927
vn 0.292521 -0.715063 0.634914
vn 0.286756 -0.629905 0.721797
vn 0.359988 -0.705776 0.610155
vn 0.353129 -0.604784 0.713818
vn 0.420956 -0.703956 0.572050
vn 0.416829 -0.568690 0.709116
vn 0.004043 -0.002020 0.999990
vn 0.269872 -0.002014 0.962894
vn 0.269790 0.001896 0.962917
vn 0.004030 0.002021 0.999990
vn 0.346057 -0.002023 0.938211
vn 0.346041 0.001896 0.938218
vn 0.418700 -0.002011 0.908122
vn 0.418742 0.001907 0.908103
vn 0.490061 -0.001957 0.871686
vn 0.490151 0.001901 0.871635
vn 0.671989 -0.001389 0.740560
vn 0.672456 0.001415 0.740135
vn 0.651133 -0.214168 0.728119
vn 0.727809 -0.213829 0.651591
vn 0.740581 -0.001420 0.671966
vn 0.633300 -0.285314 0.719394
vn 0.718820 -0.284832 0.634168
vn 0.609111 -0.349864 0.711744
vn 0.710924 -0.349221 0.610435
vn 0.571436 -0.414282 0.708401
vn 0.707356 -0.413594 0.573225
vn -0.002796 0.671739 0.740783
vn -0.003957 0.488911 0.872325
vn -0.000151 0.487675 0.873025
vn -0.000032 0.672018 0.740535
vn -0.003943 0.417232 0.908791
vn -0.000130 0.415605 0.909545
vn -0.003869 0.344520 0.938771
vn -0.000088 0.342839 0.939394
vn -0.003815 0.268551 0.963258
vn -0.000042 0.267173 0.963648
vn -0.000000 0.002011 0.999998
vn -0.575578 0.580604 0.575855
vn -0.412434 0.574922 0.706656
vn -0.413309 0.709338 0.570978
vn -0.349005 0.611365 0.710231
vn -0.349684 0.712065 0.608838
vn -0.285157 0.634553 0.718351
vn -0.285743 0.719413 0.633084
vn -0.214307 0.651638 0.727627
vn -0.214756 0.728052 0.651015
vn -0.002768 0.740777 0.671745
vn -0.652687 0.216956 0.725899
vn -0.729264 0.213349 0.650121
vn -0.634823 0.291756 0.715456
vn -0.721722 0.286166 0.630259
vn -0.609666 0.359773 0.706308
vn -0.713627 0.353148 0.604999
vn -0.570934 0.422136 0.704156
vn -0.708508 0.417964 0.568615
vn -0.962889 0.269868 0.003993
vn -0.962899 0.269862 -0.000000
vn -0.999998 0.002039 -0.000000
vn -0.938201 0.346066 0.004006
vn -0.938216 0.346051 -0.000000
vn -0.908116 0.418700 0.003979
vn -0.908122 0.418706 0.000000
vn -0.871694 0.490036 0.003873
vn -0.871678 0.490080 0.000000
vn -0.740777 0.671745 0.002768
vn -0.740490 0.672068 0.000000
vn -0.727967 0.651294 0.214195
vn -0.650998 0.728175 0.214390
vn -0.671736 0.740785 0.002803
vn -0.718935 0.633819 0.285317
vn -0.632890 0.719687 0.285484
vn -0.710917 0.610123 0.349782
vn -0.608336 0.712422 0.349833
vn -0.707210 0.573177 0.413911
vn -0.570021 0.709611 0.414159
vn 0.873004 -0.002082 0.487708
vn 0.872895 0.001841 0.487905
vn 0.740781 0.001472 0.671745
vn 0.909519 -0.002062 0.415657
vn 0.909408 0.001892 0.415900
vn 0.939373 -0.002001 0.342891
vn 0.939259 0.001933 0.343203
vn 0.963638 -0.001950 0.267202
vn 0.963526 0.001963 0.267609
vn 0.999990 -0.002022 0.003986
vn 0.999990 0.002023 0.004037
vn 0.963902 -0.266228 0.003943
vn 0.963644 -0.267190 -0.000043
vn 0.999998 -0.002011 -0.000000
vn 0.939858 -0.341542 0.003934
vn 0.939396 -0.342834 -0.000089
vn 0.910136 -0.414291 0.003899
vn 0.909547 -0.415600 -0.000130
vn 0.873588 -0.486651 0.003821
vn 0.873017 -0.487690 -0.000151
vn 0.740231 -0.672353 -0.000032
vn 0.577337 -0.577349 -0.577365
vn 0.416107 -0.708161 -0.570407
vn 0.420959 -0.572060 -0.703947
vn 0.352524 -0.713099 -0.605984
vn 0.359996 -0.610159 -0.705768
vn 0.286333 -0.721311 -0.630653
vn 0.292533 -0.634907 -0.715064
vn 0.213586 -0.729034 -0.650301
vn 0.217513 -0.652595 -0.725815
vn 0.002796 -0.740069 -0.672526
vn 0.002944 -0.671829 -0.740701
vn 0.672000 -0.740545 -0.002931
vn 0.652600 -0.725810 -0.217518
vn 0.729034 -0.650295 -0.213601
vn 0.739925 -0.672684 -0.002817
vn 0.634907 -0.715067 -0.292528
vn 0.721314 -0.630652 -0.286328
vn 0.610144 -0.705782 -0.359994
vn 0.713096 -0.605990 -0.352519
vn 0.572035 -0.703963 -0.420966
vn 0.708151 -0.570408 -0.416121
vn 0.740782 -0.001473 -0.671744
vn 0.725813 -0.217510 -0.652599
vn 0.650303 -0.213583 -0.729032
vn 0.672456 -0.001415 -0.740135
vn 0.715058 -0.292529 -0.634917
vn 0.630656 -0.286331 -0.721310
vn 0.705762 -0.359990 -0.610170
vn 0.605989 -0.352522 -0.713096
vn 0.703938 -0.420950 -0.572078
vn 0.570409 -0.416107 -0.708159
vn 0.999990 -0.002018 -0.004037
vn 0.963525 -0.001978 -0.267611
vn 0.963639 0.001950 -0.267202
vn 0.999990 0.002021 -0.003986
vn 0.939259 -0.001954 -0.343202
vn 0.939373 0.002001 -0.342890
vn 0.909410 -0.001911 -0.415896
vn 0.909520 0.002061 -0.415655
vn 0.872897 -0.001852 -0.487900
vn 0.873004 0.002080 -0.487708
vn 0.740580 0.001421 -0.671966
vn 0.740783 0.671739 0.002796
vn 0.872327 0.488907 0.003956
vn 0.873025 0.487675 0.000151
vn 0.740534 0.672019 0.000032
vn 0.908792 0.417232 0.003942
vn 0.909545 0.415606 0.000130
vn 0.938771 0.344521 0.003868
vn 0.939394 0.342841 0.000088
vn 0.963258 0.268549 0.003815
vn 0.963649 0.267173 0.000042
vn 0.999998 0.002011 0.000000
vn 0.576080 0.580342 0.575617
vn 0.706575 0.574643 0.412962
vn 0.570617 0.709321 0.413836
vn 0.710297 0.611235 0.349098
vn 0.608586 0.712220 0.349810
vn 0.718439 0.634542 0.284958
vn 0.632946 0.719594 0.285593
vn 0.727673 0.651678 0.214027
vn 0.650965 0.728162 0.214533
vn 0.671744 0.740778 0.002770
vn 0.725830 0.217054 0.652732
vn 0.650415 0.213234 0.729035
vn 0.715271 0.291816 0.635005
vn 0.630841 0.285864 0.721333
vn 0.706012 0.359705 0.610049
vn 0.605959 0.352506 0.713129
vn 0.703794 0.421818 0.571616
vn 0.569948 0.417028 0.707987
vn 0.002943 0.671827 0.740702
vn 0.217716 0.652687 0.725672
vn 0.214227 0.729323 0.649765
vn 0.002801 0.740073 0.672520
vn 0.292666 0.635280 0.714679
vn 0.287037 0.721981 0.629566
vn 0.359861 0.610944 0.705158
vn 0.353060 0.714277 0.604282
vn 0.420322 0.573441 0.703203
vn 0.416341 0.710035 0.567900
vn -0.004014 0.999984 0.004042
vn -0.003964 0.962890 0.269864
vn 0.000000 0.962899 0.269863
vn 0.000000 0.999992 0.004044
vn -0.003974 0.938200 0.346070
vn 0.000000 0.938217 0.346047
vn -0.003956 0.908104 0.418725
vn -0.000000 0.908119 0.418712
vn -0.003868 0.871688 0.490047
vn -0.000000 0.871675 0.490085
vn -0.000000 0.740490 0.672068
vn -0.488882 0.872340 0.004036
vn -0.487678 0.873023 0.000151
vn -0.672019 0.740534 0.000032
vn -0.417205 0.908803 0.004101
vn -0.415611 0.909543 0.000130
vn -0.344505 0.938776 0.004074
vn -0.342844 0.939393 0.000088
vn -0.268554 0.963256 0.004016
vn -0.267174 0.963648 0.000042
vn -0.003987 0.999992 0.000000
vn -0.002797 0.740783 -0.671739
vn -0.003964 0.872323 -0.488914
vn -0.000151 0.873021 -0.487682
vn -0.000032 0.740534 -0.672019
vn -0.003947 0.908786 -0.417244
vn -0.000130 0.909541 -0.415614
vn -0.003869 0.938771 -0.344521
vn -0.000088 0.939392 -0.342845
vn -0.003815 0.963258 -0.268550
vn -0.000042 0.963649 -0.267172
vn -0.004007 0.999984 -0.004012
vn -0.000000 0.999992 -0.003987
vn -0.577089 0.578908 -0.576051
vn -0.413482 0.708677 -0.571672
vn -0.413913 0.573268 -0.707135
vn -0.349239 0.711716 -0.609502
vn -0.349747 0.610263 -0.710813
vn -0.285055 0.719206 -0.633630
vn -0.285260 0.633959 -0.718835
vn -0.214097 0.727916 -0.651384
vn -0.214135 0.651384 -0.727905
vn -0.002767 0.671746 -0.740776
vn -0.671829 0.740701 -0.002943
vn -0.652526 0.725768 -0.217877
vn -0.729235 0.649919 -0.214060
vn -0.740072 0.672521 -0.002800
vn -0.634721 0.714895 -0.293351
vn -0.721566 0.629969 -0.287196
vn -0.609848 0.705790 -0.360480
vn -0.713298 0.605337 -0.353233
vn -0.571537 0.704771 -0.420290
vn -0.708477 0.570168 -0.415895
vn -0.728276 0.213516 -0.651172
vn -0.651369 0.213395 -0.728136
vn -0.671965 0.001423 -0.740582
vn -0.719746 0.284848 -0.633110
vn -0.633573 0.284733 -0.719384
vn -0.712170 0.350096 -0.608480
vn -0.609236 0.350040 -0.711550
vn -0.708602 0.415642 -0.570197
vn -0.571353 0.415581 -0.707707
vn 0.004042 0.999984 0.004032
vn 0.269873 0.962888 0.003996
vn 0.269864 0.962899 -0.000000
vn 0.004043 0.999992 -0.000000
vn 0.346071 0.938200 0.004016
vn 0.346054 0.938215 -0.000000
vn 0.418705 0.908113 0.003993
vn 0.418709 0.908121 0.000000
vn 0.490036 0.871694 0.003887
vn 0.490082 0.871677 0.000000
vn 0.672068 0.740490 0.000000
vn 0.575088 0.579138 -0.577817
vn 0.706729 0.414853 -0.573090
vn 0.570200 0.415642 -0.708600
vn 0.710815 0.349416 -0.610451
vn 0.608480 0.350098 -0.712169
vn 0.718890 0.284287 -0.634333
vn 0.633114 0.284846 -0.719743
vn 0.727876 0.213096 -0.651757
vn 0.651172 0.213514 -0.728276
vn 0.671989 0.001390 -0.740560
vn 0.740699 0.671830 -0.002941
vn 0.725574 0.652850 -0.217552
vn 0.650114 0.729097 -0.213938
vn 0.672524 0.740070 -0.002797
vn 0.714545 0.635581 -0.292340
vn 0.630227 0.721612 -0.286513
vn 0.704924 0.611351 -0.359626
vn 0.605189 0.713822 -0.352428
vn 0.702716 0.573954 -0.420437
vn 0.568930 0.709465 -0.415907
vn 0.002945 0.740702 -0.671827
vn 0.217924 0.725836 -0.652435
vn 0.214052 0.649920 -0.729237
vn 0.002799 0.672524 -0.740070
vn 0.293410 0.714990 -0.634586
vn 0.287202 0.629971 -0.721562
vn 0.360512 0.705882 -0.609723
vn 0.353229 0.605338 -0.713299
vn 0.420292 0.704833 -0.571458
vn 0.415897 0.570170 -0.708474
vn -0.003987 0.002039 -0.999990
vn -0.003962 0.269864 -0.962890
vn 0.000000 0.269861 -0.962899
vn 0.000000 0.002039 -0.999998
vn -0.003966 0.346065 -0.938202
vn 0.000000 0.346051 -0.938216
vn -0.003942 0.418708 -0.908113
vn -0.000000 0.418706 -0.908122
vn -0.003855 0.490044 -0.871689
vn -0.000000 0.490081 -0.871677
vn -0.000000 0.672069 -0.740489
vn -0.487692 0.002115 -0.873013
vn -0.487902 -0.001842 -0.872896
vn -0.415639 0.002136 -0.909527
vn -0.415900 -0.001893 -0.909409
vn -0.342883 0.002101 -0.939376
vn -0.343204 -0.001934 -0.939259
vn -0.267206 0.002050 -0.963637
vn -0.267612 -0.001963 -0.963525
vn -0.004037 -0.002023 -0.999990
vn -0.003958 -0.488908 -0.872326
vn -0.000151 -0.487674 -0.873026
vn -0.000032 -0.672019 -0.740534
vn -0.003944 -0.417232 -0.908792
vn -0.000130 -0.415606 -0.909545
vn -0.003869 -0.344520 -0.938771
vn -0.000088 -0.342843 -0.939393
vn -0.003815 -0.268550 -0.963258
vn -0.000042 -0.267173 -0.963649
vn -0.000000 -0.002011 -0.999998
vn 0.004043 0.002033 -0.999990
vn 0.269872 0.002015 -0.962894
vn 0.269791 -0.001896 -0.962917
vn 0.004030 -0.002021 -0.999990
vn 0.346057 0.002024 -0.938211
vn 0.346041 -0.001896 -0.938217
vn 0.418699 0.002012 -0.908123
vn 0.418742 -0.001907 -0.908103
vn 0.490061 0.001958 -0.871686
vn 0.490152 -0.001902 -0.871635
vn 0.000000 1.000000 0.000000
vn 0.000000 -1.000000 0.000000
vn -0.255677 -0.928791 0.268284
vn -0.256402 -0.903266 0.344049
vn -0.257912 -0.872906 0.414145
vn -0.256800 -0.838811 0.480052
vn -0.330903 -0.814135 0.477166
vn -0.394571 -0.787835 0.472895
vn -0.451334 -0.761141 0.465792
vn -0.455505 -0.788027 0.414161
vn -0.459690 -0.817310 0.347403
vn -0.467214 -0.843262 0.265746
vn -0.399413 -0.875871 0.270776
vn -0.329542 -0.904610 0.270340
vn -0.330292 -0.877633 0.347372
vn -0.331955 -0.846605 0.416012
vn -0.397352 -0.817719 0.416470
vn -0.397854 -0.848321 0.349377
vn -0.839710 -0.260399 0.476529
vn -0.873119 -0.265640 0.408777
vn -0.901938 -0.266858 0.339552
vn -0.926591 -0.266455 0.265387
vn -0.902076 -0.340235 0.265516
vn -0.873206 -0.409408 0.264378
vn -0.839791 -0.476751 0.259730
vn -0.816148 -0.471427 0.334154
vn -0.790561 -0.465374 0.398045
vn -0.764255 -0.456105 0.455942
vn -0.790530 -0.398480 0.465055
vn -0.816170 -0.334600 0.471072
vn -0.848170 -0.339475 0.406650
vn -0.876863 -0.340359 0.339509
vn -0.848093 -0.407497 0.338650
vn -0.820263 -0.404852 0.404058
vn -0.963901 -0.266232 -0.003973
vn -0.928797 -0.255669 -0.268271
vn -0.903278 -0.256381 -0.344032
vn -0.872921 -0.257882 -0.414132
vn -0.838827 -0.256767 -0.480043
vn -0.814139 -0.330913 -0.477152
vn -0.787829 -0.394591 -0.472889
vn -0.761143 -0.451330 -0.465793
vn -0.788028 -0.455504 -0.414159
vn -0.817313 -0.459686 -0.347403
vn -0.843262 -0.467212 -0.265749
vn -0.873592 -0.486643 -0.003840
vn -0.910139 -0.414283 -0.003935
vn -0.875869 -0.399419 -0.270772
vn -0.939859 -0.341541 -0.003974
vn -0.904613 -0.329543 -0.270328
vn -0.877640 -0.330298 -0.347350
vn -0.846614 -0.331962 -0.415989
vn -0.817719 -0.397366 -0.416456
vn -0.848321 -0.397864 -0.349365
vn -0.260401 -0.839710 -0.476528
vn -0.265640 -0.873119 -0.408776
vn -0.266854 -0.901939 -0.339552
vn -0.266453 -0.926592 -0.265388
vn -0.268510 -0.963268 -0.004009
vn -0.344467 -0.938790 -0.004058
vn -0.340235 -0.902076 -0.265516
vn -0.417205 -0.908803 -0.004075
vn -0.409406 -0.873207 -0.264378
vn -0.488966 -0.872294 -0.004009
vn -0.476749 -0.839792 -0.259729
vn -0.471426 -0.816148 -0.334156
vn -0.465375 -0.790561 -0.398045
vn -0.456104 -0.764256 -0.455941
vn -0.398480 -0.790530 -0.465055
vn -0.334598 -0.816170 -0.471074
vn -0.339473 -0.848171 -0.406649
vn -0.340359 -0.876864 -0.339509
vn -0.407496 -0.848094 -0.338651
vn -0.404852 -0.820263 -0.404059
vn -0.267310 -0.255752 0.929051
vn -0.343849 -0.256527 0.903306
vn -0.414440 -0.258133 0.872701
vn -0.480593 -0.256978 0.838447
vn -0.477767 -0.331072 0.813714
vn -0.473312 -0.394938 0.787401
vn -0.465933 -0.451642 0.760872
vn -0.414126 -0.456231 0.787625
vn -0.347142 -0.460640 0.816886
vn -0.265212 -0.467984 0.843003
vn -0.269731 -0.400322 0.875778
vn -0.269148 -0.330011 0.904794
vn -0.347100 -0.330831 0.877538
vn -0.416321 -0.332381 0.846286
vn -0.416586 -0.398209 0.817243
vn -0.349016 -0.398963 0.847948
vn 0.003974 -0.963901 0.266232
vn 0.268285 -0.928791 0.255677
vn 0.344047 -0.903266 0.256402
vn 0.414143 -0.872907 0.257911
vn 0.480051 -0.838811 0.256801
vn 0.477164 -0.814136 0.330903
vn 0.472895 -0.787834 0.394573
vn 0.465791 -0.761141 0.451334
vn 0.414161 -0.788027 0.455505
vn 0.347403 -0.817311 0.459688
vn 0.265745 -0.843262 0.467215
vn 0.003840 -0.873594 0.486640
vn 0.003935 -0.910141 0.414280
vn 0.270776 -0.875870 0.399414
vn 0.003974 -0.939859 0.341539
vn 0.270341 -0.904610 0.329540
vn 0.347370 -0.877635 0.330290
vn 0.416009 -0.846607 0.331953
vn 0.416469 -0.817720 0.397351
vn 0.349376 -0.848321 0.397854
vn 0.476526 -0.260401 0.839711
vn 0.408777 -0.265640 0.873119
vn 0.339551 -0.266856 0.901939
vn 0.265384 -0.266453 0.926593
vn 0.004010 -0.268509 0.963269
vn 0.004058 -0.344469 0.938789
vn 0.265510 -0.340236 0.902077
vn 0.004075 -0.417208 0.908802
vn 0.264377 -0.409406 0.873208
vn 0.004009 -0.488966 0.872294
vn 0.259729 -0.476749 0.839792
vn 0.334154 -0.471426 0.816148
vn 0.398045 -0.465375 0.790561
vn 0.455942 -0.456104 0.764256
vn 0.465054 -0.398480 0.790531
vn 0.471073 -0.334598 0.816171
vn 0.406654 -0.339473 0.848169
vn 0.339508 -0.340361 0.876863
vn 0.338652 -0.407495 0.848094
vn 0.404059 -0.404852 0.820263
vn -0.255779 0.267317 0.929042
vn -0.256541 0.343803 0.903319
vn -0.258103 0.414427 0.872716
vn -0.256994 0.480754 0.838349
vn -0.330927 0.478195 0.813521
vn -0.394492 0.474034 0.787190
vn -0.450562 0.467004 0.760856
vn -0.455615 0.414111 0.787989
vn -0.460434 0.346797 0.817149
vn -0.467960 0.265092 0.843054
vn -0.400267 0.269702 0.875812
vn -0.330012 0.269152 0.904792
vn -0.330789 0.347010 0.877589
vn -0.332261 0.416322 0.846333
vn -0.397924 0.416607 0.817371
vn -0.398816 0.348867 0.848079
vn -0.839759 0.476761 0.259815
vn -0.873258 0.408861 0.265055
vn -0.902101 0.339463 0.266417
vn -0.926709 0.265188 0.266245
vn -0.902261 0.265096 0.340073
vn -0.873434 0.263751 0.409327
vn -0.840068 0.258885 0.476723
vn -0.816538 0.333678 0.471089
vn -0.790826 0.398272 0.464730
vn -0.764055 0.456899 0.455481
vn -0.790441 0.465556 0.398072
vn -0.816185 0.471434 0.334054
vn -0.848333 0.406748 0.338951
vn -0.877094 0.339287 0.339987
vn -0.848356 0.338304 0.407238
vn -0.820409 0.404167 0.404448
vn 0.929051 -0.255750 0.267314
vn 0.903306 -0.256527 0.343848
vn 0.872701 -0.258134 0.414438
vn 0.838447 -0.256975 0.480594
vn 0.813714 -0.331071 0.477768
vn 0.787400 -0.394939 0.473312
vn 0.760872 -0.451642 0.465932
vn 0.787625 -0.456232 0.414125
vn 0.816887 -0.460640 0.347141
vn 0.843002 -0.467984 0.265213
vn 0.875778 -0.400322 0.269732
vn 0.904795 -0.330008 0.269150
vn 0.877539 -0.330829 0.347098
vn 0.846285 -0.332381 0.416322
vn 0.817243 -0.398209 0.416586
vn 0.847948 -0.398963 0.349016
vn 0.266233 -0.963901 -0.003973
vn 0.004008 -0.999984 -0.004029
vn 0.003760 -0.962906 -0.269812
vn 0.255669 -0.928798 -0.268269
vn 0.003760 -0.938206 -0.346057
vn 0.256382 -0.903278 -0.344032
vn 0.003783 -0.908094 -0.418749
vn 0.257882 -0.872921 -0.414132
vn 0.003773 -0.871630 -0.490150
vn 0.256765 -0.838827 -0.480043
vn 0.330913 -0.814138 -0.477153
vn 0.394590 -0.787829 -0.472889
vn 0.451329 -0.761142 -0.465794
vn 0.455505 -0.788027 -0.414160
vn 0.459690 -0.817311 -0.347403
vn 0.467212 -0.843262 -0.265749
vn 0.486643 -0.873593 -0.003840
vn 0.414280 -0.910141 -0.003935
vn 0.399417 -0.875870 -0.270773
vn 0.341536 -0.939860 -0.003974
vn 0.329545 -0.904612 -0.270328
vn 0.330296 -0.877640 -0.347351
vn 0.331961 -0.846614 -0.415990
vn 0.397368 -0.817717 -0.416458
vn 0.397864 -0.848321 -0.349365
vn 0.761140 -0.465791 -0.451337
vn 0.788026 -0.414158 -0.455509
vn 0.817310 -0.347401 -0.459692
vn 0.843263 -0.265745 -0.467212
vn 0.875872 -0.270773 -0.399412
vn 0.904610 -0.270338 -0.329542
vn 0.928791 -0.268285 -0.255677
vn 0.963271 -0.268505 -0.003810
vn 0.938785 -0.344482 -0.003858
vn 0.903267 -0.344047 -0.256400
vn 0.908787 -0.417243 -0.003926
vn 0.872908 -0.414144 -0.257909
vn 0.872276 -0.488997 -0.003940
vn 0.838812 -0.480053 -0.256798
vn 0.814135 -0.477168 -0.330900
vn 0.787832 -0.472898 -0.394572
vn 0.817720 -0.416468 -0.397352
vn 0.848321 -0.349375 -0.397855
vn 0.877635 -0.347369 -0.330290
vn 0.846609 -0.416008 -0.331951
vn 0.929065 0.267277 0.255736
vn 0.903359 0.343765 0.256452
vn 0.872778 0.414388 0.257958
vn 0.838446 0.480707 0.256764
vn 0.813672 0.478019 0.330810
vn 0.787310 0.473733 0.394613
vn 0.760812 0.466649 0.451003
vn 0.787929 0.413930 0.455883
vn 0.817112 0.346648 0.460612
vn 0.843041 0.264975 0.468049
vn 0.875841 0.269571 0.400292
vn 0.904828 0.269061 0.329989
vn 0.877644 0.346912 0.330746
vn 0.846412 0.416218 0.332189
vn 0.817417 0.416451 0.397993
vn 0.848116 0.348721 0.398864
vn 0.465076 0.452226 0.761049
vn 0.413790 0.456073 0.787893
vn 0.347095 0.460072 0.817226
vn 0.265502 0.467409 0.843231
vn 0.003835 0.486634 0.873597
vn 0.003930 0.414283 0.910140
vn 0.270482 0.399504 0.875920
vn 0.003971 0.341535 0.939861
vn 0.270107 0.329519 0.904688
vn 0.003973 0.266222 0.963904
vn 0.268171 0.255578 0.928851
vn 0.343950 0.256186 0.903364
vn 0.414063 0.257573 0.873045
vn 0.479970 0.256294 0.839013
vn 0.476829 0.330674 0.814426
vn 0.472297 0.394858 0.788050
vn 0.416145 0.397550 0.817788
vn 0.349063 0.398006 0.848379
vn 0.347148 0.330217 0.877750
vn 0.415798 0.331820 0.846763
vn -0.260789 0.839167 0.477272
vn -0.265275 0.872771 0.409756
vn -0.266090 0.901933 0.340168
vn -0.265654 0.926747 0.265646
vn -0.340165 0.901930 0.266101
vn -0.409702 0.872794 0.265283
vn -0.477136 0.839268 0.260711
vn -0.471885 0.815538 0.334997
vn -0.465624 0.790076 0.398717
vn -0.455642 0.764231 0.456445
vn -0.398431 0.789884 0.466193
vn -0.334982 0.815342 0.472233
vn -0.339621 0.847459 0.408008
vn -0.340416 0.876479 0.340442
vn -0.407880 0.847501 0.339671
vn -0.405082 0.819545 0.405284
vn -0.266223 0.963904 -0.003945
vn -0.255851 0.928985 -0.267445
vn -0.256811 0.903146 -0.344057
vn -0.258678 0.872465 -0.414597
vn -0.257742 0.838252 -0.480523
vn -0.331706 0.813467 -0.477748
vn -0.395187 0.787286 -0.473295
vn -0.451717 0.761046 -0.465576
vn -0.456216 0.787285 -0.414789
vn -0.460328 0.816614 -0.348195
vn -0.467708 0.842965 -0.265817
vn -0.486644 0.873592 -0.003827
vn -0.414297 0.910133 -0.003905
vn -0.400313 0.875624 -0.270244
vn -0.341546 0.939857 -0.003938
vn -0.330084 0.904670 -0.269474
vn -0.331061 0.877262 -0.347576
vn -0.332830 0.845931 -0.416683
vn -0.398399 0.816886 -0.417103
vn -0.399024 0.847618 -0.349748
vn -0.839926 0.260071 -0.476327
vn -0.873225 0.265509 -0.408635
vn -0.901981 0.266807 -0.339475
vn -0.926608 0.266432 -0.265354
vn -0.962904 0.269814 -0.003958
vn -0.938213 0.346034 -0.003957
vn -0.902104 0.340229 -0.265428
vn -0.908107 0.418719 -0.003928
vn -0.873211 0.409467 -0.264270
vn -0.871645 0.490123 -0.003839
vn -0.839694 0.476929 -0.259717
vn -0.815943 0.471894 -0.333996
vn -0.790334 0.466186 -0.397545
vn -0.764209 0.457345 -0.454775
vn -0.790849 0.398903 -0.464150
vn -0.816529 0.334510 -0.470514
vn -0.848318 0.339470 -0.406345
vn -0.876925 0.340363 -0.339347
vn -0.848103 0.407654 -0.338438
vn -0.820339 0.405133 -0.403623
vn 0.476438 0.839542 0.261105
vn 0.408799 0.872935 0.266211
vn 0.339683 0.901777 0.267233
vn 0.265564 0.926494 0.266618
vn 0.003960 0.962902 0.269822
vn 0.003963 0.938215 0.346030
vn 0.265889 0.901928 0.340336
vn 0.003937 0.908109 0.418715
vn 0.264918 0.873042 0.409409
vn 0.003848 0.871643 0.490127
vn 0.260389 0.839637 0.476663
vn 0.334684 0.815925 0.471437
vn 0.398172 0.790446 0.465461
vn 0.455773 0.764454 0.455939
vn 0.465145 0.790427 0.398578
vn 0.471081 0.815952 0.335121
vn 0.406773 0.847943 0.339896
vn 0.339814 0.876642 0.340623
vn 0.339098 0.847873 0.407583
vn 0.404252 0.820089 0.405011
vn 0.963904 0.266220 -0.003942
vn 0.929122 0.255633 -0.267177
vn 0.903452 0.256234 -0.343685
vn 0.872922 0.257615 -0.414297
vn 0.838730 0.256190 -0.480519
vn 0.814138 0.330580 -0.477384
vn 0.787712 0.395137 -0.472629
vn 0.760704 0.452653 -0.465225
vn 0.787587 0.456879 -0.413484
vn 0.816885 0.461161 -0.346453
vn 0.842985 0.468282 -0.264740
vn 0.873591 0.486646 -0.003814
vn 0.910136 0.414291 -0.003891
vn 0.875895 0.400385 -0.269257
vn 0.939860 0.341538 -0.003930
vn 0.904916 0.329942 -0.268822
vn 0.877761 0.330648 -0.346710
vn 0.846585 0.332056 -0.415973
vn 0.817462 0.398309 -0.416060
vn 0.848143 0.399053 -0.348440
vn 0.465440 0.761304 -0.451422
vn 0.414808 0.787679 -0.455517
vn 0.348439 0.817033 -0.459399
vn 0.266344 0.843224 -0.466942
vn 0.003846 0.873594 -0.486641
vn 0.003942 0.910136 -0.414290
vn 0.271274 0.875712 -0.399423
vn 0.003979 0.939856 -0.341549
vn 0.270643 0.904489 -0.329625
vn 0.003975 0.963903 -0.266224
vn 0.268403 0.928732 -0.255768
vn 0.004029 0.999984 -0.004007
vn 0.269815 0.962905 -0.003760
vn 0.346059 0.938205 -0.003760
vn 0.344236 0.903122 -0.256656
vn 0.418754 0.908092 -0.003786
vn 0.414285 0.872690 -0.258417
vn 0.490152 0.871629 -0.003778
vn 0.479982 0.838630 -0.257521
vn 0.477159 0.813884 -0.331531
vn 0.472891 0.787698 -0.394850
vn 0.416965 0.817353 -0.397586
vn 0.350084 0.847983 -0.397952
vn 0.347817 0.877365 -0.330535
vn 0.416349 0.846261 -0.332409
vn -0.259282 0.477517 -0.839494
vn -0.264008 0.409737 -0.873164
vn -0.265219 0.339903 -0.902289
vn -0.265262 0.265264 -0.926969
vn -0.339874 0.265240 -0.902294
vn -0.409628 0.263999 -0.873218
vn -0.477269 0.259093 -0.839694
vn -0.471710 0.333829 -0.816118
vn -0.465175 0.398616 -0.790391
vn -0.455638 0.457226 -0.763766
vn -0.398040 0.466298 -0.790019
vn -0.333797 0.472381 -0.815743
vn -0.338604 0.407829 -0.847952
vn -0.339719 0.339808 -0.876996
vn -0.407566 0.338715 -0.848034
vn -0.404586 0.405003 -0.819929
vn -0.255751 -0.267312 -0.929051
vn -0.256527 -0.343848 -0.903306
vn -0.258130 -0.414437 -0.872703
vn -0.256971 -0.480597 -0.838446
vn -0.331070 -0.477773 -0.813711
vn -0.394938 -0.473315 -0.787399
vn -0.451645 -0.465932 -0.760871
vn -0.456234 -0.414122 -0.787625
vn -0.460643 -0.347142 -0.816885
vn -0.467985 -0.265212 -0.843002
vn -0.400322 -0.269730 -0.875779
vn -0.330010 -0.269148 -0.904794
vn -0.330828 -0.347097 -0.877540
vn -0.332379 -0.416322 -0.846286
vn -0.398211 -0.416586 -0.817242
vn -0.398965 -0.349016 -0.847947
vn 0.476326 0.260069 -0.839927
vn 0.408632 0.265508 -0.873227
vn 0.339475 0.266807 -0.901982
vn 0.265357 0.266431 -0.926607
vn 0.003958 0.269812 -0.962905
vn 0.003957 0.346036 -0.938213
vn 0.265427 0.340229 -0.902105
vn 0.003928 0.418719 -0.908108
vn 0.264268 0.409468 -0.873212
vn 0.003839 0.490124 -0.871645
vn 0.259715 0.476927 -0.839696
vn 0.334000 0.471893 -0.815942
vn 0.397547 0.466189 -0.790332
vn 0.454773 0.457344 -0.764211
vn 0.464148 0.398904 -0.790849
vn 0.470518 0.334511 -0.816527
vn 0.406346 0.339473 -0.848317
vn 0.339347 0.340363 -0.876925
vn 0.338441 0.407655 -0.848101
vn 0.403628 0.405135 -0.820336
vn 0.465794 -0.451331 -0.761142
vn 0.414157 -0.455506 -0.788028
vn 0.347401 -0.459689 -0.817312
vn 0.265748 -0.467213 -0.843262
vn 0.003840 -0.486634 -0.873598
vn 0.003935 -0.414284 -0.910139
vn 0.270771 -0.399419 -0.875870
vn 0.003974 -0.341544 -0.939857
vn 0.270328 -0.329546 -0.904612
vn 0.003974 -0.266224 -0.963903
vn 0.268275 -0.255670 -0.928796
vn 0.344029 -0.256382 -0.903279
vn 0.414127 -0.257880 -0.872924
vn 0.480045 -0.256761 -0.838827
vn 0.477157 -0.330913 -0.814137
vn 0.472891 -0.394590 -0.787828
vn 0.416455 -0.397369 -0.817718
vn 0.349364 -0.397866 -0.848320
vn 0.347349 -0.330297 -0.877640
vn 0.415987 -0.331962 -0.846614
s 1
g pCube57 point_box
usemtl initialShadingGroup
f 5/1/1 4/85/2 849/943/3 850/944/4
f 4/85/2 3/84/5 896/991/6 849/943/3
f 3/84/5 2/82/7 895/989/8 896/991/6
f 2/83/7 1/81/9 894/988/10 895/990/8
f 1/81/9 20/77/11 893/987/12 894/988/10
f 10/2/13 9/89/14 88/161/15
f 9/89/14 8/88/16 89/162/17 88/161/15
f 8/88/16 7/87/18 90/163/19 89/162/17
f 7/87/18 6/86/20 91/164/21 90/163/19
f 6/86/20 5/1/1 92/9/22 91/164/21
f 15/3/23 14/94/24 31/108/25 30/52/26
f 14/94/24 13/93/27 32/109/28 31/108/25
f 13/93/27 12/91/29 33/111/30 32/109/28
f 12/92/29 11/90/31 34/112/32 33/110/30
f 11/90/31 10/2/13 34/112/32
f 20/77/11 19/98/33 897/992/34 898/993/35
f 19/98/33 18/97/36 946/1045/37 897/992/34
f 18/97/36 17/96/38 945/1044/39 946/1045/37
f 17/96/38 16/95/40 944/1043/41 945/1044/39
f 16/95/40 15/3/23 943/1042/42 944/1043/41
f 25/4/43 24/102/44 162/224/45 161/80/46
f 24/102/44 23/101/47 163/225/48 162/224/45
f 23/101/47 22/100/49 164/226/50 163/225/48
f 22/100/49 21/99/51 165/227/52 164/226/50
f 21/99/51 39/55/53 166/18/54 165/227/52
f 30/52/26 29/107/55 941/1040/56 942/1041/57
f 29/107/55 28/106/58 940/1039/59 941/1040/56
f 28/106/58 27/104/60 939/1037/61 940/1039/59
f 27/105/60 26/103/62 938/1036/63 939/1038/61
f 26/103/62 25/4/43 937/1035/64 938/1036/63
f 39/55/53 38/116/65 84/157/66 83/56/67
f 38/116/65 37/115/68 85/158/69 84/157/66
f 37/115/68 36/114/70 86/159/71 85/158/69
f 36/114/70 35/113/72 87/160/73 86/159/71
f 35/113/72 10/2/13 87/160/73
f 44/6/74 43/121/75 312/358/76 330/67/77
f 43/121/75 42/120/78 313/359/79 312/358/76
f 42/120/78 41/118/80 314/361/81 313/359/79
f 41/119/80 40/117/82 315/362/83 314/360/81
f 40/117/82 59/5/84 316/20/85 315/362/83
f 49/8/86 48/125/87 417/454/88
f 48/125/87 47/124/89 418/455/90 417/454/88
f 47/124/89 46/123/91 419/456/92 418/455/90
f 46/123/91 45/122/93 420/457/94 419/456/92
f 45/122/93 44/6/74 421/45/95 420/457/94
f 54/53/96 53/130/97 70/144/98 69/7/99
f 53/130/97 52/129/100 71/145/101 70/144/98
f 52/129/100 51/127/102 72/147/103 71/145/101
f 51/128/102 50/126/104 73/148/105 72/146/103
f 50/126/104 49/8/86 73/148/105
f 64/76/106 63/139/107 891/985/108 892/986/109
f 63/139/107 62/138/110 890/984/111 891/985/108
f 62/138/110 61/137/112 889/983/113 890/984/111
f 61/137/112 60/136/114 888/982/115 889/983/113
f 60/136/114 78/70/116 887/981/117 888/982/115
f 78/70/116 77/152/118 413/450/119 412/71/120
f 77/152/118 76/151/121 414/451/122 413/450/119
f 76/151/121 75/150/123 415/452/124 414/451/122
f 75/150/123 74/149/125 416/453/126 415/452/124
f 74/149/125 49/8/86 416/453/126
f 83/56/67 82/156/127 152/215/128 151/57/129
f 82/156/127 81/155/130 153/216/131 152/215/128
f 81/155/130 80/154/132 154/217/133 153/216/131
f 80/154/132 79/153/134 155/218/135 154/217/133
f 79/153/134 97/72/136 156/15/137 155/218/135
f 97/72/136 96/168/138 855/949/139 856/950/140
f 96/168/138 95/167/141 854/948/142 855/949/139
f 95/167/141 94/166/143 853/947/144 854/948/142
f 94/166/143 93/165/145 852/946/146 853/947/144
f 93/165/145 92/9/22 851/945/147 852/946/146
f 102/12/148 101/172/149 904/999/150 905/1000/151
f 101/172/149 100/171/152 903/998/153 904/999/150
f 100/171/152 99/170/154 902/997/155 903/998/153
f 99/170/154 98/169/156 901/996/157 902/997/155
f 98/169/156 117/10/158 900/995/159 901/996/157
f 107/14/160 106/177/161 185/245/162
f 106/177/161 105/175/163 186/247/164 185/245/162
f 105/176/163 104/174/165 187/248/166 186/246/164
f 104/174/165 103/173/167 188/249/168 187/248/166
f 103/173/167 102/12/148 189/21/169 188/249/168
f 112/54/170 111/181/171 128/195/172 127/13/173
f 111/181/171 110/180/174 129/196/175 128/195/172
f 110/180/174 109/179/176 130/197/177 129/196/175
f 109/179/176 108/178/178 131/198/179 130/197/177
f 108/178/178 107/14/160 131/198/179
f 122/73/180 121/190/181 264/317/182 263/16/183
f 121/190/181 120/189/184 265/318/185 264/317/182
f 120/189/184 119/188/186 266/319/187 265/318/185
f 119/188/186 118/187/188 267/320/189 266/319/187
f 118/187/188 136/59/190 268/29/191 267/320/189
f 136/59/190 135/202/192 181/241/193 180/60/194
f 135/202/192 134/201/195 182/242/196 181/241/193
f 134/201/195 133/200/197 183/243/198 182/242/196
f 133/200/197 132/199/199 184/244/200 183/243/198
f 132/199/199 107/14/160 184/244/200
f 141/17/201 140/206/202 861/955/203 862/956/204
f 140/206/202 139/205/205 860/954/206 861/955/203
f 139/205/205 138/204/207 859/953/208 860/954/206
f 138/204/207 137/203/209 858/952/210 859/953/208
f 137/203/209 156/15/137 857/951/211 858/952/210
f 146/19/212 145/210/213 287/338/214
f 145/210/213 144/209/215 288/339/216 287/338/214
f 144/209/215 143/208/217 289/340/218 288/339/216
f 143/208/217 142/207/219 290/341/220 289/340/218
f 142/207/219 141/17/201 291/31/221 290/341/220
f 151/57/129 150/214/222 167/228/223 166/18/54
f 150/214/222 149/213/224 168/229/225 167/228/223
f 149/213/224 148/212/226 169/230/227 168/229/225
f 148/212/226 147/211/228 170/231/229 169/230/227
f 147/211/228 146/19/212 170/231/229
f 161/80/46 160/223/230 935/1033/231 936/1034/232
f 160/223/230 159/221/233 934/1031/234 935/1033/231
f 159/222/233 158/220/235 933/1030/236 934/1032/234
f 158/220/235 157/219/237 932/1029/238 933/1030/236
f 157/219/237 175/62/239 931/1028/240 932/1029/238
f 175/62/239 174/236/241 283/333/242 282/63/243
f 174/236/241 173/235/244 284/334/245 283/333/242
f 173/235/244 172/233/246 285/336/247 284/334/245
f 172/234/246 171/232/248 286/337/249 285/335/247
f 171/232/248 146/19/212 286/337/249
f 180/60/194 179/240/250 249/305/251 248/61/252
f 179/240/250 178/239/253 250/306/254 249/305/251
f 178/239/253 177/238/255 251/307/256 250/306/254
f 177/238/255 176/237/257 252/308/258 251/307/256
f 176/237/257 194/78/259 253/26/260 252/308/258
f 194/78/259 193/254/261 910/1006/262 911/1007/263
f 193/254/261 192/252/264 909/1004/265 910/1006/262
f 192/253/264 191/251/266 908/1003/267 909/1005/265
f 191/251/266 190/250/268 907/1002/269 908/1003/267
f 190/250/268 189/21/169 906/1001/270 907/1002/269
f 204/24/271 203/262/272 446/479/273
f 203/262/272 202/261/274 447/480/275 446/479/273
f 202/261/274 201/260/276 448/481/277 447/480/275
f 201/260/276 200/259/278 449/482/279 448/481/277
f 200/259/278 199/22/280 450/47/281 449/482/279
f 209/58/282 208/267/283 230/286/284 229/23/285
f 208/267/283 207/266/286 231/287/287 230/286/284
f 207/266/286 206/264/288 232/289/289 231/287/287
f 206/265/288 205/263/290 233/290/291 232/288/289
f 205/263/290 204/24/271 233/290/291
f 219/25/292 218/275/293 461/491/294 460/51/295
f 218/275/293 217/274/296 462/492/297 461/491/294
f 217/274/296 216/273/298 463/493/299 462/492/297
f 216/273/298 215/272/300 464/494/301 463/493/299
f 215/272/300 204/24/271 464/494/301
f 224/79/302 223/280/303 350/394/304 369/27/305
f 223/280/303 222/278/306 351/396/307 350/394/304
f 222/279/306 221/277/308 352/397/309 351/395/307
f 221/277/308 220/276/310 353/398/311 352/397/309
f 220/276/310 219/25/292 354/40/312 353/398/311
f 238/28/313 237/295/314 916/1013/315 917/1014/316
f 237/295/314 236/294/317 915/1012/318 916/1013/315
f 236/294/317 235/292/319 914/1010/320 915/1012/318
f 235/293/319 234/291/321 913/1009/322 914/1011/320
f 234/291/321 253/26/260 912/1008/323 913/1009/322
f 243/30/324 242/300/325 345/389/326
f 242/300/325 241/298/327 346/391/328 345/389/326
f 241/299/327 240/297/329 347/392/330 346/390/328
f 240/297/329 239/296/331 348/393/332 347/392/330
f 239/296/331 238/28/313 349/39/333 348/393/332
f 248/61/252 247/304/334 269/321/335 268/29/191
f 247/304/334 246/303/336 270/322/337 269/321/335
f 246/303/336 245/302/338 271/323/339 270/322/337
f 245/302/338 244/301/340 272/324/341 271/323/339
f 244/301/340 243/30/324 272/324/341
f 258/65/342 257/312/343 341/385/344 340/32/345
f 257/312/343 256/311/346 342/386/347 341/385/344
f 256/311/346 255/310/348 343/387/349 342/386/347
f 255/310/348 254/309/350 344/388/351 343/387/349
f 254/309/350 243/30/324 344/388/351
f 277/33/352 276/328/353 867/961/354 868/962/355
f 276/328/353 275/327/356 866/960/357 867/961/354
f 275/327/356 274/326/358 865/959/359 866/960/357
f 274/326/358 273/325/360 864/958/361 865/959/359
f 273/325/360 291/31/221 863/957/362 864/958/361
f 282/63/243 281/332/363 929/1026/364 930/1027/365
f 281/332/363 280/331/366 928/1025/367 929/1026/364
f 280/331/366 279/330/368 927/1024/369 928/1025/367
f 279/330/368 278/329/370 926/1023/371 927/1024/369
f 278/329/370 277/33/352 925/1022/372 926/1023/371
f 296/35/373 295/345/374 873/967/375 874/968/376
f 295/345/374 294/344/377 872/966/378 873/967/375
f 294/344/377 293/343/379 871/965/380 872/966/378
f 293/343/379 292/342/381 870/964/382 871/965/380
f 292/342/381 311/34/383 869/963/384 870/964/382
f 301/37/385 300/349/386 403/442/387
f 300/349/386 299/348/388 404/443/389 403/442/387
f 299/348/388 298/347/390 405/444/391 404/443/389
f 298/347/390 297/346/392 406/445/393 405/444/391
f 297/346/392 296/35/373 407/43/394 406/445/393
f 306/64/395 305/353/396 322/368/397 321/36/398
f 305/353/396 304/352/399 323/369/400 322/368/397
f 304/352/399 303/351/401 324/370/402 323/369/400
f 303/351/401 302/350/403 325/371/404 324/370/402
f 302/350/403 301/37/385 325/371/404
f 330/67/77 329/376/405 399/437/406 398/68/407
f 329/376/405 328/375/408 400/438/409 399/437/406
f 328/375/408 327/373/410 401/440/411 400/438/409
f 327/374/410 326/372/412 402/441/413 401/439/411
f 326/372/412 301/37/385 402/441/413
f 335/74/414 334/380/415 922/1019/416 923/1020/417
f 334/380/415 333/379/418 921/1018/419 922/1019/416
f 333/379/418 332/378/420 920/1017/421 921/1018/419
f 332/378/420 331/377/422 919/1016/423 920/1017/421
f 331/377/422 349/39/333 918/1015/424 919/1016/423
f 359/42/425 358/403/426 441/474/427
f 358/403/426 357/401/428 442/476/429 441/474/427
f 357/402/428 356/400/430 443/477/431 442/475/429
f 356/400/430 355/399/432 444/478/433 443/477/431
f 355/399/432 354/40/312 445/50/434 444/478/433
f 364/66/435 363/407/436 385/425/437 384/41/438
f 363/407/436 362/406/439 386/426/440 385/425/437
f 362/406/439 361/405/441 387/427/442 386/426/440
f 361/405/441 360/404/443 388/428/444 387/427/442
f 360/404/443 359/42/425 388/428/444
f 374/69/445 373/416/446 437/470/447 436/44/448
f 373/416/446 372/415/449 438/471/450 437/470/447
f 372/415/449 371/414/451 439/472/452 438/471/450
f 371/414/451 370/413/453 440/473/454 439/472/452
f 370/413/453 359/42/425 440/473/454
f 393/46/455 392/432/456 879/973/457 880/974/458
f 392/432/456 391/431/459 878/972/460 879/973/457
f 391/431/459 390/430/461 877/971/462 878/972/460
f 390/430/461 389/429/463 876/970/464 877/971/462
f 389/429/463 407/43/394 875/969/465 876/970/464
f 398/68/407 397/436/466 422/458/467 421/45/95
f 397/436/466 396/435/468 423/459/469 422/458/467
f 396/435/468 395/434/470 424/460/471 423/459/469
f 395/434/470 394/433/472 425/461/473 424/460/471
f 394/433/472 393/46/455 426/48/474 425/461/473
f 412/71/120 411/449/475 885/979/476 886/980/477
f 411/449/475 410/448/478 884/978/479 885/979/476
f 410/448/478 409/447/480 883/977/481 884/978/479
f 409/447/480 408/446/482 882/976/483 883/977/481
f 408/446/482 426/48/474 881/975/484 882/976/483
f 431/75/485 430/465/486 456/487/487 455/49/488
f 430/465/486 429/464/489 457/488/490 456/487/487
f 429/464/489 428/463/491 458/489/492 457/488/490
f 428/463/491 427/462/493 459/490/494 458/489/492
f 427/462/493 445/50/434 460/51/295 459/490/494
f 15/3/23 30/52/26 942/1041/57 943/1042/42
f 92/9/22 5/1/1 850/944/4 851/945/147
f 39/55/53 83/56/67 151/57/129 166/18/54
f 189/21/169 102/12/148 905/1000/151 906/1001/270
f 136/59/190 180/60/194 248/61/252 268/29/191
f 175/62/239 282/63/243 930/1027/365 931/1028/240
f 291/31/221 141/17/201 862/956/204 863/957/362
f 349/39/333 238/28/313 917/1014/316 918/1015/424
f 330/67/77 398/68/407 421/45/95 44/6/74
f 407/43/394 296/35/373 874/968/376 875/969/465
f 445/50/434 354/40/312 219/25/292 460/51/295
f 78/70/116 412/71/120 886/980/477 887/981/117
f 97/72/136 856/950/140 857/951/211 156/15/137
f 277/33/352 868/962/355 924/1021/495 925/1022/372
f 393/46/455 880/974/458 881/975/484 426/48/474
f 898/993/35 899/994/496 893/987/12 20/77/11
f 194/78/259 911/1007/263 912/1008/323 253/26/260
f 936/1034/232 937/1035/64 25/4/43 161/80/46
f 19/98/33 20/77/11 1/81/9 465/495/497
f 465/495/497 1/81/9 2/83/7 466/497/498
f 466/496/498 2/82/7 3/84/5 467/498/499
f 467/498/499 3/84/5 4/85/2 468/499/500
f 4/85/2 5/1/1 6/86/20 468/499/500
f 468/499/500 6/86/20 7/87/18 469/500/501
f 469/500/501 7/87/18 8/88/16 470/501/502
f 470/501/502 8/88/16 9/89/14 471/502/503
f 9/89/14 10/2/13 11/90/31 471/502/503
f 471/502/503 11/90/31 12/92/29 472/504/504
f 472/503/504 12/91/29 13/93/27 473/505/505
f 473/505/505 13/93/27 14/94/24 474/506/506
f 14/94/24 15/3/23 16/95/40 474/506/506
f 474/506/506 16/95/40 17/96/38 475/507/507
f 475/507/507 17/96/38 18/97/36 476/508/508
f 476/508/508 18/97/36 19/98/33 465/495/497
f 476/508/508 465/495/497 466/497/498 477/509/509
f 477/510/509 466/496/498 467/498/499 478/511/510
f 467/498/499 468/499/500 469/500/501 478/511/510
f 478/511/510 469/500/501 470/501/502 479/514/511
f 470/501/502 471/502/503 472/504/504 479/514/511
f 479/513/511 472/503/504 473/505/505 480/515/512
f 473/505/505 474/506/506 475/507/507 480/515/512
f 480/515/512 475/507/507 476/508/508 477/509/509
f 477/509/509 478/512/510 479/513/511 480/515/512
f 38/116/65 39/55/53 21/99/51 481/516/513
f 481/516/513 21/99/51 22/100/49 482/517/514
f 482/517/514 22/100/49 23/101/47 483/518/515
f 483/518/515 23/101/47 24/102/44 484/519/516
f 24/102/44 25/4/43 26/103/62 484/519/516
f 484/519/516 26/103/62 27/105/60 485/521/517
f 485/520/517 27/104/60 28/106/58 486/522/518
f 486/522/518 28/106/58 29/107/55 487/523/519
f 29/107/55 30/52/26 31/108/25 487/523/519
f 487/523/519 31/108/25 32/109/28 488/524/520
f 488/524/520 32/109/28 33/111/30 489/526/521
f 489/525/521 33/110/30 34/112/32 490/527/522
f 34/112/32 10/2/13 35/113/72 490/527/522
f 490/527/522 35/113/72 36/114/70 491/528/523
f 491/528/523 36/114/70 37/115/68 492/529/524
f 492/529/524 37/115/68 38/116/65 481/516/513
f 492/529/524 481/516/513 482/517/514 493/531/525
f 493/531/525 482/517/514 483/518/515 494/533/526
f 483/518/515 484/519/516 485/521/517 494/533/526
f 494/532/526 485/520/517 486/522/518 495/534/527
f 486/522/518 487/523/519 488/524/520 495/534/527
f 495/534/527 488/524/520 489/526/521 496/536/528
f 489/525/521 490/527/522 491/528/523 496/535/528
f 496/535/528 491/528/523 492/529/524 493/531/525
f 493/530/525 494/532/526 495/534/527 496/536/528
f 58/135/529 59/5/84 40/117/82 497/537/530
f 497/537/530 40/117/82 41/119/80 498/539/531
f 498/538/531 41/118/80 42/120/78 499/540/532
f 499/540/532 42/120/78 43/121/75 500/541/533
f 43/121/75 44/6/74 45/122/93 500/541/533
f 500/541/533 45/122/93 46/123/91 501/542/534
f 501/542/534 46/123/91 47/124/89 502/543/535
f 502/543/535 47/124/89 48/125/87 503/544/536
f 48/125/87 49/8/86 50/126/104 503/544/536
f 503/544/536 50/126/104 51/128/102 504/546/537
f 504/545/537 51/127/102 52/129/100 505/547/538
f 505/547/538 52/129/100 53/130/97 506/548/539
f 53/130/97 54/53/96 55/131/540 506/548/539
f 506/548/539 55/131/540 56/132/541 507/549/542
f 507/549/542 56/132/541 57/134/543 508/551/544
f 508/550/544 57/133/543 58/135/529 497/537/530
f 508/550/544 497/537/530 498/539/531 509/553/545
f 509/554/545 498/538/531 499/540/532 510/555/546
f 499/540/532 500/541/533 501/542/534 510/555/546
f 510/555/546 501/542/534 502/543/535 511/558/547
f 502/543/535 503/544/536 504/546/537 511/558/547
f 511/557/547 504/545/537 505/547/538 512/559/548
f 505/547/538 506/548/539 507/549/542 512/559/548
f 512/559/548 507/549/542 508/551/544 509/552/545
f 509/552/545 510/556/546 511/557/547 512/559/548
f 77/152/118 78/70/116 60/136/114 513/560/549
f 513/560/549 60/136/114 61/137/112 514/561/550
f 514/561/550 61/137/112 62/138/110 515/562/551
f 515/562/551 62/138/110 63/139/107 516/563/552
f 63/139/107 64/76/106 65/140/553 516/563/552
f 516/563/552 65/140/553 66/141/554 517/564/555
f 517/564/555 66/141/554 67/142/556 518/565/557
f 518/565/557 67/142/556 68/143/558 519/566/559
f 68/143/558 69/7/99 70/144/98 519/566/559
f 519/566/559 70/144/98 71/145/101 520/567/560
f 520/567/560 71/145/101 72/147/103 521/569/561
f 521/568/561 72/146/103 73/148/105 522/570/562
f 73/148/105 49/8/86 74/149/125 522/570/562
f 522/570/562 74/149/125 75/150/123 523/571/563
f 523/571/563 75/150/123 76/151/121 524/572/564
f 524/572/564 76/151/121 77/152/118 513/560/549
f 524/572/564 513/560/549 514/561/550 525/573/565
f 525/573/565 514/561/550 515/562/551 526/574/566
f 515/562/551 516/563/552 517/564/555 526/574/566
f 526/574/566 517/564/555 518/565/557 527/575/567
f 518/565/557 519/566/559 520/567/560 527/575/567
f 527/575/567 520/567/560 521/569/561 528/576/568
f 521/568/561 522/570/562 523/571/563 528/576/568
f 528/576/568 523/571/563 524/572/564 525/573/565
f 525/573/565 526/574/566 527/575/567 528/576/568
f 96/168/138 97/72/136 79/153/134 529/577/569
f 529/577/569 79/153/134 80/154/132 530/578/570
f 530/578/570 80/154/132 81/155/130 531/579/571
f 531/579/571 81/155/130 82/156/127 532/580/572
f 82/156/127 83/56/67 84/157/66 532/580/572
f 532/580/572 84/157/66 85/158/69 533/581/573
f 533/581/573 85/158/69 86/159/71 534/582/574
f 534/582/574 86/159/71 87/160/73 535/583/575
f 87/160/73 10/2/13 88/161/15 535/583/575
f 535/583/575 88/161/15 89/162/17 536/584/576
f 536/584/576 89/162/17 90/163/19 537/585/577
f 537/585/577 90/163/19 91/164/21 538/586/578
f 91/164/21 92/9/22 93/165/145 538/586/578
f 538/586/578 93/165/145 94/166/143 539/587/579
f 539/587/579 94/166/143 95/167/141 540/588/580
f 540/588/580 95/167/141 96/168/138 529/577/569
f 540/588/580 529/577/569 530/578/570 541/589/581
f 541/589/581 530/578/570 531/579/571 542/590/582
f 531/579/571 532/580/572 533/581/573 542/590/582
f 542/590/582 533/581/573 534/582/574 543/591/583
f 534/582/574 535/583/575 536/584/576 543/591/583
f 543/591/583 536/584/576 537/585/577 544/592/584
f 537/585/577 538/586/578 539/587/579 544/592/584
f 544/592/584 539/587/579 540/588/580 541/589/581
f 541/589/581 542/590/582 543/591/583 544/592/584
f 116/186/585 117/10/158 98/169/156 545/593/586
f 545/593/586 98/169/156 99/170/154 546/594/587
f 546/594/587 99/170/154 100/171/152 547/595/588
f 547/595/588 100/171/152 101/172/149 548/596/589
f 101/172/149 102/12/148 103/173/167 548/596/589
f 548/596/589 103/173/167 104/174/165 549/597/590
f 549/597/590 104/174/165 105/176/163 550/599/591
f 550/598/591 105/175/163 106/177/161 551/600/592
f 106/177/161 107/14/160 108/178/178 551/600/592
f 551/600/592 108/178/178 109/179/176 552/601/593
f 552/601/593 109/179/176 110/180/174 553/602/594
f 553/602/594 110/180/174 111/181/171 554/603/595
f 111/181/171 112/54/170 113/182/596 554/603/595
f 554/603/595 113/182/596 114/183/597 555/604/598
f 555/604/598 114/183/597 115/185/599 556/606/600
f 556/605/600 115/184/599 116/186/585 545/593/586
f 556/605/600 545/593/586 546/594/587 557/608/601
f 557/608/601 546/594/587 547/595/588 558/609/602
f 547/595/588 548/596/589 549/597/590 558/609/602
f 558/609/602 549/597/590 550/599/591 559/612/603
f 550/598/591 551/600/592 552/601/593 559/611/603
f 559/611/603 552/601/593 553/602/594 560/613/604
f 553/602/594 554/603/595 555/604/598 560/613/604
f 560/613/604 555/604/598 556/606/600 557/607/601
f 557/607/601 558/610/602 559/611/603 560/613/604
f 135/202/192 136/59/190 118/187/188 561/614/605
f 561/614/605 118/187/188 119/188/186 562/615/606
f 562/615/606 119/188/186 120/189/184 563/616/607
f 563/616/607 120/189/184 121/190/181 564/617/608
f 121/190/181 122/73/180 123/191/609 564/617/608
f 564/617/608 123/191/609 124/192/610 565/618/611
f 565/618/611 124/192/610 125/193/612 566/619/613
f 566/619/613 125/193/612 126/194/614 567/620/615
f 126/194/614 127/13/173 128/195/172 567/620/615
f 567/620/615 128/195/172 129/196/175 568/621/616
f 568/621/616 129/196/175 130/197/177 569/622/617
f 569/622/617 130/197/177 131/198/179 570/623/618
f 131/198/179 107/14/160 132/199/199 570/623/618
f 570/623/618 132/199/199 133/200/197 571/624/619
f 571/624/619 133/200/197 134/201/195 572/625/620
f 572/625/620 134/201/195 135/202/192 561/614/605
f 572/625/620 561/614/605 562/615/606 573/626/621
f 573/626/621 562/615/606 563/616/607 574/627/622
f 563/616/607 564/617/608 565/618/611 574/627/622
f 574/627/622 565/618/611 566/619/613 575/628/623
f 566/619/613 567/620/615 568/621/616 575/628/623
f 575/628/623 568/621/616 569/622/617 576/629/624
f 569/622/617 570/623/618 571/624/619 576/629/624
f 576/629/624 571/624/619 572/625/620 573/626/621
f 573/626/621 574/627/622 575/628/623 576/629/624
f 155/218/135 156/15/137 137/203/209 577/630/625
f 577/630/625 137/203/209 138/204/207 578/631/626
f 578/631/626 138/204/207 139/205/205 579/632/627
f 579/632/627 139/205/205 140/206/202 580/633/628
f 140/206/202 141/17/201 142/207/219 580/633/628
f 580/633/628 142/207/219 143/208/217 581/634/629
f 581/634/629 143/208/217 144/209/215 582/635/630
f 582/635/630 144/209/215 145/210/213 583/636/631
f 145/210/213 146/19/212 147/211/228 583/636/631
f 583/636/631 147/211/228 148/212/226 584/637/632
f 584/637/632 148/212/226 149/213/224 585/638/633
f 585/638/633 149/213/224 150/214/222 586/639/634
f 150/214/222 151/57/129 152/215/128 586/639/634
f 586/639/634 152/215/128 153/216/131 587/640/635
f 587/640/635 153/216/131 154/217/133 588/641/636
f 588/641/636 154/217/133 155/218/135 577/630/625
f 588/641/636 577/630/625 578/631/626 589/642/637
f 589/642/637 578/631/626 579/632/627 590/643/638
f 579/632/627 580/633/628 581/634/629 590/643/638
f 590/643/638 581/634/629 582/635/630 591/644/639
f 582/635/630 583/636/631 584/637/632 591/644/639
f 591/644/639 584/637/632 585/638/633 592/645/640
f 585/638/633 586/639/634 587/640/635 592/645/640
f 592/645/640 587/640/635 588/641/636 589/642/637
f 589/642/637 590/643/638 591/644/639 592/645/640
f 174/236/241 175/62/239 157/219/237 593/646/641
f 593/646/641 157/219/237 158/220/235 594/647/642
f 594/647/642 158/220/235 159/222/233 595/649/643
f 595/648/643 159/221/233 160/223/230 596/650/644
f 160/223/230 161/80/46 162/224/45 596/650/644
f 596/650/644 162/224/45 163/225/48 597/651/645
f 597/651/645 163/225/48 164/226/50 598/652/646
f 598/652/646 164/226/50 165/227/52 599/653/647
f 165/227/52 166/18/54 167/228/223 599/653/647
f 599/653/647 167/228/223 168/229/225 600/654/648
f 600/654/648 168/229/225 169/230/227 601/655/649
f 601/655/649 169/230/227 170/231/229 602/656/650
f 170/231/229 146/19/212 171/232/248 602/656/650
f 602/656/650 171/232/248 172/234/246 603/658/651
f 603/657/651 172/233/246 173/235/244 604/659/652
f 604/659/652 173/235/244 174/236/241 593/646/641
f 604/659/652 593/646/641 594/647/642 605/661/653
f 605/661/653 594/647/642 595/649/643 606/663/654
f 595/648/643 596/650/644 597/651/645 606/662/654
f 606/662/654 597/651/645 598/652/646 607/664/655
f 598/652/646 599/653/647 600/654/648 607/664/655
f 607/664/655 600/654/648 601/655/649 608/666/656
f 601/655/649 602/656/650 603/658/651 608/666/656
f 608/665/656 603/657/651 604/659/652 605/661/653
f 605/660/653 606/662/654 607/664/655 608/666/656
f 193/254/261 194/78/259 176/237/257 609/667/657
f 609/667/657 176/237/257 177/238/255 610/668/658
f 610/668/658 177/238/255 178/239/253 611/669/659
f 611/669/659 178/239/253 179/240/250 612/670/660
f 179/240/250 180/60/194 181/241/193 612/670/660
f 612/670/660 181/241/193 182/242/196 613/671/661
f 613/671/661 182/242/196 183/243/198 614/672/662
f 614/672/662 183/243/198 184/244/200 615/673/663
f 184/244/200 107/14/160 185/245/162 615/673/663
f 615/673/663 185/245/162 186/247/164 616/675/664
f 616/674/664 186/246/164 187/248/166 617/676/665
f 617/676/665 187/248/166 188/249/168 618/677/666
f 188/249/168 189/21/169 190/250/268 618/677/666
f 618/677/666 190/250/268 191/251/266 619/678/667
f 619/678/667 191/251/266 192/253/264 620/680/668
f 620/679/668 192/252/264 193/254/261 609/667/657
f 620/679/668 609/667/657 610/668/658 621/682/669
f 621/682/669 610/668/658 611/669/659 622/683/670
f 611/669/659 612/670/660 613/671/661 622/683/670
f 622/683/670 613/671/661 614/672/662 623/686/671
f 614/672/662 615/673/663 616/675/664 623/686/671
f 623/685/671 616/674/664 617/676/665 624/687/672
f 617/676/665 618/677/666 619/678/667 624/687/672
f 624/687/672 619/678/667 620/680/668 621/681/669
f 621/681/669 622/684/670 623/685/671 624/687/672
f 213/271/673 214/11/674 195/255/675 625/688/676
f 625/688/676 195/255/675 196/256/677 626/689/678
f 626/689/678 196/256/677 197/257/679 627/690/680
f 627/690/680 197/257/679 198/258/681 628/691/682
f 198/258/681 199/22/280 200/259/278 628/691/682
f 628/691/682 200/259/278 201/260/276 629/692/683
f 629/692/683 201/260/276 202/261/274 630/693/684
f 630/693/684 202/261/274 203/262/272 631/694/685
f 203/262/272 204/24/271 205/263/290 631/694/685
f 631/694/685 205/263/290 206/265/288 632/696/686
f 632/695/686 206/264/288 207/266/286 633/697/687
f 633/697/687 207/266/286 208/267/283 634/698/688
f 208/267/283 209/58/282 210/268/689 634/698/688
f 634/698/688 210/268/689 211/269/690 635/699/691
f 635/699/691 211/269/690 212/270/692 636/700/693
f 636/700/693 212/270/692 213/271/673 625/688/676
f 636/700/693 625/688/676 626/689/678 637/701/694
f 637/701/694 626/689/678 627/690/680 638/702/695
f 627/690/680 628/691/682 629/692/683 638/702/695
f 638/702/695 629/692/683 630/693/684 639/703/696
f 630/693/684 631/694/685 632/696/686 639/703/696
f 639/703/696 632/695/686 633/697/687 640/704/697
f 633/697/687 634/698/688 635/699/691 640/704/697
f 640/704/697 635/699/691 636/700/693 637/701/694
f 637/701/694 638/702/695 639/703/696 640/704/697
f 233/290/291 204/24/271 215/272/300 641/705/698
f 641/705/698 215/272/300 216/273/298 642/706/699
f 642/706/699 216/273/298 217/274/296 643/707/700
f 643/707/700 217/274/296 218/275/293 644/708/701
f 218/275/293 219/25/292 220/276/310 644/708/701
f 644/708/701 220/276/310 221/277/308 645/709/702
f 645/709/702 221/277/308 222/279/306 646/711/703
f 646/710/703 222/278/306 223/280/303 647/712/704
f 223/280/303 224/79/302 225/281/705 647/712/704
f 647/712/704 225/281/705 226/283/706 648/714/707
f 648/713/707 226/282/706 227/284/708 649/715/709
f 649/715/709 227/284/708 228/285/710 650/716/711
f 228/285/710 229/23/285 230/286/284 650/716/711
f 650/716/711 230/286/284 231/287/287 651/717/712
f 651/717/712 231/287/287 232/289/289 652/719/713
f 652/718/713 232/288/289 233/290/291 641/705/698
f 652/718/713 641/705/698 642/706/699 653/721/714
f 653/721/714 642/706/699 643/707/700 654/722/715
f 643/707/700 644/708/701 645/709/702 654/722/715
f 654/722/715 645/709/702 646/711/703 655/725/716
f 646/710/703 647/712/704 648/714/707 655/726/716
f 655/724/716 648/713/707 649/715/709 656/727/717
f 649/715/709 650/716/711 651/717/712 656/727/717
f 656/727/717 651/717/712 652/719/713 653/720/714
f 653/720/714 654/723/715 655/724/716 656/727/717
f 252/308/258 253/26/260 234/291/321 657/728/718
f 657/728/718 234/291/321 235/293/319 658/730/719
f 658/729/719 235/292/319 236/294/317 659/731/720
f 659/731/720 236/294/317 237/295/314 660/732/721
f 237/295/314 238/28/313 239/296/331 660/732/721
f 660/732/721 239/296/331 240/297/329 661/733/722
f 661/733/722 240/297/329 241/299/327 662/735/723
f 662/734/723 241/298/327 242/300/325 663/736/724
f 242/300/325 243/30/324 244/301/340 663/736/724
f 663/736/724 244/301/340 245/302/338 664/737/725
f 664/737/725 245/302/338 246/303/336 665/738/726
f 665/738/726 246/303/336 247/304/334 666/739/727
f 247/304/334 248/61/252 249/305/251 666/739/727
f 666/739/727 249/305/251 250/306/254 667/740/728
f 667/740/728 250/306/254 251/307/256 668/741/729
f 668/741/729 251/307/256 252/308/258 657/728/718
f 668/741/729 657/728/718 658/730/719 669/742/730
f 669/743/730 658/729/719 659/731/720 670/744/731
f 659/731/720 660/732/721 661/733/722 670/744/731
f 670/744/731 661/733/722 662/735/723 671/747/732
f 662/734/723 663/736/724 664/737/725 671/746/732
f 671/746/732 664/737/725 665/738/726 672/748/733
f 665/738/726 666/739/727 667/740/728 672/748/733
f 672/748/733 667/740/728 668/741/729 669/742/730
f 669/742/730 670/745/731 671/746/732 672/748/733
f 272/324/341 243/30/324 254/309/350 673/749/734
f 673/749/734 254/309/350 255/310/348 674/750/735
f 674/750/735 255/310/348 256/311/346 675/751/736
f 675/751/736 256/311/346 257/312/343 676/752/737
f 257/312/343 258/65/342 259/313/738 676/752/737
f 676/752/737 259/313/738 260/314/739 677/753/740
f 677/753/740 260/314/739 261/315/741 678/754/742
f 678/754/742 261/315/741 262/316/743 679/755/744
f 262/316/743 263/16/183 264/317/182 679/755/744
f 679/755/744 264/317/182 265/318/185 680/756/745
f 680/756/745 265/318/185 266/319/187 681/757/746
f 681/757/746 266/319/187 267/320/189 682/758/747
f 267/320/189 268/29/191 269/321/335 682/758/747
f 682/758/747 269/321/335 270/322/337 683/759/748
f 683/759/748 270/322/337 271/323/339 684/760/749
f 684/760/749 271/323/339 272/324/341 673/749/734
f 684/760/749 673/749/734 674/750/735 685/761/750
f 685/761/750 674/750/735 675/751/736 686/762/751
f 675/751/736 676/752/737 677/753/740 686/762/751
f 686/762/751 677/753/740 678/754/742 687/763/752
f 678/754/742 679/755/744 680/756/745 687/763/752
f 687/763/752 680/756/745 681/757/746 688/764/753
f 681/757/746 682/758/747 683/759/748 688/764/753
f 688/764/753 683/759/748 684/760/749 685/761/750
f 685/761/750 686/762/751 687/763/752 688/764/753
f 290/341/220 291/31/221 273/325/360 689/765/754
f 689/765/754 273/325/360 274/326/358 690/766/755
f 690/766/755 274/326/358 275/327/356 691/767/756
f 691/767/756 275/327/356 276/328/353 692/768/757
f 276/328/353 277/33/352 278/329/370 692/768/757
f 692/768/757 278/329/370 279/330/368 693/769/758
f 693/769/758 279/330/368 280/331/366 694/770/759
f 694/770/759 280/331/366 281/332/363 695/771/760
f 281/332/363 282/63/243 283/333/242 695/771/760
f 695/771/760 283/333/242 284/334/245 696/772/761
f 696/772/761 284/334/245 285/336/247 697/774/762
f 697/773/762 285/335/247 286/337/249 698/775/763
f 286/337/249 146/19/212 287/338/214 698/775/763
f 698/775/763 287/338/214 288/339/216 699/776/764
f 699/776/764 288/339/216 289/340/218 700/777/765
f 700/777/765 289/340/218 290/341/220 689/765/754
f 700/777/765 689/765/754 690/766/755 701/778/766
f 701/778/766 690/766/755 691/767/756 702/779/767
f 691/767/756 692/768/757 693/769/758 702/779/767
f 702/779/767 693/769/758 694/770/759 703/780/768
f 694/770/759 695/771/760 696/772/761 703/780/768
f 703/780/768 696/772/761 697/774/762 704/781/769
f 697/773/762 698/775/763 699/776/764 704/781/769
f 704/781/769 699/776/764 700/777/765 701/778/766
f 701/778/766 702/779/767 703/780/768 704/781/769
f 310/357/770 311/34/383 292/342/381 705/782/771
f 705/782/771 292/342/381 293/343/379 706/783/772
f 706/783/772 293/343/379 294/344/377 707/784/773
f 707/784/773 294/344/377 295/345/374 708/785/774
f 295/345/374 296/35/373 297/346/392 708/785/774
f 708/785/774 297/346/392 298/347/390 709/786/775
f 709/786/775 298/347/390 299/348/388 710/787/776
f 710/787/776 299/348/388 300/349/386 711/788/777
f 300/349/386 301/37/385 302/350/403 711/788/777
f 711/788/777 302/350/403 303/351/401 712/789/778
f 712/789/778 303/351/401 304/352/399 713/790/779
f 713/790/779 304/352/399 305/353/396 714/791/780
f 305/353/396 306/64/395 307/354/781 714/791/780
f 714/791/780 307/354/781 308/355/782 715/792/783
f 715/792/783 308/355/782 309/356/784 716/793/785
f 716/793/785 309/356/784 310/357/770 705/782/771
f 716/793/785 705/782/771 706/783/772 717/794/786
f 717/794/786 706/783/772 707/784/773 718/795/787
f 707/784/773 708/785/774 709/786/775 718/795/787
f 718/795/787 709/786/775 710/787/776 719/796/788
f 710/787/776 711/788/777 712/789/778 719/796/788
f 719/796/788 712/789/778 713/790/779 720/797/789
f 713/790/779 714/791/780 715/792/783 720/797/789
f 720/797/789 715/792/783 716/793/785 717/794/786
f 717/794/786 718/795/787 719/796/788 720/797/789
f 329/376/405 330/67/77 312/358/76 721/798/790
f 721/798/790 312/358/76 313/359/79 722/799/791
f 722/799/791 313/359/79 314/361/81 723/801/792
f 723/800/792 314/360/81 315/362/83 724/802/793
f 315/362/83 316/20/85 317/363/794 724/802/793
f 724/802/793 317/363/794 318/365/795 725/804/796
f 725/803/796 318/364/795 319/366/797 726/805/798
f 726/805/798 319/366/797 320/367/799 727/806/800
f 320/367/799 321/36/398 322/368/397 727/806/800
f 727/806/800 322/368/397 323/369/400 728/807/801
f 728/807/801 323/369/400 324/370/402 729/808/802
f 729/808/802 324/370/402 325/371/404 730/809/803
f 325/371/404 301/37/385 326/372/412 730/809/803
f 730/809/803 326/372/412 327/374/410 731/811/804
f 731/810/804 327/373/410 328/375/408 732/812/805
f 732/812/805 328/375/408 329/376/405 721/798/790
f 732/812/805 721/798/790 722/799/791 733/814/806
f 733/814/806 722/799/791 723/801/792 734/816/807
f 723/800/792 724/802/793 725/804/796 734/817/807
f 734/815/807 725/803/796 726/805/798 735/818/808
f 726/805/798 727/806/800 728/807/801 735/818/808
f 735/818/808 728/807/801 729/808/802 736/820/809
f 729/808/802 730/809/803 731/811/804 736/820/809
f 736/819/809 731/810/804 732/812/805 733/814/806
f 733/813/806 734/815/807 735/818/808 736/820/809
f 348/393/332 349/39/333 331/377/422 737/821/810
f 737/821/810 331/377/422 332/378/420 738/822/811
f 738/822/811 332/378/420 333/379/418 739/823/812
f 739/823/812 333/379/418 334/380/415 740/824/813
f 334/380/415 335/74/414 336/381/814 740/824/813
f 740/824/813 336/381/814 337/382/815 741/825/816
f 741/825/816 337/382/815 338/383/817 742/826/818
f 742/826/818 338/383/817 339/384/819 743/827/820
f 339/384/819 340/32/345 341/385/344 743/827/820
f 743/827/820 341/385/344 342/386/347 744/828/821
f 744/828/821 342/386/347 343/387/349 745/829/822
f 745/829/822 343/387/349 344/388/351 746/830/823
f 344/388/351 243/30/324 345/389/326 746/830/823
f 746/830/823 345/389/326 346/391/328 747/832/824
f 747/831/824 346/390/328 347/392/330 748/833/825
f 748/833/825 347/392/330 348/393/332 737/821/810
f 748/833/825 737/821/810 738/822/811 749/834/826
f 749/834/826 738/822/811 739/823/812 750/835/827
f 739/823/812 740/824/813 741/825/816 750/835/827
f 750/835/827 741/825/816 742/826/818 751/836/828
f 742/826/818 743/827/820 744/828/821 751/836/828
f 751/836/828 744/828/821 745/829/822 752/837/829
f 745/829/822 746/830/823 747/832/824 752/837/829
f 752/837/829 747/831/824 748/833/825 749/834/826
f 749/834/826 750/835/827 751/836/828 752/837/829
f 368/412/830 369/27/305 350/394/304 753/838/831
f 753/838/831 350/394/304 351/396/307 754/840/832
f 754/839/832 351/395/307 352/397/309 755/841/833
f 755/841/833 352/397/309 353/398/311 756/842/834
f 353/398/311 354/40/312 355/399/432 756/842/834
f 756/842/834 355/399/432 356/400/430 757/843/835
f 757/843/835 356/400/430 357/402/428 758/845/836
f 758/844/836 357/401/428 358/403/426 759/846/837
f 358/403/426 359/42/425 360/404/443 759/846/837
f 759/846/837 360/404/443 361/405/441 760/847/838
f 760/847/838 361/405/441 362/406/439 761/848/839
f 761/848/839 362/406/439 363/407/436 762/849/840
f 363/407/436 364/66/435 365/408/841 762/849/840
f 762/849/840 365/408/841 366/409/842 763/850/843
f 763/850/843 366/409/842 367/411/844 764/852/845
f 764/851/845 367/410/844 368/412/830 753/838/831
f 764/851/845 753/838/831 754/840/832 765/854/846
f 765/855/846 754/839/832 755/841/833 766/856/847
f 755/841/833 756/842/834 757/843/835 766/856/847
f 766/856/847 757/843/835 758/845/836 767/859/848
f 758/844/836 759/846/837 760/847/838 767/858/848
f 767/858/848 760/847/838 761/848/839 768/860/849
f 761/848/839 762/849/840 763/850/843 768/860/849
f 768/860/849 763/850/843 764/852/845 765/853/846
f 765/853/846 766/857/847 767/858/848 768/860/849
f 388/428/444 359/42/425 370/413/453 769/861/850
f 769/861/850 370/413/453 371/414/451 770/862/851
f 770/862/851 371/414/451 372/415/449 771/863/852
f 771/863/852 372/415/449 373/416/446 772/864/853
f 373/416/446 374/69/445 375/417/854 772/864/853
f 772/864/853 375/417/854 376/418/855 773/865/856
f 773/865/856 376/418/855 377/419/857 774/866/858
f 774/866/858 377/419/857 378/420/859 775/867/860
f 378/420/859 379/38/861 380/421/862 775/867/860
f 775/867/860 380/421/862 381/422/863 776/868/864
f 776/868/864 381/422/863 382/423/865 777/869/866
f 777/869/866 382/423/865 383/424/867 778/870/868
f 383/424/867 384/41/438 385/425/437 778/870/868
f 778/870/868 385/425/437 386/426/440 779/871/869
f 779/871/869 386/426/440 387/427/442 780/872/870
f 780/872/870 387/427/442 388/428/444 769/861/850
f 780/872/870 769/861/850 770/862/851 781/873/871
f 781/873/871 770/862/851 771/863/852 782/874/872
f 771/863/852 772/864/853 773/865/856 782/874/872
f 782/874/872 773/865/856 774/866/858 783/875/873
f 774/866/858 775/867/860 776/868/864 783/875/873
f 783/875/873 776/868/864 777/869/866 784/876/874
f 777/869/866 778/870/868 779/871/869 784/876/874
f 784/876/874 779/871/869 780/872/870 781/873/871
f 781/873/871 782/874/872 783/875/873 784/876/874
f 406/445/393 407/43/394 389/429/463 785/877/875
f 785/877/875 389/429/463 390/430/461 786/878/876
f 786/878/876 390/430/461 391/431/459 787/879/877
f 787/879/877 391/431/459 392/432/456 788/880/878
f 392/432/456 393/46/455 394/433/472 788/880/878
f 788/880/878 394/433/472 395/434/470 789/881/879
f 789/881/879 395/434/470 396/435/468 790/882/880
f 790/882/880 396/435/468 397/436/466 791/883/881
f 397/436/466 398/68/407 399/437/406 791/883/881
f 791/883/881 399/437/406 400/438/409 792/884/882
f 792/884/882 400/438/409 401/440/411 793/886/883
f 793/885/883 401/439/411 402/441/413 794/887/884
f 402/441/413 301/37/385 403/442/387 794/887/884
f 794/887/884 403/442/387 404/443/389 795/888/885
f 795/888/885 404/443/389 405/444/391 796/889/886
f 796/889/886 405/444/391 406/445/393 785/877/875
f 796/889/886 785/877/875 786/878/876 797/890/887
f 797/890/887 786/878/876 787/879/877 798/891/888
f 787/879/877 788/880/878 789/881/879 798/891/888
f 798/891/888 789/881/879 790/882/880 799/892/889
f 790/882/880 791/883/881 792/884/882 799/892/889
f 799/892/889 792/884/882 793/886/883 800/893/890
f 793/885/883 794/887/884 795/888/885 800/893/890
f 800/893/890 795/888/885 796/889/886 797/890/887
f 797/890/887 798/891/888 799/892/889 800/893/890
f 425/461/473 426/48/474 408/446/482 801/894/891
f 801/894/891 408/446/482 409/447/480 802/895/892
f 802/895/892 409/447/480 410/448/478 803/896/893
f 803/896/893 410/448/478 411/449/475 804/897/894
f 411/449/475 412/71/120 413/450/119 804/897/894
f 804/897/894 413/450/119 414/451/122 805/898/895
f 805/898/895 414/451/122 415/452/124 806/899/896
f 806/899/896 415/452/124 416/453/126 807/900/897
f 416/453/126 49/8/86 417/454/88 807/900/897
f 807/900/897 417/454/88 418/455/90 808/901/898
f 808/901/898 418/455/90 419/456/92 809/902/899
f 809/902/899 419/456/92 420/457/94 810/903/900
f 420/457/94 421/45/95 422/458/467 810/903/900
f 810/903/900 422/458/467 423/459/469 811/904/901
f 811/904/901 423/459/469 424/460/471 812/905/902
f 812/905/902 424/460/471 425/461/473 801/894/891
f 812/905/902 801/894/891 802/895/892 813/906/903
f 813/906/903 802/895/892 803/896/893 814/907/904
f 803/896/893 804/897/894 805/898/895 814/907/904
f 814/907/904 805/898/895 806/899/896 815/908/905
f 806/899/896 807/900/897 808/901/898 815/908/905
f 815/908/905 808/901/898 809/902/899 816/909/906
f 809/902/899 810/903/900 811/904/901 816/909/906
f 816/909/906 811/904/901 812/905/902 813/906/903
f 813/906/903 814/907/904 815/908/905 816/909/906
f 444/478/433 445/50/434 427/462/493 817/910/907
f 817/910/907 427/462/493 428/463/491 818/911/908
f 818/911/908 428/463/491 429/464/489 819/912/909
f 819/912/909 429/464/489 430/465/486 820/913/910
f 430/465/486 431/75/485 432/466/911 820/913/910
f 820/913/910 432/466/911 433/467/912 821/914/913
f 821/914/913 433/467/912 434/468/914 822/915/915
f 822/915/915 434/468/914 435/469/916 823/916/917
f 435/469/916 436/44/448 437/470/447 823/916/917
f 823/916/917 437/470/447 438/471/450 824/917/918
f 824/917/918 438/471/450 439/472/452 825/918/919
f 825/918/919 439/472/452 440/473/454 826/919/920
f 440/473/454 359/42/425 441/474/427 826/919/920
f 826/919/920 441/474/427 442/476/429 827/921/921
f 827/920/921 442/475/429 443/477/431 828/922/922
f 828/922/922 443/477/431 444/478/433 817/910/907
f 828/922/922 817/910/907 818/911/908 829/923/923
f 829/923/923 818/911/908 819/912/909 830/924/924
f 819/912/909 820/913/910 821/914/913 830/924/924
f 830/924/924 821/914/913 822/915/915 831/925/925
f 822/915/915 823/916/917 824/917/918 831/925/925
f 831/925/925 824/917/918 825/918/919 832/926/926
f 825/918/919 826/919/920 827/921/921 832/926/926
f 832/926/926 827/920/921 828/922/922 829/923/923
f 829/923/923 830/924/924 831/925/925 832/926/926
f 464/494/301 204/24/271 446/479/273 833/927/927
f 833/927/927 446/479/273 447/480/275 834/928/928
f 834/928/928 447/480/275 448/481/277 835/929/929
f 835/929/929 448/481/277 449/482/279 836/930/930
f 449/482/279 450/47/281 451/483/931 836/930/930
f 836/930/930 451/483/931 452/484/932 837/931/933
f 837/931/933 452/484/932 453/485/934 838/932/935
f 838/932/935 453/485/934 454/486/936 839/933/937
f 454/486/936 455/49/488 456/487/487 839/933/937
f 839/933/937 456/487/487 457/488/490 840/934/938
f 840/934/938 457/488/490 458/489/492 841/935/939
f 841/935/939 458/489/492 459/490/494 842/936/940
f 459/490/494 460/51/295 461/491/294 842/936/940
f 842/936/940 461/491/294 462/492/297 843/937/941
f 843/937/941 462/492/297 463/493/299 844/938/942
f 844/938/942 463/493/299 464/494/301 833/927/927
f 844/938/942 833/927/927 834/928/928 845/939/943
f 845/939/943 834/928/928 835/929/929 846/940/944
f 835/929/929 836/930/930 837/931/933 846/940/944
f 846/940/944 837/931/933 838/932/935 847/941/945
f 838/932/935 839/933/937 840/934/938 847/941/945
f 847/941/945 840/934/938 841/935/939 848/942/946
f 841/935/939 842/936/940 843/937/941 848/942/946
f 848/942/946 843/937/941 844/938/942 845/939/943
f 845/939/943 846/940/944 847/941/945 848/942/946
f 850/944/4 849/943/3 113/182/596 112/54/170
f 851/945/147 850/944/4 112/54/170 127/13/173
f 852/946/146 851/945/147 127/13/173 126/194/614
f 853/947/144 852/946/146 126/194/614 125/193/612
f 854/948/142 853/947/144 125/193/612 124/192/610
f 855/949/139 854/948/142 124/192/610 123/191/609
f 856/950/140 855/949/139 123/191/609 122/73/180
f 857/951/211 856/950/140 122/73/180 263/16/183
f 858/952/210 857/951/211 263/16/183 262/316/743
f 859/953/208 858/952/210 262/316/743 261/315/741
f 860/954/206 859/953/208 261/315/741 260/314/739
f 861/955/203 860/954/206 260/314/739 259/313/738
f 862/956/204 861/955/203 259/313/738 258/65/342
f 863/957/362 862/956/204 258/65/342 340/32/345
f 864/958/361 863/957/362 340/32/345 339/384/819
f 865/959/359 864/958/361 339/384/819 338/383/817
f 866/960/357 865/959/359 338/383/817 337/382/815
f 867/961/354 866/960/357 337/382/815 336/381/814
f 868/962/355 867/961/354 336/381/814 335/74/414
f 923/1020/417 924/1021/495 868/962/355 335/74/414
f 870/964/382 869/963/384 379/38/861 378/420/859
f 871/965/380 870/964/382 378/420/859 377/419/857
f 872/966/378 871/965/380 377/419/857 376/418/855
f 873/967/375 872/966/378 376/418/855 375/417/854
f 874/968/376 873/967/375 375/417/854 374/69/445
f 875/969/465 874/968/376 374/69/445 436/44/448
f 876/970/464 875/969/465 436/44/448 435/469/916
f 877/971/462 876/970/464 435/469/916 434/468/914
f 878/972/460 877/971/462 434/468/914 433/467/912
f 879/973/457 878/972/460 433/467/912 432/466/911
f 880/974/458 879/973/457 432/466/911 431/75/485
f 881/975/484 880/974/458 431/75/485 455/49/488
f 882/976/483 881/975/484 455/49/488 454/486/936
f 883/977/481 882/976/483 454/486/936 453/485/934
f 884/978/479 883/977/481 453/485/934 452/484/932
f 885/979/476 884/978/479 452/484/932 451/483/931
f 886/980/477 885/979/476 451/483/931 450/47/281
f 887/981/117 886/980/477 450/47/281 199/22/280
f 888/982/115 887/981/117 199/22/280 198/258/681
f 889/983/113 888/982/115 198/258/681 197/257/679
f 890/984/111 889/983/113 197/257/679 196/256/677
f 891/985/108 890/984/111 196/256/677 195/255/675
f 892/986/109 891/985/108 195/255/675 214/11/674
f 893/987/12 899/994/496 900/995/159 117/10/158
f 894/988/10 893/987/12 117/10/158 116/186/585
f 895/990/8 894/988/10 116/186/585 115/184/599
f 896/991/6 895/989/8 115/185/599 114/183/597
f 849/943/3 896/991/6 114/183/597 113/182/596
f 898/993/35 897/992/34 65/140/553 64/76/106
f 64/76/106 892/986/109 899/994/496 898/993/35
f 900/995/159 899/994/496 892/986/109 214/11/674
f 901/996/157 900/995/159 214/11/674 213/271/673
f 902/997/155 901/996/157 213/271/673 212/270/692
f 903/998/153 902/997/155 212/270/692 211/269/690
f 904/999/150 903/998/153 211/269/690 210/268/689
f 905/1000/151 904/999/150 210/268/689 209/58/282
f 906/1001/270 905/1000/151 209/58/282 229/23/285
f 907/1002/269 906/1001/270 229/23/285 228/285/710
f 908/1003/267 907/1002/269 228/285/710 227/284/708
f 909/1005/265 908/1003/267 227/284/708 226/282/706
f 910/1006/262 909/1004/265 226/283/706 225/281/705
f 911/1007/263 910/1006/262 225/281/705 224/79/302
f 912/1008/323 911/1007/263 224/79/302 369/27/305
f 913/1009/322 912/1008/323 369/27/305 368/412/830
f 914/1011/320 913/1009/322 368/412/830 367/410/844
f 915/1012/318 914/1010/320 367/411/844 366/409/842
f 916/1013/315 915/1012/318 366/409/842 365/408/841
f 917/1014/316 916/1013/315 365/408/841 364/66/435
f 918/1015/424 917/1014/316 364/66/435 384/41/438
f 919/1016/423 918/1015/424 384/41/438 383/424/867
f 920/1017/421 919/1016/423 383/424/867 382/423/865
f 921/1018/419 920/1017/421 382/423/865 381/422/863
f 922/1019/416 921/1018/419 381/422/863 380/421/862
f 923/1020/417 922/1019/416 380/421/862 379/38/861
f 869/963/384 924/1021/495 923/1020/417 379/38/861
f 925/1022/372 924/1021/495 869/963/384 311/34/383
f 926/1023/371 925/1022/372 311/34/383 310/357/770
f 927/1024/369 926/1023/371 310/357/770 309/356/784
f 928/1025/367 927/1024/369 309/356/784 308/355/782
f 929/1026/364 928/1025/367 308/355/782 307/354/781
f 930/1027/365 929/1026/364 307/354/781 306/64/395
f 931/1028/240 930/1027/365 306/64/395 321/36/398
f 932/1029/238 931/1028/240 321/36/398 320/367/799
f 933/1030/236 932/1029/238 320/367/799 319/366/797
f 934/1032/234 933/1030/236 319/366/797 318/364/795
f 935/1033/231 934/1031/234 318/365/795 317/363/794
f 936/1034/232 935/1033/231 317/363/794 316/20/85
f 59/5/84 937/1035/64 936/1034/232 316/20/85
f 938/1036/63 937/1035/64 59/5/84 58/135/529
f 939/1038/61 938/1036/63 58/135/529 57/133/543
f 940/1039/59 939/1037/61 57/134/543 56/132/541
f 941/1040/56 940/1039/59 56/132/541 55/131/540
f 942/1041/57 941/1040/56 55/131/540 54/53/96
f 943/1042/42 942/1041/57 54/53/96 69/7/99
f 944/1043/41 943/1042/42 69/7/99 68/143/558
f 945/1044/39 944/1043/41 68/143/558 67/142/556
f 946/1045/37 945/1044/39 67/142/556 66/141/554
f 897/992/34 946/1045/37 66/141/554 65/140/553
g default
v -8.991451 5.281803 -35.679772
v -8.991417 5.282053 -35.665471
v -8.991417 5.282366 -35.651454
v -8.991451 5.282735 -35.638066
v -8.991519 5.283150 -35.625637
v -9.005754 5.283371 -35.625011
v -9.020261 5.283682 -35.624348
v -9.034939 5.284075 -35.623654
v -9.049456 5.284537 -35.622948
v -9.063270 5.285044 -35.622252
v -9.062419 5.284530 -35.635993
v -9.061376 5.284059 -35.649637
v -9.060334 5.283653 -35.663437
v -9.059487 5.283330 -35.677704
v -9.059019 5.283103 -35.692779
v -9.046827 5.282701 -35.692949
v -9.033656 5.282344 -35.693163
v -9.019813 5.282040 -35.693414
v -9.005640 5.281798 -35.693697
v -8.991519 5.281621 -35.694003
v -9.106044 5.288919 -35.638070
v -9.112875 5.288919 -35.651460
v -9.118681 5.288919 -35.665477
v -9.123319 5.288919 -35.679776
v -9.126675 5.288919 -35.694003
v -9.123316 5.288150 -35.694071
v -9.118678 5.287378 -35.694105
v -9.112872 5.286621 -35.694105
v -9.106043 5.285898 -35.694071
v -9.098357 5.285227 -35.694003
v -9.094270 5.285194 -35.679768
v -9.088505 5.285158 -35.665261
v -9.081220 5.285120 -35.650583
v -9.072665 5.285082 -35.636066
v -9.072667 5.285790 -35.622950
v -9.081224 5.286574 -35.623657
v -9.088511 5.287367 -35.624351
v -9.094274 5.288150 -35.625012
v -9.098357 5.288919 -35.625637
v -9.123316 5.288922 -37.340270
v -9.118678 5.288924 -37.354571
v -9.112872 5.288924 -37.368589
v -9.106043 5.288922 -37.381976
v -9.098357 5.288919 -37.394406
v -9.094274 5.288150 -37.395030
v -9.088511 5.287367 -37.395692
v -9.081224 5.286574 -37.396385
v -9.072667 5.285790 -37.397093
v -9.063270 5.285044 -37.397790
v -9.072792 5.285090 -37.384049
v -9.081519 5.285147 -37.370405
v -9.089037 5.285203 -37.356605
v -9.095021 5.285249 -37.342338
v -9.099222 5.285274 -37.327264
v -9.106686 5.285932 -37.327093
v -9.113297 5.286643 -37.326880
v -9.118916 5.287391 -37.326628
v -9.123412 5.288156 -37.326345
v -9.126675 5.288919 -37.326039
v -8.991519 5.282735 -37.381972
v -8.991519 5.282366 -37.368582
v -8.991519 5.282053 -37.354565
v -8.991519 5.281802 -37.340267
v -8.991519 5.281621 -37.326039
v -9.005750 5.281803 -37.325971
v -9.020051 5.282053 -37.325938
v -9.034068 5.282366 -37.325938
v -9.047456 5.282735 -37.325971
v -9.059885 5.283150 -37.326039
v -9.060511 5.283371 -37.340274
v -9.061174 5.283682 -37.354781
v -9.061868 5.284075 -37.369460
v -9.062574 5.284537 -37.383977
v -9.049454 5.284537 -37.397093
v -9.034934 5.284075 -37.396385
v -9.020255 5.283682 -37.395692
v -9.005751 5.283371 -37.395030
v -8.991519 5.283150 -37.394406
v -9.005746 5.288919 -35.562203
v -9.020045 5.288919 -35.566841
v -9.034062 5.288919 -35.572647
v -9.047452 5.288919 -35.579478
v -9.059885 5.288919 -35.587165
v -9.060511 5.288150 -35.591252
v -9.061174 5.287367 -35.597017
v -9.061868 5.286574 -35.604302
v -9.062574 5.285790 -35.612857
v -9.049529 5.285090 -35.612730
v -9.035885 5.285147 -35.604003
v -9.022085 5.285203 -35.596485
v -9.007818 5.285249 -35.590501
v -8.992743 5.285274 -35.586300
v -8.992573 5.285932 -35.578837
v -8.992359 5.286643 -35.572225
v -8.992108 5.287391 -35.566606
v -8.991825 5.288156 -35.562111
v -8.991519 5.288919 -35.558847
v -7.345252 5.281803 -35.694071
v -7.330951 5.282053 -35.694105
v -7.316933 5.282366 -35.694105
v -7.303546 5.282735 -35.694071
v -7.291116 5.283150 -35.694003
v -7.290490 5.283371 -35.679768
v -7.289828 5.283682 -35.665261
v -7.289134 5.284075 -35.650583
v -7.288427 5.284537 -35.636066
v -7.287732 5.285044 -35.622252
v -7.301473 5.284530 -35.623103
v -7.315117 5.284059 -35.624146
v -7.328917 5.283653 -35.625188
v -7.343184 5.283330 -35.626035
v -7.358258 5.283103 -35.626503
v -7.358429 5.282701 -35.638695
v -7.358642 5.282344 -35.651866
v -7.358894 5.282040 -35.665710
v -7.359177 5.281798 -35.679882
v -7.359483 5.281621 -35.694003
v -7.303550 5.288919 -35.579478
v -7.316940 5.288919 -35.572647
v -7.330957 5.288919 -35.566841
v -7.345255 5.288919 -35.562203
v -7.359483 5.288919 -35.558847
v -7.359551 5.288150 -35.562206
v -7.359584 5.287378 -35.566844
v -7.359584 5.286621 -35.572650
v -7.359551 5.285898 -35.579479
v -7.359483 5.285227 -35.587165
v -7.345248 5.285194 -35.591252
v -7.330741 5.285158 -35.597017
v -7.316062 5.285120 -35.604302
v -7.301545 5.285082 -35.612857
v -7.288429 5.285790 -35.612855
v -7.289137 5.286574 -35.604298
v -7.289830 5.287367 -35.597012
v -7.290492 5.288150 -35.591248
v -7.291116 5.288919 -35.587165
v -8.991519 5.377799 -35.562203
v -8.991519 5.378571 -35.566841
v -8.991519 5.379328 -35.572647
v -8.991519 5.380051 -35.579478
v -8.991519 5.380722 -35.587165
v -9.005728 5.380756 -35.591250
v -9.020216 5.380792 -35.597014
v -9.034892 5.380829 -35.604301
v -9.049425 5.380867 -35.612859
v -9.063270 5.380905 -35.622252
v -9.062422 5.380166 -35.612724
v -9.061379 5.379430 -35.603999
v -9.060335 5.378683 -35.596485
v -9.059487 5.377911 -35.590503
v -9.059019 5.377097 -35.586300
v -9.046827 5.377088 -35.578837
v -9.033656 5.377077 -35.572225
v -9.019813 5.377063 -35.566606
v -9.005640 5.377048 -35.562111
v -8.991519 5.377031 -35.558847
v -9.106044 5.380051 -35.694003
v -9.112875 5.379328 -35.694003
v -9.118681 5.378571 -35.694003
v -9.123319 5.377799 -35.694003
v -9.126675 5.377031 -35.694003
v -9.123316 5.377028 -35.679772
v -9.118678 5.377026 -35.665471
v -9.112872 5.377026 -35.651454
v -9.106043 5.377028 -35.638066
v -9.098357 5.377031 -35.625637
v -9.094269 5.377804 -35.625010
v -9.088504 5.378590 -35.624346
v -9.081221 5.379383 -35.623652
v -9.072670 5.380164 -35.622946
v -9.072668 5.380867 -35.636037
v -9.081223 5.380829 -35.650541
v -9.088508 5.380792 -35.665222
v -9.094272 5.380756 -35.679746
v -9.098357 5.380722 -35.694003
v -7.227683 5.288919 -35.679776
v -7.232321 5.288919 -35.665477
v -7.238127 5.288919 -35.651460
v -7.244958 5.288919 -35.638070
v -7.252645 5.288919 -35.625637
v -7.256732 5.288150 -35.625011
v -7.262496 5.287367 -35.624348
v -7.269782 5.286574 -35.623654
v -7.278337 5.285790 -35.622948
v -7.278210 5.285090 -35.635993
v -7.269483 5.285147 -35.649637
v -7.261964 5.285203 -35.663437
v -7.255980 5.285249 -35.677704
v -7.251779 5.285274 -35.692779
v -7.244316 5.285932 -35.692949
v -7.237705 5.286643 -35.693163
v -7.232086 5.287391 -35.693414
v -7.227590 5.288156 -35.693697
v -7.224327 5.288919 -35.694003
v -7.359551 5.281803 -37.340270
v -7.359584 5.282053 -37.354571
v -7.359584 5.282366 -37.368589
v -7.359551 5.282735 -37.381976
v -7.359483 5.283150 -37.394406
v -7.345251 5.283371 -37.395030
v -7.330746 5.283682 -37.395692
v -7.316067 5.284075 -37.396385
v -7.301548 5.284537 -37.397093
v -7.287732 5.285044 -37.397790
v -7.288583 5.284530 -37.384049
v -7.289626 5.284059 -37.370405
v -7.290668 5.283653 -37.356605
v -7.291514 5.283330 -37.342338
v -7.291982 5.283103 -37.327264
v -7.304174 5.282701 -37.327093
v -7.317345 5.282344 -37.326880
v -7.331189 5.282040 -37.326628
v -7.345362 5.281798 -37.326345
v -7.359483 5.281621 -37.326039
v -7.278210 5.285787 -37.396939
v -7.269483 5.286523 -37.395896
v -7.261964 5.287268 -37.394854
v -7.255980 5.288038 -37.394008
v -7.251779 5.288852 -37.393540
v -7.244316 5.288861 -37.381348
v -7.237705 5.288873 -37.368177
v -7.232086 5.288886 -37.354333
v -7.227590 5.288902 -37.340161
v -7.224327 5.288919 -37.326039
v -7.227685 5.288150 -37.325971
v -7.232324 5.287378 -37.325938
v -7.238130 5.286621 -37.325938
v -7.244959 5.285898 -37.325971
v -7.252645 5.285227 -37.326039
v -7.256732 5.285194 -37.340274
v -7.262496 5.285158 -37.354781
v -7.269782 5.285120 -37.369460
v -7.278337 5.285082 -37.383977
v -7.227683 5.377799 -35.694003
v -7.232321 5.378571 -35.694003
v -7.238127 5.379328 -35.694003
v -7.244958 5.380051 -35.694003
v -7.252645 5.380722 -35.694003
v -7.256732 5.380756 -35.679768
v -7.262496 5.380792 -35.665261
v -7.269782 5.380829 -35.650583
v -7.278337 5.380868 -35.636066
v -7.287732 5.380905 -35.622252
v -7.278203 5.380166 -35.623100
v -7.269479 5.379430 -35.624143
v -7.261964 5.378683 -35.625187
v -7.255982 5.377911 -35.626035
v -7.251779 5.377097 -35.626503
v -7.244316 5.377088 -35.638695
v -7.237705 5.377077 -35.651866
v -7.232086 5.377063 -35.665710
v -7.227590 5.377048 -35.679882
v -7.224327 5.377031 -35.694003
v -7.301473 5.380859 -35.612730
v -7.315117 5.380803 -35.604003
v -7.328917 5.380747 -35.596485
v -7.343184 5.380701 -35.590501
v -7.358258 5.380676 -35.586300
v -7.358429 5.380017 -35.578837
v -7.358642 5.379306 -35.572225
v -7.358894 5.378559 -35.566606
v -7.359177 5.377794 -35.562111
v -7.359483 5.377031 -35.558847
v -7.345252 5.377028 -35.562206
v -7.330951 5.377026 -35.566844
v -7.316933 5.377026 -35.572650
v -7.303546 5.377028 -35.579479
v -7.291116 5.377031 -35.587165
v -7.290491 5.377802 -35.591252
v -7.289827 5.378588 -35.597016
v -7.289134 5.379380 -35.604300
v -7.288427 5.380162 -35.612853
v -8.991519 5.383215 -35.638070
v -8.991519 5.383583 -35.651460
v -8.991519 5.383897 -35.665477
v -8.991519 5.384147 -35.679776
v -8.991519 5.384328 -35.694003
v -9.005746 5.384147 -35.694003
v -9.020045 5.383897 -35.694003
v -9.034062 5.383583 -35.694003
v -9.047452 5.383215 -35.694003
v -9.059885 5.382799 -35.694003
v -9.060510 5.382579 -35.679820
v -9.061171 5.382268 -35.665351
v -9.061864 5.381874 -35.650679
v -9.062572 5.381412 -35.636129
v -9.049358 5.381412 -35.622953
v -9.034790 5.381875 -35.623662
v -9.020121 5.382268 -35.624355
v -9.005673 5.382579 -35.625015
v -8.991519 5.382799 -35.625637
v -8.991519 5.384147 -37.340267
v -8.991519 5.383897 -37.354565
v -8.991519 5.383583 -37.368582
v -8.991519 5.383215 -37.381972
v -8.991519 5.382799 -37.394406
v -9.005702 5.382579 -37.395030
v -9.020171 5.382268 -37.395691
v -9.034843 5.381874 -37.396385
v -9.049393 5.381412 -37.397092
v -9.063270 5.380905 -37.397790
v -9.062415 5.381419 -37.383957
v -9.061372 5.381890 -37.370312
v -9.060332 5.382296 -37.356560
v -9.059487 5.382619 -37.342343
v -9.059019 5.382846 -37.327264
v -9.046827 5.383249 -37.327093
v -9.033656 5.383606 -37.326880
v -9.019813 5.383909 -37.326628
v -9.005640 5.384152 -37.326345
v -8.991519 5.384328 -37.326039
v -9.106044 5.377031 -37.381972
v -9.112875 5.377031 -37.368582
v -9.118681 5.377031 -37.354565
v -9.123319 5.377031 -37.340267
v -9.126675 5.377031 -37.326039
v -9.123317 5.377800 -37.325971
v -9.118678 5.378571 -37.325938
v -9.112872 5.379328 -37.325938
v -9.106043 5.380051 -37.325971
v -9.098357 5.380722 -37.326039
v -9.094275 5.380756 -37.340245
v -9.088513 5.380792 -37.354731
v -9.081226 5.380829 -37.369407
v -9.072666 5.380867 -37.383943
v -9.072669 5.380162 -37.397095
v -9.081222 5.379380 -37.396388
v -9.088506 5.378588 -37.395695
v -9.094270 5.377802 -37.395031
v -9.098357 5.377031 -37.394406
v -7.303550 5.383215 -35.694003
v -7.316940 5.383583 -35.694003
v -7.330957 5.383897 -35.694003
v -7.345255 5.384147 -35.694003
v -7.359483 5.384328 -35.694003
v -7.359551 5.384147 -35.679772
v -7.359584 5.383896 -35.665471
v -7.359584 5.383583 -35.651454
v -7.359551 5.383215 -35.638066
v -7.359483 5.382799 -35.625637
v -7.345303 5.382579 -35.625014
v -7.330836 5.382268 -35.624354
v -7.316164 5.381875 -35.623660
v -7.301611 5.381412 -35.622951
v -7.288431 5.381412 -35.636132
v -7.289140 5.381875 -35.650684
v -7.289834 5.382268 -35.665357
v -7.290494 5.382579 -35.679823
v -7.291116 5.382799 -35.694003
v -7.227683 5.377031 -37.340267
v -7.232321 5.377031 -37.354565
v -7.238127 5.377031 -37.368582
v -7.244958 5.377031 -37.381972
v -7.252645 5.377031 -37.394406
v -7.256736 5.377804 -37.395034
v -7.262503 5.378590 -37.395699
v -7.269785 5.379383 -37.396393
v -7.278334 5.380164 -37.397098
v -7.287732 5.380905 -37.397790
v -7.278207 5.380859 -37.384080
v -7.269481 5.380803 -37.370436
v -7.261964 5.380747 -37.356619
v -7.255981 5.380701 -37.342337
v -7.251779 5.380676 -37.327264
v -7.244316 5.380017 -37.327093
v -7.237705 5.379306 -37.326880
v -7.232086 5.378559 -37.326628
v -7.227590 5.377794 -37.326345
v -7.224327 5.377031 -37.326039
v -7.301565 5.381419 -37.396936
v -7.315210 5.381890 -37.395892
v -7.328962 5.382296 -37.394852
v -7.343179 5.382619 -37.394008
v -7.358258 5.382846 -37.393540
v -7.358429 5.383249 -37.381347
v -7.358642 5.383606 -37.368177
v -7.358894 5.383909 -37.354333
v -7.359177 5.384152 -37.340161
v -7.359483 5.384328 -37.326039
v -7.345252 5.384147 -37.325971
v -7.330951 5.383896 -37.325938
v -7.316933 5.383583 -37.325938
v -7.303546 5.383215 -37.325971
v -7.291116 5.382799 -37.326039
v -7.290494 5.382579 -37.340219
v -7.289834 5.382268 -37.354686
v -7.289140 5.381875 -37.369358
v -7.288431 5.381412 -37.383911
v -8.991519 5.380051 -37.440564
v -8.991519 5.379328 -37.447395
v -8.991519 5.378571 -37.453201
v -8.991519 5.377799 -37.457839
v -8.991519 5.377031 -37.461195
v -9.005746 5.377031 -37.457839
v -9.020045 5.377031 -37.453201
v -9.034062 5.377031 -37.447395
v -9.047452 5.377031 -37.440564
v -9.059885 5.377031 -37.432877
v -9.060514 5.377804 -37.428786
v -9.061179 5.378590 -37.423019
v -9.061873 5.379383 -37.415737
v -9.062578 5.380164 -37.407188
v -9.049485 5.380867 -37.407188
v -9.034982 5.380829 -37.415744
v -9.020300 5.380792 -37.423029
v -9.005776 5.380756 -37.428793
v -8.991519 5.380722 -37.432877
v -8.991519 5.288150 -37.457839
v -8.991519 5.287378 -37.453201
v -8.991519 5.286621 -37.447395
v -8.991519 5.285899 -37.440564
v -8.991519 5.285227 -37.432877
v -9.005754 5.285194 -37.428790
v -9.020261 5.285158 -37.423026
v -9.034939 5.285120 -37.415740
v -9.049456 5.285082 -37.407185
v -9.062419 5.285787 -37.407312
v -9.061376 5.286523 -37.416039
v -9.060334 5.287268 -37.423558
v -9.059487 5.288038 -37.429542
v -9.059019 5.288852 -37.433743
v -9.046827 5.288861 -37.441206
v -9.033656 5.288873 -37.447817
v -9.019813 5.288886 -37.453436
v -9.005640 5.288902 -37.457932
v -8.991519 5.288919 -37.461195
v -7.303550 5.377031 -37.440564
v -7.316940 5.377031 -37.447395
v -7.330957 5.377031 -37.453201
v -7.345255 5.377031 -37.457839
v -7.359483 5.377031 -37.461195
v -7.359551 5.377800 -37.457837
v -7.359584 5.378571 -37.453198
v -7.359584 5.379328 -37.447393
v -7.359551 5.380051 -37.440563
v -7.359483 5.380722 -37.432877
v -7.345277 5.380756 -37.428795
v -7.330791 5.380792 -37.423033
v -7.316115 5.380829 -37.415746
v -7.301579 5.380867 -37.407186
v -7.288427 5.380162 -37.407190
v -7.289134 5.379380 -37.415742
v -7.289827 5.378588 -37.423026
v -7.290491 5.377802 -37.428791
v -7.291116 5.377031 -37.432877
v -7.301473 5.285090 -37.407312
v -7.315117 5.285147 -37.416039
v -7.328917 5.285203 -37.423558
v -7.343184 5.285249 -37.429542
v -7.358258 5.285274 -37.433743
v -7.358429 5.285932 -37.441206
v -7.358642 5.286643 -37.447817
v -7.358894 5.287391 -37.453436
v -7.359177 5.288156 -37.457932
v -7.359483 5.288919 -37.461195
v -7.345252 5.288922 -37.457837
v -7.330951 5.288924 -37.453198
v -7.316933 5.288924 -37.447393
v -7.303546 5.288922 -37.440563
v -7.291116 5.288919 -37.432877
v -7.290492 5.288150 -37.428794
v -7.289830 5.287367 -37.423031
v -7.289137 5.286574 -37.415745
v -7.288429 5.285790 -37.407187
v -9.005566 5.281984 -35.679347
v -9.005552 5.282242 -35.665028
v -9.005584 5.282566 -35.651018
v -9.005657 5.282945 -35.637605
v -9.020109 5.283240 -35.637171
v -9.034644 5.283611 -35.636768
v -9.048926 5.284047 -35.636391
v -9.048316 5.283601 -35.650213
v -9.047718 5.283218 -35.664275
v -9.047197 5.282915 -35.678505
v -9.033777 5.282547 -35.678710
v -9.019786 5.282235 -35.678990
v -9.019845 5.282505 -35.664680
v -9.019957 5.282843 -35.650667
v -9.034315 5.283191 -35.650403
v -9.034015 5.282833 -35.664434
v -9.102144 5.288148 -35.637673
v -9.109155 5.288147 -35.651301
v -9.115115 5.288146 -35.665467
v -9.119876 5.288147 -35.679830
v -9.115113 5.287371 -35.679861
v -9.109150 5.286607 -35.679865
v -9.102138 5.285875 -35.679839
v -9.096657 5.285852 -35.665358
v -9.089747 5.285831 -35.650788
v -9.081628 5.285811 -35.636465
v -9.089749 5.286581 -35.636867
v -9.096663 5.287367 -35.637272
v -9.103959 5.287366 -35.651136
v -9.110164 5.287367 -35.665447
v -9.103954 5.286596 -35.665413
v -9.097424 5.286587 -35.650966
v -9.119955 5.288160 -37.340696
v -9.115172 5.288161 -37.355014
v -9.109188 5.288159 -37.369024
v -9.102158 5.288155 -37.382436
v -9.096705 5.287375 -37.382870
v -9.089829 5.286590 -37.383273
v -9.081750 5.285819 -37.383650
v -9.090019 5.285852 -37.369829
v -9.097091 5.285884 -37.355766
v -9.102708 5.285913 -37.341537
v -9.109524 5.286637 -37.341332
v -9.115320 5.287392 -37.341052
v -9.110317 5.287389 -37.355362
v -9.104052 5.287383 -37.369374
v -9.097600 5.286608 -37.369639
v -9.104238 5.286624 -37.355608
v -9.005776 5.282946 -37.382369
v -9.005812 5.282567 -37.368742
v -9.005824 5.282245 -37.354575
v -9.005803 5.281988 -37.340212
v -9.020182 5.282246 -37.340182
v -9.034327 5.282568 -37.340177
v -9.047890 5.282946 -37.340204
v -9.048306 5.283242 -37.354684
v -9.048700 5.283615 -37.369255
v -9.049074 5.284053 -37.383577
v -9.034803 5.283615 -37.383175
v -9.020257 5.283241 -37.382771
v -9.020278 5.282848 -37.368906
v -9.020257 5.282513 -37.354595
v -9.034534 5.282848 -37.354630
v -9.034689 5.283201 -37.369076
v -9.006154 5.288155 -35.565562
v -9.020456 5.288153 -35.570343
v -9.034462 5.288152 -35.576330
v -9.047889 5.288150 -35.583364
v -9.048315 5.287370 -35.588819
v -9.048728 5.286587 -35.595696
v -9.049124 5.285818 -35.603774
v -9.035300 5.285851 -35.595505
v -9.021237 5.285883 -35.588432
v -9.007012 5.285912 -35.582815
v -9.006791 5.286633 -35.575996
v -9.006505 5.287387 -35.570197
v -9.020792 5.287382 -35.575198
v -9.034801 5.287376 -35.581466
v -9.035079 5.286603 -35.587922
v -9.021052 5.286619 -35.581283
v -7.344826 5.281984 -35.679957
v -7.330508 5.282242 -35.679970
v -7.316498 5.282566 -35.679938
v -7.303085 5.282945 -35.679865
v -7.302651 5.283240 -35.665413
v -7.302247 5.283611 -35.650878
v -7.301871 5.284047 -35.636596
v -7.315692 5.283601 -35.637206
v -7.329755 5.283218 -35.637804
v -7.343985 5.282915 -35.638325
v -7.344190 5.282547 -35.651745
v -7.344470 5.282235 -35.665736
v -7.330160 5.282505 -35.665677
v -7.316147 5.282843 -35.665565
v -7.315882 5.283191 -35.651207
v -7.329913 5.282833 -35.651508
v -7.303153 5.288148 -35.583379
v -7.316780 5.288147 -35.576367
v -7.330947 5.288146 -35.570407
v -7.345310 5.288147 -35.565646
v -7.345340 5.287371 -35.570409
v -7.345345 5.286607 -35.576372
v -7.345318 5.285875 -35.583384
v -7.330838 5.285852 -35.588865
v -7.316267 5.285831 -35.595775
v -7.301945 5.285811 -35.603894
v -7.302347 5.286581 -35.595773
v -7.302751 5.287367 -35.588859
v -7.316616 5.287366 -35.581563
v -7.330927 5.287367 -35.575358
v -7.330892 5.286596 -35.581568
v -7.316446 5.286587 -35.588098
v -9.005654 5.377821 -35.565561
v -9.005684 5.378593 -35.570343
v -9.005713 5.379350 -35.576329
v -9.005739 5.380075 -35.583363
v -9.020183 5.380098 -35.588817
v -9.034693 5.380121 -35.595694
v -9.048934 5.380143 -35.603772
v -9.048337 5.379396 -35.595504
v -9.047741 5.378636 -35.588432
v -9.047213 5.377867 -35.582815
v -9.033841 5.377855 -35.575997
v -9.019873 5.377840 -35.570197
v -9.019974 5.378612 -35.575197
v -9.020082 5.379368 -35.581464
v -9.034403 5.379383 -35.587920
v -9.034107 5.378626 -35.581282
v -9.102144 5.380073 -35.679733
v -9.109155 5.379338 -35.679700
v -9.115116 5.378573 -35.679691
v -9.119877 5.377797 -35.679715
v -9.115114 5.377796 -35.665332
v -9.109150 5.377796 -35.651184
v -9.102139 5.377798 -35.637619
v -9.096658 5.378581 -35.637196
v -9.089748 5.379368 -35.636798
v -9.081631 5.380140 -35.636425
v -9.089751 5.380118 -35.650691
v -9.096663 5.380095 -35.665241
v -9.103960 5.379347 -35.665225
v -9.110165 5.378575 -35.665250
v -9.103956 5.378577 -35.650969
v -9.097425 5.379357 -35.650809
v -7.231041 5.288155 -35.679368
v -7.235823 5.288153 -35.665066
v -7.241809 5.288152 -35.651060
v -7.248844 5.288150 -35.637633
v -7.254299 5.287370 -35.637207
v -7.261176 5.286587 -35.636794
v -7.269254 5.285818 -35.636398
v -7.260984 5.285851 -35.650222
v -7.253911 5.285883 -35.664285
v -7.248294 5.285912 -35.678510
v -7.241476 5.286633 -35.678731
v -7.235677 5.287387 -35.679017
v -7.240678 5.287382 -35.664730
v -7.246946 5.287376 -35.650721
v -7.253401 5.286603 -35.650443
v -7.246762 5.286619 -35.664470
v -7.345437 5.281984 -37.340696
v -7.345452 5.282242 -37.355014
v -7.345420 5.282565 -37.369024
v -7.345348 5.282945 -37.382436
v -7.330897 5.283239 -37.382870
v -7.316362 5.283611 -37.383273
v -7.302078 5.284047 -37.383650
v -7.302687 5.283601 -37.369829
v -7.303285 5.283218 -37.355766
v -7.303806 5.282915 -37.341537
v -7.317226 5.282547 -37.341332
v -7.331217 5.282235 -37.341052
v -7.331159 5.282505 -37.355362
v -7.331048 5.282843 -37.369374
v -7.316690 5.283191 -37.369639
v -7.316989 5.282833 -37.355608
v -7.269253 5.285808 -37.383447
v -7.260984 5.286554 -37.382837
v -7.253911 5.287313 -37.382238
v -7.248294 5.288082 -37.381718
v -7.241478 5.288093 -37.368297
v -7.235683 5.288108 -37.354306
v -7.231047 5.288127 -37.340086
v -7.235831 5.287354 -37.340072
v -7.241816 5.286597 -37.340104
v -7.248846 5.285874 -37.340177
v -7.254301 5.285850 -37.354629
v -7.261176 5.285828 -37.369165
v -7.253403 5.286564 -37.368835
v -7.246766 5.287322 -37.368535
v -7.240686 5.287335 -37.354366
v -7.246953 5.286579 -37.354477
v -7.231041 5.377821 -35.679866
v -7.235823 5.378594 -35.679833
v -7.241809 5.379350 -35.679800
v -7.248843 5.380075 -35.679772
v -7.254298 5.380098 -35.665320
v -7.261174 5.380121 -35.650808
v -7.269251 5.380143 -35.636575
v -7.260983 5.379397 -35.637175
v -7.253912 5.378636 -35.637775
v -7.248295 5.377868 -35.638306
v -7.241476 5.377856 -35.651677
v -7.235677 5.377840 -35.665645
v -7.240677 5.378612 -35.665538
v -7.246945 5.379369 -35.665426
v -7.253400 5.379384 -35.651104
v -7.246762 5.378626 -35.651405
v -7.301865 5.380132 -35.603771
v -7.315688 5.380099 -35.595503
v -7.329752 5.380066 -35.588431
v -7.343984 5.380037 -35.582814
v -7.344188 5.379314 -35.575999
v -7.344468 5.378558 -35.570203
v -7.344825 5.377790 -35.565567
v -7.330505 5.377789 -35.570351
v -7.316493 5.377791 -35.576336
v -7.303078 5.377796 -35.583366
v -7.302641 5.378577 -35.588820
v -7.302238 5.379362 -35.595695
v -7.315876 5.379343 -35.587923
v -7.329909 5.379326 -35.581285
v -7.330156 5.378562 -35.575206
v -7.316140 5.378568 -35.581472
v -9.005735 5.383004 -35.637678
v -9.005764 5.383382 -35.651254
v -9.005778 5.383705 -35.665392
v -9.005772 5.383962 -35.679747
v -9.020126 5.383704 -35.679739
v -9.034265 5.383382 -35.679749
v -9.047845 5.383004 -35.679774
v -9.048239 5.382708 -35.665316
v -9.048632 5.382335 -35.650777
v -9.049018 5.381896 -35.636492
v -9.034724 5.382335 -35.636886
v -9.020185 5.382708 -35.637283
v -9.020192 5.383102 -35.651072
v -9.020174 5.383437 -35.665339
v -9.034443 5.383102 -35.665316
v -9.034594 5.382749 -35.650915
v -9.005649 5.383966 -37.340676
v -9.005673 5.383708 -37.354972
v -9.005696 5.383384 -37.368971
v -9.005719 5.383004 -37.382394
v -9.020146 5.382710 -37.382806
v -9.034650 5.382339 -37.383209
v -9.048896 5.381902 -37.383597
v -9.048295 5.382349 -37.369774
v -9.047706 5.382731 -37.355734
v -9.047193 5.383034 -37.341532
v -9.033825 5.383402 -37.341314
v -9.019862 5.383716 -37.341027
v -9.019951 5.383445 -37.355304
v -9.020049 5.383107 -37.369299
v -9.034361 5.382759 -37.369566
v -9.034077 5.383117 -37.355557
v -9.102142 5.377802 -37.382373
v -9.109154 5.377804 -37.368739
v -9.115115 5.377804 -37.354570
v -9.119876 5.377802 -37.340208
v -9.115114 5.378579 -37.340174
v -9.109152 5.379343 -37.340167
v -9.102142 5.380075 -37.340190
v -9.096662 5.380097 -37.354662
v -9.089751 5.380119 -37.369234
v -9.081630 5.380140 -37.383569
v -9.089749 5.379370 -37.383175
v -9.096661 5.378585 -37.382775
v -9.103959 5.378585 -37.368899
v -9.110165 5.378584 -37.354585
v -9.103957 5.379354 -37.354613
v -9.097426 5.379363 -37.369063
v -7.303167 5.383004 -35.679771
v -7.316796 5.383382 -35.679728
v -7.330960 5.383704 -35.679710
v -7.345317 5.383961 -35.679725
v -7.345354 5.383704 -35.665352
v -7.345365 5.383382 -35.651210
v -7.345345 5.383004 -35.637647
v -7.330885 5.382708 -35.637241
v -7.316319 5.382335 -35.636853
v -7.301982 5.381896 -35.636484
v -7.302380 5.382335 -35.650768
v -7.302776 5.382708 -35.665308
v -7.316645 5.383102 -35.665276
v -7.330952 5.383437 -35.665287
v -7.330929 5.383102 -35.651014
v -7.316488 5.382749 -35.650870
v -7.231042 5.377795 -37.340676
v -7.235825 5.377797 -37.354982
v -7.241812 5.377799 -37.368994
v -7.248847 5.377801 -37.382424
v -7.254302 5.378583 -37.382859
v -7.261177 5.379366 -37.383276
v -7.269251 5.380133 -37.383670
v -7.260983 5.380101 -37.369843
v -7.253912 5.380068 -37.355771
v -7.248295 5.380039 -37.341535
v -7.241477 5.379317 -37.341314
v -7.235678 5.378563 -37.341027
v -7.240680 5.378570 -37.355322
v -7.246949 5.378576 -37.369340
v -7.253403 5.379350 -37.369622
v -7.246764 5.379333 -37.355584
v -7.301920 5.381902 -37.383402
v -7.315740 5.382349 -37.382796
v -7.329780 5.382731 -37.382208
v -7.343985 5.383034 -37.381701
v -7.344186 5.383402 -37.368281
v -7.344466 5.383715 -37.354294
v -7.344824 5.383965 -37.340079
v -7.330511 5.383707 -37.340058
v -7.316509 5.383384 -37.340081
v -7.303101 5.383004 -37.340148
v -7.302680 5.382710 -37.354577
v -7.302287 5.382339 -37.369106
v -7.315914 5.382759 -37.368787
v -7.329926 5.383117 -37.368501
v -7.330167 5.383445 -37.354338
v -7.316168 5.383107 -37.354436
v -9.005785 5.380074 -37.436663
v -9.005803 5.379341 -37.443677
v -9.005804 5.378577 -37.449641
v -9.005786 5.377802 -37.454402
v -9.020152 5.377803 -37.449641
v -9.034298 5.377803 -37.443675
v -9.047876 5.377802 -37.436659
v -9.048293 5.378586 -37.431177
v -9.048700 5.379372 -37.424266
v -9.049093 5.380141 -37.416149
v -9.034823 5.380119 -37.424270
v -9.020274 5.380097 -37.431182
v -9.020262 5.379353 -37.438482
v -9.020224 5.378582 -37.444692
v -9.034502 5.378584 -37.438480
v -9.034676 5.379363 -37.431946
v -9.005656 5.288128 -37.454481
v -9.005687 5.287356 -37.449699
v -9.005719 5.286600 -37.443713
v -9.005746 5.285875 -37.436678
v -9.020196 5.285852 -37.431224
v -9.034706 5.285830 -37.424346
v -9.048938 5.285808 -37.416268
v -9.048334 5.286554 -37.424538
v -9.047737 5.287314 -37.431611
v -9.047210 5.288082 -37.437228
v -9.033841 5.288094 -37.444046
v -9.019875 5.288109 -37.449845
v -9.019979 5.287338 -37.444844
v -9.020089 5.286581 -37.438577
v -9.034408 5.286567 -37.432121
v -9.034109 5.287324 -37.438760
v -7.303149 5.377802 -37.436662
v -7.316783 5.377804 -37.443675
v -7.330952 5.377804 -37.449636
v -7.345314 5.377802 -37.454397
v -7.345348 5.378579 -37.449635
v -7.345356 5.379343 -37.443672
v -7.345332 5.380075 -37.436662
v -7.330860 5.380097 -37.431183
v -7.316288 5.380119 -37.424272
v -7.301953 5.380140 -37.416150
v -7.302347 5.379370 -37.424269
v -7.302747 5.378585 -37.431181
v -7.316623 5.378585 -37.438479
v -7.330937 5.378584 -37.444685
v -7.330909 5.379354 -37.438477
v -7.316459 5.379363 -37.431947
v -7.301872 5.285819 -37.416271
v -7.315693 5.285852 -37.424539
v -7.329756 5.285884 -37.431612
v -7.343985 5.285913 -37.437228
v -7.344190 5.286637 -37.444044
v -7.344469 5.287392 -37.449840
v -7.344826 5.288160 -37.454476
v -7.330508 5.288161 -37.449692
v -7.316498 5.288159 -37.443708
v -7.303086 5.288155 -37.436678
v -7.302652 5.287375 -37.431225
v -7.302249 5.286590 -37.424349
v -7.315883 5.286608 -37.432120
v -7.329913 5.286624 -37.438758
v -7.330160 5.287389 -37.444837
v -7.316147 5.287383 -37.438572
vt 0.392762 0.003722
vt 0.391882 0.006623
vt 0.608249 0.007868
vt 0.607399 0.003608
vt 0.390996 0.009563
vt 0.609111 0.010905
vt 0.390117 0.012499
vt 0.609974 0.012499
vt 0.462109 0.762499
vt 0.426946 0.873882
vt 0.573042 0.873805
vt 0.537922 0.762499
vt 0.392762 0.982238
vt 0.607238 0.982238
vt 0.379166 0.008333
vt 0.381514 0.009974
vt 0.381986 0.010183
vt 0.384045 0.009925
vt 0.384743 0.010509
vt 0.386757 0.008811
vt 0.387400 0.010289
vt 0.389678 0.006769
vt 0.389984 0.009766
vt 0.392601 0.008891
vt 0.383891 0.982399
vt 0.407999 0.879654
vt 0.404663 0.881699
vt 0.378722 0.982238
vt 0.431768 0.801466
vt 0.429197 0.808455
vt 0.457824 0.762499
vt 0.456526 0.762499
vt 0.377689 0.012499
vt 0.378460 0.010869
vt 0.376536 0.011057
vt 0.373926 0.012499
vt 0.392031 0.977901
vt 0.390976 0.767734
vt 0.392762 0.767762
vt 0.390689 0.975431
vt 0.389143 0.767714
vt 0.388768 0.975103
vt 0.387302 0.767705
vt 0.386472 0.977605
vt 0.385498 0.767717
vt 0.383777 0.767762
vt 0.357238 0.017762
vt 0.359780 0.017744
vt 0.358122 0.233891
vt 0.357238 0.232238
vt 0.362365 0.017736
vt 0.360004 0.234589
vt 0.364950 0.017738
vt 0.362874 0.234296
vt 0.367490 0.017750
vt 0.366260 0.233452
vt 0.369944 0.017762
vt 0.369944 0.232238
vt 0.402837 0.908658
vt 0.377874 0.765933
vt 0.378608 0.767601
vt 0.427411 0.834924
vt 0.377133 0.764226
vt 0.452207 0.762499
vt 0.376394 0.762499
vt 0.361400 0.012499
vt 0.359290 0.015168
vt 0.142155 0.015161
vt 0.141542 0.012499
vt 0.142762 0.017762
vt 0.371450 0.016084
vt 0.380132 0.016178
vt 0.380056 0.017762
vt 0.373156 0.014457
vt 0.380077 0.014562
vt 0.375092 0.013002
vt 0.379882 0.012943
vt 0.377148 0.011306
vt 0.379570 0.011102
vt 0.378722 0.732238
vt 0.377499 0.732676
vt 0.377493 0.517330
vt 0.378722 0.517762
vt 0.376250 0.733118
vt 0.376248 0.516906
vt 0.375000 0.733555
vt 0.375000 0.516491
vt 0.137499 0.016445
vt 0.140167 0.017112
vt 0.140161 0.232872
vt 0.137499 0.233509
vt 0.142762 0.232238
vt 0.383333 0.745834
vt 0.380889 0.742528
vt 0.382849 0.742438
vt 0.379682 0.739842
vt 0.383153 0.739707
vt 0.379097 0.737347
vt 0.383551 0.737214
vt 0.378828 0.734813
vt 0.383840 0.734818
vt 0.383891 0.732399
vt 0.377562 0.763672
vt 0.381432 0.763415
vt 0.376388 0.760013
vt 0.378491 0.758586
vt 0.375000 0.756096
vt 0.375000 0.753238
vt 0.375000 0.743904
vt 0.378577 0.744480
vt 0.378977 0.746118
vt 0.375000 0.746762
vt 0.392744 0.765256
vt 0.607246 0.765259
vt 0.607238 0.767762
vt 0.392727 0.762683
vt 0.607257 0.762685
vt 0.392719 0.760087
vt 0.607265 0.760090
vt 0.392730 0.757527
vt 0.607261 0.757529
vt 0.392762 0.755056
vt 0.607238 0.755056
vt 0.389787 0.753175
vt 0.390558 0.744671
vt 0.392762 0.744945
vt 0.386663 0.750927
vt 0.388232 0.744491
vt 0.383688 0.748318
vt 0.385875 0.744429
vt 0.382549 0.746518
vt 0.383972 0.744725
vt 0.382568 0.017769
vt 0.382661 0.232453
vt 0.380283 0.232399
vt 0.385142 0.017771
vt 0.385162 0.232443
vt 0.387726 0.017770
vt 0.387718 0.232395
vt 0.390283 0.017768
vt 0.390270 0.232324
vt 0.392762 0.017762
vt 0.392762 0.232238
vt 0.392710 0.016015
vt 0.607242 0.016024
vt 0.607238 0.017762
vt 0.392667 0.014221
vt 0.607242 0.014235
vt 0.392635 0.012419
vt 0.607242 0.012421
vt 0.392612 0.010633
vt 0.607241 0.010603
vt 0.607238 0.008777
vt 0.616223 0.982238
vt 0.613315 0.978679
vt 0.614421 0.767572
vt 0.616109 0.767601
vt 0.610853 0.976654
vt 0.612648 0.767583
vt 0.609003 0.976567
vt 0.610830 0.767624
vt 0.607800 0.978462
vt 0.609013 0.767685
vt 0.620834 0.008333
vt 0.621549 0.013716
vt 0.623524 0.012102
vt 0.622432 0.012499
vt 0.626195 0.012499
vt 0.542218 0.762499
vt 0.566321 0.829515
vt 0.569270 0.798707
vt 0.543515 0.762499
vt 0.590837 0.903784
vt 0.592892 0.872671
vt 0.621392 0.982399
vt 0.610401 0.039704
vt 0.609654 0.015071
vt 0.613177 0.054668
vt 0.612245 0.019858
vt 0.615939 0.028605
vt 0.615045 0.019223
vt 0.618405 0.018448
vt 0.617955 0.015734
vt 0.609718 0.017777
vt 0.609754 0.232276
vt 0.607238 0.232238
vt 0.612273 0.017786
vt 0.612342 0.232307
vt 0.614860 0.017788
vt 0.614947 0.232324
vt 0.617432 0.017781
vt 0.617507 0.232313
vt 0.619944 0.017762
vt 0.619944 0.232238
vt 0.619880 0.016665
vt 0.628571 0.016282
vt 0.630056 0.017762
vt 0.619937 0.015592
vt 0.626874 0.014925
vt 0.620131 0.014564
vt 0.624952 0.013736
vt 0.620445 0.012975
vt 0.622897 0.012108
vt 0.392762 0.244944
vt 0.392674 0.242497
vt 0.607457 0.242330
vt 0.607399 0.244717
vt 0.392658 0.239936
vt 0.607448 0.239828
vt 0.392676 0.237333
vt 0.607399 0.237273
vt 0.392712 0.234751
vt 0.607327 0.234725
vt 0.379166 0.245834
vt 0.361430 0.263660
vt 0.344292 0.280633
vt 0.364742 0.262951
vt 0.340691 0.287890
vt 0.374552 0.256587
vt 0.357539 0.277904
vt 0.384149 0.250351
vt 0.375777 0.266181
vt 0.392762 0.255056
vt 0.373445 0.241385
vt 0.354278 0.251042
vt 0.366578 0.250169
vt 0.340433 0.268388
vt 0.360338 0.258270
vt 0.332498 0.280331
vt 0.359226 0.261634
vt 0.341328 0.276465
vt 0.302543 0.291280
vt 0.141132 0.235852
vt 0.246280 0.352007
vt 0.139457 0.239562
vt 0.266219 0.372995
vt 0.303893 0.337742
vt 0.374958 0.484359
vt 0.373042 0.485440
vt 0.341539 0.302527
vt 0.376862 0.483287
vt 0.378722 0.267762
vt 0.378722 0.482238
vt 0.334678 0.305637
vt 0.347849 0.295501
vt 0.383777 0.267762
vt 0.296687 0.337159
vt 0.306249 0.327582
vt 0.260119 0.366574
vt 0.258327 0.364688
vt 0.252380 0.358428
vt 0.307755 0.308988
vt 0.309250 0.310013
vt 0.254172 0.360314
vt 0.632511 0.017751
vt 0.633882 0.233659
vt 0.630283 0.232399
vt 0.635053 0.017738
vt 0.637192 0.234491
vt 0.637635 0.017735
vt 0.639972 0.234679
vt 0.640221 0.017743
vt 0.641851 0.233931
vt 0.642762 0.017762
vt 0.642762 0.232238
vt 0.640727 0.015164
vt 0.857864 0.015165
vt 0.857238 0.017762
vt 0.638648 0.012499
vt 0.858505 0.012499
vt 0.547810 0.762499
vt 0.572702 0.835471
vt 0.622835 0.764261
vt 0.623622 0.762499
vt 0.597317 0.909108
vt 0.622051 0.766025
vt 0.621278 0.767762
vt 0.616667 0.745834
vt 0.617416 0.746590
vt 0.616012 0.744722
vt 0.616177 0.748438
vt 0.614172 0.744348
vt 0.613440 0.750886
vt 0.611991 0.744264
vt 0.610285 0.753162
vt 0.609725 0.744381
vt 0.607399 0.744717
vt 0.618576 0.763032
vt 0.622214 0.764109
vt 0.621515 0.758321
vt 0.623422 0.760352
vt 0.625000 0.753235
vt 0.625000 0.756102
vt 0.625000 0.746765
vt 0.621007 0.746128
vt 0.621296 0.744511
vt 0.625000 0.743898
vt 0.621392 0.732399
vt 0.621269 0.735109
vt 0.616288 0.734516
vt 0.616223 0.732238
vt 0.620968 0.737605
vt 0.616547 0.736943
vt 0.620329 0.739941
vt 0.616911 0.739551
vt 0.619159 0.742460
vt 0.617156 0.742419
vt 0.859839 0.017130
vt 0.859838 0.232892
vt 0.857238 0.232238
vt 0.862501 0.016491
vt 0.862501 0.233549
vt 0.625000 0.733509
vt 0.623782 0.733147
vt 0.623754 0.516879
vt 0.625000 0.516451
vt 0.622573 0.732776
vt 0.622508 0.517316
vt 0.621278 0.517762
vt 0.621278 0.267762
vt 0.658499 0.302521
vt 0.623202 0.483392
vt 0.621392 0.482399
vt 0.696155 0.337706
vt 0.625067 0.484407
vt 0.733842 0.372931
vt 0.626963 0.485435
vt 0.753659 0.352071
vt 0.697333 0.291213
vt 0.858876 0.235861
vt 0.860538 0.239567
vt 0.620834 0.245834
vt 0.691613 0.308631
vt 0.690770 0.310189
vt 0.747625 0.358423
vt 0.745833 0.360309
vt 0.739876 0.366579
vt 0.702418 0.336413
vt 0.692564 0.326714
vt 0.741668 0.364693
vt 0.664562 0.304981
vt 0.651761 0.295252
vt 0.616223 0.267762
vt 0.646416 0.253128
vt 0.626197 0.240714
vt 0.659853 0.270585
vt 0.633289 0.249962
vt 0.668950 0.282615
vt 0.640222 0.258916
vt 0.659729 0.277731
vt 0.640698 0.261775
vt 0.616588 0.250479
vt 0.624650 0.266542
vt 0.607238 0.255056
vt 0.625771 0.256466
vt 0.643008 0.278364
vt 0.634493 0.262149
vt 0.657407 0.286435
vt 0.638213 0.263427
vt 0.654239 0.279406
vt 0.392762 0.267762
vt 0.392504 0.265483
vt 0.607466 0.265465
vt 0.607238 0.267762
vt 0.392297 0.263089
vt 0.607651 0.263056
vt 0.392208 0.260570
vt 0.607741 0.260537
vt 0.392341 0.257893
vt 0.607629 0.257875
vt 0.384932 0.268248
vt 0.385622 0.482386
vt 0.383891 0.482399
vt 0.386620 0.268340
vt 0.387403 0.482363
vt 0.388603 0.268214
vt 0.389211 0.482331
vt 0.390687 0.268002
vt 0.391010 0.482289
vt 0.392762 0.482238
vt 0.392762 0.494944
vt 0.392761 0.492427
vt 0.607377 0.492265
vt 0.607399 0.494717
vt 0.392761 0.489855
vt 0.607347 0.489751
vt 0.392763 0.487270
vt 0.607313 0.487210
vt 0.392764 0.484716
vt 0.607276 0.484691
vt 0.607238 0.482238
vt 0.383333 0.495834
vt 0.383975 0.494720
vt 0.382540 0.496513
vt 0.385883 0.494427
vt 0.383667 0.498310
vt 0.388243 0.494492
vt 0.386646 0.500924
vt 0.390565 0.494672
vt 0.389778 0.503174
vt 0.392762 0.505056
vt 0.383845 0.484806
vt 0.378828 0.484766
vt 0.383562 0.487183
vt 0.379144 0.487240
vt 0.383166 0.489666
vt 0.379727 0.489766
vt 0.382859 0.492403
vt 0.380915 0.492487
vt 0.377648 0.514105
vt 0.381414 0.513402
vt 0.383777 0.517762
vt 0.376439 0.510244
vt 0.378459 0.508553
vt 0.375000 0.506036
vt 0.375000 0.503239
vt 0.375000 0.493964
vt 0.378653 0.494489
vt 0.379009 0.496113
vt 0.375000 0.496761
vt 0.609325 0.268010
vt 0.609001 0.482241
vt 0.611413 0.268227
vt 0.610815 0.482241
vt 0.613389 0.268347
vt 0.612645 0.482240
vt 0.615061 0.268241
vt 0.614456 0.482239
vt 0.616223 0.482238
vt 0.616667 0.495834
vt 0.621258 0.494520
vt 0.620925 0.496120
vt 0.625000 0.493921
vt 0.625000 0.496733
vt 0.625000 0.506079
vt 0.623516 0.510332
vt 0.621411 0.508705
vt 0.625000 0.503267
vt 0.622320 0.514158
vt 0.618526 0.513471
vt 0.616223 0.517762
vt 0.621291 0.485079
vt 0.616287 0.484500
vt 0.620935 0.487504
vt 0.616541 0.486912
vt 0.620325 0.489919
vt 0.616905 0.489523
vt 0.619156 0.492456
vt 0.617153 0.492402
vt 0.609717 0.494381
vt 0.610254 0.503165
vt 0.607238 0.505056
vt 0.611969 0.494268
vt 0.613379 0.500898
vt 0.614139 0.494354
vt 0.616110 0.498453
vt 0.615984 0.494726
vt 0.617371 0.496596
vt 0.392762 0.517762
vt 0.392744 0.515257
vt 0.607246 0.515258
vt 0.607238 0.517762
vt 0.392727 0.512683
vt 0.607257 0.512684
vt 0.392719 0.510088
vt 0.607265 0.510089
vt 0.392730 0.507527
vt 0.607260 0.507528
vt 0.385498 0.517710
vt 0.385623 0.732386
vt 0.387302 0.517695
vt 0.387406 0.732362
vt 0.389142 0.517704
vt 0.389212 0.732330
vt 0.390977 0.517727
vt 0.391009 0.732289
vt 0.392762 0.732238
vt 0.392761 0.742427
vt 0.607377 0.742265
vt 0.392761 0.739856
vt 0.607347 0.739751
vt 0.392763 0.737270
vt 0.607313 0.737210
vt 0.392764 0.734717
vt 0.607276 0.734691
vt 0.607238 0.732238
vt 0.609025 0.517726
vt 0.608999 0.732241
vt 0.610859 0.517702
vt 0.610813 0.732241
vt 0.612700 0.517693
vt 0.612642 0.732240
vt 0.614502 0.517710
vt 0.614456 0.732239
vt 0.425244 0.868771
vt 0.461433 0.762499
vt 0.388155 0.012499
vt 0.388086 0.010713
vt 0.388851 0.008463
vt 0.385738 0.010108
vt 0.383131 0.010924
vt 0.380740 0.011198
vt 0.379789 0.012499
vt 0.458548 0.762499
vt 0.428425 0.743612
vt 0.406897 0.843910
vt 0.410028 0.812974
vt 0.421778 0.857335
vt 0.460732 0.762499
vt 0.386121 0.012499
vt 0.384054 0.012499
vt 0.381934 0.012499
vt 0.459288 0.762499
vt 0.417849 0.546694
vt 0.460019 0.762499
vt 0.368873 0.015745
vt 0.366277 0.015319
vt 0.363863 0.015214
vt 0.361541 0.015187
vt 0.363377 0.012499
vt 0.452889 0.762499
vt 0.426619 0.739090
vt 0.412817 0.812510
vt 0.427372 0.739142
vt 0.455798 0.762499
vt 0.371813 0.012499
vt 0.374508 0.012289
vt 0.372431 0.013070
vt 0.370472 0.013987
vt 0.367530 0.012499
vt 0.365430 0.012499
vt 0.453597 0.762499
vt 0.412750 0.531239
vt 0.455056 0.762499
vt 0.369661 0.012499
vt 0.454321 0.762499
vt 0.139843 0.014830
vt 0.137499 0.014507
vt 0.375000 0.735493
vt 0.375893 0.735679
vt 0.377280 0.735267
vt 0.377132 0.737903
vt 0.377337 0.740126
vt 0.377700 0.742196
vt 0.375000 0.742309
vt 0.375000 0.757691
vt 0.376081 0.760875
vt 0.377032 0.763645
vt 0.376393 0.763102
vt 0.375704 0.762499
vt 0.139540 0.012499
vt 0.137499 0.012499
vt 0.375000 0.737501
vt 0.375000 0.739071
vt 0.375000 0.740681
vt 0.375000 0.759319
vt 0.375691 0.761619
vt 0.375000 0.762499
vt 0.375000 0.760929
vt 0.389483 0.755972
vt 0.389739 0.759210
vt 0.390293 0.762371
vt 0.390665 0.765118
vt 0.388462 0.764948
vt 0.385891 0.764380
vt 0.383384 0.763709
vt 0.380106 0.758578
vt 0.375000 0.751634
vt 0.375000 0.748366
vt 0.379290 0.747600
vt 0.380567 0.749651
vt 0.385636 0.753616
vt 0.386089 0.758035
vt 0.387841 0.762274
vt 0.384189 0.760878
vt 0.375000 0.750000
vt 0.390343 0.016015
vt 0.387922 0.015970
vt 0.385391 0.015982
vt 0.382756 0.016083
vt 0.382824 0.014402
vt 0.382678 0.012895
vt 0.382354 0.011606
vt 0.385163 0.011521
vt 0.387824 0.011269
vt 0.390280 0.010967
vt 0.390405 0.012479
vt 0.390417 0.014199
vt 0.388183 0.014015
vt 0.385701 0.014008
vt 0.385561 0.012581
vt 0.388214 0.012329
vt 0.574266 0.873574
vt 0.575744 0.874078
vt 0.578334 0.877719
vt 0.584913 0.892238
vt 0.559296 0.814820
vt 0.541489 0.762499
vt 0.620319 0.012499
vt 0.619186 0.021213
vt 0.616733 0.033040
vt 0.613419 0.125935
vt 0.610714 0.082257
vt 0.611227 0.103503
vt 0.611976 0.012499
vt 0.538612 0.762499
vt 0.539316 0.762499
vt 0.540029 0.762499
vt 0.540760 0.762499
vt 0.618205 0.012499
vt 0.613184 0.350039
vt 0.614017 0.012499
vt 0.616085 0.012499
vt 0.617254 0.016585
vt 0.614591 0.016322
vt 0.612029 0.016208
vt 0.609595 0.016170
vt 0.609481 0.014595
vt 0.609452 0.013552
vt 0.609531 0.013415
vt 0.612001 0.015817
vt 0.614729 0.016558
vt 0.617621 0.015885
vt 0.617332 0.015404
vt 0.617197 0.015619
vt 0.614288 0.014680
vt 0.611749 0.014490
vt 0.611691 0.013920
vt 0.614388 0.014856
vt 0.389977 0.235050
vt 0.389631 0.237867
vt 0.388621 0.241313
vt 0.386741 0.245542
vt 0.379752 0.249495
vt 0.371378 0.254718
vt 0.362581 0.260475
vt 0.368403 0.252833
vt 0.374256 0.245071
vt 0.379044 0.238245
vt 0.383599 0.236326
vt 0.387115 0.235396
vt 0.386905 0.238038
vt 0.385068 0.242188
vt 0.377682 0.246592
vt 0.382462 0.239787
vt 0.314066 0.325233
vt 0.287863 0.350128
vt 0.265253 0.371979
vt 0.247246 0.353023
vt 0.305500 0.290521
vt 0.310864 0.287386
vt 0.334902 0.265154
vt 0.345103 0.257508
vt 0.324195 0.281557
vt 0.299726 0.309673
vt 0.296972 0.315706
vt 0.251352 0.357346
vt 0.261147 0.367656
vt 0.284935 0.349025
vt 0.263233 0.369852
vt 0.264254 0.370927
vt 0.248245 0.354075
vt 0.321717 0.280625
vt 0.250302 0.356241
vt 0.262197 0.368761
vt 0.249266 0.355150
vt 0.638454 0.015190
vt 0.636130 0.015227
vt 0.633750 0.015348
vt 0.631161 0.015818
vt 0.629592 0.014178
vt 0.627670 0.013352
vt 0.625586 0.012920
vt 0.628293 0.012499
vt 0.544239 0.762499
vt 0.572430 0.730653
vt 0.587131 0.808935
vt 0.573171 0.744350
vt 0.547121 0.762499
vt 0.636650 0.012499
vt 0.634611 0.012499
vt 0.632544 0.012499
vt 0.630429 0.012499
vt 0.544975 0.762499
vt 0.587331 0.531253
vt 0.546418 0.762499
vt 0.545705 0.762499
vt 0.609300 0.765060
vt 0.609622 0.762362
vt 0.610140 0.759258
vt 0.610461 0.756038
vt 0.614545 0.753569
vt 0.619304 0.749825
vt 0.620721 0.747653
vt 0.625000 0.748366
vt 0.625000 0.751634
vt 0.619835 0.758499
vt 0.616630 0.763473
vt 0.614105 0.764199
vt 0.611531 0.764815
vt 0.612103 0.762210
vt 0.613461 0.758361
vt 0.625000 0.750000
vt 0.616070 0.760533
vt 0.622275 0.742135
vt 0.622696 0.740069
vt 0.622896 0.737963
vt 0.622793 0.735386
vt 0.624118 0.735700
vt 0.625000 0.735486
vt 0.862501 0.014514
vt 0.860157 0.014829
vt 0.860467 0.012499
vt 0.624299 0.762499
vt 0.623573 0.763102
vt 0.622892 0.763769
vt 0.623851 0.761037
vt 0.625000 0.757712
vt 0.625000 0.742288
vt 0.625000 0.740677
vt 0.625000 0.739084
vt 0.625000 0.737501
vt 0.862501 0.012499
vt 0.625000 0.762499
vt 0.624305 0.761674
vt 0.625000 0.759323
vt 0.625000 0.760916
vt 0.694577 0.290922
vt 0.752703 0.353077
vt 0.734798 0.371925
vt 0.712855 0.350698
vt 0.685921 0.325186
vt 0.713906 0.347986
vt 0.738849 0.367661
vt 0.748652 0.357341
vt 0.703619 0.316620
vt 0.702454 0.312638
vt 0.673983 0.284211
vt 0.655012 0.260558
vt 0.666384 0.270373
vt 0.688443 0.287666
vt 0.751715 0.354118
vt 0.735786 0.370884
vt 0.736791 0.369826
vt 0.737820 0.368744
vt 0.749681 0.356258
vt 0.674988 0.290431
vt 0.750710 0.355176
vt 0.637231 0.260457
vt 0.628888 0.254970
vt 0.620570 0.249632
vt 0.613430 0.245427
vt 0.611443 0.241158
vt 0.610467 0.237779
vt 0.610091 0.234972
vt 0.612959 0.235283
vt 0.616528 0.236242
vt 0.620979 0.238057
vt 0.625423 0.244735
vt 0.631112 0.252489
vt 0.622277 0.246538
vt 0.615007 0.242140
vt 0.613161 0.237956
vt 0.617531 0.239691
vt 0.373626 0.270854
vt 0.377740 0.270529
vt 0.383786 0.268521
vt 0.387334 0.268266
vt 0.381343 0.271688
vt 0.370199 0.279274
vt 0.357377 0.288453
vt 0.317511 0.318136
vt 0.257297 0.363604
vt 0.255202 0.361398
vt 0.301326 0.320232
vt 0.307406 0.318315
vt 0.348201 0.288737
vt 0.358123 0.284467
vt 0.376484 0.273026
vt 0.353220 0.290262
vt 0.256250 0.362501
vt 0.390965 0.484644
vt 0.390874 0.487049
vt 0.390783 0.489546
vt 0.390704 0.492122
vt 0.388550 0.491905
vt 0.386420 0.491864
vt 0.384437 0.492010
vt 0.384873 0.489390
vt 0.385218 0.486908
vt 0.385480 0.484602
vt 0.387245 0.484537
vt 0.389092 0.484556
vt 0.388862 0.486774
vt 0.388667 0.489193
vt 0.386698 0.489184
vt 0.386935 0.486683
vt 0.376741 0.514237
vt 0.375784 0.514240
vt 0.375000 0.514529
vt 0.137499 0.235471
vt 0.139309 0.235703
vt 0.138496 0.238551
vt 0.374003 0.486451
vt 0.375445 0.485958
vt 0.377121 0.485313
vt 0.377295 0.487589
vt 0.377412 0.490039
vt 0.377772 0.492176
vt 0.375000 0.492356
vt 0.375000 0.507644
vt 0.375846 0.510867
vt 0.375000 0.510904
vt 0.375000 0.512499
vt 0.137499 0.237501
vt 0.375000 0.487501
vt 0.375713 0.487861
vt 0.375000 0.490714
vt 0.375000 0.509286
vt 0.375000 0.489096
vt 0.642796 0.288561
vt 0.629811 0.279226
vt 0.618773 0.271756
vt 0.612531 0.268151
vt 0.615587 0.268014
vt 0.621266 0.269720
vt 0.625570 0.270203
vt 0.652590 0.289336
vt 0.689529 0.315813
vt 0.697589 0.319353
vt 0.744802 0.361394
vt 0.742699 0.363608
vt 0.681681 0.317569
vt 0.649097 0.291969
vt 0.623031 0.272604
vt 0.637722 0.281171
vt 0.743751 0.362501
vt 0.860716 0.235728
vt 0.862501 0.235492
vt 0.625000 0.514508
vt 0.624238 0.514197
vt 0.623261 0.514238
vt 0.624117 0.510958
vt 0.625000 0.507691
vt 0.625000 0.492309
vt 0.622268 0.492134
vt 0.622695 0.490047
vt 0.622774 0.487660
vt 0.622963 0.485433
vt 0.624565 0.485986
vt 0.625991 0.486457
vt 0.861510 0.238545
vt 0.862501 0.237501
vt 0.625000 0.512499
vt 0.625000 0.510921
vt 0.625000 0.509306
vt 0.625000 0.490694
vt 0.624349 0.487890
vt 0.625000 0.487501
vt 0.625000 0.489079
vt 0.615559 0.492003
vt 0.613615 0.491814
vt 0.611548 0.491797
vt 0.609435 0.491964
vt 0.609327 0.489427
vt 0.609213 0.486946
vt 0.609089 0.484560
vt 0.610960 0.484444
vt 0.612812 0.484396
vt 0.614594 0.484434
vt 0.614828 0.486781
vt 0.615140 0.489332
vt 0.613336 0.489123
vt 0.611397 0.489118
vt 0.611195 0.486682
vt 0.613102 0.486592
vt 0.389479 0.505975
vt 0.389743 0.509208
vt 0.390296 0.512362
vt 0.390668 0.515106
vt 0.388462 0.514929
vt 0.385886 0.514359
vt 0.383372 0.513688
vt 0.380090 0.508556
vt 0.375000 0.501635
vt 0.375000 0.498365
vt 0.379284 0.497593
vt 0.380544 0.499642
vt 0.385626 0.503617
vt 0.386096 0.508037
vt 0.387842 0.512259
vt 0.384181 0.510858
vt 0.375000 0.500000
vt 0.390964 0.734644
vt 0.390873 0.737050
vt 0.390780 0.739548
vt 0.390701 0.742124
vt 0.388544 0.741911
vt 0.386413 0.741875
vt 0.384428 0.742030
vt 0.384863 0.739411
vt 0.385211 0.736922
vt 0.385477 0.734607
vt 0.387244 0.734538
vt 0.389092 0.734556
vt 0.388861 0.736775
vt 0.388663 0.739196
vt 0.386692 0.739194
vt 0.386932 0.736687
vt 0.616660 0.513664
vt 0.614137 0.514329
vt 0.611551 0.514905
vt 0.609314 0.515106
vt 0.609632 0.512388
vt 0.610147 0.509251
vt 0.610443 0.506022
vt 0.614477 0.503567
vt 0.619208 0.499838
vt 0.620635 0.497653
vt 0.625000 0.498349
vt 0.625000 0.501651
vt 0.619814 0.508658
vt 0.616072 0.510615
vt 0.612112 0.512264
vt 0.613493 0.508316
vt 0.625000 0.500000
vt 0.615577 0.742011
vt 0.613633 0.741819
vt 0.611559 0.741800
vt 0.609439 0.741966
vt 0.609328 0.739429
vt 0.609213 0.736948
vt 0.609088 0.734561
vt 0.610959 0.734445
vt 0.612812 0.734399
vt 0.614596 0.734441
vt 0.614834 0.736794
vt 0.615150 0.739345
vt 0.613344 0.739130
vt 0.611400 0.739121
vt 0.611196 0.736684
vt 0.613105 0.736598
vn -0.000010 -0.999449 0.033205
vn -0.000010 -0.999449 0.033205
vn -0.000010 -0.999449 0.033205
vn -0.000010 -0.999449 0.033205
vn -0.000128 -0.999545 0.030155
vn -0.000122 -0.999696 0.024667
vn 0.000113 -0.999695 0.024682
vn 0.000115 -0.999545 0.030164
vn -0.000122 -0.999696 0.024667
vn -0.000115 -0.999806 0.019701
vn 0.000112 -0.999805 0.019723
vn 0.000113 -0.999695 0.024682
vn -0.000115 -0.999806 0.019701
vn -0.000109 -0.999888 0.014965
vn 0.000111 -0.999888 0.014995
vn 0.000112 -0.999805 0.019723
vn -0.000109 -0.999888 0.014965
vn -0.000110 -1.000000 0.000108
vn 0.000108 -1.000000 0.000110
vn 0.000111 -0.999888 0.014995
vn -0.053992 -0.997087 0.053881
vn -0.031679 -0.998554 0.043425
vn -0.039607 -0.997018 0.066228
vn -0.031679 -0.998554 0.043425
vn -0.026652 -0.998594 0.045816
vn -0.031767 -0.997553 0.062279
vn -0.039607 -0.997018 0.066228
vn -0.026652 -0.998594 0.045816
vn -0.021402 -0.998659 0.047140
vn -0.024812 -0.997850 0.060655
vn -0.031767 -0.997553 0.062279
vn -0.021402 -0.998659 0.047140
vn -0.015798 -0.998718 0.048096
vn -0.017953 -0.998042 0.059915
vn -0.024812 -0.997850 0.060655
vn -0.015798 -0.998718 0.048096
vn -0.000105 -0.998797 0.049034
vn -0.000117 -0.998235 0.059379
vn -0.017953 -0.998042 0.059915
vn -0.048944 -0.998802 0.000106
vn -0.048481 -0.998693 0.016159
vn -0.060462 -0.998013 0.017733
vn -0.059270 -0.998242 0.000115
vn -0.048481 -0.998693 0.016159
vn -0.047871 -0.998610 0.022056
vn -0.061729 -0.997792 0.024524
vn -0.060462 -0.998013 0.017733
vn -0.047871 -0.998610 0.022056
vn -0.046607 -0.998535 0.027498
vn -0.063563 -0.997482 0.031445
vn -0.061729 -0.997792 0.024524
vn -0.046607 -0.998535 0.027498
vn -0.043808 -0.998520 0.032237
vn -0.067117 -0.996965 0.039452
vn -0.063563 -0.997482 0.031445
vn -0.043808 -0.998520 0.032237
vn -0.053992 -0.997087 0.053881
vn -0.067117 -0.996965 0.039452
vn -0.000110 -1.000000 0.000108
vn -0.014995 -0.999888 0.000111
vn -0.014965 -0.999888 -0.000115
vn -0.000108 -1.000000 -0.000110
vn -0.014995 -0.999888 0.000111
vn -0.019723 -0.999805 0.000112
vn -0.019701 -0.999806 -0.000121
vn -0.014965 -0.999888 -0.000115
vn -0.019723 -0.999805 0.000112
vn -0.024683 -0.999695 0.000113
vn -0.024666 -0.999696 -0.000126
vn -0.019701 -0.999806 -0.000121
vn -0.024683 -0.999695 0.000113
vn -0.030164 -0.999545 0.000115
vn -0.030154 -0.999545 -0.000130
vn -0.024666 -0.999696 -0.000126
vn -0.030164 -0.999545 0.000115
vn -0.048944 -0.998802 0.000106
vn -0.049034 -0.998797 -0.000105
vn -0.030154 -0.999545 -0.000130
vn -0.999309 -0.037120 0.002038
vn -0.962227 -0.037286 0.269683
vn -0.962261 0.036951 0.269606
vn -0.999286 0.037738 0.002032
vn -0.962227 -0.037286 0.269683
vn -0.937555 -0.037449 0.345816
vn -0.937582 0.036937 0.345797
vn -0.962261 0.036951 0.269606
vn -0.937555 -0.037449 0.345816
vn -0.907494 -0.037220 0.418412
vn -0.907502 0.036656 0.418446
vn -0.937582 0.036937 0.345797
vn -0.907494 -0.037220 0.418412
vn -0.871115 -0.036232 0.489741
vn -0.871085 0.035818 0.489824
vn -0.907502 0.036656 0.418446
vn -0.871115 -0.036232 0.489741
vn -0.740316 -0.025718 0.671767
vn -0.739883 0.026251 0.672223
vn -0.871085 0.035818 0.489824
vn -0.059270 -0.998242 0.000115
vn -0.096175 -0.995364 0.000232
vn -0.096141 -0.995368 -0.000204
vn -0.059379 -0.998236 -0.000117
vn -0.096175 -0.995364 0.000232
vn -0.117322 -0.993094 0.000275
vn -0.117243 -0.993103 -0.000246
vn -0.096141 -0.995368 -0.000204
vn -0.117322 -0.993094 0.000275
vn -0.146336 -0.989235 0.000327
vn -0.146173 -0.989259 -0.000304
vn -0.117243 -0.993103 -0.000246
vn -0.146336 -0.989235 0.000327
vn -0.191160 -0.981559 0.000406
vn -0.190802 -0.981628 -0.000392
vn -0.146173 -0.989259 -0.000304
vn -0.191160 -0.981559 0.000406
vn -0.999309 -0.037120 0.002038
vn -0.999287 -0.037700 -0.002031
vn -0.190802 -0.981628 -0.000392
vn -0.740316 -0.025718 0.671767
vn -0.178228 -0.970995 0.159383
vn -0.159732 -0.970903 0.178416
vn -0.671734 -0.026299 0.740325
vn -0.178228 -0.970995 0.159383
vn -0.133944 -0.983949 0.117915
vn -0.118269 -0.983891 0.134056
vn -0.159732 -0.970903 0.178416
vn -0.133944 -0.983949 0.117915
vn -0.108703 -0.989712 0.093028
vn -0.093398 -0.989669 0.108773
vn -0.118269 -0.983891 0.134056
vn -0.108703 -0.989712 0.093028
vn -0.091676 -0.993039 0.073952
vn -0.074304 -0.993011 0.091691
vn -0.093398 -0.989669 0.108773
vn -0.091676 -0.993039 0.073952
vn -0.053992 -0.997087 0.053881
vn -0.074304 -0.993011 0.091691
vn -0.739883 -0.026195 -0.672225
vn -0.871096 -0.035212 -0.489849
vn -0.871115 0.036241 -0.489740
vn -0.740316 0.025730 -0.671766
vn -0.871096 -0.035212 -0.489849
vn -0.907538 -0.035308 -0.418484
vn -0.907494 0.037238 -0.418412
vn -0.871115 0.036241 -0.489740
vn -0.907538 -0.035308 -0.418484
vn -0.937641 -0.035098 -0.345829
vn -0.937554 0.037464 -0.345816
vn -0.907494 0.037238 -0.418412
vn -0.937641 -0.035098 -0.345829
vn -0.962326 -0.035105 -0.269623
vn -0.962227 0.037290 -0.269683
vn -0.937554 0.037464 -0.345816
vn -0.962326 -0.035105 -0.269623
vn -0.999287 -0.037700 -0.002031
vn -0.999290 0.037630 -0.002037
vn -0.962227 0.037290 -0.269683
vn -0.053677 -0.997112 -0.053724
vn -0.091251 -0.993112 -0.073500
vn -0.072888 -0.993301 -0.089672
vn -0.091251 -0.993112 -0.073500
vn -0.108107 -0.989885 -0.091868
vn -0.090653 -0.990350 -0.104823
vn -0.072888 -0.993301 -0.089672
vn -0.108107 -0.989885 -0.091868
vn -0.133840 -0.984070 -0.117018
vn -0.115439 -0.984775 -0.129969
vn -0.090653 -0.990350 -0.104823
vn -0.133840 -0.984070 -0.117018
vn -0.178908 -0.970837 -0.159586
vn -0.157489 -0.971870 -0.175118
vn -0.115439 -0.984775 -0.129969
vn -0.178908 -0.970837 -0.159586
vn -0.739883 -0.026195 -0.672225
vn -0.671496 -0.027251 -0.740507
vn -0.157489 -0.971870 -0.175118
vn -0.059379 -0.998236 -0.000117
vn -0.059929 -0.998041 -0.017960
vn -0.048053 -0.998720 -0.015814
vn -0.049034 -0.998797 -0.000105
vn -0.059929 -0.998041 -0.017960
vn -0.060675 -0.997849 -0.024822
vn -0.047053 -0.998663 -0.021421
vn -0.048053 -0.998720 -0.015814
vn -0.060675 -0.997849 -0.024822
vn -0.062299 -0.997551 -0.031777
vn -0.045679 -0.998600 -0.026671
vn -0.047053 -0.998663 -0.021421
vn -0.062299 -0.997551 -0.031777
vn -0.066243 -0.997017 -0.039613
vn -0.043236 -0.998562 -0.031690
vn -0.045679 -0.998600 -0.026671
vn -0.066243 -0.997017 -0.039613
vn -0.053677 -0.997112 -0.053724
vn -0.043236 -0.998562 -0.031690
vn -0.000108 -1.000000 -0.000110
vn -0.000113 -0.999886 -0.015130
vn 0.000106 -0.999886 -0.015125
vn 0.000110 -1.000000 -0.000110
vn -0.000113 -0.999886 -0.015130
vn -0.000116 -0.999802 -0.019910
vn 0.000109 -0.999802 -0.019909
vn 0.000106 -0.999886 -0.015125
vn -0.000116 -0.999802 -0.019910
vn -0.000120 -0.999690 -0.024885
vn 0.000113 -0.999690 -0.024888
vn 0.000109 -0.999802 -0.019909
vn -0.000120 -0.999690 -0.024885
vn -0.000121 -0.999540 -0.030339
vn 0.000118 -0.999539 -0.030346
vn 0.000113 -0.999690 -0.024888
vn -0.000121 -0.999540 -0.030339
vn -0.000101 -0.998802 -0.048932
vn 0.000103 -0.998799 -0.048994
vn 0.000118 -0.999539 -0.030346
vn -0.000101 -0.998802 -0.048932
vn -0.015860 -0.998711 -0.048219
vn -0.017682 -0.998031 -0.060186
vn -0.000114 -0.998235 -0.059397
vn -0.015860 -0.998711 -0.048219
vn -0.021383 -0.998644 -0.047464
vn -0.024196 -0.997840 -0.061064
vn -0.017682 -0.998031 -0.060186
vn -0.021383 -0.998644 -0.047464
vn -0.026501 -0.998583 -0.046139
vn -0.030811 -0.997555 -0.062723
vn -0.024196 -0.997840 -0.061064
vn -0.026501 -0.998583 -0.046139
vn -0.031528 -0.998556 -0.043488
vn -0.038839 -0.997035 -0.066425
vn -0.030811 -0.997555 -0.062723
vn -0.031528 -0.998556 -0.043488
vn -0.053677 -0.997112 -0.053724
vn -0.038839 -0.997035 -0.066425
vn -0.671734 -0.026299 0.740325
vn -0.487345 -0.038531 0.872359
vn -0.487620 0.034099 0.872390
vn -0.671496 0.027259 0.740507
vn -0.487345 -0.038531 0.872359
vn -0.415356 -0.038169 0.908858
vn -0.415646 0.035045 0.908851
vn -0.487620 0.034099 0.872390
vn -0.415356 -0.038169 0.908858
vn -0.342657 -0.037040 0.938730
vn -0.342985 0.035795 0.938659
vn -0.415646 0.035045 0.908851
vn -0.342657 -0.037040 0.938730
vn -0.267030 -0.036088 0.963012
vn -0.267434 0.036329 0.962891
vn -0.342985 0.035795 0.938659
vn -0.267030 -0.036088 0.963012
vn -0.002008 -0.037702 0.999287
vn -0.002035 0.037202 0.999306
vn -0.267434 0.036329 0.962891
vn -0.002008 -0.037702 0.999287
vn -0.000389 -0.981628 0.190805
vn 0.000406 -0.981558 0.191162
vn 0.002038 -0.037120 0.999309
vn -0.000389 -0.981628 0.190805
vn -0.000301 -0.989259 0.146173
vn 0.000327 -0.989235 0.146336
vn 0.000406 -0.981558 0.191162
vn -0.000301 -0.989259 0.146173
vn -0.000244 -0.993103 0.117242
vn 0.000275 -0.993094 0.117322
vn 0.000327 -0.989235 0.146336
vn -0.000244 -0.993103 0.117242
vn -0.000203 -0.995368 0.096141
vn 0.000232 -0.995364 0.096176
vn 0.000275 -0.993094 0.117322
vn -0.000203 -0.995368 0.096141
vn -0.000117 -0.998235 0.059379
vn 0.000115 -0.998242 0.059270
vn 0.000232 -0.995364 0.096176
vn 0.049034 -0.998797 0.000105
vn 0.030155 -0.999545 0.000128
vn 0.030164 -0.999545 -0.000115
vn 0.048944 -0.998802 -0.000106
vn 0.030155 -0.999545 0.000128
vn 0.024667 -0.999696 0.000122
vn 0.024683 -0.999695 -0.000113
vn 0.030164 -0.999545 -0.000115
vn 0.024667 -0.999696 0.000122
vn 0.019701 -0.999806 0.000115
vn 0.019723 -0.999805 -0.000112
vn 0.024683 -0.999695 -0.000113
vn 0.019701 -0.999806 0.000115
vn 0.014965 -0.999888 0.000109
vn 0.014995 -0.999888 -0.000111
vn 0.019723 -0.999805 -0.000112
vn 0.014965 -0.999888 0.000109
vn 0.000108 -1.000000 0.000110
vn 0.000110 -1.000000 -0.000110
vn 0.014995 -0.999888 -0.000111
vn 0.053881 -0.997087 0.053992
vn 0.043425 -0.998554 0.031679
vn 0.066228 -0.997018 0.039607
vn 0.043425 -0.998554 0.031679
vn 0.045815 -0.998594 0.026652
vn 0.062279 -0.997553 0.031767
vn 0.066228 -0.997018 0.039607
vn 0.045815 -0.998594 0.026652
vn 0.047140 -0.998659 0.021402
vn 0.060655 -0.997850 0.024812
vn 0.062279 -0.997553 0.031767
vn 0.047140 -0.998659 0.021402
vn 0.048097 -0.998718 0.015798
vn 0.059915 -0.998042 0.017953
vn 0.060655 -0.997850 0.024812
vn 0.048097 -0.998718 0.015798
vn 0.049034 -0.998797 0.000105
vn 0.059379 -0.998236 0.000117
vn 0.059915 -0.998042 0.017953
vn 0.000106 -0.998802 0.048944
vn 0.016159 -0.998693 0.048481
vn 0.017733 -0.998013 0.060462
vn 0.000115 -0.998242 0.059270
vn 0.016159 -0.998693 0.048481
vn 0.022056 -0.998610 0.047871
vn 0.024524 -0.997792 0.061729
vn 0.017733 -0.998013 0.060462
vn 0.022056 -0.998610 0.047871
vn 0.027498 -0.998535 0.046606
vn 0.031445 -0.997482 0.063563
vn 0.024524 -0.997792 0.061729
vn 0.027498 -0.998535 0.046606
vn 0.032237 -0.998520 0.043808
vn 0.039452 -0.996965 0.067117
vn 0.031445 -0.997482 0.063563
vn 0.032237 -0.998520 0.043808
vn 0.053881 -0.997087 0.053992
vn 0.039452 -0.996965 0.067117
vn 0.002038 -0.037120 0.999309
vn 0.269685 -0.037284 0.962227
vn 0.269624 0.035103 0.962326
vn 0.002031 0.037688 0.999287
vn 0.269685 -0.037284 0.962227
vn 0.345815 -0.037448 0.937555
vn 0.345828 0.035095 0.937641
vn 0.269624 0.035103 0.962326
vn 0.345815 -0.037448 0.937555
vn 0.418411 -0.037221 0.907495
vn 0.418482 0.035298 0.907539
vn 0.345828 0.035095 0.937641
vn 0.418411 -0.037221 0.907495
vn 0.489741 -0.036233 0.871115
vn 0.489849 0.035197 0.871097
vn 0.418482 0.035298 0.907539
vn 0.489741 -0.036233 0.871115
vn 0.671767 -0.025718 0.740316
vn 0.672226 0.026204 0.739882
vn 0.489849 0.035197 0.871097
vn 0.671767 -0.025718 0.740316
vn 0.159383 -0.970995 0.178228
vn 0.178417 -0.970903 0.159733
vn 0.740325 -0.026299 0.671734
vn 0.159383 -0.970995 0.178228
vn 0.117915 -0.983949 0.133945
vn 0.134056 -0.983891 0.118269
vn 0.178417 -0.970903 0.159733
vn 0.117915 -0.983949 0.133945
vn 0.093028 -0.989712 0.108703
vn 0.108773 -0.989669 0.093398
vn 0.134056 -0.983891 0.118269
vn 0.093028 -0.989712 0.108703
vn 0.073952 -0.993039 0.091677
vn 0.091691 -0.993011 0.074304
vn 0.108773 -0.989669 0.093398
vn 0.073952 -0.993039 0.091677
vn 0.053881 -0.997087 0.053992
vn 0.091691 -0.993011 0.074304
vn -0.000114 0.998235 0.059397
vn -0.000229 0.995363 0.096193
vn 0.000204 0.995367 0.096144
vn 0.000118 0.998232 0.059433
vn -0.000229 0.995363 0.096193
vn -0.000266 0.993094 0.117321
vn 0.000246 0.993104 0.117240
vn 0.000204 0.995367 0.096144
vn -0.000266 0.993094 0.117321
vn -0.000312 0.989237 0.146318
vn 0.000304 0.989259 0.146171
vn 0.000246 0.993104 0.117240
vn -0.000312 0.989237 0.146318
vn -0.000387 0.981567 0.191119
vn 0.000392 0.981626 0.190817
vn 0.000304 0.989259 0.146171
vn -0.000387 0.981567 0.191119
vn -0.002035 0.037202 0.999306
vn 0.002031 0.037688 0.999287
vn 0.000392 0.981626 0.190817
vn -0.053369 0.997146 0.053395
vn -0.038617 0.997061 0.066165
vn -0.031413 0.998564 0.043396
vn -0.038617 0.997061 0.066165
vn -0.030746 0.997567 0.062568
vn -0.026476 0.998586 0.046098
vn -0.031413 0.998564 0.043396
vn -0.030746 0.997567 0.062568
vn -0.024210 0.997845 0.060988
vn -0.021415 0.998644 0.047446
vn -0.026476 0.998586 0.046098
vn -0.024210 0.997845 0.060988
vn -0.017721 0.998031 0.060167
vn -0.015905 0.998710 0.048214
vn -0.021415 0.998644 0.047446
vn -0.017721 0.998031 0.060167
vn -0.000114 0.998235 0.059397
vn -0.000101 0.998802 0.048932
vn -0.015905 0.998710 0.048214
vn -0.671496 0.027259 0.740507
vn -0.157831 0.971739 0.175535
vn -0.179152 0.970772 0.159710
vn -0.739883 0.026251 0.672223
vn -0.157831 0.971739 0.175535
vn -0.115676 0.984694 0.130369
vn -0.133992 0.984050 0.117011
vn -0.179152 0.970772 0.159710
vn -0.115676 0.984694 0.130369
vn -0.090606 0.990339 0.104969
vn -0.108001 0.989925 0.091561
vn -0.133992 0.984050 0.117011
vn -0.090606 0.990339 0.104969
vn -0.072534 0.993346 0.089460
vn -0.090896 0.993185 0.072949
vn -0.108001 0.989925 0.091561
vn -0.072534 0.993346 0.089460
vn -0.053369 0.997146 0.053395
vn -0.090896 0.993185 0.072949
vn -0.999286 0.037738 0.002032
vn -0.189156 0.981947 0.000396
vn -0.189214 0.981936 -0.000392
vn -0.999290 0.037630 -0.002037
vn -0.189156 0.981947 0.000396
vn -0.144830 0.989456 0.000312
vn -0.144841 0.989455 -0.000308
vn -0.189214 0.981936 -0.000392
vn -0.144830 0.989456 0.000312
vn -0.116304 0.993214 0.000257
vn -0.116295 0.993215 -0.000254
vn -0.144841 0.989455 -0.000308
vn -0.116304 0.993214 0.000257
vn -0.095593 0.995420 0.000214
vn -0.095574 0.995422 -0.000212
vn -0.116295 0.993215 -0.000254
vn -0.095593 0.995420 0.000214
vn -0.059394 0.998235 0.000111
vn -0.059319 0.998239 -0.000114
vn -0.095574 0.995422 -0.000212
vn -0.059394 0.998235 0.000111
vn -0.060226 0.998028 0.017721
vn -0.048205 0.998711 0.015875
vn -0.048928 0.998802 0.000104
vn -0.060226 0.998028 0.017721
vn -0.061107 0.997837 0.024251
vn -0.047414 0.998646 0.021388
vn -0.048205 0.998711 0.015875
vn -0.061107 0.997837 0.024251
vn -0.062755 0.997551 0.030876
vn -0.046037 0.998589 0.026474
vn -0.047414 0.998646 0.021388
vn -0.062755 0.997551 0.030876
vn -0.066417 0.997034 0.038872
vn -0.043307 0.998566 0.031465
vn -0.046037 0.998589 0.026474
vn -0.066417 0.997034 0.038872
vn -0.053369 0.997146 0.053395
vn -0.043307 0.998566 0.031465
vn 0.740325 -0.026299 0.671734
vn 0.872358 -0.038531 0.487347
vn 0.872389 0.034081 0.487622
vn 0.740507 0.027254 0.671496
vn 0.872358 -0.038531 0.487347
vn 0.908858 -0.038170 0.415355
vn 0.908852 0.035027 0.415646
vn 0.872389 0.034081 0.487622
vn 0.908858 -0.038170 0.415355
vn 0.938730 -0.037041 0.342656
vn 0.938659 0.035784 0.342984
vn 0.908852 0.035027 0.415646
vn 0.938730 -0.037041 0.342656
vn 0.963013 -0.036089 0.267029
vn 0.962891 0.036327 0.267433
vn 0.938659 0.035784 0.342984
vn 0.963013 -0.036089 0.267029
vn 0.999287 -0.037702 0.002008
vn 0.999306 0.037202 0.002035
vn 0.962891 0.036327 0.267433
vn 0.999287 -0.037702 0.002008
vn 0.190803 -0.981628 0.000389
vn 0.191161 -0.981559 -0.000386
vn 0.999309 -0.037108 -0.002035
vn 0.190803 -0.981628 0.000389
vn 0.146172 -0.989259 0.000301
vn 0.146332 -0.989236 -0.000311
vn 0.191161 -0.981559 -0.000386
vn 0.146172 -0.989259 0.000301
vn 0.117242 -0.993103 0.000244
vn 0.117316 -0.993095 -0.000265
vn 0.146332 -0.989236 -0.000311
vn 0.117242 -0.993103 0.000244
vn 0.096140 -0.995368 0.000203
vn 0.096172 -0.995365 -0.000228
vn 0.117316 -0.993095 -0.000265
vn 0.096140 -0.995368 0.000203
vn 0.059379 -0.998236 0.000117
vn 0.059269 -0.998242 -0.000115
vn 0.096172 -0.995365 -0.000228
vn 0.053832 -0.997098 -0.053834
vn 0.031678 -0.998554 -0.043424
vn 0.039610 -0.997017 -0.066238
vn 0.031678 -0.998554 -0.043424
vn 0.026652 -0.998594 -0.045815
vn 0.031776 -0.997552 -0.062297
vn 0.039610 -0.997017 -0.066238
vn 0.026652 -0.998594 -0.045815
vn 0.021403 -0.998659 -0.047141
vn 0.024822 -0.997849 -0.060675
vn 0.031776 -0.997552 -0.062297
vn 0.021403 -0.998659 -0.047141
vn 0.015797 -0.998718 -0.048097
vn 0.017960 -0.998041 -0.059929
vn 0.024822 -0.997849 -0.060675
vn 0.015797 -0.998718 -0.048097
vn 0.000103 -0.998799 -0.048994
vn 0.000118 -0.998232 -0.059433
vn 0.017960 -0.998041 -0.059929
vn 0.048944 -0.998802 -0.000106
vn 0.048480 -0.998693 -0.016159
vn 0.060407 -0.998017 -0.017699
vn 0.059269 -0.998242 -0.000115
vn 0.048480 -0.998693 -0.016159
vn 0.047871 -0.998610 -0.022056
vn 0.061615 -0.997800 -0.024458
vn 0.060407 -0.998017 -0.017699
vn 0.047871 -0.998610 -0.022056
vn 0.046605 -0.998535 -0.027498
vn 0.063373 -0.997498 -0.031328
vn 0.061615 -0.997800 -0.024458
vn 0.046605 -0.998535 -0.027498
vn 0.043807 -0.998520 -0.032238
vn 0.066825 -0.996992 -0.039268
vn 0.063373 -0.997498 -0.031328
vn 0.043807 -0.998520 -0.032238
vn 0.053832 -0.997098 -0.053834
vn 0.066825 -0.996992 -0.039268
vn 0.740507 -0.027264 -0.671495
vn 0.175094 -0.971883 -0.157432
vn 0.159589 -0.970836 -0.178910
vn 0.672226 -0.026194 -0.739882
vn 0.175094 -0.971883 -0.157432
vn 0.129964 -0.984780 -0.115398
vn 0.117020 -0.984070 -0.133841
vn 0.159589 -0.970836 -0.178910
vn 0.129964 -0.984780 -0.115398
vn 0.104826 -0.990353 -0.090627
vn 0.091870 -0.989885 -0.108108
vn 0.117020 -0.984070 -0.133841
vn 0.104826 -0.990353 -0.090627
vn 0.089680 -0.993300 -0.072881
vn 0.073500 -0.993112 -0.091250
vn 0.091870 -0.989885 -0.108108
vn 0.089680 -0.993300 -0.072881
vn 0.053832 -0.997098 -0.053834
vn 0.073500 -0.993112 -0.091250
vn 0.999309 -0.037108 -0.002035
vn 0.962881 -0.036617 -0.267432
vn 0.963012 0.036091 -0.267029
vn 0.999287 0.037691 -0.002008
vn 0.962881 -0.036617 -0.267432
vn 0.938646 -0.036173 -0.342979
vn 0.938731 0.037036 -0.342656
vn 0.963012 0.036091 -0.267029
vn 0.938646 -0.036173 -0.342979
vn 0.908843 -0.035381 -0.415636
vn 0.908860 0.038146 -0.415353
vn 0.938731 0.037036 -0.342656
vn 0.908843 -0.035381 -0.415636
vn 0.872386 -0.034276 -0.487614
vn 0.872359 0.038495 -0.487347
vn 0.908860 0.038146 -0.415353
vn 0.872386 -0.034276 -0.487614
vn 0.740507 -0.027264 -0.671495
vn 0.740325 0.026304 -0.671735
vn 0.872359 0.038495 -0.487347
vn 0.059397 0.998235 0.000114
vn 0.096195 0.995362 0.000229
vn 0.096144 0.995367 -0.000202
vn 0.059433 0.998232 -0.000118
vn 0.096195 0.995362 0.000229
vn 0.117322 0.993094 0.000266
vn 0.117240 0.993104 -0.000244
vn 0.096144 0.995367 -0.000202
vn 0.117322 0.993094 0.000266
vn 0.146317 0.989238 0.000312
vn 0.146169 0.989260 -0.000301
vn 0.117240 0.993104 -0.000244
vn 0.146317 0.989238 0.000312
vn 0.191118 0.981567 0.000387
vn 0.190817 0.981626 -0.000389
vn 0.146169 0.989260 -0.000301
vn 0.191118 0.981567 0.000387
vn 0.999306 0.037202 0.002035
vn 0.999287 0.037691 -0.002008
vn 0.190817 0.981626 -0.000389
vn 0.053440 0.997142 0.053397
vn 0.066190 0.997057 0.038685
vn 0.043370 0.998564 0.031454
vn 0.066190 0.997057 0.038685
vn 0.062587 0.997565 0.030760
vn 0.046068 0.998587 0.026480
vn 0.043370 0.998564 0.031454
vn 0.062587 0.997565 0.030760
vn 0.060996 0.997845 0.024193
vn 0.047424 0.998646 0.021398
vn 0.046068 0.998587 0.026480
vn 0.060996 0.997845 0.024193
vn 0.060167 0.998031 0.017697
vn 0.048204 0.998711 0.015886
vn 0.047424 0.998646 0.021398
vn 0.060167 0.998031 0.017697
vn 0.059397 0.998235 0.000114
vn 0.048932 0.998802 0.000101
vn 0.048204 0.998711 0.015886
vn 0.740507 0.027254 0.671496
vn 0.175444 0.971765 0.157775
vn 0.159862 0.970740 0.179186
vn 0.672226 0.026204 0.739882
vn 0.175444 0.971765 0.157775
vn 0.130309 0.984701 0.115686
vn 0.117239 0.984014 0.134056
vn 0.159862 0.970740 0.179186
vn 0.130309 0.984701 0.115686
vn 0.104944 0.990335 0.090680
vn 0.091869 0.989884 0.108118
vn 0.117239 0.984014 0.134056
vn 0.104944 0.990335 0.090680
vn 0.089480 0.993334 0.072675
vn 0.073281 0.993148 0.091030
vn 0.091869 0.989884 0.108118
vn 0.089480 0.993334 0.072675
vn 0.053440 0.997142 0.053397
vn 0.073281 0.993148 0.091030
vn 0.000118 0.998232 0.059433
vn 0.017974 0.998042 0.059909
vn 0.015838 0.998720 0.048039
vn 0.000103 0.998799 0.048993
vn 0.017974 0.998042 0.059909
vn 0.024819 0.997853 0.060607
vn 0.021436 0.998664 0.047016
vn 0.015838 0.998720 0.048039
vn 0.024819 0.997853 0.060607
vn 0.031724 0.997562 0.062163
vn 0.026649 0.998604 0.045612
vn 0.021436 0.998664 0.047016
vn 0.031724 0.997562 0.062163
vn 0.039456 0.997038 0.066011
vn 0.031612 0.998570 0.043120
vn 0.026649 0.998604 0.045612
vn 0.039456 0.997038 0.066011
vn 0.053440 0.997142 0.053397
vn 0.031612 0.998570 0.043120
vn -0.000109 1.000000 0.000110
vn -0.000112 0.999886 0.015130
vn 0.000112 0.999886 0.015125
vn 0.000110 1.000000 0.000110
vn -0.000112 0.999886 0.015130
vn -0.000115 0.999802 0.019910
vn 0.000115 0.999802 0.019909
vn 0.000112 0.999886 0.015125
vn -0.000115 0.999802 0.019910
vn -0.000119 0.999690 0.024886
vn 0.000118 0.999690 0.024887
vn 0.000115 0.999802 0.019909
vn -0.000119 0.999690 0.024886
vn -0.000121 0.999540 0.030339
vn 0.000120 0.999539 0.030345
vn 0.000118 0.999690 0.024887
vn -0.000121 0.999540 0.030339
vn -0.000101 0.998802 0.048932
vn 0.000103 0.998799 0.048993
vn 0.000120 0.999539 0.030345
vn -0.048928 0.998802 0.000104
vn -0.030147 0.999546 0.000131
vn -0.030164 0.999545 -0.000114
vn -0.048899 0.998804 -0.000107
vn -0.030147 0.999546 0.000131
vn -0.024665 0.999696 0.000127
vn -0.024684 0.999695 -0.000113
vn -0.030164 0.999545 -0.000114
vn -0.024665 0.999696 0.000127
vn -0.019703 0.999806 0.000121
vn -0.019724 0.999805 -0.000111
vn -0.024684 0.999695 -0.000113
vn -0.019703 0.999806 0.000121
vn -0.014969 0.999888 0.000115
vn -0.014993 0.999888 -0.000110
vn -0.019724 0.999805 -0.000111
vn -0.014969 0.999888 0.000115
vn -0.000109 1.000000 0.000110
vn -0.000110 1.000000 -0.000109
vn -0.014993 0.999888 -0.000110
vn -0.000103 0.998802 -0.048929
vn -0.000129 0.999545 -0.030149
vn 0.000115 0.999545 -0.030164
vn 0.000107 0.998804 -0.048900
vn -0.000129 0.999545 -0.030149
vn -0.000122 0.999696 -0.024666
vn 0.000114 0.999695 -0.024684
vn 0.000115 0.999545 -0.030164
vn -0.000122 0.999696 -0.024666
vn -0.000115 0.999806 -0.019703
vn 0.000112 0.999805 -0.019724
vn 0.000114 0.999695 -0.024684
vn -0.000115 0.999806 -0.019703
vn -0.000109 0.999888 -0.014969
vn 0.000111 0.999888 -0.014993
vn 0.000112 0.999805 -0.019724
vn -0.000109 0.999888 -0.014969
vn -0.000110 1.000000 -0.000109
vn 0.000110 1.000000 -0.000110
vn 0.000111 0.999888 -0.014993
vn -0.053665 0.997121 -0.053568
vn -0.031455 0.998559 -0.043489
vn -0.038866 0.997036 -0.066400
vn -0.031455 0.998559 -0.043489
vn -0.026455 0.998583 -0.046170
vn -0.030866 0.997553 -0.062731
vn -0.038866 0.997036 -0.066400
vn -0.026455 0.998583 -0.046170
vn -0.021370 0.998643 -0.047501
vn -0.024241 0.997838 -0.061085
vn -0.030866 0.997553 -0.062731
vn -0.021370 0.998643 -0.047501
vn -0.015859 0.998709 -0.048251
vn -0.017713 0.998028 -0.060213
vn -0.024241 0.997838 -0.061085
vn -0.015859 0.998709 -0.048251
vn -0.000103 0.998802 -0.048929
vn -0.000111 0.998235 -0.059394
vn -0.017713 0.998028 -0.060213
vn -0.048899 0.998804 -0.000107
vn -0.048478 0.998693 -0.016187
vn -0.060458 0.998013 -0.017747
vn -0.059319 0.998239 -0.000114
vn -0.048478 0.998693 -0.016187
vn -0.047868 0.998609 -0.022123
vn -0.061703 0.997792 -0.024559
vn -0.060458 0.998013 -0.017747
vn -0.047868 0.998609 -0.022123
vn -0.046582 0.998535 -0.027535
vn -0.063459 0.997490 -0.031426
vn -0.061703 0.997792 -0.024559
vn -0.046582 0.998535 -0.027535
vn -0.043719 0.998527 -0.032149
vn -0.066884 0.996988 -0.039263
vn -0.063459 0.997490 -0.031426
vn -0.043719 0.998527 -0.032149
vn -0.053665 0.997121 -0.053568
vn -0.066884 0.996988 -0.039263
vn -0.740316 0.025730 -0.671766
vn -0.178777 0.970818 -0.159850
vn -0.159983 0.970784 -0.178838
vn -0.671732 0.026353 -0.740325
vn -0.178777 0.970818 -0.159850
vn -0.134222 0.983893 -0.118066
vn -0.118198 0.983879 -0.134207
vn -0.159983 0.970784 -0.178838
vn -0.134222 0.983893 -0.118066
vn -0.108698 0.989727 -0.092872
vn -0.093002 0.989723 -0.108620
vn -0.118198 0.983879 -0.134207
vn -0.108698 0.989727 -0.092872
vn -0.091408 0.993093 -0.073554
vn -0.073714 0.993091 -0.091305
vn -0.093002 0.989723 -0.108620
vn -0.091408 0.993093 -0.073554
vn -0.053665 0.997121 -0.053568
vn -0.073714 0.993091 -0.091305
vn 0.000110 1.000000 0.000110
vn 0.015130 0.999886 0.000113
vn 0.015125 0.999886 -0.000106
vn 0.000110 1.000000 -0.000110
vn 0.015130 0.999886 0.000113
vn 0.019910 0.999802 0.000117
vn 0.019909 0.999802 -0.000109
vn 0.015125 0.999886 -0.000106
vn 0.019910 0.999802 0.000117
vn 0.024885 0.999690 0.000120
vn 0.024888 0.999690 -0.000113
vn 0.019909 0.999802 -0.000109
vn 0.024885 0.999690 0.000120
vn 0.030339 0.999540 0.000121
vn 0.030346 0.999539 -0.000118
vn 0.024888 0.999690 -0.000113
vn 0.030339 0.999540 0.000121
vn 0.048932 0.998802 0.000101
vn 0.048994 0.998799 -0.000103
vn 0.030346 0.999539 -0.000118
vn 0.053458 0.997124 -0.053712
vn 0.091337 0.993062 -0.074065
vn 0.073554 0.993093 -0.091407
vn 0.091337 0.993062 -0.074065
vn 0.108697 0.989682 -0.093350
vn 0.092871 0.989727 -0.108697
vn 0.073554 0.993093 -0.091407
vn 0.108697 0.989682 -0.093350
vn 0.134318 0.983825 -0.118519
vn 0.118067 0.983893 -0.134222
vn 0.092871 0.989727 -0.108697
vn 0.134318 0.983825 -0.118519
vn 0.179011 0.970702 -0.160290
vn 0.159852 0.970817 -0.178779
vn 0.118067 0.983893 -0.134222
vn 0.179011 0.970702 -0.160290
vn 0.740325 0.026304 -0.671735
vn 0.671767 0.025730 -0.740315
vn 0.159852 0.970817 -0.178779
vn 0.059433 0.998232 -0.000118
vn 0.059886 0.998044 -0.017956
vn 0.048079 0.998718 -0.015822
vn 0.048994 0.998799 -0.000103
vn 0.059886 0.998044 -0.017956
vn 0.060567 0.997856 -0.024780
vn 0.047089 0.998661 -0.021408
vn 0.048079 0.998718 -0.015822
vn 0.060567 0.997856 -0.024780
vn 0.062102 0.997567 -0.031682
vn 0.045709 0.998600 -0.026618
vn 0.047089 0.998661 -0.021408
vn 0.062102 0.997567 -0.031682
vn 0.065906 0.997046 -0.039432
vn 0.043233 0.998565 -0.031605
vn 0.045709 0.998600 -0.026618
vn 0.065906 0.997046 -0.039432
vn 0.053458 0.997124 -0.053712
vn 0.043233 0.998565 -0.031605
vn 0.000107 0.998804 -0.048900
vn 0.016189 0.998694 -0.048466
vn 0.017746 0.998013 -0.060458
vn 0.000114 0.998239 -0.059319
vn 0.016189 0.998694 -0.048466
vn 0.022125 0.998609 -0.047852
vn 0.024559 0.997792 -0.061703
vn 0.017746 0.998013 -0.060458
vn 0.022125 0.998609 -0.047852
vn 0.027533 0.998536 -0.046566
vn 0.031425 0.997490 -0.063459
vn 0.024559 0.997792 -0.061703
vn 0.027533 0.998536 -0.046566
vn 0.032147 0.998527 -0.043709
vn 0.039263 0.996988 -0.066884
vn 0.031425 0.997490 -0.063459
vn 0.032147 0.998527 -0.043709
vn 0.053458 0.997124 -0.053712
vn 0.039263 0.996988 -0.066884
vn -0.002009 0.037740 -0.999286
vn -0.000392 0.981947 -0.189158
vn 0.000392 0.981936 -0.189214
vn 0.002038 0.037629 -0.999290
vn -0.000392 0.981947 -0.189158
vn -0.000309 0.989456 -0.144830
vn 0.000308 0.989455 -0.144842
vn 0.000392 0.981936 -0.189214
vn -0.000309 0.989456 -0.144830
vn -0.000255 0.993214 -0.116301
vn 0.000254 0.993215 -0.116294
vn 0.000308 0.989455 -0.144842
vn -0.000255 0.993214 -0.116301
vn -0.000213 0.995421 -0.095592
vn 0.000212 0.995422 -0.095574
vn 0.000254 0.993215 -0.116294
vn -0.000213 0.995421 -0.095592
vn -0.000111 0.998235 -0.059394
vn 0.000114 0.998239 -0.059319
vn 0.000212 0.995422 -0.095574
vn -0.671732 0.026353 -0.740325
vn -0.487320 0.039142 -0.872346
vn -0.487620 -0.034097 -0.872390
vn -0.671496 -0.027251 -0.740507
vn -0.487320 0.039142 -0.872346
vn -0.415315 0.039527 -0.908818
vn -0.415645 -0.035039 -0.908852
vn -0.487620 -0.034097 -0.872390
vn -0.415315 0.039527 -0.908818
vn -0.342624 0.038893 -0.938667
vn -0.342985 -0.035792 -0.938659
vn -0.415645 -0.035039 -0.908852
vn -0.342624 0.038893 -0.938667
vn -0.267014 0.037947 -0.962945
vn -0.267436 -0.036330 -0.962891
vn -0.342985 -0.035792 -0.938659
vn -0.267014 0.037947 -0.962945
vn -0.002009 0.037740 -0.999286
vn -0.002035 -0.037202 -0.999306
vn -0.267436 -0.036330 -0.962891
vn -0.000114 -0.998235 -0.059397
vn -0.000229 -0.995362 -0.096195
vn 0.000204 -0.995367 -0.096145
vn 0.000118 -0.998232 -0.059433
vn -0.000229 -0.995362 -0.096195
vn -0.000266 -0.993094 -0.117321
vn 0.000246 -0.993103 -0.117241
vn 0.000204 -0.995367 -0.096145
vn -0.000266 -0.993094 -0.117321
vn -0.000312 -0.989238 -0.146317
vn 0.000304 -0.989260 -0.146169
vn 0.000246 -0.993103 -0.117241
vn -0.000312 -0.989238 -0.146317
vn -0.000387 -0.981567 -0.191119
vn 0.000392 -0.981626 -0.190816
vn 0.000304 -0.989260 -0.146169
vn -0.000387 -0.981567 -0.191119
vn -0.002035 -0.037202 -0.999306
vn 0.002031 -0.037688 -0.999287
vn 0.000392 -0.981626 -0.190816
vn 0.002038 0.037629 -0.999290
vn 0.269685 0.037290 -0.962226
vn 0.269625 -0.035103 -0.962325
vn 0.002031 -0.037688 -0.999287
vn 0.269685 0.037290 -0.962226
vn 0.345815 0.037464 -0.937555
vn 0.345829 -0.035097 -0.937641
vn 0.269625 -0.035103 -0.962325
vn 0.345815 0.037464 -0.937555
vn 0.418410 0.037237 -0.907495
vn 0.418482 -0.035307 -0.907539
vn 0.345829 -0.035097 -0.937641
vn 0.418410 0.037237 -0.907495
vn 0.489740 0.036240 -0.871115
vn 0.489849 -0.035211 -0.871096
vn 0.418482 -0.035307 -0.907539
vn 0.489740 0.036240 -0.871115
vn 0.671767 0.025730 -0.740315
vn 0.672226 -0.026194 -0.739882
vn 0.489849 -0.035211 -0.871096
vn -0.048944 -0.998802 0.000106
vn -0.059270 -0.998242 0.000115
vn -0.059379 -0.998236 -0.000117
vn -0.049034 -0.998797 -0.000105
vn -0.000117 -0.998235 0.059379
vn -0.000105 -0.998797 0.049034
vn 0.000106 -0.998802 0.048944
vn 0.000115 -0.998242 0.059270
vn -0.740316 -0.025718 0.671767
vn -0.671734 -0.026299 0.740325
vn -0.671496 0.027259 0.740507
vn -0.739883 0.026251 0.672223
vn 0.059379 -0.998236 0.000117
vn 0.049034 -0.998797 0.000105
vn 0.048944 -0.998802 -0.000106
vn 0.059269 -0.998242 -0.000115
vn 0.671767 -0.025718 0.740316
vn 0.740325 -0.026299 0.671734
vn 0.740507 0.027254 0.671496
vn 0.672226 0.026204 0.739882
vn -0.059394 0.998235 0.000111
vn -0.048928 0.998802 0.000104
vn -0.048899 0.998804 -0.000107
vn -0.059319 0.998239 -0.000114
vn -0.000101 0.998802 0.048932
vn -0.000114 0.998235 0.059397
vn 0.000118 0.998232 0.059433
vn 0.000103 0.998799 0.048993
vn 0.048932 0.998802 0.000101
vn 0.059397 0.998235 0.000114
vn 0.059433 0.998232 -0.000118
vn 0.048994 0.998799 -0.000103
vn -0.740316 0.025730 -0.671766
vn -0.671732 0.026353 -0.740325
vn -0.671496 -0.027251 -0.740507
vn -0.739883 -0.026195 -0.672225
vn -0.000111 0.998235 -0.059394
vn -0.000103 0.998802 -0.048929
vn 0.000107 0.998804 -0.048900
vn 0.000114 0.998239 -0.059319
vn 0.671767 0.025730 -0.740315
vn 0.740325 0.026304 -0.671735
vn 0.740507 -0.027264 -0.671495
vn 0.672226 -0.026194 -0.739882
vn -0.000101 -0.998802 -0.048932
vn -0.000114 -0.998235 -0.059397
vn 0.000118 -0.998232 -0.059433
vn 0.000103 -0.998799 -0.048994
vn -0.002008 -0.037702 0.999287
vn 0.002038 -0.037120 0.999309
vn 0.002031 0.037688 0.999287
vn -0.002035 0.037202 0.999306
vn -0.000109 1.000000 0.000110
vn 0.000110 1.000000 0.000110
vn 0.000110 1.000000 -0.000110
vn -0.000110 1.000000 -0.000109
vn -0.002009 0.037740 -0.999286
vn 0.002038 0.037629 -0.999290
vn 0.002031 -0.037688 -0.999287
vn -0.002035 -0.037202 -0.999306
vn -0.000108 -1.000000 -0.000110
vn 0.000110 -1.000000 -0.000110
vn 0.000108 -1.000000 0.000110
vn -0.000110 -1.000000 0.000108
vn 0.999287 -0.037702 0.002008
vn 0.999309 -0.037108 -0.002035
vn 0.999287 0.037691 -0.002008
vn 0.999306 0.037202 0.002035
vn -0.999287 -0.037700 -0.002031
vn -0.999309 -0.037120 0.002038
vn -0.999286 0.037738 0.002032
vn -0.999290 0.037630 -0.002037
vn -0.014995 -0.999888 0.000111
vn -0.000110 -1.000000 0.000108
vn -0.000109 -0.999888 0.014965
vn -0.014859 -0.999768 0.015591
vn -0.014859 -0.999768 0.015591
vn -0.000109 -0.999888 0.014965
vn -0.000115 -0.999806 0.019701
vn -0.015321 -0.999671 0.020558
vn -0.015321 -0.999671 0.020558
vn -0.000115 -0.999806 0.019701
vn -0.000122 -0.999696 0.024667
vn -0.015945 -0.999545 0.025603
vn -0.015945 -0.999545 0.025603
vn -0.000122 -0.999696 0.024667
vn -0.000128 -0.999545 0.030155
vn -0.016519 -0.999387 0.030879
vn -0.000128 -0.999545 0.030155
vn -0.000105 -0.998797 0.049034
vn -0.015798 -0.998718 0.048096
vn -0.016519 -0.999387 0.030879
vn -0.016519 -0.999387 0.030879
vn -0.015798 -0.998718 0.048096
vn -0.021402 -0.998659 0.047140
vn -0.021928 -0.999259 0.031620
vn -0.021928 -0.999259 0.031620
vn -0.021402 -0.998659 0.047140
vn -0.026652 -0.998594 0.045816
vn -0.027016 -0.999111 0.032378
vn -0.027016 -0.999111 0.032378
vn -0.026652 -0.998594 0.045816
vn -0.031679 -0.998554 0.043425
vn -0.031980 -0.998943 0.033005
vn -0.031679 -0.998554 0.043425
vn -0.053992 -0.997087 0.053881
vn -0.043808 -0.998520 0.032237
vn -0.031980 -0.998943 0.033005
vn -0.031980 -0.998943 0.033005
vn -0.043808 -0.998520 0.032237
vn -0.046607 -0.998535 0.027498
vn -0.031180 -0.999112 0.028350
vn -0.031180 -0.999112 0.028350
vn -0.046607 -0.998535 0.027498
vn -0.047871 -0.998610 0.022056
vn -0.030344 -0.999276 0.022932
vn -0.030344 -0.999276 0.022932
vn -0.047871 -0.998610 0.022056
vn -0.048481 -0.998693 0.016159
vn -0.029896 -0.999408 0.017004
vn -0.048481 -0.998693 0.016159
vn -0.048944 -0.998802 0.000106
vn -0.030164 -0.999545 0.000115
vn -0.029896 -0.999408 0.017004
vn -0.029896 -0.999408 0.017004
vn -0.030164 -0.999545 0.000115
vn -0.024683 -0.999695 0.000113
vn -0.024609 -0.999558 0.016684
vn -0.024609 -0.999558 0.016684
vn -0.024683 -0.999695 0.000113
vn -0.019723 -0.999805 0.000112
vn -0.019662 -0.999677 0.016129
vn -0.019662 -0.999677 0.016129
vn -0.019723 -0.999805 0.000112
vn -0.014995 -0.999888 0.000111
vn -0.014859 -0.999768 0.015591
vn -0.019662 -0.999677 0.016129
vn -0.014859 -0.999768 0.015591
vn -0.015321 -0.999671 0.020558
vn -0.020310 -0.999566 0.021360
vn -0.020310 -0.999566 0.021360
vn -0.015321 -0.999671 0.020558
vn -0.015945 -0.999545 0.025603
vn -0.021157 -0.999425 0.026515
vn -0.015945 -0.999545 0.025603
vn -0.016519 -0.999387 0.030879
vn -0.021928 -0.999259 0.031620
vn -0.021157 -0.999425 0.026515
vn -0.021157 -0.999425 0.026515
vn -0.021928 -0.999259 0.031620
vn -0.027016 -0.999111 0.032378
vn -0.026216 -0.999279 0.027477
vn -0.027016 -0.999111 0.032378
vn -0.031980 -0.998943 0.033005
vn -0.031180 -0.999112 0.028350
vn -0.026216 -0.999279 0.027477
vn -0.026216 -0.999279 0.027477
vn -0.031180 -0.999112 0.028350
vn -0.030344 -0.999276 0.022932
vn -0.025306 -0.999433 0.022223
vn -0.030344 -0.999276 0.022932
vn -0.029896 -0.999408 0.017004
vn -0.024609 -0.999558 0.016684
vn -0.025306 -0.999433 0.022223
vn -0.025306 -0.999433 0.022223
vn -0.024609 -0.999558 0.016684
vn -0.019662 -0.999677 0.016129
vn -0.020310 -0.999566 0.021360
vn -0.020310 -0.999566 0.021360
vn -0.021157 -0.999425 0.026515
vn -0.026216 -0.999279 0.027477
vn -0.025306 -0.999433 0.022223
vn -0.178228 -0.970995 0.159383
vn -0.740316 -0.025718 0.671767
vn -0.871115 -0.036232 0.489741
vn -0.170714 -0.980546 0.096879
vn -0.170714 -0.980546 0.096879
vn -0.871115 -0.036232 0.489741
vn -0.907494 -0.037220 0.418412
vn -0.174144 -0.981339 0.081531
vn -0.174144 -0.981339 0.081531
vn -0.907494 -0.037220 0.418412
vn -0.937555 -0.037449 0.345816
vn -0.179104 -0.981517 0.067427
vn -0.179104 -0.981517 0.067427
vn -0.937555 -0.037449 0.345816
vn -0.962227 -0.037286 0.269683
vn -0.184266 -0.981458 0.052776
vn -0.962227 -0.037286 0.269683
vn -0.999309 -0.037120 0.002038
vn -0.191160 -0.981559 0.000406
vn -0.184266 -0.981458 0.052776
vn -0.184266 -0.981458 0.052776
vn -0.191160 -0.981559 0.000406
vn -0.146336 -0.989235 0.000327
vn -0.141577 -0.989050 0.041672
vn -0.141577 -0.989050 0.041672
vn -0.146336 -0.989235 0.000327
vn -0.117322 -0.993094 0.000275
vn -0.114327 -0.992840 0.034614
vn -0.114327 -0.992840 0.034614
vn -0.117322 -0.993094 0.000275
vn -0.096175 -0.995364 0.000232
vn -0.094634 -0.995082 0.029268
vn -0.096175 -0.995364 0.000232
vn -0.059270 -0.998242 0.000115
vn -0.060462 -0.998013 0.017733
vn -0.094634 -0.995082 0.029268
vn -0.094634 -0.995082 0.029268
vn -0.060462 -0.998013 0.017733
vn -0.061729 -0.997792 0.024524
vn -0.092995 -0.994938 0.038075
vn -0.092995 -0.994938 0.038075
vn -0.061729 -0.997792 0.024524
vn -0.063563 -0.997482 0.031445
vn -0.091236 -0.994769 0.045937
vn -0.091236 -0.994769 0.045937
vn -0.063563 -0.997482 0.031445
vn -0.067117 -0.996965 0.039452
vn -0.089968 -0.994497 0.053673
vn -0.067117 -0.996965 0.039452
vn -0.053992 -0.997087 0.053881
vn -0.091676 -0.993039 0.073952
vn -0.089968 -0.994497 0.053673
vn -0.089968 -0.994497 0.053673
vn -0.091676 -0.993039 0.073952
vn -0.108703 -0.989712 0.093028
vn -0.106290 -0.992367 0.062529
vn -0.106290 -0.992367 0.062529
vn -0.108703 -0.989712 0.093028
vn -0.133944 -0.983949 0.117915
vn -0.130197 -0.988636 0.075146
vn -0.130197 -0.988636 0.075146
vn -0.133944 -0.983949 0.117915
vn -0.178228 -0.970995 0.159383
vn -0.170714 -0.980546 0.096879
vn -0.130197 -0.988636 0.075146
vn -0.170714 -0.980546 0.096879
vn -0.174144 -0.981339 0.081531
vn -0.133407 -0.988995 0.063961
vn -0.133407 -0.988995 0.063961
vn -0.174144 -0.981339 0.081531
vn -0.179104 -0.981517 0.067427
vn -0.137571 -0.989059 0.053265
vn -0.179104 -0.981517 0.067427
vn -0.184266 -0.981458 0.052776
vn -0.141577 -0.989050 0.041672
vn -0.137571 -0.989059 0.053265
vn -0.137571 -0.989059 0.053265
vn -0.141577 -0.989050 0.041672
vn -0.114327 -0.992840 0.034614
vn -0.111551 -0.992760 0.044543
vn -0.114327 -0.992840 0.034614
vn -0.094634 -0.995082 0.029268
vn -0.092995 -0.994938 0.038075
vn -0.111551 -0.992760 0.044543
vn -0.111551 -0.992760 0.044543
vn -0.092995 -0.994938 0.038075
vn -0.091236 -0.994769 0.045937
vn -0.108583 -0.992647 0.053488
vn -0.091236 -0.994769 0.045937
vn -0.089968 -0.994497 0.053673
vn -0.106290 -0.992367 0.062529
vn -0.108583 -0.992647 0.053488
vn -0.108583 -0.992647 0.053488
vn -0.106290 -0.992367 0.062529
vn -0.130197 -0.988636 0.075146
vn -0.133407 -0.988995 0.063961
vn -0.133407 -0.988995 0.063961
vn -0.137571 -0.989059 0.053265
vn -0.111551 -0.992760 0.044543
vn -0.108583 -0.992647 0.053488
vn -0.190802 -0.981628 -0.000392
vn -0.999287 -0.037700 -0.002031
vn -0.962326 -0.035105 -0.269623
vn -0.192170 -0.979791 -0.055506
vn -0.192170 -0.979791 -0.055506
vn -0.962326 -0.035105 -0.269623
vn -0.937641 -0.035098 -0.345829
vn -0.186393 -0.979907 -0.070992
vn -0.186393 -0.979907 -0.070992
vn -0.937641 -0.035098 -0.345829
vn -0.907538 -0.035308 -0.418484
vn -0.179125 -0.980149 -0.084981
vn -0.179125 -0.980149 -0.084981
vn -0.907538 -0.035308 -0.418484
vn -0.871096 -0.035212 -0.489849
vn -0.172845 -0.979970 -0.098915
vn -0.871096 -0.035212 -0.489849
vn -0.739883 -0.026195 -0.672225
vn -0.178908 -0.970837 -0.159586
vn -0.172845 -0.979970 -0.098915
vn -0.172845 -0.979970 -0.098915
vn -0.178908 -0.970837 -0.159586
vn -0.133840 -0.984070 -0.117018
vn -0.131283 -0.988355 -0.076942
vn -0.131283 -0.988355 -0.076942
vn -0.133840 -0.984070 -0.117018
vn -0.108107 -0.989885 -0.091868
vn -0.106952 -0.992190 -0.064197
vn -0.106952 -0.992190 -0.064197
vn -0.108107 -0.989885 -0.091868
vn -0.091251 -0.993112 -0.073500
vn -0.090536 -0.994351 -0.055405
vn -0.091251 -0.993112 -0.073500
vn -0.053677 -0.997112 -0.053724
vn -0.066243 -0.997017 -0.039613
vn -0.090536 -0.994351 -0.055405
vn -0.090536 -0.994351 -0.055405
vn -0.066243 -0.997017 -0.039613
vn -0.062299 -0.997551 -0.031777
vn -0.092887 -0.994479 -0.048818
vn -0.092887 -0.994479 -0.048818
vn -0.062299 -0.997551 -0.031777
vn -0.060675 -0.997849 -0.024822
vn -0.095474 -0.994604 -0.040582
vn -0.095474 -0.994604 -0.040582
vn -0.060675 -0.997849 -0.024822
vn -0.059929 -0.998041 -0.017960
vn -0.096940 -0.994821 -0.030550
vn -0.059929 -0.998041 -0.017960
vn -0.059379 -0.998236 -0.000117
vn -0.096141 -0.995368 -0.000204
vn -0.096940 -0.994821 -0.030550
vn -0.096940 -0.994821 -0.030550
vn -0.096141 -0.995368 -0.000204
vn -0.117243 -0.993103 -0.000246
vn -0.117493 -0.992409 -0.036322
vn -0.117493 -0.992409 -0.036322
vn -0.117243 -0.993103 -0.000246
vn -0.146173 -0.989259 -0.000304
vn -0.146462 -0.988248 -0.043768
vn -0.146462 -0.988248 -0.043768
vn -0.146173 -0.989259 -0.000304
vn -0.190802 -0.981628 -0.000392
vn -0.192170 -0.979791 -0.055506
vn -0.146462 -0.988248 -0.043768
vn -0.192170 -0.979791 -0.055506
vn -0.186393 -0.979907 -0.070992
vn -0.141779 -0.988307 -0.056113
vn -0.141779 -0.988307 -0.056113
vn -0.186393 -0.979907 -0.070992
vn -0.179125 -0.980149 -0.084981
vn -0.136099 -0.988436 -0.066873
vn -0.179125 -0.980149 -0.084981
vn -0.172845 -0.979970 -0.098915
vn -0.131283 -0.988355 -0.076942
vn -0.136099 -0.988436 -0.066873
vn -0.136099 -0.988436 -0.066873
vn -0.131283 -0.988355 -0.076942
vn -0.106952 -0.992190 -0.064197
vn -0.110249 -0.992317 -0.056149
vn -0.106952 -0.992190 -0.064197
vn -0.090536 -0.994351 -0.055405
vn -0.092887 -0.994479 -0.048818
vn -0.110249 -0.992317 -0.056149
vn -0.110249 -0.992317 -0.056149
vn -0.092887 -0.994479 -0.048818
vn -0.095474 -0.994604 -0.040582
vn -0.114234 -0.992339 -0.047045
vn -0.095474 -0.994604 -0.040582
vn -0.096940 -0.994821 -0.030550
vn -0.117493 -0.992409 -0.036322
vn -0.114234 -0.992339 -0.047045
vn -0.114234 -0.992339 -0.047045
vn -0.117493 -0.992409 -0.036322
vn -0.146462 -0.988248 -0.043768
vn -0.141779 -0.988307 -0.056113
vn -0.141779 -0.988307 -0.056113
vn -0.136099 -0.988436 -0.066873
vn -0.110249 -0.992317 -0.056149
vn -0.114234 -0.992339 -0.047045
vn -0.015860 -0.998711 -0.048219
vn -0.000101 -0.998802 -0.048932
vn -0.000121 -0.999540 -0.030339
vn -0.016732 -0.999391 -0.030620
vn -0.016732 -0.999391 -0.030620
vn -0.000121 -0.999540 -0.030339
vn -0.000120 -0.999690 -0.024885
vn -0.016418 -0.999546 -0.025265
vn -0.016418 -0.999546 -0.025265
vn -0.000120 -0.999690 -0.024885
vn -0.000116 -0.999802 -0.019910
vn -0.015968 -0.999666 -0.020319
vn -0.015968 -0.999666 -0.020319
vn -0.000116 -0.999802 -0.019910
vn -0.000113 -0.999886 -0.015130
vn -0.015522 -0.999760 -0.015460
vn -0.000113 -0.999886 -0.015130
vn -0.000108 -1.000000 -0.000110
vn -0.014965 -0.999888 -0.000115
vn -0.015522 -0.999760 -0.015460
vn -0.015522 -0.999760 -0.015460
vn -0.014965 -0.999888 -0.000115
vn -0.019701 -0.999806 -0.000121
vn -0.020356 -0.999667 -0.015886
vn -0.020356 -0.999667 -0.015886
vn -0.019701 -0.999806 -0.000121
vn -0.024666 -0.999696 -0.000126
vn -0.025302 -0.999546 -0.016339
vn -0.025302 -0.999546 -0.016339
vn -0.024666 -0.999696 -0.000126
vn -0.030154 -0.999545 -0.000130
vn -0.030631 -0.999391 -0.016688
vn -0.030154 -0.999545 -0.000130
vn -0.049034 -0.998797 -0.000105
vn -0.048053 -0.998720 -0.015814
vn -0.030631 -0.999391 -0.016688
vn -0.030631 -0.999391 -0.016688
vn -0.048053 -0.998720 -0.015814
vn -0.047053 -0.998663 -0.021421
vn -0.031163 -0.999270 -0.022089
vn -0.031163 -0.999270 -0.022089
vn -0.047053 -0.998663 -0.021421
vn -0.045679 -0.998600 -0.026671
vn -0.031754 -0.999127 -0.027160
vn -0.031754 -0.999127 -0.027160
vn -0.045679 -0.998600 -0.026671
vn -0.043236 -0.998562 -0.031690
vn -0.032187 -0.998964 -0.032176
vn -0.043236 -0.998562 -0.031690
vn -0.053677 -0.997112 -0.053724
vn -0.031528 -0.998556 -0.043488
vn -0.032187 -0.998964 -0.032176
vn -0.032187 -0.998964 -0.032176
vn -0.031528 -0.998556 -0.043488
vn -0.026501 -0.998583 -0.046139
vn -0.027191 -0.999126 -0.031733
vn -0.027191 -0.999126 -0.031733
vn -0.026501 -0.998583 -0.046139
vn -0.021383 -0.998644 -0.047464
vn -0.022117 -0.999270 -0.031139
vn -0.022117 -0.999270 -0.031139
vn -0.021383 -0.998644 -0.047464
vn -0.015860 -0.998711 -0.048219
vn -0.016732 -0.999391 -0.030620
vn -0.022117 -0.999270 -0.031139
vn -0.016732 -0.999391 -0.030620
vn -0.016418 -0.999546 -0.025265
vn -0.021597 -0.999432 -0.025870
vn -0.021597 -0.999432 -0.025870
vn -0.016418 -0.999546 -0.025265
vn -0.015968 -0.999666 -0.020319
vn -0.020947 -0.999562 -0.020895
vn -0.015968 -0.999666 -0.020319
vn -0.015522 -0.999760 -0.015460
vn -0.020356 -0.999667 -0.015886
vn -0.020947 -0.999562 -0.020895
vn -0.020947 -0.999562 -0.020895
vn -0.020356 -0.999667 -0.015886
vn -0.025302 -0.999546 -0.016339
vn -0.025926 -0.999432 -0.021546
vn -0.025302 -0.999546 -0.016339
vn -0.030631 -0.999391 -0.016688
vn -0.031163 -0.999270 -0.022089
vn -0.025926 -0.999432 -0.021546
vn -0.025926 -0.999432 -0.021546
vn -0.031163 -0.999270 -0.022089
vn -0.031754 -0.999127 -0.027160
vn -0.026628 -0.999292 -0.026576
vn -0.031754 -0.999127 -0.027160
vn -0.032187 -0.998964 -0.032176
vn -0.027191 -0.999126 -0.031733
vn -0.026628 -0.999292 -0.026576
vn -0.026628 -0.999292 -0.026576
vn -0.027191 -0.999126 -0.031733
vn -0.022117 -0.999270 -0.031139
vn -0.021597 -0.999432 -0.025870
vn -0.021597 -0.999432 -0.025870
vn -0.020947 -0.999562 -0.020895
vn -0.025926 -0.999432 -0.021546
vn -0.026628 -0.999292 -0.026576
vn -0.000389 -0.981628 0.190805
vn -0.002008 -0.037702 0.999287
vn -0.267030 -0.036088 0.963012
vn -0.055290 -0.979804 0.192163
vn -0.055290 -0.979804 0.192163
vn -0.267030 -0.036088 0.963012
vn -0.342657 -0.037040 0.938730
vn -0.070915 -0.979931 0.186298
vn -0.070915 -0.979931 0.186298
vn -0.342657 -0.037040 0.938730
vn -0.415356 -0.038169 0.908858
vn -0.084965 -0.980189 0.178913
vn -0.084965 -0.980189 0.178913
vn -0.415356 -0.038169 0.908858
vn -0.487345 -0.038531 0.872359
vn -0.098951 -0.980004 0.172630
vn -0.487345 -0.038531 0.872359
vn -0.671734 -0.026299 0.740325
vn -0.159732 -0.970903 0.178416
vn -0.098951 -0.980004 0.172630
vn -0.098951 -0.980004 0.172630
vn -0.159732 -0.970903 0.178416
vn -0.118269 -0.983891 0.134056
vn -0.077005 -0.988367 0.131153
vn -0.077005 -0.988367 0.131153
vn -0.118269 -0.983891 0.134056
vn -0.093398 -0.989669 0.108773
vn -0.064199 -0.992206 0.106802
vn -0.064199 -0.992206 0.106802
vn -0.093398 -0.989669 0.108773
vn -0.074304 -0.993011 0.091691
vn -0.055384 -0.994360 0.090442
vn -0.074304 -0.993011 0.091691
vn -0.053992 -0.997087 0.053881
vn -0.039607 -0.997018 0.066228
vn -0.055384 -0.994360 0.090442
vn -0.055384 -0.994360 0.090442
vn -0.039607 -0.997018 0.066228
vn -0.031767 -0.997553 0.062279
vn -0.048737 -0.994501 0.092694
vn -0.048737 -0.994501 0.092694
vn -0.031767 -0.997553 0.062279
vn -0.024812 -0.997850 0.060655
vn -0.040469 -0.994632 0.095230
vn -0.040469 -0.994632 0.095230
vn -0.024812 -0.997850 0.060655
vn -0.017953 -0.998042 0.059915
vn -0.030439 -0.994843 0.096753
vn -0.017953 -0.998042 0.059915
vn -0.000117 -0.998235 0.059379
vn -0.000203 -0.995368 0.096141
vn -0.030439 -0.994843 0.096753
vn -0.030439 -0.994843 0.096753
vn -0.000203 -0.995368 0.096141
vn -0.000244 -0.993103 0.117242
vn -0.036103 -0.992449 0.117220
vn -0.036103 -0.992449 0.117220
vn -0.000244 -0.993103 0.117242
vn -0.000301 -0.989259 0.146173
vn -0.043516 -0.988284 0.146289
vn -0.043516 -0.988284 0.146289
vn -0.000301 -0.989259 0.146173
vn -0.000389 -0.981628 0.190805
vn -0.055290 -0.979804 0.192163
vn -0.043516 -0.988284 0.146289
vn -0.055290 -0.979804 0.192163
vn -0.070915 -0.979931 0.186298
vn -0.055985 -0.988348 0.141540
vn -0.055985 -0.988348 0.141540
vn -0.070915 -0.979931 0.186298
vn -0.084965 -0.980189 0.178913
vn -0.066844 -0.988468 0.135879
vn -0.084965 -0.980189 0.178913
vn -0.098951 -0.980004 0.172630
vn -0.077005 -0.988367 0.131153
vn -0.066844 -0.988468 0.135879
vn -0.066844 -0.988468 0.135879
vn -0.077005 -0.988367 0.131153
vn -0.064199 -0.992206 0.106802
vn -0.056049 -0.992355 0.109955
vn -0.064199 -0.992206 0.106802
vn -0.055384 -0.994360 0.090442
vn -0.048737 -0.994501 0.092694
vn -0.056049 -0.992355 0.109955
vn -0.056049 -0.992355 0.109955
vn -0.048737 -0.994501 0.092694
vn -0.040469 -0.994632 0.095230
vn -0.046871 -0.992389 0.113875
vn -0.040469 -0.994632 0.095230
vn -0.030439 -0.994843 0.096753
vn -0.036103 -0.992449 0.117220
vn -0.046871 -0.992389 0.113875
vn -0.046871 -0.992389 0.113875
vn -0.036103 -0.992449 0.117220
vn -0.043516 -0.988284 0.146289
vn -0.055985 -0.988348 0.141540
vn -0.055985 -0.988348 0.141540
vn -0.066844 -0.988468 0.135879
vn -0.056049 -0.992355 0.109955
vn -0.046871 -0.992389 0.113875
vn 0.000111 -0.999888 0.014995
vn 0.000108 -1.000000 0.000110
vn 0.014965 -0.999888 0.000109
vn 0.015591 -0.999768 0.014859
vn 0.015591 -0.999768 0.014859
vn 0.014965 -0.999888 0.000109
vn 0.019701 -0.999806 0.000115
vn 0.020557 -0.999671 0.015320
vn 0.020557 -0.999671 0.015320
vn 0.019701 -0.999806 0.000115
vn 0.024667 -0.999696 0.000122
vn 0.025603 -0.999545 0.015945
vn 0.025603 -0.999545 0.015945
vn 0.024667 -0.999696 0.000122
vn 0.030155 -0.999545 0.000128
vn 0.030879 -0.999387 0.016519
vn 0.030155 -0.999545 0.000128
vn 0.049034 -0.998797 0.000105
vn 0.048097 -0.998718 0.015798
vn 0.030879 -0.999387 0.016519
vn 0.030879 -0.999387 0.016519
vn 0.048097 -0.998718 0.015798
vn 0.047140 -0.998659 0.021402
vn 0.031620 -0.999259 0.021928
vn 0.031620 -0.999259 0.021928
vn 0.047140 -0.998659 0.021402
vn 0.045815 -0.998594 0.026652
vn 0.032378 -0.999110 0.027016
vn 0.032378 -0.999110 0.027016
vn 0.045815 -0.998594 0.026652
vn 0.043425 -0.998554 0.031679
vn 0.033005 -0.998943 0.031980
vn 0.043425 -0.998554 0.031679
vn 0.053881 -0.997087 0.053992
vn 0.032237 -0.998520 0.043808
vn 0.033005 -0.998943 0.031980
vn 0.033005 -0.998943 0.031980
vn 0.032237 -0.998520 0.043808
vn 0.027498 -0.998535 0.046606
vn 0.028350 -0.999112 0.031180
vn 0.028350 -0.999112 0.031180
vn 0.027498 -0.998535 0.046606
vn 0.022056 -0.998610 0.047871
vn 0.022932 -0.999276 0.030344
vn 0.022932 -0.999276 0.030344
vn 0.022056 -0.998610 0.047871
vn 0.016159 -0.998693 0.048481
vn 0.017004 -0.999408 0.029896
vn 0.016159 -0.998693 0.048481
vn 0.000106 -0.998802 0.048944
vn 0.000115 -0.999545 0.030164
vn 0.017004 -0.999408 0.029896
vn 0.017004 -0.999408 0.029896
vn 0.000115 -0.999545 0.030164
vn 0.000113 -0.999695 0.024682
vn 0.016684 -0.999558 0.024609
vn 0.016684 -0.999558 0.024609
vn 0.000113 -0.999695 0.024682
vn 0.000112 -0.999805 0.019723
vn 0.016129 -0.999677 0.019661
vn 0.016129 -0.999677 0.019661
vn 0.000112 -0.999805 0.019723
vn 0.000111 -0.999888 0.014995
vn 0.015591 -0.999768 0.014859
vn 0.016129 -0.999677 0.019661
vn 0.015591 -0.999768 0.014859
vn 0.020557 -0.999671 0.015320
vn 0.021360 -0.999566 0.020310
vn 0.021360 -0.999566 0.020310
vn 0.020557 -0.999671 0.015320
vn 0.025603 -0.999545 0.015945
vn 0.026514 -0.999425 0.021157
vn 0.025603 -0.999545 0.015945
vn 0.030879 -0.999387 0.016519
vn 0.031620 -0.999259 0.021928
vn 0.026514 -0.999425 0.021157
vn 0.026514 -0.999425 0.021157
vn 0.031620 -0.999259 0.021928
vn 0.032378 -0.999110 0.027016
vn 0.027477 -0.999279 0.026216
vn 0.032378 -0.999110 0.027016
vn 0.033005 -0.998943 0.031980
vn 0.028350 -0.999112 0.031180
vn 0.027477 -0.999279 0.026216
vn 0.027477 -0.999279 0.026216
vn 0.028350 -0.999112 0.031180
vn 0.022932 -0.999276 0.030344
vn 0.022223 -0.999433 0.025306
vn 0.022932 -0.999276 0.030344
vn 0.017004 -0.999408 0.029896
vn 0.016684 -0.999558 0.024609
vn 0.022223 -0.999433 0.025306
vn 0.022223 -0.999433 0.025306
vn 0.016684 -0.999558 0.024609
vn 0.016129 -0.999677 0.019661
vn 0.021360 -0.999566 0.020310
vn 0.021360 -0.999566 0.020310
vn 0.026514 -0.999425 0.021157
vn 0.027477 -0.999279 0.026216
vn 0.022223 -0.999433 0.025306
vn 0.159383 -0.970995 0.178228
vn 0.671767 -0.025718 0.740316
vn 0.489741 -0.036233 0.871115
vn 0.096877 -0.980547 0.170713
vn 0.096877 -0.980547 0.170713
vn 0.489741 -0.036233 0.871115
vn 0.418411 -0.037221 0.907495
vn 0.081531 -0.981339 0.174144
vn 0.081531 -0.981339 0.174144
vn 0.418411 -0.037221 0.907495
vn 0.345815 -0.037448 0.937555
vn 0.067427 -0.981517 0.179105
vn 0.067427 -0.981517 0.179105
vn 0.345815 -0.037448 0.937555
vn 0.269685 -0.037284 0.962227
vn 0.052776 -0.981458 0.184268
vn 0.269685 -0.037284 0.962227
vn 0.002038 -0.037120 0.999309
vn 0.000406 -0.981558 0.191162
vn 0.052776 -0.981458 0.184268
vn 0.052776 -0.981458 0.184268
vn 0.000406 -0.981558 0.191162
vn 0.000327 -0.989235 0.146336
vn 0.041670 -0.989050 0.141576
vn 0.041670 -0.989050 0.141576
vn 0.000327 -0.989235 0.146336
vn 0.000275 -0.993094 0.117322
vn 0.034614 -0.992840 0.114328
vn 0.034614 -0.992840 0.114328
vn 0.000275 -0.993094 0.117322
vn 0.000232 -0.995364 0.096176
vn 0.029268 -0.995082 0.094635
vn 0.000232 -0.995364 0.096176
vn 0.000115 -0.998242 0.059270
vn 0.017733 -0.998013 0.060462
vn 0.029268 -0.995082 0.094635
vn 0.029268 -0.995082 0.094635
vn 0.017733 -0.998013 0.060462
vn 0.024524 -0.997792 0.061729
vn 0.038075 -0.994938 0.092995
vn 0.038075 -0.994938 0.092995
vn 0.024524 -0.997792 0.061729
vn 0.031445 -0.997482 0.063563
vn 0.045937 -0.994769 0.091236
vn 0.045937 -0.994769 0.091236
vn 0.031445 -0.997482 0.063563
vn 0.039452 -0.996965 0.067117
vn 0.053673 -0.994497 0.089968
vn 0.039452 -0.996965 0.067117
vn 0.053881 -0.997087 0.053992
vn 0.073952 -0.993039 0.091677
vn 0.053673 -0.994497 0.089968
vn 0.053673 -0.994497 0.089968
vn 0.073952 -0.993039 0.091677
vn 0.093028 -0.989712 0.108703
vn 0.062529 -0.992367 0.106290
vn 0.062529 -0.992367 0.106290
vn 0.093028 -0.989712 0.108703
vn 0.117915 -0.983949 0.133945
vn 0.075147 -0.988636 0.130198
vn 0.075147 -0.988636 0.130198
vn 0.117915 -0.983949 0.133945
vn 0.159383 -0.970995 0.178228
vn 0.096877 -0.980547 0.170713
vn 0.075147 -0.988636 0.130198
vn 0.096877 -0.980547 0.170713
vn 0.081531 -0.981339 0.174144
vn 0.063962 -0.988995 0.133408
vn 0.063962 -0.988995 0.133408
vn 0.081531 -0.981339 0.174144
vn 0.067427 -0.981517 0.179105
vn 0.053265 -0.989059 0.137570
vn 0.067427 -0.981517 0.179105
vn 0.052776 -0.981458 0.184268
vn 0.041670 -0.989050 0.141576
vn 0.053265 -0.989059 0.137570
vn 0.053265 -0.989059 0.137570
vn 0.041670 -0.989050 0.141576
vn 0.034614 -0.992840 0.114328
vn 0.044544 -0.992760 0.111551
vn 0.034614 -0.992840 0.114328
vn 0.029268 -0.995082 0.094635
vn 0.038075 -0.994938 0.092995
vn 0.044544 -0.992760 0.111551
vn 0.044544 -0.992760 0.111551
vn 0.038075 -0.994938 0.092995
vn 0.045937 -0.994769 0.091236
vn 0.053488 -0.992647 0.108583
vn 0.045937 -0.994769 0.091236
vn 0.053673 -0.994497 0.089968
vn 0.062529 -0.992367 0.106290
vn 0.053488 -0.992647 0.108583
vn 0.053488 -0.992647 0.108583
vn 0.062529 -0.992367 0.106290
vn 0.075147 -0.988636 0.130198
vn 0.063962 -0.988995 0.133408
vn 0.063962 -0.988995 0.133408
vn 0.053265 -0.989059 0.137570
vn 0.044544 -0.992760 0.111551
vn 0.053488 -0.992647 0.108583
vn -0.267434 0.036329 0.962891
vn -0.002035 0.037202 0.999306
vn -0.000387 0.981567 0.191119
vn -0.050708 0.981583 0.184182
vn -0.050708 0.981583 0.184182
vn -0.000387 0.981567 0.191119
vn -0.000312 0.989237 0.146318
vn -0.039855 0.989301 0.140336
vn -0.039855 0.989301 0.140336
vn -0.000312 0.989237 0.146318
vn -0.000266 0.993094 0.117321
vn -0.033391 0.993045 0.112903
vn -0.033391 0.993045 0.112903
vn -0.000266 0.993094 0.117321
vn -0.000229 0.995363 0.096193
vn -0.028722 0.995187 0.093695
vn -0.000229 0.995363 0.096193
vn -0.000114 0.998235 0.059397
vn -0.017721 0.998031 0.060167
vn -0.028722 0.995187 0.093695
vn -0.028722 0.995187 0.093695
vn -0.017721 0.998031 0.060167
vn -0.024210 0.997845 0.060988
vn -0.037180 0.995120 0.091401
vn -0.037180 0.995120 0.091401
vn -0.024210 0.997845 0.060988
vn -0.030746 0.997567 0.062568
vn -0.044706 0.995009 0.089209
vn -0.044706 0.995009 0.089209
vn -0.030746 0.997567 0.062568
vn -0.038617 0.997061 0.066165
vn -0.051819 0.994815 0.087505
vn -0.038617 0.997061 0.066165
vn -0.053369 0.997146 0.053395
vn -0.072534 0.993346 0.089460
vn -0.051819 0.994815 0.087505
vn -0.051819 0.994815 0.087505
vn -0.072534 0.993346 0.089460
vn -0.090606 0.990339 0.104969
vn -0.058987 0.993032 0.102018
vn -0.058987 0.993032 0.102018
vn -0.090606 0.990339 0.104969
vn -0.115676 0.984694 0.130369
vn -0.070928 0.989507 0.125879
vn -0.070928 0.989507 0.125879
vn -0.115676 0.984694 0.130369
vn -0.157831 0.971739 0.175535
vn -0.093520 0.981258 0.168481
vn -0.157831 0.971739 0.175535
vn -0.671496 0.027259 0.740507
vn -0.487620 0.034099 0.872390
vn -0.093520 0.981258 0.168481
vn -0.093520 0.981258 0.168481
vn -0.487620 0.034099 0.872390
vn -0.415646 0.035045 0.908851
vn -0.078678 0.981923 0.172153
vn -0.078678 0.981923 0.172153
vn -0.415646 0.035045 0.908851
vn -0.342985 0.035795 0.938659
vn -0.064996 0.981846 0.178198
vn -0.064996 0.981846 0.178198
vn -0.342985 0.035795 0.938659
vn -0.267434 0.036329 0.962891
vn -0.050708 0.981583 0.184182
vn -0.064996 0.981846 0.178198
vn -0.050708 0.981583 0.184182
vn -0.039855 0.989301 0.140336
vn -0.050926 0.989521 0.135109
vn -0.050926 0.989521 0.135109
vn -0.039855 0.989301 0.140336
vn -0.033391 0.993045 0.112903
vn -0.042792 0.993120 0.108999
vn -0.033391 0.993045 0.112903
vn -0.028722 0.995187 0.093695
vn -0.037180 0.995120 0.091401
vn -0.042792 0.993120 0.108999
vn -0.042792 0.993120 0.108999
vn -0.037180 0.995120 0.091401
vn -0.044706 0.995009 0.089209
vn -0.051214 0.993132 0.105199
vn -0.044706 0.995009 0.089209
vn -0.051819 0.994815 0.087505
vn -0.058987 0.993032 0.102018
vn -0.051214 0.993132 0.105199
vn -0.051214 0.993132 0.105199
vn -0.058987 0.993032 0.102018
vn -0.070928 0.989507 0.125879
vn -0.061080 0.989646 0.129887
vn -0.070928 0.989507 0.125879
vn -0.093520 0.981258 0.168481
vn -0.078678 0.981923 0.172153
vn -0.061080 0.989646 0.129887
vn -0.061080 0.989646 0.129887
vn -0.078678 0.981923 0.172153
vn -0.064996 0.981846 0.178198
vn -0.050926 0.989521 0.135109
vn -0.050926 0.989521 0.135109
vn -0.042792 0.993120 0.108999
vn -0.051214 0.993132 0.105199
vn -0.061080 0.989646 0.129887
vn -0.060226 0.998028 0.017721
vn -0.059394 0.998235 0.000111
vn -0.095593 0.995420 0.000214
vn -0.094629 0.995082 0.029277
vn -0.094629 0.995082 0.029277
vn -0.095593 0.995420 0.000214
vn -0.116304 0.993214 0.000257
vn -0.114484 0.992817 0.034749
vn -0.114484 0.992817 0.034749
vn -0.116304 0.993214 0.000257
vn -0.144830 0.989456 0.000312
vn -0.141895 0.988994 0.041906
vn -0.141895 0.988994 0.041906
vn -0.144830 0.989456 0.000312
vn -0.189156 0.981947 0.000396
vn -0.185135 0.981273 0.053189
vn -0.189156 0.981947 0.000396
vn -0.999286 0.037738 0.002032
vn -0.962261 0.036951 0.269606
vn -0.185135 0.981273 0.053189
vn -0.185135 0.981273 0.053189
vn -0.962261 0.036951 0.269606
vn -0.937582 0.036937 0.345797
vn -0.180311 0.981259 0.067961
vn -0.180311 0.981259 0.067961
vn -0.937582 0.036937 0.345797
vn -0.907502 0.036656 0.418446
vn -0.175404 0.981059 0.082202
vn -0.175404 0.981059 0.082202
vn -0.907502 0.036656 0.418446
vn -0.871085 0.035818 0.489824
vn -0.171744 0.980309 0.097461
vn -0.871085 0.035818 0.489824
vn -0.739883 0.026251 0.672223
vn -0.179152 0.970772 0.159710
vn -0.171744 0.980309 0.097461
vn -0.171744 0.980309 0.097461
vn -0.179152 0.970772 0.159710
vn -0.133992 0.984050 0.117011
vn -0.130606 0.988567 0.075351
vn -0.130606 0.988567 0.075351
vn -0.133992 0.984050 0.117011
vn -0.108001 0.989925 0.091561
vn -0.106385 0.992358 0.062517
vn -0.106385 0.992358 0.062517
vn -0.108001 0.989925 0.091561
vn -0.090896 0.993185 0.072949
vn -0.089790 0.994521 0.053527
vn -0.090896 0.993185 0.072949
vn -0.053369 0.997146 0.053395
vn -0.066417 0.997034 0.038872
vn -0.089790 0.994521 0.053527
vn -0.089790 0.994521 0.053527
vn -0.066417 0.997034 0.038872
vn -0.062755 0.997551 0.030876
vn -0.091187 0.994774 0.045922
vn -0.091187 0.994774 0.045922
vn -0.062755 0.997551 0.030876
vn -0.061107 0.997837 0.024251
vn -0.092998 0.994938 0.038063
vn -0.092998 0.994938 0.038063
vn -0.061107 0.997837 0.024251
vn -0.060226 0.998028 0.017721
vn -0.094629 0.995082 0.029277
vn -0.092998 0.994938 0.038063
vn -0.094629 0.995082 0.029277
vn -0.114484 0.992817 0.034749
vn -0.111784 0.992728 0.044663
vn -0.111784 0.992728 0.044663
vn -0.114484 0.992817 0.034749
vn -0.141895 0.988994 0.041906
vn -0.138031 0.988982 0.053505
vn -0.141895 0.988994 0.041906
vn -0.185135 0.981273 0.053189
vn -0.180311 0.981259 0.067961
vn -0.138031 0.988982 0.053505
vn -0.138031 0.988982 0.053505
vn -0.180311 0.981259 0.067961
vn -0.175404 0.981059 0.082202
vn -0.133887 0.988910 0.064270
vn -0.175404 0.981059 0.082202
vn -0.171744 0.980309 0.097461
vn -0.130606 0.988567 0.075351
vn -0.133887 0.988910 0.064270
vn -0.133887 0.988910 0.064270
vn -0.130606 0.988567 0.075351
vn -0.106385 0.992358 0.062517
vn -0.108783 0.992618 0.053628
vn -0.106385 0.992358 0.062517
vn -0.089790 0.994521 0.053527
vn -0.091187 0.994774 0.045922
vn -0.108783 0.992618 0.053628
vn -0.108783 0.992618 0.053628
vn -0.091187 0.994774 0.045922
vn -0.092998 0.994938 0.038063
vn -0.111784 0.992728 0.044663
vn -0.111784 0.992728 0.044663
vn -0.138031 0.988982 0.053505
vn -0.133887 0.988910 0.064270
vn -0.108783 0.992618 0.053628
vn 0.190803 -0.981628 0.000389
vn 0.999287 -0.037702 0.002008
vn 0.963013 -0.036089 0.267029
vn 0.192164 -0.979804 0.055291
vn 0.192164 -0.979804 0.055291
vn 0.963013 -0.036089 0.267029
vn 0.938730 -0.037041 0.342656
vn 0.186297 -0.979931 0.070915
vn 0.186297 -0.979931 0.070915
vn 0.938730 -0.037041 0.342656
vn 0.908858 -0.038170 0.415355
vn 0.178912 -0.980190 0.084964
vn 0.178912 -0.980190 0.084964
vn 0.908858 -0.038170 0.415355
vn 0.872358 -0.038531 0.487347
vn 0.172632 -0.980003 0.098952
vn 0.872358 -0.038531 0.487347
vn 0.740325 -0.026299 0.671734
vn 0.178417 -0.970903 0.159733
vn 0.172632 -0.980003 0.098952
vn 0.172632 -0.980003 0.098952
vn 0.178417 -0.970903 0.159733
vn 0.134056 -0.983891 0.118269
vn 0.131153 -0.988367 0.077006
vn 0.131153 -0.988367 0.077006
vn 0.134056 -0.983891 0.118269
vn 0.108773 -0.989669 0.093398
vn 0.106801 -0.992206 0.064199
vn 0.106801 -0.992206 0.064199
vn 0.108773 -0.989669 0.093398
vn 0.091691 -0.993011 0.074304
vn 0.090442 -0.994360 0.055384
vn 0.091691 -0.993011 0.074304
vn 0.053881 -0.997087 0.053992
vn 0.066228 -0.997018 0.039607
vn 0.090442 -0.994360 0.055384
vn 0.090442 -0.994360 0.055384
vn 0.066228 -0.997018 0.039607
vn 0.062279 -0.997553 0.031767
vn 0.092693 -0.994501 0.048737
vn 0.092693 -0.994501 0.048737
vn 0.062279 -0.997553 0.031767
vn 0.060655 -0.997850 0.024812
vn 0.095230 -0.994632 0.040468
vn 0.095230 -0.994632 0.040468
vn 0.060655 -0.997850 0.024812
vn 0.059915 -0.998042 0.017953
vn 0.096752 -0.994843 0.030439
vn 0.059915 -0.998042 0.017953
vn 0.059379 -0.998236 0.000117
vn 0.096140 -0.995368 0.000203
vn 0.096752 -0.994843 0.030439
vn 0.096752 -0.994843 0.030439
vn 0.096140 -0.995368 0.000203
vn 0.117242 -0.993103 0.000244
vn 0.117220 -0.992449 0.036103
vn 0.117220 -0.992449 0.036103
vn 0.117242 -0.993103 0.000244
vn 0.146172 -0.989259 0.000301
vn 0.146291 -0.988284 0.043517
vn 0.146291 -0.988284 0.043517
vn 0.146172 -0.989259 0.000301
vn 0.190803 -0.981628 0.000389
vn 0.192164 -0.979804 0.055291
vn 0.146291 -0.988284 0.043517
vn 0.192164 -0.979804 0.055291
vn 0.186297 -0.979931 0.070915
vn 0.141541 -0.988348 0.055985
vn 0.141541 -0.988348 0.055985
vn 0.186297 -0.979931 0.070915
vn 0.178912 -0.980190 0.084964
vn 0.135879 -0.988468 0.066844
vn 0.178912 -0.980190 0.084964
vn 0.172632 -0.980003 0.098952
vn 0.131153 -0.988367 0.077006
vn 0.135879 -0.988468 0.066844
vn 0.135879 -0.988468 0.066844
vn 0.131153 -0.988367 0.077006
vn 0.106801 -0.992206 0.064199
vn 0.109955 -0.992355 0.056049
vn 0.106801 -0.992206 0.064199
vn 0.090442 -0.994360 0.055384
vn 0.092693 -0.994501 0.048737
vn 0.109955 -0.992355 0.056049
vn 0.109955 -0.992355 0.056049
vn 0.092693 -0.994501 0.048737
vn 0.095230 -0.994632 0.040468
vn 0.113875 -0.992389 0.046871
vn 0.095230 -0.994632 0.040468
vn 0.096752 -0.994843 0.030439
vn 0.117220 -0.992449 0.036103
vn 0.113875 -0.992389 0.046871
vn 0.113875 -0.992389 0.046871
vn 0.117220 -0.992449 0.036103
vn 0.146291 -0.988284 0.043517
vn 0.141541 -0.988348 0.055985
vn 0.141541 -0.988348 0.055985
vn 0.135879 -0.988468 0.066844
vn 0.109955 -0.992355 0.056049
vn 0.113875 -0.992389 0.046871
vn 0.014995 -0.999888 -0.000111
vn 0.000110 -1.000000 -0.000110
vn 0.000106 -0.999886 -0.015125
vn 0.014858 -0.999768 -0.015590
vn 0.014858 -0.999768 -0.015590
vn 0.000106 -0.999886 -0.015125
vn 0.000109 -0.999802 -0.019909
vn 0.015319 -0.999671 -0.020556
vn 0.015319 -0.999671 -0.020556
vn 0.000109 -0.999802 -0.019909
vn 0.000113 -0.999690 -0.024888
vn 0.015943 -0.999545 -0.025602
vn 0.015943 -0.999545 -0.025602
vn 0.000113 -0.999690 -0.024888
vn 0.000118 -0.999539 -0.030346
vn 0.016516 -0.999387 -0.030878
vn 0.000118 -0.999539 -0.030346
vn 0.000103 -0.998799 -0.048994
vn 0.015797 -0.998718 -0.048097
vn 0.016516 -0.999387 -0.030878
vn 0.016516 -0.999387 -0.030878
vn 0.015797 -0.998718 -0.048097
vn 0.021403 -0.998659 -0.047141
vn 0.021928 -0.999259 -0.031619
vn 0.021928 -0.999259 -0.031619
vn 0.021403 -0.998659 -0.047141
vn 0.026652 -0.998594 -0.045815
vn 0.027017 -0.999110 -0.032378
vn 0.027017 -0.999110 -0.032378
vn 0.026652 -0.998594 -0.045815
vn 0.031678 -0.998554 -0.043424
vn 0.031980 -0.998943 -0.033005
vn 0.031678 -0.998554 -0.043424
vn 0.053832 -0.997098 -0.053834
vn 0.043807 -0.998520 -0.032238
vn 0.031980 -0.998943 -0.033005
vn 0.031980 -0.998943 -0.033005
vn 0.043807 -0.998520 -0.032238
vn 0.046605 -0.998535 -0.027498
vn 0.031180 -0.999112 -0.028350
vn 0.031180 -0.999112 -0.028350
vn 0.046605 -0.998535 -0.027498
vn 0.047871 -0.998610 -0.022056
vn 0.030344 -0.999276 -0.022932
vn 0.030344 -0.999276 -0.022932
vn 0.047871 -0.998610 -0.022056
vn 0.048480 -0.998693 -0.016159
vn 0.029895 -0.999408 -0.017004
vn 0.048480 -0.998693 -0.016159
vn 0.048944 -0.998802 -0.000106
vn 0.030164 -0.999545 -0.000115
vn 0.029895 -0.999408 -0.017004
vn 0.029895 -0.999408 -0.017004
vn 0.030164 -0.999545 -0.000115
vn 0.024683 -0.999695 -0.000113
vn 0.024610 -0.999558 -0.016683
vn 0.024610 -0.999558 -0.016683
vn 0.024683 -0.999695 -0.000113
vn 0.019723 -0.999805 -0.000112
vn 0.019662 -0.999677 -0.016129
vn 0.019662 -0.999677 -0.016129
vn 0.019723 -0.999805 -0.000112
vn 0.014995 -0.999888 -0.000111
vn 0.014858 -0.999768 -0.015590
vn 0.019662 -0.999677 -0.016129
vn 0.014858 -0.999768 -0.015590
vn 0.015319 -0.999671 -0.020556
vn 0.020310 -0.999566 -0.021359
vn 0.020310 -0.999566 -0.021359
vn 0.015319 -0.999671 -0.020556
vn 0.015943 -0.999545 -0.025602
vn 0.021157 -0.999425 -0.026513
vn 0.015943 -0.999545 -0.025602
vn 0.016516 -0.999387 -0.030878
vn 0.021928 -0.999259 -0.031619
vn 0.021157 -0.999425 -0.026513
vn 0.021157 -0.999425 -0.026513
vn 0.021928 -0.999259 -0.031619
vn 0.027017 -0.999110 -0.032378
vn 0.026217 -0.999279 -0.027477
vn 0.027017 -0.999110 -0.032378
vn 0.031980 -0.998943 -0.033005
vn 0.031180 -0.999112 -0.028350
vn 0.026217 -0.999279 -0.027477
vn 0.026217 -0.999279 -0.027477
vn 0.031180 -0.999112 -0.028350
vn 0.030344 -0.999276 -0.022932
vn 0.025307 -0.999433 -0.022222
vn 0.030344 -0.999276 -0.022932
vn 0.029895 -0.999408 -0.017004
vn 0.024610 -0.999558 -0.016683
vn 0.025307 -0.999433 -0.022222
vn 0.025307 -0.999433 -0.022222
vn 0.024610 -0.999558 -0.016683
vn 0.019662 -0.999677 -0.016129
vn 0.020310 -0.999566 -0.021359
vn 0.020310 -0.999566 -0.021359
vn 0.021157 -0.999425 -0.026513
vn 0.026217 -0.999279 -0.027477
vn 0.025307 -0.999433 -0.022222
vn 0.066825 -0.996992 -0.039268
vn 0.053832 -0.997098 -0.053834
vn 0.089680 -0.993300 -0.072881
vn 0.087763 -0.994781 -0.052041
vn 0.087763 -0.994781 -0.052041
vn 0.089680 -0.993300 -0.072881
vn 0.104826 -0.990353 -0.090627
vn 0.102011 -0.993034 -0.058966
vn 0.102011 -0.993034 -0.058966
vn 0.104826 -0.990353 -0.090627
vn 0.129964 -0.984780 -0.115398
vn 0.125690 -0.989548 -0.070694
vn 0.125690 -0.989548 -0.070694
vn 0.129964 -0.984780 -0.115398
vn 0.175094 -0.971883 -0.157432
vn 0.168125 -0.981355 -0.093150
vn 0.175094 -0.971883 -0.157432
vn 0.740507 -0.027264 -0.671495
vn 0.872386 -0.034276 -0.487614
vn 0.168125 -0.981355 -0.093150
vn 0.168125 -0.981355 -0.093150
vn 0.872386 -0.034276 -0.487614
vn 0.908843 -0.035381 -0.415636
vn 0.171510 -0.982073 -0.078211
vn 0.171510 -0.982073 -0.078211
vn 0.908843 -0.035381 -0.415636
vn 0.938646 -0.036173 -0.342979
vn 0.177411 -0.982012 -0.064629
vn 0.177411 -0.982012 -0.064629
vn 0.938646 -0.036173 -0.342979
vn 0.962881 -0.036617 -0.267432
vn 0.183493 -0.981722 -0.050512
vn 0.962881 -0.036617 -0.267432
vn 0.999309 -0.037108 -0.002035
vn 0.191161 -0.981559 -0.000386
vn 0.183493 -0.981722 -0.050512
vn 0.183493 -0.981722 -0.050512
vn 0.191161 -0.981559 -0.000386
vn 0.146332 -0.989236 -0.000311
vn 0.140231 -0.989318 -0.039806
vn 0.140231 -0.989318 -0.039806
vn 0.146332 -0.989236 -0.000311
vn 0.117316 -0.993095 -0.000265
vn 0.113003 -0.993034 -0.033388
vn 0.113003 -0.993034 -0.033388
vn 0.117316 -0.993095 -0.000265
vn 0.096172 -0.995365 -0.000228
vn 0.093882 -0.995168 -0.028741
vn 0.096172 -0.995365 -0.000228
vn 0.059269 -0.998242 -0.000115
vn 0.060407 -0.998017 -0.017699
vn 0.093882 -0.995168 -0.028741
vn 0.093882 -0.995168 -0.028741
vn 0.060407 -0.998017 -0.017699
vn 0.061615 -0.997800 -0.024458
vn 0.091664 -0.995093 -0.037256
vn 0.091664 -0.995093 -0.037256
vn 0.061615 -0.997800 -0.024458
vn 0.063373 -0.997498 -0.031328
vn 0.089493 -0.994978 -0.044821
vn 0.089493 -0.994978 -0.044821
vn 0.063373 -0.997498 -0.031328
vn 0.066825 -0.996992 -0.039268
vn 0.087763 -0.994781 -0.052041
vn 0.089493 -0.994978 -0.044821
vn 0.087763 -0.994781 -0.052041
vn 0.102011 -0.993034 -0.058966
vn 0.105278 -0.993126 -0.051157
vn 0.105278 -0.993126 -0.051157
vn 0.102011 -0.993034 -0.058966
vn 0.125690 -0.989548 -0.070694
vn 0.129740 -0.989679 -0.060847
vn 0.125690 -0.989548 -0.070694
vn 0.168125 -0.981355 -0.093150
vn 0.171510 -0.982073 -0.078211
vn 0.129740 -0.989679 -0.060847
vn 0.129740 -0.989679 -0.060847
vn 0.171510 -0.982073 -0.078211
vn 0.177411 -0.982012 -0.064629
vn 0.134980 -0.989545 -0.050798
vn 0.177411 -0.982012 -0.064629
vn 0.183493 -0.981722 -0.050512
vn 0.140231 -0.989318 -0.039806
vn 0.134980 -0.989545 -0.050798
vn 0.134980 -0.989545 -0.050798
vn 0.140231 -0.989318 -0.039806
vn 0.113003 -0.993034 -0.033388
vn 0.109116 -0.993108 -0.042784
vn 0.113003 -0.993034 -0.033388
vn 0.093882 -0.995168 -0.028741
vn 0.091664 -0.995093 -0.037256
vn 0.109116 -0.993108 -0.042784
vn 0.109116 -0.993108 -0.042784
vn 0.091664 -0.995093 -0.037256
vn 0.089493 -0.994978 -0.044821
vn 0.105278 -0.993126 -0.051157
vn 0.105278 -0.993126 -0.051157
vn 0.129740 -0.989679 -0.060847
vn 0.134980 -0.989545 -0.050798
vn 0.109116 -0.993108 -0.042784
vn 0.962891 0.036327 0.267433
vn 0.999306 0.037202 0.002035
vn 0.191118 0.981567 0.000387
vn 0.184213 0.981578 0.050707
vn 0.184213 0.981578 0.050707
vn 0.191118 0.981567 0.000387
vn 0.146317 0.989238 0.000312
vn 0.140357 0.989299 0.039846
vn 0.140357 0.989299 0.039846
vn 0.146317 0.989238 0.000312
vn 0.117322 0.993094 0.000266
vn 0.112921 0.993043 0.033375
vn 0.112921 0.993043 0.033375
vn 0.117322 0.993094 0.000266
vn 0.096195 0.995362 0.000229
vn 0.093715 0.995185 0.028699
vn 0.096195 0.995362 0.000229
vn 0.059397 0.998235 0.000114
vn 0.060167 0.998031 0.017697
vn 0.093715 0.995185 0.028699
vn 0.093715 0.995185 0.028699
vn 0.060167 0.998031 0.017697
vn 0.060996 0.997845 0.024193
vn 0.091451 0.995115 0.037181
vn 0.091451 0.995115 0.037181
vn 0.060996 0.997845 0.024193
vn 0.062587 0.997565 0.030760
vn 0.089278 0.995001 0.044748
vn 0.089278 0.995001 0.044748
vn 0.062587 0.997565 0.030760
vn 0.066190 0.997057 0.038685
vn 0.087566 0.994805 0.051908
vn 0.066190 0.997057 0.038685
vn 0.053440 0.997142 0.053397
vn 0.089480 0.993334 0.072675
vn 0.087566 0.994805 0.051908
vn 0.087566 0.994805 0.051908
vn 0.089480 0.993334 0.072675
vn 0.104944 0.990335 0.090680
vn 0.102054 0.993025 0.059047
vn 0.102054 0.993025 0.059047
vn 0.104944 0.990335 0.090680
vn 0.130309 0.984701 0.115686
vn 0.125926 0.989497 0.070986
vn 0.125926 0.989497 0.070986
vn 0.130309 0.984701 0.115686
vn 0.175444 0.971765 0.157775
vn 0.168550 0.981241 0.093578
vn 0.175444 0.971765 0.157775
vn 0.740507 0.027254 0.671496
vn 0.872389 0.034081 0.487622
vn 0.168550 0.981241 0.093578
vn 0.168550 0.981241 0.093578
vn 0.872389 0.034081 0.487622
vn 0.908852 0.035027 0.415646
vn 0.172239 0.981905 0.078720
vn 0.172239 0.981905 0.078720
vn 0.908852 0.035027 0.415646
vn 0.938659 0.035784 0.342984
vn 0.178264 0.981833 0.065012
vn 0.178264 0.981833 0.065012
vn 0.938659 0.035784 0.342984
vn 0.962891 0.036327 0.267433
vn 0.184213 0.981578 0.050707
vn 0.178264 0.981833 0.065012
vn 0.184213 0.981578 0.050707
vn 0.140357 0.989299 0.039846
vn 0.135155 0.989514 0.050934
vn 0.135155 0.989514 0.050934
vn 0.140357 0.989299 0.039846
vn 0.112921 0.993043 0.033375
vn 0.109036 0.993116 0.042793
vn 0.112921 0.993043 0.033375
vn 0.093715 0.995185 0.028699
vn 0.091451 0.995115 0.037181
vn 0.109036 0.993116 0.042793
vn 0.109036 0.993116 0.042793
vn 0.091451 0.995115 0.037181
vn 0.089278 0.995001 0.044748
vn 0.105243 0.993125 0.051242
vn 0.089278 0.995001 0.044748
vn 0.087566 0.994805 0.051908
vn 0.102054 0.993025 0.059047
vn 0.105243 0.993125 0.051242
vn 0.105243 0.993125 0.051242
vn 0.102054 0.993025 0.059047
vn 0.125926 0.989497 0.070986
vn 0.129946 0.989636 0.061113
vn 0.125926 0.989497 0.070986
vn 0.168550 0.981241 0.093578
vn 0.172239 0.981905 0.078720
vn 0.129946 0.989636 0.061113
vn 0.129946 0.989636 0.061113
vn 0.172239 0.981905 0.078720
vn 0.178264 0.981833 0.065012
vn 0.135155 0.989514 0.050934
vn 0.135155 0.989514 0.050934
vn 0.109036 0.993116 0.042793
vn 0.105243 0.993125 0.051242
vn 0.129946 0.989636 0.061113
vn 0.073281 0.993148 0.091030
vn 0.053440 0.997142 0.053397
vn 0.039456 0.997038 0.066011
vn 0.055211 0.994379 0.090348
vn 0.055211 0.994379 0.090348
vn 0.039456 0.997038 0.066011
vn 0.031724 0.997562 0.062163
vn 0.048715 0.994496 0.092757
vn 0.048715 0.994496 0.092757
vn 0.031724 0.997562 0.062163
vn 0.024819 0.997853 0.060607
vn 0.040512 0.994616 0.095385
vn 0.040512 0.994616 0.095385
vn 0.024819 0.997853 0.060607
vn 0.017974 0.998042 0.059909
vn 0.030509 0.994827 0.096896
vn 0.017974 0.998042 0.059909
vn 0.000118 0.998232 0.059433
vn 0.000204 0.995367 0.096144
vn 0.030509 0.994827 0.096896
vn 0.030509 0.994827 0.096896
vn 0.000204 0.995367 0.096144
vn 0.000246 0.993104 0.117240
vn 0.036276 0.992413 0.117475
vn 0.036276 0.992413 0.117475
vn 0.000246 0.993104 0.117240
vn 0.000304 0.989259 0.146171
vn 0.043735 0.988246 0.146485
vn 0.043735 0.988246 0.146485
vn 0.000304 0.989259 0.146171
vn 0.000392 0.981626 0.190817
vn 0.055504 0.979776 0.192247
vn 0.000392 0.981626 0.190817
vn 0.002031 0.037688 0.999287
vn 0.269624 0.035103 0.962326
vn 0.055504 0.979776 0.192247
vn 0.055504 0.979776 0.192247
vn 0.269624 0.035103 0.962326
vn 0.345828 0.035095 0.937641
vn 0.071026 0.979875 0.186547
vn 0.071026 0.979875 0.186547
vn 0.345828 0.035095 0.937641
vn 0.418482 0.035298 0.907539
vn 0.085064 0.980100 0.179356
vn 0.085064 0.980100 0.179356
vn 0.418482 0.035298 0.907539
vn 0.489849 0.035197 0.871097
vn 0.099075 0.979893 0.173188
vn 0.489849 0.035197 0.871097
vn 0.672226 0.026204 0.739882
vn 0.159862 0.970740 0.179186
vn 0.099075 0.979893 0.173188
vn 0.099075 0.979893 0.173188
vn 0.159862 0.970740 0.179186
vn 0.117239 0.984014 0.134056
vn 0.076944 0.988336 0.131421
vn 0.076944 0.988336 0.131421
vn 0.117239 0.984014 0.134056
vn 0.091869 0.989884 0.108118
vn 0.064074 0.992202 0.106911
vn 0.064074 0.992202 0.106911
vn 0.091869 0.989884 0.108118
vn 0.073281 0.993148 0.091030
vn 0.055211 0.994379 0.090348
vn 0.064074 0.992202 0.106911
vn 0.055211 0.994379 0.090348
vn 0.048715 0.994496 0.092757
vn 0.056081 0.992325 0.110208
vn 0.056081 0.992325 0.110208
vn 0.048715 0.994496 0.092757
vn 0.040512 0.994616 0.095385
vn 0.046988 0.992346 0.114202
vn 0.040512 0.994616 0.095385
vn 0.030509 0.994827 0.096896
vn 0.036276 0.992413 0.117475
vn 0.046988 0.992346 0.114202
vn 0.046988 0.992346 0.114202
vn 0.036276 0.992413 0.117475
vn 0.043735 0.988246 0.146485
vn 0.056094 0.988300 0.141831
vn 0.043735 0.988246 0.146485
vn 0.055504 0.979776 0.192247
vn 0.071026 0.979875 0.186547
vn 0.056094 0.988300 0.141831
vn 0.056094 0.988300 0.141831
vn 0.071026 0.979875 0.186547
vn 0.085064 0.980100 0.179356
vn 0.066870 0.988425 0.136180
vn 0.085064 0.980100 0.179356
vn 0.099075 0.979893 0.173188
vn 0.076944 0.988336 0.131421
vn 0.066870 0.988425 0.136180
vn 0.066870 0.988425 0.136180
vn 0.076944 0.988336 0.131421
vn 0.064074 0.992202 0.106911
vn 0.056081 0.992325 0.110208
vn 0.056081 0.992325 0.110208
vn 0.046988 0.992346 0.114202
vn 0.056094 0.988300 0.141831
vn 0.066870 0.988425 0.136180
vn -0.015905 0.998710 0.048214
vn -0.000101 0.998802 0.048932
vn -0.000121 0.999540 0.030339
vn -0.016768 0.999388 0.030688
vn -0.016768 0.999388 0.030688
vn -0.000121 0.999540 0.030339
vn -0.000119 0.999690 0.024886
vn -0.016402 0.999544 0.025336
vn -0.016402 0.999544 0.025336
vn -0.000119 0.999690 0.024886
vn -0.000115 0.999802 0.019910
vn -0.015923 0.999666 0.020356
vn -0.015923 0.999666 0.020356
vn -0.000115 0.999802 0.019910
vn -0.000112 0.999886 0.015130
vn -0.015473 0.999761 0.015472
vn -0.000112 0.999886 0.015130
vn -0.000109 1.000000 0.000110
vn -0.014969 0.999888 0.000115
vn -0.015473 0.999761 0.015472
vn -0.015473 0.999761 0.015472
vn -0.014969 0.999888 0.000115
vn -0.019703 0.999806 0.000121
vn -0.020355 0.999666 0.015923
vn -0.020355 0.999666 0.015923
vn -0.019703 0.999806 0.000121
vn -0.024665 0.999696 0.000127
vn -0.025332 0.999545 0.016403
vn -0.025332 0.999545 0.016403
vn -0.024665 0.999696 0.000127
vn -0.030147 0.999546 0.000131
vn -0.030675 0.999389 0.016761
vn -0.030147 0.999546 0.000131
vn -0.048928 0.998802 0.000104
vn -0.048205 0.998711 0.015875
vn -0.030675 0.999389 0.016761
vn -0.030675 0.999389 0.016761
vn -0.048205 0.998711 0.015875
vn -0.047414 0.998646 0.021388
vn -0.031216 0.999267 0.022161
vn -0.031216 0.999267 0.022161
vn -0.047414 0.998646 0.021388
vn -0.046037 0.998589 0.026474
vn -0.031790 0.999124 0.027222
vn -0.031790 0.999124 0.027222
vn -0.046037 0.998589 0.026474
vn -0.043307 0.998566 0.031465
vn -0.032156 0.998964 0.032212
vn -0.043307 0.998566 0.031465
vn -0.053369 0.997146 0.053395
vn -0.031413 0.998564 0.043396
vn -0.032156 0.998964 0.032212
vn -0.032156 0.998964 0.032212
vn -0.031413 0.998564 0.043396
vn -0.026476 0.998586 0.046098
vn -0.027209 0.999123 0.031837
vn -0.027209 0.999123 0.031837
vn -0.026476 0.998586 0.046098
vn -0.021415 0.998644 0.047446
vn -0.022165 0.999266 0.031247
vn -0.022165 0.999266 0.031247
vn -0.021415 0.998644 0.047446
vn -0.015905 0.998710 0.048214
vn -0.016768 0.999388 0.030688
vn -0.022165 0.999266 0.031247
vn -0.016768 0.999388 0.030688
vn -0.016402 0.999544 0.025336
vn -0.021624 0.999429 0.025978
vn -0.021624 0.999429 0.025978
vn -0.016402 0.999544 0.025336
vn -0.015923 0.999666 0.020356
vn -0.020960 0.999561 0.020961
vn -0.015923 0.999666 0.020356
vn -0.015473 0.999761 0.015472
vn -0.020355 0.999666 0.015923
vn -0.020960 0.999561 0.020961
vn -0.020960 0.999561 0.020961
vn -0.020355 0.999666 0.015923
vn -0.025332 0.999545 0.016403
vn -0.025969 0.999429 0.021626
vn -0.025332 0.999545 0.016403
vn -0.030675 0.999389 0.016761
vn -0.031216 0.999267 0.022161
vn -0.025969 0.999429 0.021626
vn -0.025969 0.999429 0.021626
vn -0.031216 0.999267 0.022161
vn -0.031790 0.999124 0.027222
vn -0.026667 0.999288 0.026680
vn -0.031790 0.999124 0.027222
vn -0.032156 0.998964 0.032212
vn -0.027209 0.999123 0.031837
vn -0.026667 0.999288 0.026680
vn -0.026667 0.999288 0.026680
vn -0.027209 0.999123 0.031837
vn -0.022165 0.999266 0.031247
vn -0.021624 0.999429 0.025978
vn -0.021624 0.999429 0.025978
vn -0.020960 0.999561 0.020961
vn -0.025969 0.999429 0.021626
vn -0.026667 0.999288 0.026680
vn -0.014993 0.999888 -0.000110
vn -0.000110 1.000000 -0.000109
vn -0.000109 0.999888 -0.014969
vn -0.014866 0.999769 -0.015539
vn -0.014866 0.999769 -0.015539
vn -0.000109 0.999888 -0.014969
vn -0.000115 0.999806 -0.019703
vn -0.015347 0.999671 -0.020561
vn -0.015347 0.999671 -0.020561
vn -0.000115 0.999806 -0.019703
vn -0.000122 0.999696 -0.024666
vn -0.016000 0.999543 -0.025644
vn -0.016000 0.999543 -0.025644
vn -0.000122 0.999696 -0.024666
vn -0.000129 0.999545 -0.030149
vn -0.016590 0.999384 -0.030930
vn -0.000129 0.999545 -0.030149
vn -0.000103 0.998802 -0.048929
vn -0.015859 0.998709 -0.048251
vn -0.016590 0.999384 -0.030930
vn -0.016590 0.999384 -0.030930
vn -0.015859 0.998709 -0.048251
vn -0.021370 0.998643 -0.047501
vn -0.021999 0.999256 -0.031684
vn -0.021999 0.999256 -0.031684
vn -0.021370 0.998643 -0.047501
vn -0.026455 0.998583 -0.046170
vn -0.027076 0.999107 -0.032428
vn -0.027076 0.999107 -0.032428
vn -0.026455 0.998583 -0.046170
vn -0.031455 0.998559 -0.043489
vn -0.032011 0.998943 -0.032994
vn -0.031455 0.998559 -0.043489
vn -0.053665 0.997121 -0.053568
vn -0.043719 0.998527 -0.032149
vn -0.032011 0.998943 -0.032994
vn -0.032011 0.998943 -0.032994
vn -0.043719 0.998527 -0.032149
vn -0.046582 0.998535 -0.027535
vn -0.031258 0.999107 -0.028420
vn -0.031258 0.999107 -0.028420
vn -0.046582 0.998535 -0.027535
vn -0.047868 0.998609 -0.022123
vn -0.030412 0.999273 -0.023004
vn -0.030412 0.999273 -0.023004
vn -0.047868 0.998609 -0.022123
vn -0.048478 0.998693 -0.016187
vn -0.029938 0.999407 -0.017015
vn -0.048478 0.998693 -0.016187
vn -0.048899 0.998804 -0.000107
vn -0.030164 0.999545 -0.000114
vn -0.029938 0.999407 -0.017015
vn -0.029938 0.999407 -0.017015
vn -0.030164 0.999545 -0.000114
vn -0.024684 0.999695 -0.000113
vn -0.024672 0.999557 -0.016655
vn -0.024672 0.999557 -0.016655
vn -0.024684 0.999695 -0.000113
vn -0.019724 0.999805 -0.000111
vn -0.019693 0.999677 -0.016077
vn -0.019693 0.999677 -0.016077
vn -0.019724 0.999805 -0.000111
vn -0.014993 0.999888 -0.000110
vn -0.014866 0.999769 -0.015539
vn -0.019693 0.999677 -0.016077
vn -0.014866 0.999769 -0.015539
vn -0.015347 0.999671 -0.020561
vn -0.020366 0.999564 -0.021382
vn -0.020366 0.999564 -0.021382
vn -0.015347 0.999671 -0.020561
vn -0.016000 0.999543 -0.025644
vn -0.021230 0.999421 -0.026578
vn -0.016000 0.999543 -0.025644
vn -0.016590 0.999384 -0.030930
vn -0.021999 0.999256 -0.031684
vn -0.021230 0.999421 -0.026578
vn -0.021230 0.999421 -0.026578
vn -0.021999 0.999256 -0.031684
vn -0.027076 0.999107 -0.032428
vn -0.026312 0.999274 -0.027547
vn -0.027076 0.999107 -0.032428
vn -0.032011 0.998943 -0.032994
vn -0.031258 0.999107 -0.028420
vn -0.026312 0.999274 -0.027547
vn -0.026312 0.999274 -0.027547
vn -0.031258 0.999107 -0.028420
vn -0.030412 0.999273 -0.023004
vn -0.025402 0.999429 -0.022265
vn -0.030412 0.999273 -0.023004
vn -0.029938 0.999407 -0.017015
vn -0.024672 0.999557 -0.016655
vn -0.025402 0.999429 -0.022265
vn -0.025402 0.999429 -0.022265
vn -0.024672 0.999557 -0.016655
vn -0.019693 0.999677 -0.016077
vn -0.020366 0.999564 -0.021382
vn -0.020366 0.999564 -0.021382
vn -0.021230 0.999421 -0.026578
vn -0.026312 0.999274 -0.027547
vn -0.025402 0.999429 -0.022265
vn -0.178777 0.970818 -0.159850
vn -0.740316 0.025730 -0.671766
vn -0.871115 0.036241 -0.489740
vn -0.170964 0.980495 -0.096955
vn -0.170964 0.980495 -0.096955
vn -0.871115 0.036241 -0.489740
vn -0.907494 0.037238 -0.418412
vn -0.174247 0.981320 -0.081541
vn -0.174247 0.981320 -0.081541
vn -0.907494 0.037238 -0.418412
vn -0.937554 0.037464 -0.345816
vn -0.179145 0.981510 -0.067424
vn -0.179145 0.981510 -0.067424
vn -0.937554 0.037464 -0.345816
vn -0.962227 0.037290 -0.269683
vn -0.184285 0.981455 -0.052774
vn -0.962227 0.037290 -0.269683
vn -0.999290 0.037630 -0.002037
vn -0.189214 0.981936 -0.000392
vn -0.184285 0.981455 -0.052774
vn -0.184285 0.981455 -0.052774
vn -0.189214 0.981936 -0.000392
vn -0.144841 0.989455 -0.000308
vn -0.141583 0.989049 -0.041658
vn -0.141583 0.989049 -0.041658
vn -0.144841 0.989455 -0.000308
vn -0.116295 0.993215 -0.000254
vn -0.114312 0.992842 -0.034595
vn -0.114312 0.992842 -0.034595
vn -0.116295 0.993215 -0.000254
vn -0.095574 0.995422 -0.000212
vn -0.094588 0.995087 -0.029256
vn -0.095574 0.995422 -0.000212
vn -0.059319 0.998239 -0.000114
vn -0.060458 0.998013 -0.017747
vn -0.094588 0.995087 -0.029256
vn -0.094588 0.995087 -0.029256
vn -0.060458 0.998013 -0.017747
vn -0.061703 0.997792 -0.024559
vn -0.092881 0.994951 -0.038020
vn -0.092881 0.994951 -0.038020
vn -0.061703 0.997792 -0.024559
vn -0.063459 0.997490 -0.031426
vn -0.091053 0.994792 -0.045800
vn -0.091053 0.994792 -0.045800
vn -0.063459 0.997490 -0.031426
vn -0.066884 0.996988 -0.039263
vn -0.089722 0.994535 -0.053393
vn -0.066884 0.996988 -0.039263
vn -0.053665 0.997121 -0.053568
vn -0.091408 0.993093 -0.073554
vn -0.089722 0.994535 -0.053393
vn -0.089722 0.994535 -0.053393
vn -0.091408 0.993093 -0.073554
vn -0.108698 0.989727 -0.092872
vn -0.106222 0.992386 -0.062342
vn -0.106222 0.992386 -0.062342
vn -0.108698 0.989727 -0.092872
vn -0.134222 0.983893 -0.118066
vn -0.130288 0.988630 -0.075077
vn -0.130288 0.988630 -0.075077
vn -0.134222 0.983893 -0.118066
vn -0.178777 0.970818 -0.159850
vn -0.170964 0.980495 -0.096955
vn -0.130288 0.988630 -0.075077
vn -0.170964 0.980495 -0.096955
vn -0.174247 0.981320 -0.081541
vn -0.133433 0.988995 -0.063914
vn -0.133433 0.988995 -0.063914
vn -0.174247 0.981320 -0.081541
vn -0.179145 0.981510 -0.067424
vn -0.137579 0.989059 -0.053239
vn -0.179145 0.981510 -0.067424
vn -0.184285 0.981455 -0.052774
vn -0.141583 0.989049 -0.041658
vn -0.137579 0.989059 -0.053239
vn -0.137579 0.989059 -0.053239
vn -0.141583 0.989049 -0.041658
vn -0.114312 0.992842 -0.034595
vn -0.111510 0.992767 -0.044498
vn -0.114312 0.992842 -0.034595
vn -0.094588 0.995087 -0.029256
vn -0.092881 0.994951 -0.038020
vn -0.111510 0.992767 -0.044498
vn -0.111510 0.992767 -0.044498
vn -0.092881 0.994951 -0.038020
vn -0.091053 0.994792 -0.045800
vn -0.108519 0.992659 -0.053394
vn -0.091053 0.994792 -0.045800
vn -0.089722 0.994535 -0.053393
vn -0.106222 0.992386 -0.062342
vn -0.108519 0.992659 -0.053394
vn -0.108519 0.992659 -0.053394
vn -0.106222 0.992386 -0.062342
vn -0.130288 0.988630 -0.075077
vn -0.133433 0.988995 -0.063914
vn -0.133433 0.988995 -0.063914
vn -0.137579 0.989059 -0.053239
vn -0.111510 0.992767 -0.044498
vn -0.108519 0.992659 -0.053394
vn 0.048204 0.998711 0.015886
vn 0.048932 0.998802 0.000101
vn 0.030339 0.999540 0.000121
vn 0.030620 0.999390 0.016781
vn 0.030620 0.999390 0.016781
vn 0.030339 0.999540 0.000121
vn 0.024885 0.999690 0.000120
vn 0.025272 0.999545 0.016457
vn 0.025272 0.999545 0.016457
vn 0.024885 0.999690 0.000120
vn 0.019910 0.999802 0.000117
vn 0.020330 0.999665 0.015994
vn 0.020330 0.999665 0.015994
vn 0.019910 0.999802 0.000117
vn 0.015130 0.999886 0.000113
vn 0.015471 0.999760 0.015533
vn 0.015130 0.999886 0.000113
vn 0.000110 1.000000 0.000110
vn 0.000112 0.999886 0.015125
vn 0.015471 0.999760 0.015533
vn 0.015471 0.999760 0.015533
vn 0.000112 0.999886 0.015125
vn 0.000115 0.999802 0.019909
vn 0.015911 0.999666 0.020366
vn 0.015911 0.999666 0.020366
vn 0.000115 0.999802 0.019909
vn 0.000118 0.999690 0.024887
vn 0.016375 0.999546 0.025307
vn 0.016375 0.999546 0.025307
vn 0.000118 0.999690 0.024887
vn 0.000120 0.999539 0.030345
vn 0.016733 0.999391 0.030631
vn 0.000120 0.999539 0.030345
vn 0.000103 0.998799 0.048993
vn 0.015838 0.998720 0.048039
vn 0.016733 0.999391 0.030631
vn 0.016733 0.999391 0.030631
vn 0.015838 0.998720 0.048039
vn 0.021436 0.998664 0.047016
vn 0.022130 0.999269 0.031172
vn 0.022130 0.999269 0.031172
vn 0.021436 0.998664 0.047016
vn 0.026649 0.998604 0.045612
vn 0.027172 0.999126 0.031764
vn 0.027172 0.999126 0.031764
vn 0.026649 0.998604 0.045612
vn 0.031612 0.998570 0.043120
vn 0.032156 0.998965 0.032167
vn 0.031612 0.998570 0.043120
vn 0.053440 0.997142 0.053397
vn 0.043370 0.998564 0.031454
vn 0.032156 0.998965 0.032167
vn 0.032156 0.998965 0.032167
vn 0.043370 0.998564 0.031454
vn 0.046068 0.998587 0.026480
vn 0.031744 0.999126 0.027201
vn 0.031744 0.999126 0.027201
vn 0.046068 0.998587 0.026480
vn 0.047424 0.998646 0.021398
vn 0.031148 0.999269 0.022158
vn 0.031148 0.999269 0.022158
vn 0.047424 0.998646 0.021398
vn 0.048204 0.998711 0.015886
vn 0.030620 0.999390 0.016781
vn 0.031148 0.999269 0.022158
vn 0.030620 0.999390 0.016781
vn 0.025272 0.999545 0.016457
vn 0.025885 0.999431 0.021629
vn 0.025885 0.999431 0.021629
vn 0.025272 0.999545 0.016457
vn 0.020330 0.999665 0.015994
vn 0.020919 0.999561 0.020969
vn 0.020330 0.999665 0.015994
vn 0.015471 0.999760 0.015533
vn 0.015911 0.999666 0.020366
vn 0.020919 0.999561 0.020969
vn 0.020919 0.999561 0.020969
vn 0.015911 0.999666 0.020366
vn 0.016375 0.999546 0.025307
vn 0.021580 0.999431 0.025939
vn 0.016375 0.999546 0.025307
vn 0.016733 0.999391 0.030631
vn 0.022130 0.999269 0.031172
vn 0.021580 0.999431 0.025939
vn 0.021580 0.999431 0.025939
vn 0.022130 0.999269 0.031172
vn 0.027172 0.999126 0.031764
vn 0.026595 0.999291 0.026644
vn 0.027172 0.999126 0.031764
vn 0.032156 0.998965 0.032167
vn 0.031744 0.999126 0.027201
vn 0.026595 0.999291 0.026644
vn 0.026595 0.999291 0.026644
vn 0.031744 0.999126 0.027201
vn 0.031148 0.999269 0.022158
vn 0.025885 0.999431 0.021629
vn 0.025885 0.999431 0.021629
vn 0.020919 0.999561 0.020969
vn 0.021580 0.999431 0.025939
vn 0.026595 0.999291 0.026644
vn 0.190817 0.981626 -0.000389
vn 0.999287 0.037691 -0.002008
vn 0.963012 0.036091 -0.267029
vn 0.192263 0.979785 -0.055287
vn 0.192263 0.979785 -0.055287
vn 0.963012 0.036091 -0.267029
vn 0.938731 0.037036 -0.342656
vn 0.186532 0.979883 -0.070959
vn 0.186532 0.979883 -0.070959
vn 0.938731 0.037036 -0.342656
vn 0.908860 0.038146 -0.415353
vn 0.179303 0.980106 -0.085099
vn 0.179303 0.980106 -0.085099
vn 0.908860 0.038146 -0.415353
vn 0.872359 0.038495 -0.487347
vn 0.173197 0.979876 -0.099227
vn 0.872359 0.038495 -0.487347
vn 0.740325 0.026304 -0.671735
vn 0.179011 0.970702 -0.160290
vn 0.173197 0.979876 -0.099227
vn 0.173197 0.979876 -0.099227
vn 0.179011 0.970702 -0.160290
vn 0.134318 0.983825 -0.118519
vn 0.131411 0.988329 -0.077055
vn 0.131411 0.988329 -0.077055
vn 0.134318 0.983825 -0.118519
vn 0.108697 0.989682 -0.093350
vn 0.106791 0.992215 -0.064075
vn 0.106791 0.992215 -0.064075
vn 0.108697 0.989682 -0.093350
vn 0.091337 0.993062 -0.074065
vn 0.090223 0.994392 -0.055178
vn 0.091337 0.993062 -0.074065
vn 0.053458 0.997124 -0.053712
vn 0.065906 0.997046 -0.039432
vn 0.090223 0.994392 -0.055178
vn 0.090223 0.994392 -0.055178
vn 0.065906 0.997046 -0.039432
vn 0.062102 0.997567 -0.031682
vn 0.092559 0.994521 -0.048594
vn 0.092559 0.994521 -0.048594
vn 0.062102 0.997567 -0.031682
vn 0.060567 0.997856 -0.024780
vn 0.095123 0.994648 -0.040343
vn 0.095123 0.994648 -0.040343
vn 0.060567 0.997856 -0.024780
vn 0.059886 0.998044 -0.017956
vn 0.096690 0.994851 -0.030365
vn 0.059886 0.998044 -0.017956
vn 0.059433 0.998232 -0.000118
vn 0.096144 0.995367 -0.000202
vn 0.096690 0.994851 -0.030365
vn 0.096690 0.994851 -0.030365
vn 0.096144 0.995367 -0.000202
vn 0.117240 0.993104 -0.000244
vn 0.117218 0.992452 -0.036034
vn 0.117218 0.992452 -0.036034
vn 0.117240 0.993104 -0.000244
vn 0.146169 0.989260 -0.000301
vn 0.146339 0.988279 -0.043473
vn 0.146339 0.988279 -0.043473
vn 0.146169 0.989260 -0.000301
vn 0.190817 0.981626 -0.000389
vn 0.192263 0.979785 -0.055287
vn 0.146339 0.988279 -0.043473
vn 0.192263 0.979785 -0.055287
vn 0.186532 0.979883 -0.070959
vn 0.141652 0.988334 -0.055952
vn 0.141652 0.988334 -0.055952
vn 0.186532 0.979883 -0.070959
vn 0.179303 0.980106 -0.085099
vn 0.136057 0.988443 -0.066852
vn 0.179303 0.980106 -0.085099
vn 0.173197 0.979876 -0.099227
vn 0.131411 0.988329 -0.077055
vn 0.136057 0.988443 -0.066852
vn 0.136057 0.988443 -0.066852
vn 0.131411 0.988329 -0.077055
vn 0.106791 0.992215 -0.064075
vn 0.109958 0.992359 -0.055965
vn 0.106791 0.992215 -0.064075
vn 0.090223 0.994392 -0.055178
vn 0.092559 0.994521 -0.048594
vn 0.109958 0.992359 -0.055965
vn 0.109958 0.992359 -0.055965
vn 0.092559 0.994521 -0.048594
vn 0.095123 0.994648 -0.040343
vn 0.113876 0.992393 -0.046783
vn 0.095123 0.994648 -0.040343
vn 0.096690 0.994851 -0.030365
vn 0.117218 0.992452 -0.036034
vn 0.113876 0.992393 -0.046783
vn 0.113876 0.992393 -0.046783
vn 0.117218 0.992452 -0.036034
vn 0.146339 0.988279 -0.043473
vn 0.141652 0.988334 -0.055952
vn 0.141652 0.988334 -0.055952
vn 0.136057 0.988443 -0.066852
vn 0.109958 0.992359 -0.055965
vn 0.113876 0.992393 -0.046783
vn 0.043233 0.998565 -0.031605
vn 0.053458 0.997124 -0.053712
vn 0.032147 0.998527 -0.043709
vn 0.032973 0.998944 -0.031980
vn 0.032973 0.998944 -0.031980
vn 0.032147 0.998527 -0.043709
vn 0.027533 0.998536 -0.046566
vn 0.028407 0.999110 -0.031195
vn 0.028407 0.999110 -0.031195
vn 0.027533 0.998536 -0.046566
vn 0.022125 0.998609 -0.047852
vn 0.023008 0.999275 -0.030335
vn 0.023008 0.999275 -0.030335
vn 0.022125 0.998609 -0.047852
vn 0.016189 0.998694 -0.048466
vn 0.017043 0.999408 -0.029879
vn 0.016189 0.998694 -0.048466
vn 0.000107 0.998804 -0.048900
vn 0.000115 0.999545 -0.030164
vn 0.017043 0.999408 -0.029879
vn 0.017043 0.999408 -0.029879
vn 0.000115 0.999545 -0.030164
vn 0.000114 0.999695 -0.024684
vn 0.016717 0.999557 -0.024614
vn 0.016717 0.999557 -0.024614
vn 0.000114 0.999695 -0.024684
vn 0.000112 0.999805 -0.019724
vn 0.016150 0.999676 -0.019669
vn 0.016150 0.999676 -0.019669
vn 0.000112 0.999805 -0.019724
vn 0.000111 0.999888 -0.014993
vn 0.015599 0.999768 -0.014865
vn 0.000111 0.999888 -0.014993
vn 0.000110 1.000000 -0.000110
vn 0.015125 0.999886 -0.000106
vn 0.015599 0.999768 -0.014865
vn 0.015599 0.999768 -0.014865
vn 0.015125 0.999886 -0.000106
vn 0.019909 0.999802 -0.000109
vn 0.020572 0.999671 -0.015338
vn 0.020572 0.999671 -0.015338
vn 0.019909 0.999802 -0.000109
vn 0.024888 0.999690 -0.000113
vn 0.025618 0.999544 -0.015980
vn 0.025618 0.999544 -0.015980
vn 0.024888 0.999690 -0.000113
vn 0.030346 0.999539 -0.000118
vn 0.030881 0.999386 -0.016569
vn 0.030346 0.999539 -0.000118
vn 0.048994 0.998799 -0.000103
vn 0.048079 0.998718 -0.015822
vn 0.030881 0.999386 -0.016569
vn 0.030881 0.999386 -0.016569
vn 0.048079 0.998718 -0.015822
vn 0.047089 0.998661 -0.021408
vn 0.031629 0.999258 -0.021976
vn 0.031629 0.999258 -0.021976
vn 0.047089 0.998661 -0.021408
vn 0.045709 0.998600 -0.026618
vn 0.032384 0.999110 -0.027039
vn 0.032384 0.999110 -0.027039
vn 0.045709 0.998600 -0.026618
vn 0.043233 0.998565 -0.031605
vn 0.032973 0.998944 -0.031980
vn 0.032384 0.999110 -0.027039
vn 0.032973 0.998944 -0.031980
vn 0.028407 0.999110 -0.031195
vn 0.027522 0.999277 -0.026243
vn 0.027522 0.999277 -0.026243
vn 0.028407 0.999110 -0.031195
vn 0.023008 0.999275 -0.030335
vn 0.022277 0.999431 -0.025322
vn 0.023008 0.999275 -0.030335
vn 0.017043 0.999408 -0.029879
vn 0.016717 0.999557 -0.024614
vn 0.022277 0.999431 -0.025322
vn 0.022277 0.999431 -0.025322
vn 0.016717 0.999557 -0.024614
vn 0.016150 0.999676 -0.019669
vn 0.021394 0.999564 -0.020331
vn 0.016150 0.999676 -0.019669
vn 0.015599 0.999768 -0.014865
vn 0.020572 0.999671 -0.015338
vn 0.021394 0.999564 -0.020331
vn 0.021394 0.999564 -0.020331
vn 0.020572 0.999671 -0.015338
vn 0.025618 0.999544 -0.015980
vn 0.026547 0.999423 -0.021195
vn 0.025618 0.999544 -0.015980
vn 0.030881 0.999386 -0.016569
vn 0.031629 0.999258 -0.021976
vn 0.026547 0.999423 -0.021195
vn 0.026547 0.999423 -0.021195
vn 0.031629 0.999258 -0.021976
vn 0.032384 0.999110 -0.027039
vn 0.027522 0.999277 -0.026243
vn 0.027522 0.999277 -0.026243
vn 0.022277 0.999431 -0.025322
vn 0.021394 0.999564 -0.020331
vn 0.026547 0.999423 -0.021195
vn -0.017713 0.998028 -0.060213
vn -0.000111 0.998235 -0.059394
vn -0.000213 0.995421 -0.095592
vn -0.029172 0.995102 -0.094451
vn -0.029172 0.995102 -0.094451
vn -0.000213 0.995421 -0.095592
vn -0.000255 0.993214 -0.116301
vn -0.034539 0.992854 -0.114231
vn -0.034539 0.992854 -0.114231
vn -0.000255 0.993214 -0.116301
vn -0.000309 0.989456 -0.144830
vn -0.041665 0.989026 -0.141745
vn -0.041665 0.989026 -0.141745
vn -0.000309 0.989456 -0.144830
vn -0.000392 0.981947 -0.189158
vn -0.052979 0.981284 -0.185136
vn -0.000392 0.981947 -0.189158
vn -0.002009 0.037740 -0.999286
vn -0.267014 0.037947 -0.962945
vn -0.052979 0.981284 -0.185136
vn -0.052979 0.981284 -0.185136
vn -0.267014 0.037947 -0.962945
vn -0.342624 0.038893 -0.938667
vn -0.067886 0.981280 -0.180223
vn -0.067886 0.981280 -0.180223
vn -0.342624 0.038893 -0.938667
vn -0.415315 0.039527 -0.908818
vn -0.082188 0.981096 -0.175203
vn -0.082188 0.981096 -0.175203
vn -0.415315 0.039527 -0.908818
vn -0.487320 0.039142 -0.872346
vn -0.097498 0.980342 -0.171535
vn -0.487320 0.039142 -0.872346
vn -0.671732 0.026353 -0.740325
vn -0.159983 0.970784 -0.178838
vn -0.097498 0.980342 -0.171535
vn -0.097498 0.980342 -0.171535
vn -0.159983 0.970784 -0.178838
vn -0.118198 0.983879 -0.134207
vn -0.075417 0.988578 -0.130482
vn -0.075417 0.988578 -0.130482
vn -0.118198 0.983879 -0.134207
vn -0.093002 0.989723 -0.108620
vn -0.062524 0.992373 -0.106236
vn -0.062524 0.992373 -0.106236
vn -0.093002 0.989723 -0.108620
vn -0.073714 0.993091 -0.091305
vn -0.053508 0.994531 -0.089693
vn -0.073714 0.993091 -0.091305
vn -0.053665 0.997121 -0.053568
vn -0.038866 0.997036 -0.066400
vn -0.053508 0.994531 -0.089693
vn -0.053508 0.994531 -0.089693
vn -0.038866 0.997036 -0.066400
vn -0.030866 0.997553 -0.062731
vn -0.045847 0.994796 -0.090995
vn -0.045847 0.994796 -0.090995
vn -0.030866 0.997553 -0.062731
vn -0.024241 0.997838 -0.061085
vn -0.037958 0.994964 -0.092764
vn -0.037958 0.994964 -0.092764
vn -0.024241 0.997838 -0.061085
vn -0.017713 0.998028 -0.060213
vn -0.029172 0.995102 -0.094451
vn -0.037958 0.994964 -0.092764
vn -0.029172 0.995102 -0.094451
vn -0.034539 0.992854 -0.114231
vn -0.044501 0.992774 -0.111443
vn -0.044501 0.992774 -0.111443
vn -0.034539 0.992854 -0.114231
vn -0.041665 0.989026 -0.141745
vn -0.053383 0.989019 -0.137809
vn -0.041665 0.989026 -0.141745
vn -0.052979 0.981284 -0.185136
vn -0.067886 0.981280 -0.180223
vn -0.053383 0.989019 -0.137809
vn -0.053383 0.989019 -0.137809
vn -0.067886 0.981280 -0.180223
vn -0.082188 0.981096 -0.175203
vn -0.064246 0.988940 -0.133678
vn -0.082188 0.981096 -0.175203
vn -0.097498 0.980342 -0.171535
vn -0.075417 0.988578 -0.130482
vn -0.064246 0.988940 -0.133678
vn -0.064246 0.988940 -0.133678
vn -0.075417 0.988578 -0.130482
vn -0.062524 0.992373 -0.106236
vn -0.053538 0.992654 -0.108499
vn -0.062524 0.992373 -0.106236
vn -0.053508 0.994531 -0.089693
vn -0.045847 0.994796 -0.090995
vn -0.053538 0.992654 -0.108499
vn -0.053538 0.992654 -0.108499
vn -0.045847 0.994796 -0.090995
vn -0.037958 0.994964 -0.092764
vn -0.044501 0.992774 -0.111443
vn -0.044501 0.992774 -0.111443
vn -0.053383 0.989019 -0.137809
vn -0.064246 0.988940 -0.133678
vn -0.053538 0.992654 -0.108499
vn -0.267436 -0.036330 -0.962891
vn -0.002035 -0.037202 -0.999306
vn -0.000387 -0.981567 -0.191119
vn -0.050703 -0.981583 -0.184186
vn -0.050703 -0.981583 -0.184186
vn -0.000387 -0.981567 -0.191119
vn -0.000312 -0.989238 -0.146317
vn -0.039848 -0.989305 -0.140316
vn -0.039848 -0.989305 -0.140316
vn -0.000312 -0.989238 -0.146317
vn -0.000266 -0.993094 -0.117321
vn -0.033393 -0.993045 -0.112898
vn -0.033393 -0.993045 -0.112898
vn -0.000266 -0.993094 -0.117321
vn -0.000229 -0.995362 -0.096195
vn -0.028729 -0.995182 -0.093736
vn -0.000229 -0.995362 -0.096195
vn -0.000114 -0.998235 -0.059397
vn -0.017682 -0.998031 -0.060186
vn -0.028729 -0.995182 -0.093736
vn -0.028729 -0.995182 -0.093736
vn -0.017682 -0.998031 -0.060186
vn -0.024196 -0.997840 -0.061064
vn -0.037229 -0.995109 -0.091502
vn -0.037229 -0.995109 -0.091502
vn -0.024196 -0.997840 -0.061064
vn -0.030811 -0.997555 -0.062723
vn -0.044824 -0.994990 -0.089366
vn -0.044824 -0.994990 -0.089366
vn -0.030811 -0.997555 -0.062723
vn -0.038839 -0.997035 -0.066425
vn -0.052061 -0.994785 -0.087706
vn -0.038839 -0.997035 -0.066425
vn -0.053677 -0.997112 -0.053724
vn -0.072888 -0.993301 -0.089672
vn -0.052061 -0.994785 -0.087706
vn -0.052061 -0.994785 -0.087706
vn -0.072888 -0.993301 -0.089672
vn -0.090653 -0.990350 -0.104823
vn -0.059065 -0.993033 -0.101968
vn -0.059065 -0.993033 -0.101968
vn -0.090653 -0.990350 -0.104823
vn -0.115439 -0.984775 -0.129969
vn -0.070892 -0.989530 -0.125717
vn -0.070892 -0.989530 -0.125717
vn -0.115439 -0.984775 -0.129969
vn -0.157489 -0.971870 -0.175118
vn -0.093484 -0.981276 -0.168398
vn -0.157489 -0.971870 -0.175118
vn -0.671496 -0.027251 -0.740507
vn -0.487620 -0.034097 -0.872390
vn -0.093484 -0.981276 -0.168398
vn -0.093484 -0.981276 -0.168398
vn -0.487620 -0.034097 -0.872390
vn -0.415645 -0.035039 -0.908852
vn -0.078681 -0.981927 -0.172129
vn -0.078681 -0.981927 -0.172129
vn -0.415645 -0.035039 -0.908852
vn -0.342985 -0.035792 -0.938659
vn -0.064996 -0.981845 -0.178202
vn -0.064996 -0.981845 -0.178202
vn -0.342985 -0.035792 -0.938659
vn -0.267436 -0.036330 -0.962891
vn -0.050703 -0.981583 -0.184186
vn -0.064996 -0.981845 -0.178202
vn -0.050703 -0.981583 -0.184186
vn -0.039848 -0.989305 -0.140316
vn -0.050920 -0.989527 -0.135068
vn -0.050920 -0.989527 -0.135068
vn -0.039848 -0.989305 -0.140316
vn -0.033393 -0.993045 -0.112898
vn -0.042807 -0.993120 -0.108993
vn -0.033393 -0.993045 -0.112898
vn -0.028729 -0.995182 -0.093736
vn -0.037229 -0.995109 -0.091502
vn -0.042807 -0.993120 -0.108993
vn -0.042807 -0.993120 -0.108993
vn -0.037229 -0.995109 -0.091502
vn -0.044824 -0.994990 -0.089366
vn -0.051254 -0.993131 -0.105187
vn -0.044824 -0.994990 -0.089366
vn -0.052061 -0.994785 -0.087706
vn -0.059065 -0.993033 -0.101968
vn -0.051254 -0.993131 -0.105187
vn -0.051254 -0.993131 -0.105187
vn -0.059065 -0.993033 -0.101968
vn -0.070892 -0.989530 -0.125717
vn -0.061078 -0.989655 -0.129813
vn -0.070892 -0.989530 -0.125717
vn -0.093484 -0.981276 -0.168398
vn -0.078681 -0.981927 -0.172129
vn -0.061078 -0.989655 -0.129813
vn -0.061078 -0.989655 -0.129813
vn -0.078681 -0.981927 -0.172129
vn -0.064996 -0.981845 -0.178202
vn -0.050920 -0.989527 -0.135068
vn -0.050920 -0.989527 -0.135068
vn -0.042807 -0.993120 -0.108993
vn -0.051254 -0.993131 -0.105187
vn -0.061078 -0.989655 -0.129813
vn 0.159852 0.970817 -0.178779
vn 0.671767 0.025730 -0.740315
vn 0.489740 0.036240 -0.871115
vn 0.096955 0.980495 -0.170966
vn 0.096955 0.980495 -0.170966
vn 0.489740 0.036240 -0.871115
vn 0.418410 0.037237 -0.907495
vn 0.081541 0.981320 -0.174249
vn 0.081541 0.981320 -0.174249
vn 0.418410 0.037237 -0.907495
vn 0.345815 0.037464 -0.937555
vn 0.067424 0.981510 -0.179145
vn 0.067424 0.981510 -0.179145
vn 0.345815 0.037464 -0.937555
vn 0.269685 0.037290 -0.962226
vn 0.052775 0.981455 -0.184285
vn 0.269685 0.037290 -0.962226
vn 0.002038 0.037629 -0.999290
vn 0.000392 0.981936 -0.189214
vn 0.052775 0.981455 -0.184285
vn 0.052775 0.981455 -0.184285
vn 0.000392 0.981936 -0.189214
vn 0.000308 0.989455 -0.144842
vn 0.041658 0.989049 -0.141584
vn 0.041658 0.989049 -0.141584
vn 0.000308 0.989455 -0.144842
vn 0.000254 0.993215 -0.116294
vn 0.034595 0.992842 -0.114311
vn 0.034595 0.992842 -0.114311
vn 0.000254 0.993215 -0.116294
vn 0.000212 0.995422 -0.095574
vn 0.029256 0.995086 -0.094589
vn 0.000212 0.995422 -0.095574
vn 0.000114 0.998239 -0.059319
vn 0.017746 0.998013 -0.060458
vn 0.029256 0.995086 -0.094589
vn 0.029256 0.995086 -0.094589
vn 0.017746 0.998013 -0.060458
vn 0.024559 0.997792 -0.061703
vn 0.038020 0.994951 -0.092881
vn 0.038020 0.994951 -0.092881
vn 0.024559 0.997792 -0.061703
vn 0.031425 0.997490 -0.063459
vn 0.045800 0.994792 -0.091052
vn 0.045800 0.994792 -0.091052
vn 0.031425 0.997490 -0.063459
vn 0.039263 0.996988 -0.066884
vn 0.053393 0.994535 -0.089722
vn 0.039263 0.996988 -0.066884
vn 0.053458 0.997124 -0.053712
vn 0.073554 0.993093 -0.091407
vn 0.053393 0.994535 -0.089722
vn 0.053393 0.994535 -0.089722
vn 0.073554 0.993093 -0.091407
vn 0.092871 0.989727 -0.108697
vn 0.062342 0.992386 -0.106222
vn 0.062342 0.992386 -0.106222
vn 0.092871 0.989727 -0.108697
vn 0.118067 0.983893 -0.134222
vn 0.075077 0.988630 -0.130288
vn 0.075077 0.988630 -0.130288
vn 0.118067 0.983893 -0.134222
vn 0.159852 0.970817 -0.178779
vn 0.096955 0.980495 -0.170966
vn 0.075077 0.988630 -0.130288
vn 0.096955 0.980495 -0.170966
vn 0.081541 0.981320 -0.174249
vn 0.063914 0.988995 -0.133431
vn 0.063914 0.988995 -0.133431
vn 0.081541 0.981320 -0.174249
vn 0.067424 0.981510 -0.179145
vn 0.053239 0.989059 -0.137579
vn 0.067424 0.981510 -0.179145
vn 0.052775 0.981455 -0.184285
vn 0.041658 0.989049 -0.141584
vn 0.053239 0.989059 -0.137579
vn 0.053239 0.989059 -0.137579
vn 0.041658 0.989049 -0.141584
vn 0.034595 0.992842 -0.114311
vn 0.044499 0.992767 -0.111509
vn 0.034595 0.992842 -0.114311
vn 0.029256 0.995086 -0.094589
vn 0.038020 0.994951 -0.092881
vn 0.044499 0.992767 -0.111509
vn 0.044499 0.992767 -0.111509
vn 0.038020 0.994951 -0.092881
vn 0.045800 0.994792 -0.091052
vn 0.053394 0.992659 -0.108518
vn 0.045800 0.994792 -0.091052
vn 0.053393 0.994535 -0.089722
vn 0.062342 0.992386 -0.106222
vn 0.053394 0.992659 -0.108518
vn 0.053394 0.992659 -0.108518
vn 0.062342 0.992386 -0.106222
vn 0.075077 0.988630 -0.130288
vn 0.063914 0.988995 -0.133431
vn 0.063914 0.988995 -0.133431
vn 0.053239 0.989059 -0.137579
vn 0.044499 0.992767 -0.111509
vn 0.053394 0.992659 -0.108518
vn 0.073500 -0.993112 -0.091250
vn 0.053832 -0.997098 -0.053834
vn 0.039610 -0.997017 -0.066238
vn 0.055405 -0.994351 -0.090536
vn 0.055405 -0.994351 -0.090536
vn 0.039610 -0.997017 -0.066238
vn 0.031776 -0.997552 -0.062297
vn 0.048818 -0.994479 -0.092887
vn 0.048818 -0.994479 -0.092887
vn 0.031776 -0.997552 -0.062297
vn 0.024822 -0.997849 -0.060675
vn 0.040581 -0.994604 -0.095474
vn 0.040581 -0.994604 -0.095474
vn 0.024822 -0.997849 -0.060675
vn 0.017960 -0.998041 -0.059929
vn 0.030550 -0.994821 -0.096940
vn 0.017960 -0.998041 -0.059929
vn 0.000118 -0.998232 -0.059433
vn 0.000204 -0.995367 -0.096145
vn 0.030550 -0.994821 -0.096940
vn 0.030550 -0.994821 -0.096940
vn 0.000204 -0.995367 -0.096145
vn 0.000246 -0.993103 -0.117241
vn 0.036322 -0.992409 -0.117493
vn 0.036322 -0.992409 -0.117493
vn 0.000246 -0.993103 -0.117241
vn 0.000304 -0.989260 -0.146169
vn 0.043767 -0.988248 -0.146461
vn 0.043767 -0.988248 -0.146461
vn 0.000304 -0.989260 -0.146169
vn 0.000392 -0.981626 -0.190816
vn 0.055507 -0.979791 -0.192169
vn 0.000392 -0.981626 -0.190816
vn 0.002031 -0.037688 -0.999287
vn 0.269625 -0.035103 -0.962325
vn 0.055507 -0.979791 -0.192169
vn 0.055507 -0.979791 -0.192169
vn 0.269625 -0.035103 -0.962325
vn 0.345829 -0.035097 -0.937641
vn 0.070991 -0.979907 -0.186393
vn 0.070991 -0.979907 -0.186393
vn 0.345829 -0.035097 -0.937641
vn 0.418482 -0.035307 -0.907539
vn 0.084980 -0.980149 -0.179127
vn 0.084980 -0.980149 -0.179127
vn 0.418482 -0.035307 -0.907539
vn 0.489849 -0.035211 -0.871096
vn 0.098918 -0.979969 -0.172848
vn 0.489849 -0.035211 -0.871096
vn 0.672226 -0.026194 -0.739882
vn 0.159589 -0.970836 -0.178910
vn 0.098918 -0.979969 -0.172848
vn 0.098918 -0.979969 -0.172848
vn 0.159589 -0.970836 -0.178910
vn 0.117020 -0.984070 -0.133841
vn 0.076943 -0.988355 -0.131282
vn 0.076943 -0.988355 -0.131282
vn 0.117020 -0.984070 -0.133841
vn 0.091870 -0.989885 -0.108108
vn 0.064198 -0.992189 -0.106952
vn 0.064198 -0.992189 -0.106952
vn 0.091870 -0.989885 -0.108108
vn 0.073500 -0.993112 -0.091250
vn 0.055405 -0.994351 -0.090536
vn 0.064198 -0.992189 -0.106952
vn 0.055405 -0.994351 -0.090536
vn 0.048818 -0.994479 -0.092887
vn 0.056148 -0.992317 -0.110248
vn 0.056148 -0.992317 -0.110248
vn 0.048818 -0.994479 -0.092887
vn 0.040581 -0.994604 -0.095474
vn 0.047045 -0.992339 -0.114233
vn 0.040581 -0.994604 -0.095474
vn 0.030550 -0.994821 -0.096940
vn 0.036322 -0.992409 -0.117493
vn 0.047045 -0.992339 -0.114233
vn 0.047045 -0.992339 -0.114233
vn 0.036322 -0.992409 -0.117493
vn 0.043767 -0.988248 -0.146461
vn 0.056113 -0.988307 -0.141779
vn 0.043767 -0.988248 -0.146461
vn 0.055507 -0.979791 -0.192169
vn 0.070991 -0.979907 -0.186393
vn 0.056113 -0.988307 -0.141779
vn 0.056113 -0.988307 -0.141779
vn 0.070991 -0.979907 -0.186393
vn 0.084980 -0.980149 -0.179127
vn 0.066873 -0.988436 -0.136099
vn 0.084980 -0.980149 -0.179127
vn 0.098918 -0.979969 -0.172848
vn 0.076943 -0.988355 -0.131282
vn 0.066873 -0.988436 -0.136099
vn 0.066873 -0.988436 -0.136099
vn 0.076943 -0.988355 -0.131282
vn 0.064198 -0.992189 -0.106952
vn 0.056148 -0.992317 -0.110248
vn 0.056148 -0.992317 -0.110248
vn 0.047045 -0.992339 -0.114233
vn 0.056113 -0.988307 -0.141779
vn 0.066873 -0.988436 -0.136099
s off
g point_box start_box2:pCube2
usemtl initialShadingGroup
f 951/1046/947 950/1047/948 1059/1048/949 1058/1049/950
f 950/1047/951 949/1050/952 1060/1051/953 1059/1048/954
f 949/1050/955 948/1052/956 1061/1053/957 1060/1051/958
f 948/1054/959 947/1055/960 1062/1056/961 1061/1057/962
f 947/1055/963 966/1058/964 1063/1059/965 1062/1056/966
f 956/1060/967 955/1061/968 1034/1062/969
f 955/1061/970 954/1063/971 1035/1064/972 1034/1062/973
f 954/1063/974 953/1065/975 1036/1066/976 1035/1064/977
f 953/1065/978 952/1067/979 1037/1068/980 1036/1066/981
f 952/1067/982 951/1046/983 1038/1069/984 1037/1068/985
f 961/1070/986 960/1071/987 977/1072/988 976/1073/989
f 960/1071/990 959/1074/991 978/1075/992 977/1072/993
f 959/1074/994 958/1076/995 979/1077/996 978/1075/997
f 958/1078/998 957/1079/999 980/1080/1000 979/1081/1001
f 957/1079/1002 956/1060/1003 980/1080/1004
f 966/1058/1005 965/1082/1006 1011/1083/1007 1010/1084/1008
f 965/1082/1009 964/1085/1010 1012/1086/1011 1011/1083/1012
f 964/1085/1013 963/1087/1014 1013/1088/1015 1012/1086/1016
f 963/1087/1017 962/1089/1018 1014/1090/1019 1013/1088/1020
f 962/1089/1021 961/1070/1022 1015/1091/1023 1014/1090/1024
f 971/1092/1025 970/1093/1026 1108/1094/1027 1107/1095/1028
f 970/1093/1029 969/1096/1030 1109/1097/1031 1108/1094/1032
f 969/1096/1033 968/1098/1034 1110/1099/1035 1109/1097/1036
f 968/1098/1037 967/1100/1038 1111/1101/1039 1110/1099/1040
f 967/1100/1041 985/1102/1042 1112/1103/1043 1111/1101/1044
f 976/1073/1045 975/1104/1046 1001/1105/1047 1000/1106/1048
f 975/1104/1049 974/1107/1050 1002/1108/1051 1001/1105/1052
f 974/1107/1053 973/1109/1054 1003/1110/1055 1002/1108/1056
f 973/1111/1057 972/1112/1058 1004/1113/1059 1003/1114/1060
f 972/1112/1061 971/1092/1062 1005/1115/1063 1004/1113/1064
f 985/1102/1065 984/1116/1066 1030/1117/1067 1029/1118/1068
f 984/1116/1069 983/1119/1070 1031/1120/1071 1030/1117/1072
f 983/1119/1073 982/1121/1074 1032/1122/1075 1031/1120/1076
f 982/1121/1077 981/1123/1078 1033/1124/1079 1032/1122/1080
f 981/1123/1081 956/1060/1082 1033/1124/1083
f 990/1125/1084 989/1126/1085 1258/1127/1086 1276/1128/1087
f 989/1126/1088 988/1129/1089 1259/1130/1090 1258/1127/1091
f 988/1129/1092 987/1131/1093 1260/1132/1094 1259/1130/1095
f 987/1133/1096 986/1134/1097 1261/1135/1098 1260/1136/1099
f 986/1134/1100 1005/1115/1101 1262/1137/1102 1261/1135/1103
f 995/1138/1104 994/1139/1105 1363/1140/1106
f 994/1139/1107 993/1141/1108 1364/1142/1109 1363/1140/1110
f 993/1141/1111 992/1143/1112 1365/1144/1113 1364/1142/1114
f 992/1143/1115 991/1145/1116 1366/1146/1117 1365/1144/1118
f 991/1145/1119 990/1125/1120 1367/1147/1121 1366/1146/1122
f 1000/1106/1123 999/1148/1124 1016/1149/1125 1015/1091/1126
f 999/1148/1127 998/1150/1128 1017/1151/1129 1016/1149/1130
f 998/1150/1131 997/1152/1132 1018/1153/1133 1017/1151/1134
f 997/1154/1135 996/1155/1136 1019/1156/1137 1018/1157/1138
f 996/1155/1139 995/1138/1140 1019/1156/1141
f 1010/1084/1142 1009/1158/1143 1141/1159/1144 1160/1160/1145
f 1009/1158/1146 1008/1161/1147 1142/1162/1148 1141/1159/1149
f 1008/1161/1150 1007/1163/1151 1143/1164/1152 1142/1162/1153
f 1007/1163/1154 1006/1165/1155 1144/1166/1156 1143/1164/1157
f 1006/1165/1158 1024/1167/1159 1145/1168/1160 1144/1166/1161
f 1024/1167/1162 1023/1169/1163 1359/1170/1164 1358/1171/1165
f 1023/1169/1166 1022/1172/1167 1360/1173/1168 1359/1170/1169
f 1022/1172/1170 1021/1174/1171 1361/1175/1172 1360/1173/1173
f 1021/1174/1174 1020/1176/1175 1362/1177/1176 1361/1175/1177
f 1020/1176/1178 995/1138/1179 1362/1177/1180
f 1029/1118/1181 1028/1178/1182 1098/1179/1183 1097/1180/1184
f 1028/1178/1185 1027/1181/1186 1099/1182/1187 1098/1179/1188
f 1027/1181/1189 1026/1183/1190 1100/1184/1191 1099/1182/1192
f 1026/1183/1193 1025/1185/1194 1101/1186/1195 1100/1184/1196
f 1025/1185/1197 1043/1187/1198 1102/1188/1199 1101/1186/1200
f 1043/1187/1201 1042/1189/1202 1069/1190/1203 1068/1191/1204
f 1042/1189/1205 1041/1192/1206 1070/1193/1207 1069/1190/1208
f 1041/1192/1209 1040/1194/1210 1071/1195/1211 1070/1193/1212
f 1040/1194/1213 1039/1196/1214 1072/1197/1215 1071/1195/1216
f 1039/1196/1217 1038/1069/1218 1073/1198/1219 1072/1197/1220
f 1048/1199/1221 1047/1200/1222 1156/1201/1223 1155/1202/1224
f 1047/1200/1225 1046/1203/1226 1157/1204/1227 1156/1201/1228
f 1046/1203/1229 1045/1205/1230 1158/1206/1231 1157/1204/1232
f 1045/1205/1233 1044/1207/1234 1159/1208/1235 1158/1206/1236
f 1044/1207/1237 1063/1059/1238 1160/1160/1239 1159/1208/1240
f 1053/1209/1241 1052/1210/1242 1131/1211/1243
f 1052/1210/1244 1051/1212/1245 1132/1213/1246 1131/1211/1247
f 1051/1214/1248 1050/1215/1249 1133/1216/1250 1132/1217/1251
f 1050/1215/1252 1049/1218/1253 1134/1219/1254 1133/1216/1255
f 1049/1218/1256 1048/1199/1257 1135/1220/1258 1134/1219/1259
f 1058/1049/1260 1057/1221/1261 1074/1222/1262 1073/1198/1263
f 1057/1221/1264 1056/1223/1265 1075/1224/1266 1074/1222/1267
f 1056/1223/1268 1055/1225/1269 1076/1226/1270 1075/1224/1271
f 1055/1225/1272 1054/1227/1273 1077/1228/1274 1076/1226/1275
f 1054/1227/1276 1053/1209/1277 1077/1228/1278
f 1068/1191/1279 1067/1229/1280 1210/1230/1281 1209/1231/1282
f 1067/1229/1283 1066/1232/1284 1211/1233/1285 1210/1230/1286
f 1066/1232/1287 1065/1234/1288 1212/1235/1289 1211/1233/1290
f 1065/1234/1291 1064/1236/1292 1213/1237/1293 1212/1235/1294
f 1064/1236/1295 1082/1238/1296 1214/1239/1297 1213/1237/1298
f 1082/1238/1299 1081/1240/1300 1127/1241/1301 1126/1242/1302
f 1081/1240/1303 1080/1243/1304 1128/1244/1305 1127/1241/1306
f 1080/1243/1307 1079/1245/1308 1129/1246/1309 1128/1244/1310
f 1079/1245/1311 1078/1247/1312 1130/1248/1313 1129/1246/1314
f 1078/1247/1315 1053/1209/1316 1130/1248/1317
f 1087/1249/1318 1086/1250/1319 1205/1251/1320 1204/1252/1321
f 1086/1250/1322 1085/1253/1323 1206/1254/1324 1205/1251/1325
f 1085/1253/1326 1084/1255/1327 1207/1256/1328 1206/1254/1329
f 1084/1255/1330 1083/1257/1331 1208/1258/1332 1207/1256/1333
f 1083/1257/1334 1102/1188/1335 1209/1231/1336 1208/1258/1337
f 1092/1259/1338 1091/1260/1339 1233/1261/1340
f 1091/1260/1341 1090/1262/1342 1234/1263/1343 1233/1261/1344
f 1090/1262/1345 1089/1264/1346 1235/1265/1347 1234/1263/1348
f 1089/1264/1349 1088/1266/1350 1236/1267/1351 1235/1265/1352
f 1088/1266/1353 1087/1249/1354 1237/1268/1355 1236/1267/1356
f 1097/1180/1357 1096/1269/1358 1113/1270/1359 1112/1103/1360
f 1096/1269/1361 1095/1271/1362 1114/1272/1363 1113/1270/1364
f 1095/1271/1365 1094/1273/1366 1115/1274/1367 1114/1272/1368
f 1094/1273/1369 1093/1275/1370 1116/1276/1371 1115/1274/1372
f 1093/1275/1373 1092/1259/1374 1116/1276/1375
f 1107/1095/1376 1106/1277/1377 1263/1278/1378 1262/1137/1379
f 1106/1277/1380 1105/1279/1381 1264/1280/1382 1263/1278/1383
f 1105/1281/1384 1104/1282/1385 1265/1283/1386 1264/1284/1387
f 1104/1282/1388 1103/1285/1389 1266/1286/1390 1265/1283/1391
f 1103/1285/1392 1121/1287/1393 1267/1288/1394 1266/1286/1395
f 1121/1287/1396 1120/1289/1397 1229/1290/1398 1228/1291/1399
f 1120/1289/1400 1119/1292/1401 1230/1293/1402 1229/1290/1403
f 1119/1292/1404 1118/1294/1405 1231/1295/1406 1230/1293/1407
f 1118/1296/1408 1117/1297/1409 1232/1298/1410 1231/1299/1411
f 1117/1297/1412 1092/1259/1413 1232/1298/1414
f 1126/1242/1415 1125/1300/1416 1195/1301/1417 1194/1302/1418
f 1125/1300/1419 1124/1303/1420 1196/1304/1421 1195/1301/1422
f 1124/1303/1423 1123/1305/1424 1197/1306/1425 1196/1304/1426
f 1123/1305/1427 1122/1307/1428 1198/1308/1429 1197/1306/1430
f 1122/1307/1431 1140/1309/1432 1199/1310/1433 1198/1308/1434
f 1140/1309/1435 1139/1311/1436 1171/1312/1437 1170/1313/1438
f 1139/1311/1439 1138/1314/1440 1172/1315/1441 1171/1312/1442
f 1138/1316/1443 1137/1317/1444 1173/1318/1445 1172/1319/1446
f 1137/1317/1447 1136/1320/1448 1174/1321/1449 1173/1318/1450
f 1136/1320/1451 1135/1220/1452 1175/1322/1453 1174/1321/1454
f 1150/1323/1455 1149/1324/1456 1392/1325/1457
f 1149/1324/1458 1148/1326/1459 1393/1327/1460 1392/1325/1461
f 1148/1326/1462 1147/1328/1463 1394/1329/1464 1393/1327/1465
f 1147/1328/1466 1146/1330/1467 1395/1331/1468 1394/1329/1469
f 1146/1330/1470 1145/1168/1471 1396/1332/1472 1395/1331/1473
f 1155/1202/1474 1154/1333/1475 1176/1334/1476 1175/1322/1477
f 1154/1333/1478 1153/1335/1479 1177/1336/1480 1176/1334/1481
f 1153/1335/1482 1152/1337/1483 1178/1338/1484 1177/1336/1485
f 1152/1339/1486 1151/1340/1487 1179/1341/1488 1178/1342/1489
f 1151/1340/1490 1150/1323/1491 1179/1341/1492
f 1165/1343/1493 1164/1344/1494 1407/1345/1495 1406/1346/1496
f 1164/1344/1497 1163/1347/1498 1408/1348/1499 1407/1345/1500
f 1163/1347/1501 1162/1349/1502 1409/1350/1503 1408/1348/1504
f 1162/1349/1505 1161/1351/1506 1410/1352/1507 1409/1350/1508
f 1161/1351/1509 1150/1323/1510 1410/1352/1511
f 1170/1313/1512 1169/1353/1513 1296/1354/1514 1315/1355/1515
f 1169/1353/1516 1168/1356/1517 1297/1357/1518 1296/1354/1519
f 1168/1358/1520 1167/1359/1521 1298/1360/1522 1297/1361/1523
f 1167/1359/1524 1166/1362/1525 1299/1363/1526 1298/1360/1527
f 1166/1362/1528 1165/1343/1529 1300/1364/1530 1299/1363/1531
f 1184/1365/1532 1183/1366/1533 1311/1367/1534 1310/1368/1535
f 1183/1366/1536 1182/1369/1537 1312/1370/1538 1311/1367/1539
f 1182/1369/1540 1181/1371/1541 1313/1372/1542 1312/1370/1543
f 1181/1373/1544 1180/1374/1545 1314/1375/1546 1313/1376/1547
f 1180/1374/1548 1199/1310/1549 1315/1355/1550 1314/1375/1551
f 1189/1377/1552 1188/1378/1553 1291/1379/1554
f 1188/1378/1555 1187/1380/1556 1292/1381/1557 1291/1379/1558
f 1187/1382/1559 1186/1383/1560 1293/1384/1561 1292/1385/1562
f 1186/1383/1563 1185/1386/1564 1294/1387/1565 1293/1384/1566
f 1185/1386/1567 1184/1365/1568 1295/1388/1569 1294/1387/1570
f 1194/1302/1571 1193/1389/1572 1215/1390/1573 1214/1239/1574
f 1193/1389/1575 1192/1391/1576 1216/1392/1577 1215/1390/1578
f 1192/1391/1579 1191/1393/1580 1217/1394/1581 1216/1392/1582
f 1191/1393/1583 1190/1395/1584 1218/1396/1585 1217/1394/1586
f 1190/1395/1587 1189/1377/1588 1218/1396/1589
f 1204/1252/1590 1203/1397/1591 1287/1398/1592 1286/1399/1593
f 1203/1397/1594 1202/1400/1595 1288/1401/1596 1287/1398/1597
f 1202/1400/1598 1201/1402/1599 1289/1403/1600 1288/1401/1601
f 1201/1402/1602 1200/1404/1603 1290/1405/1604 1289/1403/1605
f 1200/1404/1606 1189/1377/1607 1290/1405/1608
f 1223/1406/1609 1222/1407/1610 1282/1408/1611 1281/1409/1612
f 1222/1407/1613 1221/1410/1614 1283/1411/1615 1282/1408/1616
f 1221/1410/1617 1220/1412/1618 1284/1413/1619 1283/1411/1620
f 1220/1412/1621 1219/1414/1622 1285/1415/1623 1284/1413/1624
f 1219/1414/1625 1237/1268/1626 1286/1399/1627 1285/1415/1628
f 1228/1291/1629 1227/1416/1630 1253/1417/1631 1252/1418/1632
f 1227/1416/1633 1226/1419/1634 1254/1420/1635 1253/1417/1636
f 1226/1419/1637 1225/1421/1638 1255/1422/1639 1254/1420/1640
f 1225/1421/1641 1224/1423/1642 1256/1424/1643 1255/1422/1644
f 1224/1423/1645 1223/1406/1646 1257/1425/1647 1256/1424/1648
f 1242/1426/1649 1241/1427/1650 1321/1428/1651 1320/1429/1652
f 1241/1427/1653 1240/1430/1654 1322/1431/1655 1321/1428/1656
f 1240/1430/1657 1239/1432/1658 1323/1433/1659 1322/1431/1660
f 1239/1432/1661 1238/1434/1662 1324/1435/1663 1323/1433/1664
f 1238/1434/1665 1257/1425/1666 1325/1436/1667 1324/1435/1668
f 1247/1437/1669 1246/1438/1670 1349/1439/1671
f 1246/1438/1672 1245/1440/1673 1350/1441/1674 1349/1439/1675
f 1245/1440/1676 1244/1442/1677 1351/1443/1678 1350/1441/1679
f 1244/1442/1680 1243/1444/1681 1352/1445/1682 1351/1443/1683
f 1243/1444/1684 1242/1426/1685 1353/1446/1686 1352/1445/1687
f 1252/1418/1688 1251/1447/1689 1268/1448/1690 1267/1288/1691
f 1251/1447/1692 1250/1449/1693 1269/1450/1694 1268/1448/1695
f 1250/1449/1696 1249/1451/1697 1270/1452/1698 1269/1450/1699
f 1249/1451/1700 1248/1453/1701 1271/1454/1702 1270/1452/1703
f 1248/1453/1704 1247/1437/1705 1271/1454/1706
f 1276/1128/1707 1275/1455/1708 1345/1456/1709 1344/1457/1710
f 1275/1455/1711 1274/1458/1712 1346/1459/1713 1345/1456/1714
f 1274/1458/1715 1273/1460/1716 1347/1461/1717 1346/1459/1718
f 1273/1462/1719 1272/1463/1720 1348/1464/1721 1347/1465/1722
f 1272/1463/1723 1247/1437/1724 1348/1464/1725
f 1281/1409/1726 1280/1466/1727 1326/1467/1728 1325/1436/1729
f 1280/1466/1730 1279/1468/1731 1327/1469/1732 1326/1467/1733
f 1279/1468/1734 1278/1470/1735 1328/1471/1736 1327/1469/1737
f 1278/1470/1738 1277/1472/1739 1329/1473/1740 1328/1471/1741
f 1277/1472/1742 1295/1388/1743 1330/1474/1744 1329/1473/1745
f 1305/1475/1746 1304/1476/1747 1387/1477/1748
f 1304/1476/1749 1303/1478/1750 1388/1479/1751 1387/1477/1752
f 1303/1480/1753 1302/1481/1754 1389/1482/1755 1388/1483/1756
f 1302/1481/1757 1301/1484/1758 1390/1485/1759 1389/1482/1760
f 1301/1484/1761 1300/1364/1762 1391/1486/1763 1390/1485/1764
f 1310/1368/1765 1309/1487/1766 1331/1488/1767 1330/1474/1768
f 1309/1487/1769 1308/1489/1770 1332/1490/1771 1331/1488/1772
f 1308/1489/1773 1307/1491/1774 1333/1492/1775 1332/1490/1776
f 1307/1491/1777 1306/1493/1778 1334/1494/1779 1333/1492/1780
f 1306/1493/1781 1305/1475/1782 1334/1494/1783
f 1320/1429/1784 1319/1495/1785 1383/1496/1786 1382/1497/1787
f 1319/1495/1788 1318/1498/1789 1384/1499/1790 1383/1496/1791
f 1318/1498/1792 1317/1500/1793 1385/1501/1794 1384/1499/1795
f 1317/1500/1796 1316/1502/1797 1386/1503/1798 1385/1501/1799
f 1316/1502/1800 1305/1475/1801 1386/1503/1802
f 1339/1504/1803 1338/1505/1804 1378/1506/1805 1377/1507/1806
f 1338/1505/1807 1337/1508/1808 1379/1509/1809 1378/1506/1810
f 1337/1508/1811 1336/1510/1812 1380/1511/1813 1379/1509/1814
f 1336/1510/1815 1335/1512/1816 1381/1513/1817 1380/1511/1818
f 1335/1512/1819 1353/1446/1820 1382/1497/1821 1381/1513/1822
f 1344/1457/1823 1343/1514/1824 1368/1515/1825 1367/1147/1826
f 1343/1514/1827 1342/1516/1828 1369/1517/1829 1368/1515/1830
f 1342/1516/1831 1341/1518/1832 1370/1519/1833 1369/1517/1834
f 1341/1518/1835 1340/1520/1836 1371/1521/1837 1370/1519/1838
f 1340/1520/1839 1339/1504/1840 1372/1522/1841 1371/1521/1842
f 1358/1171/1843 1357/1523/1844 1397/1524/1845 1396/1332/1846
f 1357/1523/1847 1356/1525/1848 1398/1526/1849 1397/1524/1850
f 1356/1525/1851 1355/1527/1852 1399/1528/1853 1398/1526/1854
f 1355/1527/1855 1354/1529/1856 1400/1530/1857 1399/1528/1858
f 1354/1529/1859 1372/1522/1860 1401/1531/1861 1400/1530/1862
f 1377/1507/1863 1376/1532/1864 1402/1533/1865 1401/1531/1866
f 1376/1532/1867 1375/1534/1868 1403/1535/1869 1402/1533/1870
f 1375/1534/1871 1374/1536/1872 1404/1537/1873 1403/1535/1874
f 1374/1536/1875 1373/1538/1876 1405/1539/1877 1404/1537/1878
f 1373/1538/1879 1391/1486/1880 1406/1346/1881 1405/1539/1882
f 961/1070/1883 976/1073/1884 1000/1106/1885 1015/1091/1886
f 1038/1069/1887 951/1046/1888 1058/1049/1889 1073/1198/1890
f 985/1102/1891 1029/1118/1892 1097/1180/1893 1112/1103/1894
f 1135/1220/1895 1048/1199/1896 1155/1202/1897 1175/1322/1898
f 1082/1238/1899 1126/1242/1900 1194/1302/1901 1214/1239/1902
f 1121/1287/1903 1228/1291/1904 1252/1418/1905 1267/1288/1906
f 1237/1268/1907 1087/1249/1908 1204/1252/1909 1286/1399/1910
f 1295/1388/1911 1184/1365/1912 1310/1368/1913 1330/1474/1914
f 1276/1128/1915 1344/1457/1916 1367/1147/1917 990/1125/1918
f 1353/1446/1919 1242/1426/1920 1320/1429/1921 1382/1497/1922
f 1391/1486/1923 1300/1364/1924 1165/1343/1925 1406/1346/1926
f 1024/1167/1927 1358/1171/1928 1396/1332/1929 1145/1168/1930
f 1043/1187/1931 1068/1191/1932 1209/1231/1933 1102/1188/1934
f 1223/1406/1935 1281/1409/1936 1325/1436/1937 1257/1425/1938
f 1339/1504/1939 1377/1507/1940 1401/1531/1941 1372/1522/1942
f 1010/1084/1943 1160/1160/1944 1063/1059/1945 966/1058/1946
f 1140/1309/1947 1170/1313/1948 1315/1355/1949 1199/1310/1950
f 1005/1115/1951 971/1092/1952 1107/1095/1953 1262/1137/1954
f 965/1082/1955 966/1058/1956 947/1055/1957 1411/1540/1958
f 1411/1540/1959 947/1055/1960 948/1054/1961 1412/1541/1962
f 1412/1542/1963 948/1052/1964 949/1050/1965 1413/1543/1966
f 1413/1543/1967 949/1050/1968 950/1047/1969 1414/1544/1970
f 950/1047/1971 951/1046/1972 952/1067/1973 1414/1544/1974
f 1414/1544/1975 952/1067/1976 953/1065/1977 1415/1545/1978
f 1415/1545/1979 953/1065/1980 954/1063/1981 1416/1546/1982
f 1416/1546/1983 954/1063/1984 955/1061/1985 1417/1547/1986
f 955/1061/1987 956/1060/1988 957/1079/1989 1417/1547/1990
f 1417/1547/1991 957/1079/1992 958/1078/1993 1418/1548/1994
f 1418/1549/1995 958/1076/1996 959/1074/1997 1419/1550/1998
f 1419/1550/1999 959/1074/2000 960/1071/2001 1420/1551/2002
f 960/1071/2003 961/1070/2004 962/1089/2005 1420/1551/2006
f 1420/1551/2007 962/1089/2008 963/1087/2009 1421/1552/2010
f 1421/1552/2011 963/1087/2012 964/1085/2013 1422/1553/2014
f 1422/1553/2015 964/1085/2016 965/1082/2017 1411/1540/2018
f 1422/1553/2019 1411/1540/2020 1412/1541/2021 1423/1554/2022
f 1423/1555/2023 1412/1542/2024 1413/1543/2025 1424/1556/2026
f 1413/1543/2027 1414/1544/2028 1415/1545/2029 1424/1556/2030
f 1424/1556/2031 1415/1545/2032 1416/1546/2033 1425/1557/2034
f 1416/1546/2035 1417/1547/2036 1418/1548/2037 1425/1557/2038
f 1425/1558/2039 1418/1549/2040 1419/1550/2041 1426/1559/2042
f 1419/1550/2043 1420/1551/2044 1421/1552/2045 1426/1559/2046
f 1426/1559/2047 1421/1552/2048 1422/1553/2049 1423/1554/2050
f 1423/1554/2051 1424/1560/2052 1425/1558/2053 1426/1559/2054
f 984/1116/2055 985/1102/2056 967/1100/2057 1427/1561/2058
f 1427/1561/2059 967/1100/2060 968/1098/2061 1428/1562/2062
f 1428/1562/2063 968/1098/2064 969/1096/2065 1429/1563/2066
f 1429/1563/2067 969/1096/2068 970/1093/2069 1430/1564/2070
f 970/1093/2071 971/1092/2072 972/1112/2073 1430/1564/2074
f 1430/1564/2075 972/1112/2076 973/1111/2077 1431/1565/2078
f 1431/1566/2079 973/1109/2080 974/1107/2081 1432/1567/2082
f 1432/1567/2083 974/1107/2084 975/1104/2085 1433/1568/2086
f 975/1104/2087 976/1073/2088 977/1072/2089 1433/1568/2090
f 1433/1568/2091 977/1072/2092 978/1075/2093 1434/1569/2094
f 1434/1569/2095 978/1075/2096 979/1077/2097 1435/1570/2098
f 1435/1571/2099 979/1081/2100 980/1080/2101 1436/1572/2102
f 980/1080/2103 956/1060/2104 981/1123/2105 1436/1572/2106
f 1436/1572/2107 981/1123/2108 982/1121/2109 1437/1573/2110
f 1437/1573/2111 982/1121/2112 983/1119/2113 1438/1574/2114
f 1438/1574/2115 983/1119/2116 984/1116/2117 1427/1561/2118
f 1438/1574/2119 1427/1561/2120 1428/1562/2121 1439/1575/2122
f 1439/1575/2123 1428/1562/2124 1429/1563/2125 1440/1576/2126
f 1429/1563/2127 1430/1564/2128 1431/1565/2129 1440/1576/2130
f 1440/1577/2131 1431/1566/2132 1432/1567/2133 1441/1578/2134
f 1432/1567/2135 1433/1568/2136 1434/1569/2137 1441/1578/2138
f 1441/1578/2139 1434/1569/2140 1435/1570/2141 1442/1579/2142
f 1435/1571/2143 1436/1572/2144 1437/1573/2145 1442/1580/2146
f 1442/1580/2147 1437/1573/2148 1438/1574/2149 1439/1575/2150
f 1439/1581/2151 1440/1577/2152 1441/1578/2153 1442/1579/2154
f 1004/1113/2155 1005/1115/2156 986/1134/2157 1443/1582/2158
f 1443/1582/2159 986/1134/2160 987/1133/2161 1444/1583/2162
f 1444/1584/2163 987/1131/2164 988/1129/2165 1445/1585/2166
f 1445/1585/2167 988/1129/2168 989/1126/2169 1446/1586/2170
f 989/1126/2171 990/1125/2172 991/1145/2173 1446/1586/2174
f 1446/1586/2175 991/1145/2176 992/1143/2177 1447/1587/2178
f 1447/1587/2179 992/1143/2180 993/1141/2181 1448/1588/2182
f 1448/1588/2183 993/1141/2184 994/1139/2185 1449/1589/2186
f 994/1139/2187 995/1138/2188 996/1155/2189 1449/1589/2190
f 1449/1589/2191 996/1155/2192 997/1154/2193 1450/1590/2194
f 1450/1591/2195 997/1152/2196 998/1150/2197 1451/1592/2198
f 1451/1592/2199 998/1150/2200 999/1148/2201 1452/1593/2202
f 999/1148/2203 1000/1106/2204 1001/1105/2205 1452/1593/2206
f 1452/1593/2207 1001/1105/2208 1002/1108/2209 1453/1594/2210
f 1453/1594/2211 1002/1108/2212 1003/1110/2213 1454/1595/2214
f 1454/1596/2215 1003/1114/2216 1004/1113/2217 1443/1582/2218
f 1454/1596/2219 1443/1582/2220 1444/1583/2221 1455/1597/2222
f 1455/1598/2223 1444/1584/2224 1445/1585/2225 1456/1599/2226
f 1445/1585/2227 1446/1586/2228 1447/1587/2229 1456/1599/2230
f 1456/1599/2231 1447/1587/2232 1448/1588/2233 1457/1600/2234
f 1448/1588/2235 1449/1589/2236 1450/1590/2237 1457/1600/2238
f 1457/1601/2239 1450/1591/2240 1451/1592/2241 1458/1602/2242
f 1451/1592/2243 1452/1593/2244 1453/1594/2245 1458/1602/2246
f 1458/1602/2247 1453/1594/2248 1454/1595/2249 1455/1603/2250
f 1455/1603/2251 1456/1604/2252 1457/1601/2253 1458/1602/2254
f 1023/1169/2255 1024/1167/2256 1006/1165/2257 1459/1605/2258
f 1459/1605/2259 1006/1165/2260 1007/1163/2261 1460/1606/2262
f 1460/1606/2263 1007/1163/2264 1008/1161/2265 1461/1607/2266
f 1461/1607/2267 1008/1161/2268 1009/1158/2269 1462/1608/2270
f 1009/1158/2271 1010/1084/2272 1011/1083/2273 1462/1608/2274
f 1462/1608/2275 1011/1083/2276 1012/1086/2277 1463/1609/2278
f 1463/1609/2279 1012/1086/2280 1013/1088/2281 1464/1610/2282
f 1464/1610/2283 1013/1088/2284 1014/1090/2285 1465/1611/2286
f 1014/1090/2287 1015/1091/2288 1016/1149/2289 1465/1611/2290
f 1465/1611/2291 1016/1149/2292 1017/1151/2293 1466/1612/2294
f 1466/1612/2295 1017/1151/2296 1018/1153/2297 1467/1613/2298
f 1467/1614/2299 1018/1157/2300 1019/1156/2301 1468/1615/2302
f 1019/1156/2303 995/1138/2304 1020/1176/2305 1468/1615/2306
f 1468/1615/2307 1020/1176/2308 1021/1174/2309 1469/1616/2310
f 1469/1616/2311 1021/1174/2312 1022/1172/2313 1470/1617/2314
f 1470/1617/2315 1022/1172/2316 1023/1169/2317 1459/1605/2318
f 1470/1617/2319 1459/1605/2320 1460/1606/2321 1471/1618/2322
f 1471/1618/2323 1460/1606/2324 1461/1607/2325 1472/1619/2326
f 1461/1607/2327 1462/1608/2328 1463/1609/2329 1472/1619/2330
f 1472/1619/2331 1463/1609/2332 1464/1610/2333 1473/1620/2334
f 1464/1610/2335 1465/1611/2336 1466/1612/2337 1473/1620/2338
f 1473/1620/2339 1466/1612/2340 1467/1613/2341 1474/1621/2342
f 1467/1614/2343 1468/1615/2344 1469/1616/2345 1474/1621/2346
f 1474/1621/2347 1469/1616/2348 1470/1617/2349 1471/1618/2350
f 1471/1618/2351 1472/1619/2352 1473/1620/2353 1474/1621/2354
f 1042/1189/2355 1043/1187/2356 1025/1185/2357 1475/1622/2358
f 1475/1622/2359 1025/1185/2360 1026/1183/2361 1476/1623/2362
f 1476/1623/2363 1026/1183/2364 1027/1181/2365 1477/1624/2366
f 1477/1624/2367 1027/1181/2368 1028/1178/2369 1478/1625/2370
f 1028/1178/2371 1029/1118/2372 1030/1117/2373 1478/1625/2374
f 1478/1625/2375 1030/1117/2376 1031/1120/2377 1479/1626/2378
f 1479/1626/2379 1031/1120/2380 1032/1122/2381 1480/1627/2382
f 1480/1627/2383 1032/1122/2384 1033/1124/2385 1481/1628/2386
f 1033/1124/2387 956/1060/2388 1034/1062/2389 1481/1628/2390
f 1481/1628/2391 1034/1062/2392 1035/1064/2393 1482/1629/2394
f 1482/1629/2395 1035/1064/2396 1036/1066/2397 1483/1630/2398
f 1483/1630/2399 1036/1066/2400 1037/1068/2401 1484/1631/2402
f 1037/1068/2403 1038/1069/2404 1039/1196/2405 1484/1631/2406
f 1484/1631/2407 1039/1196/2408 1040/1194/2409 1485/1632/2410
f 1485/1632/2411 1040/1194/2412 1041/1192/2413 1486/1633/2414
f 1486/1633/2415 1041/1192/2416 1042/1189/2417 1475/1622/2418
f 1486/1633/2419 1475/1622/2420 1476/1623/2421 1487/1634/2422
f 1487/1634/2423 1476/1623/2424 1477/1624/2425 1488/1635/2426
f 1477/1624/2427 1478/1625/2428 1479/1626/2429 1488/1635/2430
f 1488/1635/2431 1479/1626/2432 1480/1627/2433 1489/1636/2434
f 1480/1627/2435 1481/1628/2436 1482/1629/2437 1489/1636/2438
f 1489/1636/2439 1482/1629/2440 1483/1630/2441 1490/1637/2442
f 1483/1630/2443 1484/1631/2444 1485/1632/2445 1490/1637/2446
f 1490/1637/2447 1485/1632/2448 1486/1633/2449 1487/1634/2450
f 1487/1634/2451 1488/1635/2452 1489/1636/2453 1490/1637/2454
f 1062/1056/2455 1063/1059/2456 1044/1207/2457 1491/1638/2458
f 1491/1638/2459 1044/1207/2460 1045/1205/2461 1492/1639/2462
f 1492/1639/2463 1045/1205/2464 1046/1203/2465 1493/1640/2466
f 1493/1640/2467 1046/1203/2468 1047/1200/2469 1494/1641/2470
f 1047/1200/2471 1048/1199/2472 1049/1218/2473 1494/1641/2474
f 1494/1641/2475 1049/1218/2476 1050/1215/2477 1495/1642/2478
f 1495/1642/2479 1050/1215/2480 1051/1214/2481 1496/1643/2482
f 1496/1644/2483 1051/1212/2484 1052/1210/2485 1497/1645/2486
f 1052/1210/2487 1053/1209/2488 1054/1227/2489 1497/1645/2490
f 1497/1645/2491 1054/1227/2492 1055/1225/2493 1498/1646/2494
f 1498/1646/2495 1055/1225/2496 1056/1223/2497 1499/1647/2498
f 1499/1647/2499 1056/1223/2500 1057/1221/2501 1500/1648/2502
f 1057/1221/2503 1058/1049/2504 1059/1048/2505 1500/1648/2506
f 1500/1648/2507 1059/1048/2508 1060/1051/2509 1501/1649/2510
f 1501/1649/2511 1060/1051/2512 1061/1053/2513 1502/1650/2514
f 1502/1651/2515 1061/1057/2516 1062/1056/2517 1491/1638/2518
f 1502/1651/2519 1491/1638/2520 1492/1639/2521 1503/1652/2522
f 1503/1652/2523 1492/1639/2524 1493/1640/2525 1504/1653/2526
f 1493/1640/2527 1494/1641/2528 1495/1642/2529 1504/1653/2530
f 1504/1653/2531 1495/1642/2532 1496/1643/2533 1505/1654/2534
f 1496/1644/2535 1497/1645/2536 1498/1646/2537 1505/1655/2538
f 1505/1655/2539 1498/1646/2540 1499/1647/2541 1506/1656/2542
f 1499/1647/2543 1500/1648/2544 1501/1649/2545 1506/1656/2546
f 1506/1656/2547 1501/1649/2548 1502/1650/2549 1503/1657/2550
f 1503/1657/2551 1504/1658/2552 1505/1655/2553 1506/1656/2554
f 1081/1240/2555 1082/1238/2556 1064/1236/2557 1507/1659/2558
f 1507/1659/2559 1064/1236/2560 1065/1234/2561 1508/1660/2562
f 1508/1660/2563 1065/1234/2564 1066/1232/2565 1509/1661/2566
f 1509/1661/2567 1066/1232/2568 1067/1229/2569 1510/1662/2570
f 1067/1229/2571 1068/1191/2572 1069/1190/2573 1510/1662/2574
f 1510/1662/2575 1069/1190/2576 1070/1193/2577 1511/1663/2578
f 1511/1663/2579 1070/1193/2580 1071/1195/2581 1512/1664/2582
f 1512/1664/2583 1071/1195/2584 1072/1197/2585 1513/1665/2586
f 1072/1197/2587 1073/1198/2588 1074/1222/2589 1513/1665/2590
f 1513/1665/2591 1074/1222/2592 1075/1224/2593 1514/1666/2594
f 1514/1666/2595 1075/1224/2596 1076/1226/2597 1515/1667/2598
f 1515/1667/2599 1076/1226/2600 1077/1228/2601 1516/1668/2602
f 1077/1228/2603 1053/1209/2604 1078/1247/2605 1516/1668/2606
f 1516/1668/2607 1078/1247/2608 1079/1245/2609 1517/1669/2610
f 1517/1669/2611 1079/1245/2612 1080/1243/2613 1518/1670/2614
f 1518/1670/2615 1080/1243/2616 1081/1240/2617 1507/1659/2618
f 1518/1670/2619 1507/1659/2620 1508/1660/2621 1519/1671/2622
f 1519/1671/2623 1508/1660/2624 1509/1661/2625 1520/1672/2626
f 1509/1661/2627 1510/1662/2628 1511/1663/2629 1520/1672/2630
f 1520/1672/2631 1511/1663/2632 1512/1664/2633 1521/1673/2634
f 1512/1664/2635 1513/1665/2636 1514/1666/2637 1521/1673/2638
f 1521/1673/2639 1514/1666/2640 1515/1667/2641 1522/1674/2642
f 1515/1667/2643 1516/1668/2644 1517/1669/2645 1522/1674/2646
f 1522/1674/2647 1517/1669/2648 1518/1670/2649 1519/1671/2650
f 1519/1671/2651 1520/1672/2652 1521/1673/2653 1522/1674/2654
f 1101/1186/2655 1102/1188/2656 1083/1257/2657 1523/1675/2658
f 1523/1675/2659 1083/1257/2660 1084/1255/2661 1524/1676/2662
f 1524/1676/2663 1084/1255/2664 1085/1253/2665 1525/1677/2666
f 1525/1677/2667 1085/1253/2668 1086/1250/2669 1526/1678/2670
f 1086/1250/2671 1087/1249/2672 1088/1266/2673 1526/1678/2674
f 1526/1678/2675 1088/1266/2676 1089/1264/2677 1527/1679/2678
f 1527/1679/2679 1089/1264/2680 1090/1262/2681 1528/1680/2682
f 1528/1680/2683 1090/1262/2684 1091/1260/2685 1529/1681/2686
f 1091/1260/2687 1092/1259/2688 1093/1275/2689 1529/1681/2690
f 1529/1681/2691 1093/1275/2692 1094/1273/2693 1530/1682/2694
f 1530/1682/2695 1094/1273/2696 1095/1271/2697 1531/1683/2698
f 1531/1683/2699 1095/1271/2700 1096/1269/2701 1532/1684/2702
f 1096/1269/2703 1097/1180/2704 1098/1179/2705 1532/1684/2706
f 1532/1684/2707 1098/1179/2708 1099/1182/2709 1533/1685/2710
f 1533/1685/2711 1099/1182/2712 1100/1184/2713 1534/1686/2714
f 1534/1686/2715 1100/1184/2716 1101/1186/2717 1523/1675/2718
f 1534/1686/2719 1523/1675/2720 1524/1676/2721 1535/1687/2722
f 1535/1687/2723 1524/1676/2724 1525/1677/2725 1536/1688/2726
f 1525/1677/2727 1526/1678/2728 1527/1679/2729 1536/1688/2730
f 1536/1688/2731 1527/1679/2732 1528/1680/2733 1537/1689/2734
f 1528/1680/2735 1529/1681/2736 1530/1682/2737 1537/1689/2738
f 1537/1689/2739 1530/1682/2740 1531/1683/2741 1538/1690/2742
f 1531/1683/2743 1532/1684/2744 1533/1685/2745 1538/1690/2746
f 1538/1690/2747 1533/1685/2748 1534/1686/2749 1535/1687/2750
f 1535/1687/2751 1536/1688/2752 1537/1689/2753 1538/1690/2754
f 1120/1289/2755 1121/1287/2756 1103/1285/2757 1539/1691/2758
f 1539/1691/2759 1103/1285/2760 1104/1282/2761 1540/1692/2762
f 1540/1692/2763 1104/1282/2764 1105/1281/2765 1541/1693/2766
f 1541/1694/2767 1105/1279/2768 1106/1277/2769 1542/1695/2770
f 1106/1277/2771 1107/1095/2772 1108/1094/2773 1542/1695/2774
f 1542/1695/2775 1108/1094/2776 1109/1097/2777 1543/1696/2778
f 1543/1696/2779 1109/1097/2780 1110/1099/2781 1544/1697/2782
f 1544/1697/2783 1110/1099/2784 1111/1101/2785 1545/1698/2786
f 1111/1101/2787 1112/1103/2788 1113/1270/2789 1545/1698/2790
f 1545/1698/2791 1113/1270/2792 1114/1272/2793 1546/1699/2794
f 1546/1699/2795 1114/1272/2796 1115/1274/2797 1547/1700/2798
f 1547/1700/2799 1115/1274/2800 1116/1276/2801 1548/1701/2802
f 1116/1276/2803 1092/1259/2804 1117/1297/2805 1548/1701/2806
f 1548/1701/2807 1117/1297/2808 1118/1296/2809 1549/1702/2810
f 1549/1703/2811 1118/1294/2812 1119/1292/2813 1550/1704/2814
f 1550/1704/2815 1119/1292/2816 1120/1289/2817 1539/1691/2818
f 1550/1704/2819 1539/1691/2820 1540/1692/2821 1551/1705/2822
f 1551/1705/2823 1540/1692/2824 1541/1693/2825 1552/1706/2826
f 1541/1694/2827 1542/1695/2828 1543/1696/2829 1552/1707/2830
f 1552/1707/2831 1543/1696/2832 1544/1697/2833 1553/1708/2834
f 1544/1697/2835 1545/1698/2836 1546/1699/2837 1553/1708/2838
f 1553/1708/2839 1546/1699/2840 1547/1700/2841 1554/1709/2842
f 1547/1700/2843 1548/1701/2844 1549/1702/2845 1554/1709/2846
f 1554/1710/2847 1549/1703/2848 1550/1704/2849 1551/1705/2850
f 1551/1711/2851 1552/1707/2852 1553/1708/2853 1554/1709/2854
f 1139/1311/2855 1140/1309/2856 1122/1307/2857 1555/1712/2858
f 1555/1712/2859 1122/1307/2860 1123/1305/2861 1556/1713/2862
f 1556/1713/2863 1123/1305/2864 1124/1303/2865 1557/1714/2866
f 1557/1714/2867 1124/1303/2868 1125/1300/2869 1558/1715/2870
f 1125/1300/2871 1126/1242/2872 1127/1241/2873 1558/1715/2874
f 1558/1715/2875 1127/1241/2876 1128/1244/2877 1559/1716/2878
f 1559/1716/2879 1128/1244/2880 1129/1246/2881 1560/1717/2882
f 1560/1717/2883 1129/1246/2884 1130/1248/2885 1561/1718/2886
f 1130/1248/2887 1053/1209/2888 1131/1211/2889 1561/1718/2890
f 1561/1718/2891 1131/1211/2892 1132/1213/2893 1562/1719/2894
f 1562/1720/2895 1132/1217/2896 1133/1216/2897 1563/1721/2898
f 1563/1721/2899 1133/1216/2900 1134/1219/2901 1564/1722/2902
f 1134/1219/2903 1135/1220/2904 1136/1320/2905 1564/1722/2906
f 1564/1722/2907 1136/1320/2908 1137/1317/2909 1565/1723/2910
f 1565/1723/2911 1137/1317/2912 1138/1316/2913 1566/1724/2914
f 1566/1725/2915 1138/1314/2916 1139/1311/2917 1555/1712/2918
f 1566/1725/2919 1555/1712/2920 1556/1713/2921 1567/1726/2922
f 1567/1726/2923 1556/1713/2924 1557/1714/2925 1568/1727/2926
f 1557/1714/2927 1558/1715/2928 1559/1716/2929 1568/1727/2930
f 1568/1727/2931 1559/1716/2932 1560/1717/2933 1569/1728/2934
f 1560/1717/2935 1561/1718/2936 1562/1719/2937 1569/1728/2938
f 1569/1729/2939 1562/1720/2940 1563/1721/2941 1570/1730/2942
f 1563/1721/2943 1564/1722/2944 1565/1723/2945 1570/1730/2946
f 1570/1730/2947 1565/1723/2948 1566/1724/2949 1567/1731/2950
f 1567/1731/2951 1568/1732/2952 1569/1729/2953 1570/1730/2954
f 1159/1208/2955 1160/1160/2956 1141/1159/2957 1571/1733/2958
f 1571/1733/2959 1141/1159/2960 1142/1162/2961 1572/1734/2962
f 1572/1734/2963 1142/1162/2964 1143/1164/2965 1573/1735/2966
f 1573/1735/2967 1143/1164/2968 1144/1166/2969 1574/1736/2970
f 1144/1166/2971 1145/1168/2972 1146/1330/2973 1574/1736/2974
f 1574/1736/2975 1146/1330/2976 1147/1328/2977 1575/1737/2978
f 1575/1737/2979 1147/1328/2980 1148/1326/2981 1576/1738/2982
f 1576/1738/2983 1148/1326/2984 1149/1324/2985 1577/1739/2986
f 1149/1324/2987 1150/1323/2988 1151/1340/2989 1577/1739/2990
f 1577/1739/2991 1151/1340/2992 1152/1339/2993 1578/1740/2994
f 1578/1741/2995 1152/1337/2996 1153/1335/2997 1579/1742/2998
f 1579/1742/2999 1153/1335/3000 1154/1333/3001 1580/1743/3002
f 1154/1333/3003 1155/1202/3004 1156/1201/3005 1580/1743/3006
f 1580/1743/3007 1156/1201/3008 1157/1204/3009 1581/1744/3010
f 1581/1744/3011 1157/1204/3012 1158/1206/3013 1582/1745/3014
f 1582/1745/3015 1158/1206/3016 1159/1208/3017 1571/1733/3018
f 1582/1745/3019 1571/1733/3020 1572/1734/3021 1583/1746/3022
f 1583/1746/3023 1572/1734/3024 1573/1735/3025 1584/1747/3026
f 1573/1735/3027 1574/1736/3028 1575/1737/3029 1584/1747/3030
f 1584/1747/3031 1575/1737/3032 1576/1738/3033 1585/1748/3034
f 1576/1738/3035 1577/1739/3036 1578/1740/3037 1585/1748/3038
f 1585/1748/3039 1578/1741/3040 1579/1742/3041 1586/1749/3042
f 1579/1742/3043 1580/1743/3044 1581/1744/3045 1586/1749/3046
f 1586/1749/3047 1581/1744/3048 1582/1745/3049 1583/1746/3050
f 1583/1746/3051 1584/1747/3052 1585/1748/3053 1586/1749/3054
f 1179/1341/3055 1150/1323/3056 1161/1351/3057 1587/1750/3058
f 1587/1750/3059 1161/1351/3060 1162/1349/3061 1588/1751/3062
f 1588/1751/3063 1162/1349/3064 1163/1347/3065 1589/1752/3066
f 1589/1752/3067 1163/1347/3068 1164/1344/3069 1590/1753/3070
f 1164/1344/3071 1165/1343/3072 1166/1362/3073 1590/1753/3074
f 1590/1753/3075 1166/1362/3076 1167/1359/3077 1591/1754/3078
f 1591/1754/3079 1167/1359/3080 1168/1358/3081 1592/1755/3082
f 1592/1756/3083 1168/1356/3084 1169/1353/3085 1593/1757/3086
f 1169/1353/3087 1170/1313/3088 1171/1312/3089 1593/1757/3090
f 1593/1757/3091 1171/1312/3092 1172/1315/3093 1594/1758/3094
f 1594/1759/3095 1172/1319/3096 1173/1318/3097 1595/1760/3098
f 1595/1760/3099 1173/1318/3100 1174/1321/3101 1596/1761/3102
f 1174/1321/3103 1175/1322/3104 1176/1334/3105 1596/1761/3106
f 1596/1761/3107 1176/1334/3108 1177/1336/3109 1597/1762/3110
f 1597/1762/3111 1177/1336/3112 1178/1338/3113 1598/1763/3114
f 1598/1764/3115 1178/1342/3116 1179/1341/3117 1587/1750/3118
f 1598/1764/3119 1587/1750/3120 1588/1751/3121 1599/1765/3122
f 1599/1765/3123 1588/1751/3124 1589/1752/3125 1600/1766/3126
f 1589/1752/3127 1590/1753/3128 1591/1754/3129 1600/1766/3130
f 1600/1766/3131 1591/1754/3132 1592/1755/3133 1601/1767/3134
f 1592/1756/3135 1593/1757/3136 1594/1758/3137 1601/1768/3138
f 1601/1769/3139 1594/1759/3140 1595/1760/3141 1602/1770/3142
f 1595/1760/3143 1596/1761/3144 1597/1762/3145 1602/1770/3146
f 1602/1770/3147 1597/1762/3148 1598/1763/3149 1599/1771/3150
f 1599/1771/3151 1600/1772/3152 1601/1769/3153 1602/1770/3154
f 1198/1308/3155 1199/1310/3156 1180/1374/3157 1603/1773/3158
f 1603/1773/3159 1180/1374/3160 1181/1373/3161 1604/1774/3162
f 1604/1775/3163 1181/1371/3164 1182/1369/3165 1605/1776/3166
f 1605/1776/3167 1182/1369/3168 1183/1366/3169 1606/1777/3170
f 1183/1366/3171 1184/1365/3172 1185/1386/3173 1606/1777/3174
f 1606/1777/3175 1185/1386/3176 1186/1383/3177 1607/1778/3178
f 1607/1778/3179 1186/1383/3180 1187/1382/3181 1608/1779/3182
f 1608/1780/3183 1187/1380/3184 1188/1378/3185 1609/1781/3186
f 1188/1378/3187 1189/1377/3188 1190/1395/3189 1609/1781/3190
f 1609/1781/3191 1190/1395/3192 1191/1393/3193 1610/1782/3194
f 1610/1782/3195 1191/1393/3196 1192/1391/3197 1611/1783/3198
f 1611/1783/3199 1192/1391/3200 1193/1389/3201 1612/1784/3202
f 1193/1389/3203 1194/1302/3204 1195/1301/3205 1612/1784/3206
f 1612/1784/3207 1195/1301/3208 1196/1304/3209 1613/1785/3210
f 1613/1785/3211 1196/1304/3212 1197/1306/3213 1614/1786/3214
f 1614/1786/3215 1197/1306/3216 1198/1308/3217 1603/1773/3218
f 1614/1786/3219 1603/1773/3220 1604/1774/3221 1615/1787/3222
f 1615/1788/3223 1604/1775/3224 1605/1776/3225 1616/1789/3226
f 1605/1776/3227 1606/1777/3228 1607/1778/3229 1616/1789/3230
f 1616/1789/3231 1607/1778/3232 1608/1779/3233 1617/1790/3234
f 1608/1780/3235 1609/1781/3236 1610/1782/3237 1617/1791/3238
f 1617/1791/3239 1610/1782/3240 1611/1783/3241 1618/1792/3242
f 1611/1783/3243 1612/1784/3244 1613/1785/3245 1618/1792/3246
f 1618/1792/3247 1613/1785/3248 1614/1786/3249 1615/1787/3250
f 1615/1787/3251 1616/1793/3252 1617/1791/3253 1618/1792/3254
f 1218/1396/3255 1189/1377/3256 1200/1404/3257 1619/1794/3258
f 1619/1794/3259 1200/1404/3260 1201/1402/3261 1620/1795/3262
f 1620/1795/3263 1201/1402/3264 1202/1400/3265 1621/1796/3266
f 1621/1796/3267 1202/1400/3268 1203/1397/3269 1622/1797/3270
f 1203/1397/3271 1204/1252/3272 1205/1251/3273 1622/1797/3274
f 1622/1797/3275 1205/1251/3276 1206/1254/3277 1623/1798/3278
f 1623/1798/3279 1206/1254/3280 1207/1256/3281 1624/1799/3282
f 1624/1799/3283 1207/1256/3284 1208/1258/3285 1625/1800/3286
f 1208/1258/3287 1209/1231/3288 1210/1230/3289 1625/1800/3290
f 1625/1800/3291 1210/1230/3292 1211/1233/3293 1626/1801/3294
f 1626/1801/3295 1211/1233/3296 1212/1235/3297 1627/1802/3298
f 1627/1802/3299 1212/1235/3300 1213/1237/3301 1628/1803/3302
f 1213/1237/3303 1214/1239/3304 1215/1390/3305 1628/1803/3306
f 1628/1803/3307 1215/1390/3308 1216/1392/3309 1629/1804/3310
f 1629/1804/3311 1216/1392/3312 1217/1394/3313 1630/1805/3314
f 1630/1805/3315 1217/1394/3316 1218/1396/3317 1619/1794/3318
f 1630/1805/3319 1619/1794/3320 1620/1795/3321 1631/1806/3322
f 1631/1806/3323 1620/1795/3324 1621/1796/3325 1632/1807/3326
f 1621/1796/3327 1622/1797/3328 1623/1798/3329 1632/1807/3330
f 1632/1807/3331 1623/1798/3332 1624/1799/3333 1633/1808/3334
f 1624/1799/3335 1625/1800/3336 1626/1801/3337 1633/1808/3338
f 1633/1808/3339 1626/1801/3340 1627/1802/3341 1634/1809/3342
f 1627/1802/3343 1628/1803/3344 1629/1804/3345 1634/1809/3346
f 1634/1809/3347 1629/1804/3348 1630/1805/3349 1631/1806/3350
f 1631/1806/3351 1632/1807/3352 1633/1808/3353 1634/1809/3354
f 1236/1267/3355 1237/1268/3356 1219/1414/3357 1635/1810/3358
f 1635/1810/3359 1219/1414/3360 1220/1412/3361 1636/1811/3362
f 1636/1811/3363 1220/1412/3364 1221/1410/3365 1637/1812/3366
f 1637/1812/3367 1221/1410/3368 1222/1407/3369 1638/1813/3370
f 1222/1407/3371 1223/1406/3372 1224/1423/3373 1638/1813/3374
f 1638/1813/3375 1224/1423/3376 1225/1421/3377 1639/1814/3378
f 1639/1814/3379 1225/1421/3380 1226/1419/3381 1640/1815/3382
f 1640/1815/3383 1226/1419/3384 1227/1416/3385 1641/1816/3386
f 1227/1416/3387 1228/1291/3388 1229/1290/3389 1641/1816/3390
f 1641/1816/3391 1229/1290/3392 1230/1293/3393 1642/1817/3394
f 1642/1817/3395 1230/1293/3396 1231/1295/3397 1643/1818/3398
f 1643/1819/3399 1231/1299/3400 1232/1298/3401 1644/1820/3402
f 1232/1298/3403 1092/1259/3404 1233/1261/3405 1644/1820/3406
f 1644/1820/3407 1233/1261/3408 1234/1263/3409 1645/1821/3410
f 1645/1821/3411 1234/1263/3412 1235/1265/3413 1646/1822/3414
f 1646/1822/3415 1235/1265/3416 1236/1267/3417 1635/1810/3418
f 1646/1822/3419 1635/1810/3420 1636/1811/3421 1647/1823/3422
f 1647/1823/3423 1636/1811/3424 1637/1812/3425 1648/1824/3426
f 1637/1812/3427 1638/1813/3428 1639/1814/3429 1648/1824/3430
f 1648/1824/3431 1639/1814/3432 1640/1815/3433 1649/1825/3434
f 1640/1815/3435 1641/1816/3436 1642/1817/3437 1649/1825/3438
f 1649/1825/3439 1642/1817/3440 1643/1818/3441 1650/1826/3442
f 1643/1819/3443 1644/1820/3444 1645/1821/3445 1650/1826/3446
f 1650/1826/3447 1645/1821/3448 1646/1822/3449 1647/1823/3450
f 1647/1823/3451 1648/1824/3452 1649/1825/3453 1650/1826/3454
f 1256/1424/3455 1257/1425/3456 1238/1434/3457 1651/1827/3458
f 1651/1827/3459 1238/1434/3460 1239/1432/3461 1652/1828/3462
f 1652/1828/3463 1239/1432/3464 1240/1430/3465 1653/1829/3466
f 1653/1829/3467 1240/1430/3468 1241/1427/3469 1654/1830/3470
f 1241/1427/3471 1242/1426/3472 1243/1444/3473 1654/1830/3474
f 1654/1830/3475 1243/1444/3476 1244/1442/3477 1655/1831/3478
f 1655/1831/3479 1244/1442/3480 1245/1440/3481 1656/1832/3482
f 1656/1832/3483 1245/1440/3484 1246/1438/3485 1657/1833/3486
f 1246/1438/3487 1247/1437/3488 1248/1453/3489 1657/1833/3490
f 1657/1833/3491 1248/1453/3492 1249/1451/3493 1658/1834/3494
f 1658/1834/3495 1249/1451/3496 1250/1449/3497 1659/1835/3498
f 1659/1835/3499 1250/1449/3500 1251/1447/3501 1660/1836/3502
f 1251/1447/3503 1252/1418/3504 1253/1417/3505 1660/1836/3506
f 1660/1836/3507 1253/1417/3508 1254/1420/3509 1661/1837/3510
f 1661/1837/3511 1254/1420/3512 1255/1422/3513 1662/1838/3514
f 1662/1838/3515 1255/1422/3516 1256/1424/3517 1651/1827/3518
f 1662/1838/3519 1651/1827/3520 1652/1828/3521 1663/1839/3522
f 1663/1839/3523 1652/1828/3524 1653/1829/3525 1664/1840/3526
f 1653/1829/3527 1654/1830/3528 1655/1831/3529 1664/1840/3530
f 1664/1840/3531 1655/1831/3532 1656/1832/3533 1665/1841/3534
f 1656/1832/3535 1657/1833/3536 1658/1834/3537 1665/1841/3538
f 1665/1841/3539 1658/1834/3540 1659/1835/3541 1666/1842/3542
f 1659/1835/3543 1660/1836/3544 1661/1837/3545 1666/1842/3546
f 1666/1842/3547 1661/1837/3548 1662/1838/3549 1663/1839/3550
f 1663/1839/3551 1664/1840/3552 1665/1841/3553 1666/1842/3554
f 1275/1455/3555 1276/1128/3556 1258/1127/3557 1667/1843/3558
f 1667/1843/3559 1258/1127/3560 1259/1130/3561 1668/1844/3562
f 1668/1844/3563 1259/1130/3564 1260/1132/3565 1669/1845/3566
f 1669/1846/3567 1260/1136/3568 1261/1135/3569 1670/1847/3570
f 1261/1135/3571 1262/1137/3572 1263/1278/3573 1670/1847/3574
f 1670/1847/3575 1263/1278/3576 1264/1280/3577 1671/1848/3578
f 1671/1849/3579 1264/1284/3580 1265/1283/3581 1672/1850/3582
f 1672/1850/3583 1265/1283/3584 1266/1286/3585 1673/1851/3586
f 1266/1286/3587 1267/1288/3588 1268/1448/3589 1673/1851/3590
f 1673/1851/3591 1268/1448/3592 1269/1450/3593 1674/1852/3594
f 1674/1852/3595 1269/1450/3596 1270/1452/3597 1675/1853/3598
f 1675/1853/3599 1270/1452/3600 1271/1454/3601 1676/1854/3602
f 1271/1454/3603 1247/1437/3604 1272/1463/3605 1676/1854/3606
f 1676/1854/3607 1272/1463/3608 1273/1462/3609 1677/1855/3610
f 1677/1856/3611 1273/1460/3612 1274/1458/3613 1678/1857/3614
f 1678/1857/3615 1274/1458/3616 1275/1455/3617 1667/1843/3618
f 1678/1857/3619 1667/1843/3620 1668/1844/3621 1679/1858/3622
f 1679/1858/3623 1668/1844/3624 1669/1845/3625 1680/1859/3626
f 1669/1846/3627 1670/1847/3628 1671/1848/3629 1680/1860/3630
f 1680/1861/3631 1671/1849/3632 1672/1850/3633 1681/1862/3634
f 1672/1850/3635 1673/1851/3636 1674/1852/3637 1681/1862/3638
f 1681/1862/3639 1674/1852/3640 1675/1853/3641 1682/1863/3642
f 1675/1853/3643 1676/1854/3644 1677/1855/3645 1682/1863/3646
f 1682/1864/3647 1677/1856/3648 1678/1857/3649 1679/1858/3650
f 1679/1865/3651 1680/1861/3652 1681/1862/3653 1682/1863/3654
f 1294/1387/3655 1295/1388/3656 1277/1472/3657 1683/1866/3658
f 1683/1866/3659 1277/1472/3660 1278/1470/3661 1684/1867/3662
f 1684/1867/3663 1278/1470/3664 1279/1468/3665 1685/1868/3666
f 1685/1868/3667 1279/1468/3668 1280/1466/3669 1686/1869/3670
f 1280/1466/3671 1281/1409/3672 1282/1408/3673 1686/1869/3674
f 1686/1869/3675 1282/1408/3676 1283/1411/3677 1687/1870/3678
f 1687/1870/3679 1283/1411/3680 1284/1413/3681 1688/1871/3682
f 1688/1871/3683 1284/1413/3684 1285/1415/3685 1689/1872/3686
f 1285/1415/3687 1286/1399/3688 1287/1398/3689 1689/1872/3690
f 1689/1872/3691 1287/1398/3692 1288/1401/3693 1690/1873/3694
f 1690/1873/3695 1288/1401/3696 1289/1403/3697 1691/1874/3698
f 1691/1874/3699 1289/1403/3700 1290/1405/3701 1692/1875/3702
f 1290/1405/3703 1189/1377/3704 1291/1379/3705 1692/1875/3706
f 1692/1875/3707 1291/1379/3708 1292/1381/3709 1693/1876/3710
f 1693/1877/3711 1292/1385/3712 1293/1384/3713 1694/1878/3714
f 1694/1878/3715 1293/1384/3716 1294/1387/3717 1683/1866/3718
f 1694/1878/3719 1683/1866/3720 1684/1867/3721 1695/1879/3722
f 1695/1879/3723 1684/1867/3724 1685/1868/3725 1696/1880/3726
f 1685/1868/3727 1686/1869/3728 1687/1870/3729 1696/1880/3730
f 1696/1880/3731 1687/1870/3732 1688/1871/3733 1697/1881/3734
f 1688/1871/3735 1689/1872/3736 1690/1873/3737 1697/1881/3738
f 1697/1881/3739 1690/1873/3740 1691/1874/3741 1698/1882/3742
f 1691/1874/3743 1692/1875/3744 1693/1876/3745 1698/1882/3746
f 1698/1882/3747 1693/1877/3748 1694/1878/3749 1695/1879/3750
f 1695/1879/3751 1696/1880/3752 1697/1881/3753 1698/1882/3754
f 1314/1375/3755 1315/1355/3756 1296/1354/3757 1699/1883/3758
f 1699/1883/3759 1296/1354/3760 1297/1357/3761 1700/1884/3762
f 1700/1885/3763 1297/1361/3764 1298/1360/3765 1701/1886/3766
f 1701/1886/3767 1298/1360/3768 1299/1363/3769 1702/1887/3770
f 1299/1363/3771 1300/1364/3772 1301/1484/3773 1702/1887/3774
f 1702/1887/3775 1301/1484/3776 1302/1481/3777 1703/1888/3778
f 1703/1888/3779 1302/1481/3780 1303/1480/3781 1704/1889/3782
f 1704/1890/3783 1303/1478/3784 1304/1476/3785 1705/1891/3786
f 1304/1476/3787 1305/1475/3788 1306/1493/3789 1705/1891/3790
f 1705/1891/3791 1306/1493/3792 1307/1491/3793 1706/1892/3794
f 1706/1892/3795 1307/1491/3796 1308/1489/3797 1707/1893/3798
f 1707/1893/3799 1308/1489/3800 1309/1487/3801 1708/1894/3802
f 1309/1487/3803 1310/1368/3804 1311/1367/3805 1708/1894/3806
f 1708/1894/3807 1311/1367/3808 1312/1370/3809 1709/1895/3810
f 1709/1895/3811 1312/1370/3812 1313/1372/3813 1710/1896/3814
f 1710/1897/3815 1313/1376/3816 1314/1375/3817 1699/1883/3818
f 1710/1897/3819 1699/1883/3820 1700/1884/3821 1711/1898/3822
f 1711/1899/3823 1700/1885/3824 1701/1886/3825 1712/1900/3826
f 1701/1886/3827 1702/1887/3828 1703/1888/3829 1712/1900/3830
f 1712/1900/3831 1703/1888/3832 1704/1889/3833 1713/1901/3834
f 1704/1890/3835 1705/1891/3836 1706/1892/3837 1713/1902/3838
f 1713/1902/3839 1706/1892/3840 1707/1893/3841 1714/1903/3842
f 1707/1893/3843 1708/1894/3844 1709/1895/3845 1714/1903/3846
f 1714/1903/3847 1709/1895/3848 1710/1896/3849 1711/1904/3850
f 1711/1904/3851 1712/1905/3852 1713/1902/3853 1714/1903/3854
f 1334/1494/3855 1305/1475/3856 1316/1502/3857 1715/1906/3858
f 1715/1906/3859 1316/1502/3860 1317/1500/3861 1716/1907/3862
f 1716/1907/3863 1317/1500/3864 1318/1498/3865 1717/1908/3866
f 1717/1908/3867 1318/1498/3868 1319/1495/3869 1718/1909/3870
f 1319/1495/3871 1320/1429/3872 1321/1428/3873 1718/1909/3874
f 1718/1909/3875 1321/1428/3876 1322/1431/3877 1719/1910/3878
f 1719/1910/3879 1322/1431/3880 1323/1433/3881 1720/1911/3882
f 1720/1911/3883 1323/1433/3884 1324/1435/3885 1721/1912/3886
f 1324/1435/3887 1325/1436/3888 1326/1467/3889 1721/1912/3890
f 1721/1912/3891 1326/1467/3892 1327/1469/3893 1722/1913/3894
f 1722/1913/3895 1327/1469/3896 1328/1471/3897 1723/1914/3898
f 1723/1914/3899 1328/1471/3900 1329/1473/3901 1724/1915/3902
f 1329/1473/3903 1330/1474/3904 1331/1488/3905 1724/1915/3906
f 1724/1915/3907 1331/1488/3908 1332/1490/3909 1725/1916/3910
f 1725/1916/3911 1332/1490/3912 1333/1492/3913 1726/1917/3914
f 1726/1917/3915 1333/1492/3916 1334/1494/3917 1715/1906/3918
f 1726/1917/3919 1715/1906/3920 1716/1907/3921 1727/1918/3922
f 1727/1918/3923 1716/1907/3924 1717/1908/3925 1728/1919/3926
f 1717/1908/3927 1718/1909/3928 1719/1910/3929 1728/1919/3930
f 1728/1919/3931 1719/1910/3932 1720/1911/3933 1729/1920/3934
f 1720/1911/3935 1721/1912/3936 1722/1913/3937 1729/1920/3938
f 1729/1920/3939 1722/1913/3940 1723/1914/3941 1730/1921/3942
f 1723/1914/3943 1724/1915/3944 1725/1916/3945 1730/1921/3946
f 1730/1921/3947 1725/1916/3948 1726/1917/3949 1727/1918/3950
f 1727/1918/3951 1728/1919/3952 1729/1920/3953 1730/1921/3954
f 1352/1445/3955 1353/1446/3956 1335/1512/3957 1731/1922/3958
f 1731/1922/3959 1335/1512/3960 1336/1510/3961 1732/1923/3962
f 1732/1923/3963 1336/1510/3964 1337/1508/3965 1733/1924/3966
f 1733/1924/3967 1337/1508/3968 1338/1505/3969 1734/1925/3970
f 1338/1505/3971 1339/1504/3972 1340/1520/3973 1734/1925/3974
f 1734/1925/3975 1340/1520/3976 1341/1518/3977 1735/1926/3978
f 1735/1926/3979 1341/1518/3980 1342/1516/3981 1736/1927/3982
f 1736/1927/3983 1342/1516/3984 1343/1514/3985 1737/1928/3986
f 1343/1514/3987 1344/1457/3988 1345/1456/3989 1737/1928/3990
f 1737/1928/3991 1345/1456/3992 1346/1459/3993 1738/1929/3994
f 1738/1929/3995 1346/1459/3996 1347/1461/3997 1739/1930/3998
f 1739/1931/3999 1347/1465/4000 1348/1464/4001 1740/1932/4002
f 1348/1464/4003 1247/1437/4004 1349/1439/4005 1740/1932/4006
f 1740/1932/4007 1349/1439/4008 1350/1441/4009 1741/1933/4010
f 1741/1933/4011 1350/1441/4012 1351/1443/4013 1742/1934/4014
f 1742/1934/4015 1351/1443/4016 1352/1445/4017 1731/1922/4018
f 1742/1934/4019 1731/1922/4020 1732/1923/4021 1743/1935/4022
f 1743/1935/4023 1732/1923/4024 1733/1924/4025 1744/1936/4026
f 1733/1924/4027 1734/1925/4028 1735/1926/4029 1744/1936/4030
f 1744/1936/4031 1735/1926/4032 1736/1927/4033 1745/1937/4034
f 1736/1927/4035 1737/1928/4036 1738/1929/4037 1745/1937/4038
f 1745/1937/4039 1738/1929/4040 1739/1930/4041 1746/1938/4042
f 1739/1931/4043 1740/1932/4044 1741/1933/4045 1746/1938/4046
f 1746/1938/4047 1741/1933/4048 1742/1934/4049 1743/1935/4050
f 1743/1935/4051 1744/1936/4052 1745/1937/4053 1746/1938/4054
f 1371/1521/4055 1372/1522/4056 1354/1529/4057 1747/1939/4058
f 1747/1939/4059 1354/1529/4060 1355/1527/4061 1748/1940/4062
f 1748/1940/4063 1355/1527/4064 1356/1525/4065 1749/1941/4066
f 1749/1941/4067 1356/1525/4068 1357/1523/4069 1750/1942/4070
f 1357/1523/4071 1358/1171/4072 1359/1170/4073 1750/1942/4074
f 1750/1942/4075 1359/1170/4076 1360/1173/4077 1751/1943/4078
f 1751/1943/4079 1360/1173/4080 1361/1175/4081 1752/1944/4082
f 1752/1944/4083 1361/1175/4084 1362/1177/4085 1753/1945/4086
f 1362/1177/4087 995/1138/4088 1363/1140/4089 1753/1945/4090
f 1753/1945/4091 1363/1140/4092 1364/1142/4093 1754/1946/4094
f 1754/1946/4095 1364/1142/4096 1365/1144/4097 1755/1947/4098
f 1755/1947/4099 1365/1144/4100 1366/1146/4101 1756/1948/4102
f 1366/1146/4103 1367/1147/4104 1368/1515/4105 1756/1948/4106
f 1756/1948/4107 1368/1515/4108 1369/1517/4109 1757/1949/4110
f 1757/1949/4111 1369/1517/4112 1370/1519/4113 1758/1950/4114
f 1758/1950/4115 1370/1519/4116 1371/1521/4117 1747/1939/4118
f 1758/1950/4119 1747/1939/4120 1748/1940/4121 1759/1951/4122
f 1759/1951/4123 1748/1940/4124 1749/1941/4125 1760/1952/4126
f 1749/1941/4127 1750/1942/4128 1751/1943/4129 1760/1952/4130
f 1760/1952/4131 1751/1943/4132 1752/1944/4133 1761/1953/4134
f 1752/1944/4135 1753/1945/4136 1754/1946/4137 1761/1953/4138
f 1761/1953/4139 1754/1946/4140 1755/1947/4141 1762/1954/4142
f 1755/1947/4143 1756/1948/4144 1757/1949/4145 1762/1954/4146
f 1762/1954/4147 1757/1949/4148 1758/1950/4149 1759/1951/4150
f 1759/1951/4151 1760/1952/4152 1761/1953/4153 1762/1954/4154
f 1390/1485/4155 1391/1486/4156 1373/1538/4157 1763/1955/4158
f 1763/1955/4159 1373/1538/4160 1374/1536/4161 1764/1956/4162
f 1764/1956/4163 1374/1536/4164 1375/1534/4165 1765/1957/4166
f 1765/1957/4167 1375/1534/4168 1376/1532/4169 1766/1958/4170
f 1376/1532/4171 1377/1507/4172 1378/1506/4173 1766/1958/4174
f 1766/1958/4175 1378/1506/4176 1379/1509/4177 1767/1959/4178
f 1767/1959/4179 1379/1509/4180 1380/1511/4181 1768/1960/4182
f 1768/1960/4183 1380/1511/4184 1381/1513/4185 1769/1961/4186
f 1381/1513/4187 1382/1497/4188 1383/1496/4189 1769/1961/4190
f 1769/1961/4191 1383/1496/4192 1384/1499/4193 1770/1962/4194
f 1770/1962/4195 1384/1499/4196 1385/1501/4197 1771/1963/4198
f 1771/1963/4199 1385/1501/4200 1386/1503/4201 1772/1964/4202
f 1386/1503/4203 1305/1475/4204 1387/1477/4205 1772/1964/4206
f 1772/1964/4207 1387/1477/4208 1388/1479/4209 1773/1965/4210
f 1773/1966/4211 1388/1483/4212 1389/1482/4213 1774/1967/4214
f 1774/1967/4215 1389/1482/4216 1390/1485/4217 1763/1955/4218
f 1774/1967/4219 1763/1955/4220 1764/1956/4221 1775/1968/4222
f 1775/1968/4223 1764/1956/4224 1765/1957/4225 1776/1969/4226
f 1765/1957/4227 1766/1958/4228 1767/1959/4229 1776/1969/4230
f 1776/1969/4231 1767/1959/4232 1768/1960/4233 1777/1970/4234
f 1768/1960/4235 1769/1961/4236 1770/1962/4237 1777/1970/4238
f 1777/1970/4239 1770/1962/4240 1771/1963/4241 1778/1971/4242
f 1771/1963/4243 1772/1964/4244 1773/1965/4245 1778/1971/4246
f 1778/1971/4247 1773/1966/4248 1774/1967/4249 1775/1968/4250
f 1775/1968/4251 1776/1969/4252 1777/1970/4253 1778/1971/4254
f 1410/1352/4255 1150/1323/4256 1392/1325/4257 1779/1972/4258
f 1779/1972/4259 1392/1325/4260 1393/1327/4261 1780/1973/4262
f 1780/1973/4263 1393/1327/4264 1394/1329/4265 1781/1974/4266
f 1781/1974/4267 1394/1329/4268 1395/1331/4269 1782/1975/4270
f 1395/1331/4271 1396/1332/4272 1397/1524/4273 1782/1975/4274
f 1782/1975/4275 1397/1524/4276 1398/1526/4277 1783/1976/4278
f 1783/1976/4279 1398/1526/4280 1399/1528/4281 1784/1977/4282
f 1784/1977/4283 1399/1528/4284 1400/1530/4285 1785/1978/4286
f 1400/1530/4287 1401/1531/4288 1402/1533/4289 1785/1978/4290
f 1785/1978/4291 1402/1533/4292 1403/1535/4293 1786/1979/4294
f 1786/1979/4295 1403/1535/4296 1404/1537/4297 1787/1980/4298
f 1787/1980/4299 1404/1537/4300 1405/1539/4301 1788/1981/4302
f 1405/1539/4303 1406/1346/4304 1407/1345/4305 1788/1981/4306
f 1788/1981/4307 1407/1345/4308 1408/1348/4309 1789/1982/4310
f 1789/1982/4311 1408/1348/4312 1409/1350/4313 1790/1983/4314
f 1790/1983/4315 1409/1350/4316 1410/1352/4317 1779/1972/4318
f 1790/1983/4319 1779/1972/4320 1780/1973/4321 1791/1984/4322
f 1791/1984/4323 1780/1973/4324 1781/1974/4325 1792/1985/4326
f 1781/1974/4327 1782/1975/4328 1783/1976/4329 1792/1985/4330
f 1792/1985/4331 1783/1976/4332 1784/1977/4333 1793/1986/4334
f 1784/1977/4335 1785/1978/4336 1786/1979/4337 1793/1986/4338
f 1793/1986/4339 1786/1979/4340 1787/1980/4341 1794/1987/4342
f 1787/1980/4343 1788/1981/4344 1789/1982/4345 1794/1987/4346
f 1794/1987/4347 1789/1982/4348 1790/1983/4349 1791/1984/4350
f 1791/1984/4351 1792/1985/4352 1793/1986/4353 1794/1987/4354
