# This file uses centimeters as units for non-parametric coordinates.

mtllib puzzle.mtl
g default
v -1.906823 6.422016 -0.178940
v -1.991638 6.506831 -0.179208
v -1.908173 6.430827 -0.182061
v -1.982580 6.505822 -0.182514
v -1.880959 6.413862 -0.182046
v -1.969678 6.503997 -0.185642
v -1.880024 6.405444 -0.178925
v -1.909602 6.443256 -0.185242
v -1.881856 6.425680 -0.185221
v -1.987043 6.531200 -0.185458
v -1.999153 6.532323 -0.182338
v -1.953467 6.501750 -0.188668
v -2.007729 6.533118 -0.179171
v -2.013849 6.561258 -0.182293
v -1.851716 6.398745 -0.182040
v -1.911097 6.458964 -0.188461
v -2.021984 6.561516 -0.179124
v -1.851159 6.390719 -0.178917
v -1.882707 6.440579 -0.188416
v -1.971794 6.529912 -0.188542
v -1.852164 6.409947 -0.185209
v -2.002451 6.560748 -0.185424
v -1.934651 6.499501 -0.191660
v -1.912621 6.477410 -0.191644
v -1.821218 6.385887 -0.182041
v -2.026345 6.591424 -0.182232
v -1.852497 6.424026 -0.188377
v -1.988140 6.560103 -0.188500
v -1.883513 6.458085 -0.191557
v -1.953966 6.528598 -0.191573
v -2.034099 6.591365 -0.179069
v -1.820936 6.378201 -0.178917
v -1.821381 6.396557 -0.185201
v -2.015559 6.591299 -0.185369
v -1.914120 6.497667 -0.194673
v -1.852743 6.440574 -0.191469
v -1.971384 6.559394 -0.191490
v -1.884331 6.477406 -0.194520
v -1.934381 6.527455 -0.194520
v -1.821425 6.409937 -0.188340
v -2.002051 6.591060 -0.188442
v -1.790216 6.375617 -0.182047
v -2.036340 6.622084 -0.182153
v -1.790102 6.368199 -0.178925
v -2.043792 6.621922 -0.179007
v -1.790261 6.385882 -0.185197
v -2.026027 6.622116 -0.185293
v -1.853026 6.458955 -0.194365
v -1.952832 6.558761 -0.194365
v -1.821381 6.425668 -0.191380
v -1.986209 6.590735 -0.191401
v -1.884337 6.499166 -0.196733
v -1.912286 6.527293 -0.196761
v -1.790235 6.398734 -0.188304
v -2.013124 6.622048 -0.188365
v -1.759418 6.368195 -0.182059
v -2.043587 6.652514 -0.182060
v -1.821377 6.443245 -0.194213
v -1.968542 6.590409 -0.194213
v -1.790158 6.413851 -0.191292
v -1.997967 6.621891 -0.191306
v -1.759418 6.378195 -0.185195
v -2.033586 6.652588 -0.185196
v -1.759418 6.360959 -0.178940
v -2.050828 6.652369 -0.178940
v -1.910037 6.556712 -0.198675
v -1.759418 6.390713 -0.188268
v -2.021068 6.652588 -0.188270
v -1.883220 6.528165 -0.198725
v -1.790103 6.430819 -0.194068
v -1.980968 6.621684 -0.194068
v -1.759418 6.405441 -0.191205
v -2.006343 6.652514 -0.191206
v -1.853037 6.500690 -0.198610
v -1.907790 6.586466 -0.200324
v -1.759418 6.422016 -0.193931
v -1.989771 6.652369 -0.193931
v -1.881918 6.557972 -0.200539
v -1.852533 6.529019 -0.200497
v -1.904956 6.420149 0.179208
v -1.905965 6.617227 -0.201636
v -2.006343 6.531763 0.178925
v -1.821389 6.502185 -0.200207
v -1.878669 6.404058 0.179171
v -2.021068 6.560628 0.178917
v -1.851892 6.558447 -0.202202
v -1.904956 6.649729 -0.202557
v -1.880629 6.588292 -0.202090
v -1.821249 6.529910 -0.202005
v -1.820422 6.377688 0.179069
v -1.790110 6.503614 -0.201471
v -2.033586 6.590850 0.178917
v -1.789865 6.367995 0.179007
v -1.851247 6.588693 -0.203657
v -1.821019 6.559047 -0.203617
v -1.879493 6.618964 -0.203321
v -1.790094 6.530828 -0.203201
v -2.043587 6.621685 0.178925
v -1.759418 6.504964 -0.202367
v -1.759418 6.360959 0.178940
v -1.820780 6.589252 -0.204992
v -1.850669 6.619440 -0.204816
v -1.790034 6.559778 -0.204743
v -1.878669 6.650096 -0.204194
v -1.759418 6.531772 -0.204053
v -1.820557 6.620058 -0.206088
v -1.789966 6.589978 -0.206056
v -1.850271 6.650557 -0.205643
v -1.759418 6.560642 -0.205551
v -1.989771 6.504964 0.178940
v -1.850271 6.389803 0.179124
v -1.789898 6.620813 -0.207105
v -1.820422 6.651099 -0.206876
v -1.759418 6.590864 -0.206824
v -1.789865 6.651709 -0.207861
v -1.759418 6.621693 -0.207841
v -2.050828 6.652369 0.178940
v -1.759418 6.652369 -0.208577
v -1.980960 6.503614 0.182061
v -1.905965 6.429207 0.182514
v -1.997925 6.530828 0.182046
v -1.907790 6.442109 0.185642
v -1.968531 6.502185 0.185242
v -2.013042 6.560071 0.182040
v -1.986107 6.529931 0.185221
v -1.879466 6.412634 0.182338
v -1.850531 6.397939 0.182293
v -1.880589 6.424746 0.185458
v -1.910037 6.458321 0.188668
v -2.001840 6.559623 0.185209
v -1.851043 6.409338 0.185424
v -1.952823 6.500690 0.188461
v -1.971207 6.529080 0.188416
v -2.025900 6.590569 0.182041
v -1.820365 6.385444 0.182232
v -1.881879 6.439995 0.188542
v -1.912286 6.477136 0.191660
v -1.987760 6.559290 0.188377
v -2.015229 6.590406 0.185201
v -1.851690 6.423651 0.188500
v -1.820493 6.396230 0.185370
v -1.953702 6.528274 0.191557
v -1.934377 6.499166 0.191644
v -1.883194 6.457825 0.191573
v -2.036170 6.621571 0.182047
v -1.789704 6.375448 0.182153
v -2.001850 6.590362 0.188340
v -1.820734 6.409741 0.188442
v -1.971213 6.559044 0.191469
v -1.852401 6.440410 0.191490
v -2.025905 6.621526 0.185197
v -1.789674 6.385762 0.185293
v -1.914120 6.497667 0.194673
v -1.934381 6.527455 0.194520
v -1.884337 6.477410 0.194521
v -2.043592 6.652369 0.182059
v -1.759272 6.368199 0.182060
v -1.986119 6.590406 0.191380
v -1.821061 6.425586 0.191402
v -2.013053 6.621552 0.188304
v -1.789743 6.398667 0.188365
v -1.952832 6.558761 0.194365
v -1.853037 6.458964 0.194366
v -2.033592 6.652369 0.185195
v -1.759199 6.378201 0.185196
v -1.912621 6.527450 0.196733
v -1.884494 6.499501 0.196761
v -1.997936 6.621629 0.191292
v -1.789901 6.413825 0.191307
v -1.968542 6.590409 0.194213
v -1.821389 6.443256 0.194214
v -2.021074 6.652369 0.188268
v -1.759199 6.390719 0.188270
v -1.855075 6.501750 0.198675
v -1.980968 6.621684 0.194068
v -1.790110 6.430827 0.194068
v -2.006346 6.652369 0.191205
v -1.759272 6.405444 0.191206
v -1.883621 6.528567 0.198725
v -1.825321 6.503997 0.200324
v -1.911097 6.558750 0.198610
v -1.989771 6.652369 0.193931
v -1.759418 6.422016 0.193931
v -1.794560 6.505822 0.201636
v -1.853814 6.529868 0.200539
v -1.882767 6.559254 0.200497
v -1.909602 6.590398 0.200207
v -1.762058 6.506831 0.202557
v -1.853339 6.559895 0.202202
v -1.823494 6.531158 0.202090
v -1.881876 6.590538 0.202005
v -1.908173 6.621677 0.201471
v -1.823094 6.560539 0.203657
v -1.852739 6.590768 0.203617
v -1.792823 6.532294 0.203321
v -1.880958 6.621692 0.203201
v -1.906823 6.652369 0.202367
v -1.822534 6.591007 0.204992
v -1.792347 6.561118 0.204816
v -1.852008 6.621753 0.204743
v -1.761690 6.533118 0.204194
v -1.880015 6.652369 0.204053
v -1.791729 6.591230 0.206088
v -1.821809 6.621820 0.206056
v -1.761230 6.561516 0.205643
v -1.851145 6.652369 0.205551
v -1.760688 6.591365 0.206876
v -1.790973 6.621889 0.207105
v -1.820923 6.652369 0.206824
v -1.760078 6.621922 0.207861
v -1.790094 6.652369 0.207841
v -1.759418 6.652369 0.208577
v -1.905890 8.410467 -0.202462
v 0.001136 6.532445 -0.204123
v -1.879342 8.410650 -0.204123
v -0.388949 5.440884 -0.195687
v -0.535619 5.587554 -0.195687
v 0.000733 5.977237 -0.195687
v 0.000906 6.561079 -0.205597
v -1.850708 8.410881 -0.205597
v -0.204135 5.346716 -0.195687
v -0.629787 5.772368 -0.195687
v 0.000635 6.591115 -0.206850
v -1.820673 8.411152 -0.206850
v 0.000330 6.621807 -0.207851
v -1.789980 8.411457 -0.207851
v 0.000000 6.652369 -0.208577
v 0.000733 5.314269 -0.195687
v -0.662235 5.977237 -0.195687
v -0.629787 6.182105 -0.195687
v 0.205602 5.346717 -0.195687
v -0.001320 6.505897 0.202462
v -1.879342 8.412924 0.204123
v -0.535619 5.587554 0.196940
v -0.388949 5.440884 0.196940
v 0.000733 5.977237 0.196940
v -0.001209 6.532440 0.204123
v -1.850708 8.412693 0.205597
v -0.204135 5.346716 0.196940
v -0.629787 5.772368 0.196940
v -0.535619 6.366920 -0.195687
v 0.390416 5.440884 -0.195687
v -0.001015 6.561072 0.205597
v -1.820673 8.412422 0.206850
v -0.524517 6.378022 0.185178
v -0.000744 6.591108 0.206850
v -0.512144 6.390394 0.188238
v -1.789980 8.412117 0.207851
v -0.000403 6.621803 0.207851
v -0.497591 6.404947 0.191156
v 0.000733 5.314269 0.196940
v -0.662235 5.977237 0.196940
v -1.759418 8.411787 0.208577
v -0.481200 6.421339 0.193862
v 0.001320 6.505897 -0.202462
v 0.537086 5.587554 -0.195687
v -0.629787 6.182105 0.196940
v 0.205602 5.346717 0.196940
v -1.759418 8.411787 -0.208577
v -0.149392 6.439276 -0.195687
v -0.334958 6.439276 -0.195687
v 0.631254 5.772368 -0.195687
v -0.535619 6.366920 0.196940
v 0.390416 5.440884 0.196940
v -1.905890 8.413107 0.202462
v 0.150859 6.439276 -0.195687
v 0.000733 6.439276 -0.195687
v 0.663701 5.977237 -0.195687
v 0.537086 5.587554 0.196940
v 0.336425 6.439276 -0.195687
v 0.000000 6.652369 0.208577
v 0.631254 6.182105 -0.195687
v -0.343913 6.451602 0.196940
v -0.153397 6.451602 0.196940
v 0.631254 5.772368 0.196940
v 0.537086 6.366920 -0.195687
v 0.663701 5.977237 0.196940
v 0.000733 6.451602 0.196940
v 0.154864 6.451602 0.196940
v 0.345380 6.451602 0.196940
v 0.631254 6.182105 0.196940
v 0.537086 6.366920 0.196940
v -1.906823 10.171206 -0.202367
v 1.761690 6.533118 -0.204194
v -1.880015 10.171206 -0.204053
v 1.761230 6.561516 -0.205643
v -1.851145 10.171206 -0.205551
v 1.760688 6.591365 -0.206876
v -1.820923 10.171206 -0.206824
v 1.760078 6.621922 -0.207861
v -1.790094 10.171206 -0.207841
v 1.759418 6.652369 -0.208577
v 1.759418 6.504964 0.202367
v -1.878669 10.173477 0.204194
v 1.759272 6.531763 0.204053
v -1.850271 10.173018 0.205643
v 1.759199 6.560628 0.205550
v -1.820422 10.172475 0.206876
v 1.759199 6.590850 0.206823
v -1.789865 10.171865 0.207861
v 1.759272 6.621685 0.207841
v -1.759418 10.171206 0.208577
v 1.762058 6.506831 -0.202557
v 0.540123 6.360959 0.178940
v 1.759418 6.360959 0.178940
v 0.535940 6.368066 0.182044
v 1.760078 6.367995 0.182036
v 0.526138 6.377868 0.185162
v 1.760688 6.377688 0.185144
v 0.513879 6.390127 0.188212
v 1.761230 6.389803 0.188180
v 0.499451 6.404555 0.191117
v 1.761690 6.404058 0.191068
v -1.759418 10.171206 -0.208577
v -1.904956 10.173845 0.202557
v 1.759418 6.360959 -0.178940
v 1.759272 6.368199 -0.182060
v 1.789865 6.367995 -0.179007
v -2.050828 10.171206 -0.178940
v -2.043588 10.201889 -0.178925
v -2.043592 10.171206 -0.182059
v 1.759199 6.378201 -0.185196
v 1.789703 6.375447 -0.182153
v -2.036170 10.202013 -0.182047
v -2.033592 10.171206 -0.185195
v 1.759199 6.390719 -0.188270
v 1.789671 6.385760 -0.185293
v -2.025905 10.202067 -0.185196
v -2.021074 10.171206 -0.188268
v 1.759272 6.405444 -0.191206
v 1.789738 6.398663 -0.188365
v -2.013052 10.202053 -0.188303
v -2.006346 10.171206 -0.191205
v 1.759418 6.422016 -0.193931
v 1.789895 6.413819 -0.191306
v -1.997933 10.201992 -0.191293
v -1.989771 10.171206 -0.193931
v 1.820422 6.377688 -0.179069
v -2.033586 10.232723 -0.178917
v 1.820363 6.385442 -0.182232
v -2.025902 10.233020 -0.182039
v 1.820488 6.396227 -0.185369
v -2.015231 10.233200 -0.185199
v 1.790103 6.430819 -0.194068
v -1.980961 10.201999 -0.194068
v 1.820727 6.409736 -0.188442
v -2.001850 10.233265 -0.188338
v 1.759418 6.652369 0.208577
v 1.821052 6.425578 -0.191401
v -1.986115 10.233252 -0.191381
v 1.850271 6.389803 -0.179124
v -2.021068 10.262946 -0.178917
v 1.850529 6.397938 -0.182293
v -2.013046 10.263516 -0.182037
v 1.851039 6.409336 -0.185424
v 1.821377 6.443245 -0.194213
v -2.001846 10.263982 -0.185205
v -1.968532 10.233356 -0.194214
v 1.851684 6.423646 -0.188500
v -1.987765 10.264338 -0.188374
v -1.908178 10.202059 -0.201470
v 1.794560 6.505822 -0.201636
v -2.050828 10.171206 0.178940
v 1.852392 6.440403 -0.191490
v -1.971212 10.264616 -0.191469
v 1.878669 6.404058 -0.179171
v -2.006343 10.291812 -0.178925
v 1.879464 6.412634 -0.182338
v 1.790102 6.368199 0.178925
v -1.997933 10.292749 -0.182042
v -1.880930 10.202013 -0.203197
v 1.880586 6.424744 -0.185458
v -1.909612 10.233461 -0.200206
v -1.986118 10.293655 -0.185216
v 1.853026 6.458955 -0.194365
v -1.952827 10.265018 -0.194366
v 1.825321 6.503997 -0.200324
v 1.881876 6.439993 -0.188542
v -1.971217 10.294520 -0.188411
v -1.851655 10.202034 -0.204735
v 1.792392 6.561258 -0.204816
v -1.881828 10.233288 -0.201994
v 1.792834 6.532323 -0.203322
v 1.883189 6.457821 -0.191573
v -1.989771 10.318611 -0.178940
v -1.953707 10.295351 -0.191555
v 1.823513 6.531201 -0.202090
v 1.820936 6.378201 0.178917
v 1.905965 6.429207 -0.182514
v -1.980971 10.319954 -0.182055
v -1.911108 10.265130 -0.198609
v 1.855075 6.501750 -0.198675
v 1.907790 6.442109 -0.185642
v -1.968547 10.321381 -0.185231
v -1.821155 10.202025 -0.206043
v 1.884331 6.477406 -0.194520
v -1.934387 10.296254 -0.194521
v 1.791789 6.591424 -0.206087
v -1.852095 10.233232 -0.203596
v 1.823173 6.560749 -0.203657
v -1.882706 10.264658 -0.200479
v 1.910037 6.458321 -0.188668
v 1.853834 6.529912 -0.200539
v -1.952835 10.322875 -0.188449
v 1.851159 6.390719 0.178917
v -1.912628 10.296327 -0.196734
v 1.884494 6.499501 -0.196761
v 1.912286 6.477136 -0.191660
v -1.934379 10.324402 -0.191637
v -1.790180 10.201976 -0.207087
v 1.791019 6.622084 -0.207104
v -1.821309 10.233126 -0.204958
v 1.822641 6.591299 -0.204990
v -1.852469 10.264305 -0.202163
v 1.853424 6.560103 -0.202201
v -1.883554 10.295386 -0.198699
v 1.883633 6.528598 -0.198726
v -1.914120 10.325907 -0.194673
v 1.914120 6.497667 -0.194673
v 1.980960 6.503614 -0.182061
v 1.904956 6.420149 -0.179208
v -1.759418 10.201881 -0.207841
v 1.790102 6.652514 -0.207841
v -1.907785 10.381464 -0.185632
v -1.910028 10.365240 -0.188648
v -2.043592 10.201881 0.178940
v -1.790219 10.232955 -0.206043
v 1.821891 6.622116 -0.206055
v -1.912278 10.346418 -0.191640
v -1.821391 10.263906 -0.203596
v -1.904956 10.403425 -0.179208
v 1.968531 6.502185 -0.185242
v 1.852854 6.591060 -0.203616
v -1.852787 10.294510 -0.200480
v 1.882821 6.559395 -0.200497
v 1.952823 6.500690 -0.188461
v -1.884399 10.324408 -0.196734
v 1.912617 6.527455 -0.196734
v 1.934377 6.499166 -0.191644
v -1.759418 10.232710 -0.206824
v 1.820936 6.652588 -0.206823
v -1.790215 10.263451 -0.204736
v 1.880024 6.405444 0.178925
v 1.852097 6.622049 -0.204742
v -1.821418 10.293616 -0.201996
v -2.006346 10.291802 0.178940
v 1.881951 6.590735 -0.202005
v -1.853128 10.322882 -0.198610
v 1.911091 6.558761 -0.198610
v 1.934651 6.527293 -0.194487
v -1.884200 10.346159 -0.194520
v -1.905965 10.394373 -0.182515
v 1.989771 6.504964 -0.178940
v 1.953962 6.528152 -0.191528
v -1.883129 10.365739 -0.191561
v -1.759418 10.262932 -0.205551
v 1.851159 6.652588 -0.205550
v -1.790177 10.292713 -0.203198
v 1.881016 6.621891 -0.203201
v -1.821473 10.321386 -0.200208
v 1.909596 6.590409 -0.200208
v 1.953467 6.556712 -0.194258
v -1.852829 10.364615 -0.194365
v 1.971377 6.528962 -0.188396
v -1.881834 10.383574 -0.188530
v -1.759418 10.291802 -0.204053
v 1.880024 6.652514 -0.204053
v -1.790157 10.319958 -0.201472
v 1.908169 6.621684 -0.201472
v 1.986201 6.529832 -0.185209
v -1.880564 10.398829 -0.185451
v 1.971792 6.557952 -0.191394
v -1.852414 10.383163 -0.191476
v -2.043587 10.171060 0.182060
v 1.997962 6.530768 -0.182040
v -1.879458 10.410943 -0.182337
v 1.969678 6.586466 -0.194029
v -2.033586 10.170986 0.185196
v -2.036171 10.201784 0.182073
v -1.821194 10.380329 -0.194213
v 1.791019 6.375448 0.182020
v -1.759418 10.318611 -0.202367
v 1.906823 6.652369 -0.202367
v 1.988136 6.558362 -0.188324
v -1.851790 10.399928 -0.188484
v 2.006343 6.531763 -0.178925
v -2.021068 10.170986 0.188270
v -2.025902 10.201735 0.185227
v 1.791788 6.385444 0.185138
v -1.878668 10.419517 -0.179171
v 2.002045 6.558931 -0.185176
v -1.851177 10.414244 -0.185412
v -2.033592 10.232710 0.178940
v -2.006343 10.171060 0.191206
v -2.013043 10.201743 0.188329
v 1.792392 6.397939 0.188206
v 1.987041 6.588273 -0.191263
v -1.821142 10.397996 -0.191388
v 1.982580 6.617227 -0.193844
v -1.789999 10.392756 -0.194068
v 2.013120 6.559689 -0.182024
v -2.025907 10.232765 0.182078
v 1.821891 6.385762 0.182017
v -1.850634 10.425642 -0.182289
v 1.906823 6.422016 0.178940
v -1.989771 10.318611 0.178940
v -1.989771 10.171206 0.193931
v -1.997926 10.201818 0.191304
v 1.792834 6.412634 0.191149
v 2.002448 6.588614 -0.188258
v -2.015232 10.232841 0.185245
v -1.820932 10.413849 -0.188426
v 1.822641 6.396230 0.185151
v 2.021068 6.560628 -0.178917
v -1.850271 10.433772 -0.179124
v -1.980958 10.202052 0.194069
v 2.015557 6.589146 -0.185151
v -2.021074 10.262932 0.178940
v -1.820721 10.427362 -0.185357
v -2.001843 10.232944 0.188376
v 1.823173 6.409338 0.188258
v 1.991638 6.649729 -0.193741
v -1.759418 10.401558 -0.193931
v 1.999153 6.618953 -0.191149
v -1.790035 10.409758 -0.191297
v -2.013054 10.263313 0.182076
v 1.852098 6.398667 0.182024
v 2.026025 6.589895 -0.182017
v -1.820529 10.438145 -0.182226
v -1.986109 10.233094 0.191396
v 1.823514 6.424746 0.191263
v 1.794560 6.429207 0.193844
v 1.762058 6.420149 0.193741
v 2.013848 6.619395 -0.188206
v -2.001852 10.263702 0.185250
v -1.789986 10.424924 -0.188354
v 1.852855 6.409741 0.185176
v 2.033586 6.590850 -0.178917
v -1.820422 10.445887 -0.179069
v -1.968527 10.233450 0.194214
v 2.026343 6.619998 -0.185138
v 1.825321 6.442109 0.194029
v -1.789935 10.437830 -0.185284
v -1.987763 10.264100 0.188411
v 1.853425 6.423651 0.188324
v 2.007729 6.650096 -0.191068
v -1.759418 10.418133 -0.191205
v 1.991638 6.506831 0.179208
v 2.036339 6.620768 -0.182020
v -1.997936 10.292685 0.182069
v 1.881018 6.413825 0.182040
v -1.789883 10.448139 -0.182149
v 1.790110 6.503614 0.201471
v -1.905965 10.206341 0.201636
v -1.971211 10.264519 0.191484
v 1.853835 6.439995 0.191394
v 2.021984 6.650557 -0.188180
v -1.759418 10.432861 -0.188268
v -1.880015 10.418133 0.178940
v -1.986120 10.293573 0.185247
v 1.881953 6.425586 0.185209
v 2.043587 6.621685 -0.178925
v -1.789865 10.455580 -0.179007
v 2.034099 6.651099 -0.185144
v -1.759418 10.445379 -0.185195
v -1.952825 10.265120 0.194366
v 1.855075 6.458321 0.194258
v -1.971216 10.294467 0.188437
v 1.882824 6.440410 0.188396
v 2.043792 6.651709 -0.182036
v -1.759418 10.455379 -0.182059
v 1.821389 6.502185 0.200207
v 2.007729 6.533118 0.179171
v 1.789958 6.530828 0.203197
v -1.980965 10.319958 0.182066
v 1.908173 6.430827 0.182061
v -1.907792 10.237171 0.200324
v -1.879500 10.204607 0.203321
v 2.050828 6.652369 -0.178940
v -1.953709 10.295356 0.191566
v -1.759418 10.462616 -0.178940
v 1.883635 6.457825 0.191528
v -1.851145 10.432861 0.178940
v 1.909602 6.443256 0.185242
v -1.968537 10.321386 0.185251
v 1.821180 6.529931 0.201995
v 1.789901 6.560071 0.204734
v 1.853037 6.500690 0.198610
v -1.850668 10.204125 0.204816
v -1.880638 10.235307 0.202090
v -1.910043 10.266996 0.198676
v -1.934389 10.296321 0.194521
v 1.884494 6.477136 0.194487
v 1.911097 6.458964 0.188461
v -1.952830 10.322882 0.188470
v 2.034099 6.591365 0.179069
v 1.852595 6.529080 0.200479
v 1.821062 6.559623 0.203595
v 1.789911 6.590569 0.206042
v -1.881923 10.265654 0.200539
v 1.912621 6.477410 0.191644
v -1.934384 10.324408 0.191651
v -1.851243 10.234889 0.203658
v -1.820552 10.203506 0.206088
v 1.884337 6.499166 0.196733
v -1.912292 10.296413 0.196763
v -1.908169 10.392756 0.182050
v -1.906823 10.401558 0.178940
v 1.969678 6.503997 0.185642
v -1.820923 10.445379 0.178940
v 1.953467 6.501750 0.188668
v 1.914120 6.497667 0.194673
v 1.883476 6.528274 0.198699
v -1.914120 10.325908 0.194673
v -1.883210 10.295459 0.198726
v 1.852210 6.559290 0.202163
v -1.909595 10.380329 0.185222
v 1.820988 6.590406 0.204957
v -1.851880 10.265154 0.202202
v 1.789977 6.621571 0.207086
v -1.820770 10.234322 0.204992
v 1.934651 6.499501 0.191660
v -1.789895 10.202755 0.207105
v 2.043792 6.621922 0.179007
v -1.911090 10.364615 0.188440
v -1.912616 10.346159 0.191630
v 1.912617 6.527455 0.196734
v -1.884269 10.324406 0.196733
v 1.882609 6.559044 0.200480
v -1.852506 10.294582 0.200497
v 1.851844 6.590362 0.203596
v -1.821002 10.264538 0.203618
v 1.982580 6.505822 0.182514
v 1.820944 6.621526 0.206042
v -1.790094 10.455379 0.178940
v -1.789959 10.233593 0.206056
v -1.759418 10.201881 0.207841
v 2.021984 6.561516 0.179124
v -1.884126 10.346161 0.194520
v 1.934377 6.527450 0.194521
v 1.790094 6.652369 0.207841
v 2.050828 6.652369 0.178940
v 1.911091 6.558761 0.198610
v -1.852934 10.322881 0.198610
v 1.881737 6.590406 0.201996
v -1.821220 10.293676 0.202005
v 1.851489 6.621552 0.204735
v -1.883393 10.365483 0.191551
v 1.953961 6.528567 0.191571
v -1.790023 10.263798 0.204744
v -1.759418 10.232710 0.206824
v 1.820923 6.652369 0.206824
v -1.882559 10.382996 0.188418
v 1.971791 6.529868 0.188540
v 1.909596 6.590409 0.200208
v -1.821293 10.321386 0.200208
v -1.881712 10.397903 0.185230
v 1.880871 6.621629 0.203198
v -1.790077 10.292749 0.203201
v -1.852714 10.364628 0.194364
v 1.987041 6.531158 0.185456
v 1.851145 6.652369 0.205551
v 1.952823 6.558750 0.194366
v -1.759418 10.262932 0.205551
v -1.880862 10.409721 0.182060
v 1.999152 6.532294 0.182337
v -1.852572 10.383002 0.191464
v 1.971378 6.559254 0.191485
v 1.908169 6.621684 0.201472
v -1.790055 10.319958 0.201472
v 1.880015 6.652369 0.204053
v -1.759418 10.291802 0.204053
v -1.852293 10.399557 0.188388
v 1.988141 6.559895 0.188492
v -1.851966 10.413647 0.185230
v -1.821086 10.380344 0.194212
v 2.002455 6.560539 0.185416
v 1.968531 6.590398 0.194214
v -1.851584 10.424847 0.182065
v 2.013853 6.561118 0.182289
v 1.906823 6.652369 0.202367
v -1.759418 10.318611 0.202367
v -1.821225 10.397913 0.191377
v 1.986206 6.590538 0.191394
v -1.759418 10.462616 0.178940
v -1.821240 10.413651 0.188353
v 2.002060 6.590768 0.188431
v -1.789936 10.392766 0.194067
v -1.821202 10.427039 0.185225
v 2.015574 6.591007 0.185359
v -1.821098 10.437707 0.182067
v 1.980960 6.621677 0.194068
v 2.026356 6.591230 0.182226
v -1.790069 10.409729 0.191291
v 1.997967 6.621692 0.191301
v -1.759418 10.401558 0.193931
v -1.790132 10.424850 0.188314
v 2.013134 6.621753 0.188356
v -1.790162 10.437708 0.185213
v 2.026041 6.621820 0.185285
v -1.790150 10.447970 0.182066
v 1.989771 6.652369 0.193931
v 2.036351 6.621889 0.182149
v -1.759418 10.418133 0.191205
v 2.006346 6.652369 0.191205
v -1.759418 10.432861 0.188268
v 1.991024 7.806369 -0.193804
v 2.021074 6.652369 0.188268
v -1.759418 10.445379 0.185195
v 2.033592 6.652369 0.185195
v -1.759418 10.455379 0.182059
v 2.043592 6.652369 0.182059
v 2.007272 7.814647 -0.191113
v 2.021681 7.821989 -0.188209
v 2.033929 7.828230 -0.185161
v 2.043725 7.833221 -0.182044
v -0.534342 6.368196 -0.182060
v -0.524341 6.378198 -0.185195
v -0.511823 6.390715 -0.188269
v -0.497096 6.405442 -0.191205
v 0.001136 10.418825 -0.191136
v -0.480523 6.422016 -0.193931
v 0.000906 10.433317 -0.188224
v 0.000635 10.445633 -0.185169
v 0.000330 10.455480 -0.182048
v 0.000000 10.462616 -0.178940
v 0.000000 10.171206 0.208577
v 1.990382 7.806042 0.193869
v 2.006802 7.814408 0.191160
v 0.000330 10.201767 0.207851
v 2.021376 7.821834 0.188239
v 2.033761 7.828144 0.185178
v -0.538656 6.360959 0.178940
v -0.538656 6.360959 -0.178940
v 2.043659 7.833188 0.182052
v 0.000635 10.232460 0.206850
v 0.000906 10.262495 0.205597
v 2.050828 7.836840 -0.178940
v 0.001136 10.291129 0.204123
v -2.050828 8.411787 -0.178940
v -2.043590 8.411860 -0.182060
v -2.033589 8.411897 -0.185196
v -2.021071 8.411897 -0.188269
v -2.006344 8.411860 -0.191205
v -1.989771 8.411787 -0.193931
v -0.534410 6.368128 0.182052
v 0.001320 10.402492 -0.193836
v 2.050828 7.836840 0.178940
v -2.050828 8.411787 0.178940
v 0.001320 10.317677 0.202462
v -2.043590 8.411715 0.182060
v -2.033589 8.411677 0.185196
v -2.021071 8.411677 0.188269
v -0.535619 6.366920 0.181525
v -2.006344 8.411715 0.191205
v -1.989771 8.411787 0.193931
v -0.463262 6.439276 -0.195687
v 1.737531 9.075082 -0.208577
v 1.759418 9.071615 -0.208577
v 1.737531 9.075082 0.208577
v 1.790097 9.066756 -0.207841
v 1.759418 9.071615 0.208577
v 1.820927 9.061873 -0.206824
v 1.790100 9.066756 0.207841
v 1.761690 10.419517 -0.191068
v 1.851149 9.057087 -0.205551
v 1.820932 9.061872 0.206824
v 1.761230 10.433772 -0.188180
v 0.000272 6.439276 -0.195687
v 1.760688 10.445887 -0.185144
v 1.880018 9.052514 -0.204053
v 1.851154 9.057086 0.205550
v 1.760078 10.455580 -0.182036
v 1.759418 10.462616 -0.178940
v 1.906823 9.048268 -0.202367
v 1.880021 9.052514 0.204053
v 1.942400 9.042634 -0.198749
v 1.906823 9.048268 0.202367
v 1.759418 10.171206 0.208577
v -0.450938 6.451602 0.196940
v 1.760078 10.201653 0.207861
v 1.760688 10.232209 0.206876
v 1.942400 9.042634 0.198749
v 1.761230 10.262058 0.205644
v 1.761690 10.290457 0.204194
v 2.006802 9.009819 -0.191160
v 1.990382 9.018186 -0.193869
v 2.006346 10.171206 -0.191205
v 2.021376 9.002394 -0.188239
v 2.021074 10.171206 -0.188268
v 2.033761 8.996083 -0.185178
v 2.033592 10.171206 -0.185195
v 2.043659 8.991040 -0.182052
v 2.043592 10.171206 -0.182059
v 2.050828 8.987387 -0.178940
v 2.050828 10.171206 -0.178940
v 1.762058 10.403425 -0.193741
v 0.000000 8.411787 -0.208577
v 0.464730 6.439276 -0.195687
v 0.000370 6.451602 0.196940
v 1.989771 10.171206 -0.193931
v 2.007729 10.173477 0.191068
v 1.991025 9.017859 0.193804
v 2.007272 9.009580 0.191113
v 2.021984 10.173018 0.188180
v 2.021681 9.002238 0.188209
v 2.034099 10.172475 0.185144
v 2.033930 8.995997 0.185161
v 2.043725 8.991006 0.182044
v 2.043792 10.171865 0.182036
v 2.050828 8.987387 0.178940
v 2.050828 10.171206 0.178940
v 1.762058 10.316744 0.202557
v 1.789968 10.202013 -0.207086
v 1.759418 10.171206 -0.208577
v 1.759272 10.201889 -0.207841
v 1.790094 10.171206 -0.207841
v 1.759199 10.232723 -0.206823
v 1.820933 10.202067 -0.206042
v 1.820923 10.171206 -0.206824
v 1.789894 10.233020 -0.206042
v 1.759199 10.262946 -0.205550
v 1.851145 10.171206 -0.205551
v 1.789878 10.263516 -0.204734
v 1.851484 10.202053 -0.204735
v 1.820966 10.233200 -0.204957
v 1.759272 10.291812 -0.204053
v 1.880015 10.171206 -0.204053
v 1.789928 10.292749 -0.203197
v 1.880880 10.201992 -0.203197
v 1.821027 10.263982 -0.203595
v 1.851829 10.233265 -0.203596
v 1.759418 10.318611 -0.202367
v 1.906823 10.171206 -0.202367
v 1.790048 10.319954 -0.201472
v 1.908172 10.201999 -0.201471
v 1.821131 10.293655 -0.201996
v 1.881746 10.233252 -0.201995
v 1.852182 10.264338 -0.202163
v 1.821281 10.321381 -0.200209
v 1.909603 10.233356 -0.200207
v 1.852550 10.294520 -0.200480
v 1.882609 10.264616 -0.200480
v 1.794570 10.394373 -0.193844
v 1.968517 10.233461 -0.194215
v 1.825225 10.381464 -0.194029
v 1.852923 10.322875 -0.198611
v 1.911098 10.265018 -0.198610
v 1.883458 10.295351 -0.198699
v 1.980950 10.202059 -0.194069
v 1.991638 10.173845 0.193741
v 1.952816 10.265130 -0.194367
v 1.854874 10.365240 -0.194257
v 1.997961 10.201958 -0.191304
v 1.884264 10.324402 -0.196734
v 1.912622 10.296254 -0.196735
v 1.792832 10.410944 -0.191145
v 2.013129 10.201880 -0.188359
v 1.986199 10.233170 -0.191399
v 1.884295 10.346418 -0.194486
v 1.934384 10.296327 -0.194522
v 1.792399 10.425636 -0.188203
v 1.823461 10.398830 -0.191256
v 2.026038 10.201792 -0.185286
v 1.914120 10.325907 -0.194673
v 1.791796 10.438131 -0.185135
v 1.971375 10.264464 -0.191491
v 2.002053 10.232908 -0.188435
v 1.853733 10.383576 -0.191385
v 1.823146 10.414237 -0.188251
v 2.036350 10.201704 -0.182149
v 1.791023 10.448128 -0.182018
v 1.953966 10.295106 -0.191577
v 1.883529 10.365744 -0.191518
v 2.015569 10.232635 -0.185361
v 1.988137 10.263790 -0.188497
v 1.822626 10.427346 -0.185145
v 1.853356 10.399925 -0.188313
v 2.043792 10.201653 -0.179007
v 1.790102 10.455376 -0.178925
v 1.934658 10.324077 -0.191667
v 1.912613 10.346163 -0.191630
v 2.026354 10.232376 -0.182226
v 1.971793 10.293785 -0.188545
v 1.821884 10.437815 -0.182013
v 1.882739 10.383169 -0.188383
v 2.002452 10.263109 -0.185418
v 1.852810 10.413838 -0.185166
v 2.034099 10.232209 -0.179069
v 1.820936 10.445374 -0.178917
v 1.953471 10.321827 -0.188675
v 1.911084 10.364624 -0.188439
v 2.013851 10.262493 -0.182289
v 1.987040 10.292471 -0.185459
v 1.881891 10.397998 -0.185197
v 1.852074 10.424913 -0.182019
v 1.969678 10.319578 -0.185645
v 2.021984 10.262058 -0.179124
v 1.909589 10.380339 -0.185221
v 1.851159 10.432856 -0.178917
v 1.999151 10.291307 -0.182338
v 1.880983 10.409758 -0.182033
v 1.982578 10.317753 -0.182513
v 2.007729 10.290457 -0.179171
v 1.908165 10.392763 -0.182049
v 1.880024 10.418131 -0.178925
v 1.991638 10.316744 -0.179208
v 1.906823 10.401558 -0.178940
v 1.790102 10.171060 0.207841
v 0.452405 6.451602 0.196940
v 1.759418 10.462616 0.178940
v 2.043592 10.201881 0.178940
v 1.791022 10.201506 0.207104
v 1.820936 10.170986 0.206823
v 0.000000 8.411787 0.208577
v 2.033592 10.232710 0.178940
v 1.821897 10.201488 0.206055
v 1.791792 10.232176 0.206087
v 2.021074 10.262932 0.178940
v 1.851159 10.170986 0.205550
v 1.851145 10.432861 0.178940
v 1.852108 10.201568 0.204742
v 1.792395 10.262341 0.204816
v 1.822649 10.232325 0.204990
v 2.006346 10.291802 0.178940
v 1.880015 10.418133 0.178940
v 1.880024 10.171060 0.204053
v 1.881032 10.201735 0.203201
v 1.792836 10.291265 0.203322
v 1.852869 10.232586 0.203616
v 1.823182 10.262877 0.203657
v 1.906823 10.171206 0.202367
v 1.908172 10.201999 0.201471
v 1.790094 10.455379 0.178940
v 1.881974 10.232929 0.202005
v 1.823520 10.292402 0.202090
v 1.853439 10.263544 0.202201
v 1.794560 10.317753 0.201636
v 1.909603 10.233356 0.200207
v 1.789992 10.392763 0.194068
v 1.982576 10.206341 0.193844
v 1.825321 10.319577 0.200324
v 1.882844 10.264275 0.200497
v 1.853844 10.293707 0.200539
v 1.759418 10.401558 0.193931
v 1.821183 10.380339 0.194212
v 1.969678 10.237171 0.194030
v 1.911098 10.265018 0.198610
v 1.855075 10.321825 0.198675
v 1.883648 10.295036 0.198726
v 1.989771 10.318611 0.178940
v 1.906823 10.401558 0.178940
v 1.759272 10.418131 0.191206
v 1.789900 10.409721 0.191298
v 1.999150 10.204609 0.191153
v 1.852818 10.364624 0.194365
v 1.953476 10.266996 0.194259
v 1.759199 10.432856 0.188270
v 1.789857 10.424835 0.188323
v 1.912622 10.296254 0.196735
v 1.884494 10.324074 0.196761
v 2.013852 10.204128 0.188221
v 1.821077 10.397905 0.191387
v 1.759199 10.445374 0.185196
v 1.789881 10.437691 0.185222
v 2.026356 10.203510 0.185158
v 1.987040 10.235312 0.191269
v 1.884195 10.346163 0.194520
v 1.934665 10.296413 0.194487
v 1.759272 10.455376 0.182060
v 1.789961 10.447958 0.182070
v 2.036351 10.202757 0.182040
v 1.820983 10.413635 0.188366
v 2.002456 10.234896 0.188281
v 1.852483 10.383001 0.191472
v 1.971793 10.265660 0.191401
v 1.914120 10.325908 0.194673
v 1.820934 10.427021 0.185237
v 2.015575 10.234327 0.185181
v 1.852120 10.399553 0.188398
v 1.820916 10.437695 0.182074
v 1.883395 10.365489 0.191552
v 2.026042 10.233597 0.182047
v 1.988143 10.265163 0.188347
v 1.953966 10.295467 0.191533
v 1.820923 10.445379 0.178940
v 1.851780 10.413641 0.185239
v 1.912613 10.346163 0.191630
v 1.934377 10.324409 0.191644
v 2.002061 10.264547 0.185206
v 1.882538 10.383004 0.188420
v 1.971381 10.294595 0.188412
v 1.851455 10.424843 0.182070
v 2.013135 10.263804 0.182054
v 1.911084 10.364624 0.188439
v 1.881683 10.397911 0.185232
v 1.952823 10.322885 0.188461
v 1.986207 10.293690 0.185229
v 1.880840 10.409727 0.182060
v 1.997968 10.292757 0.182060
v 1.909589 10.380339 0.185221
v 1.968531 10.321390 0.185242
v 1.908165 10.392763 0.182049
v 1.980960 10.319960 0.182061
v 0.525807 6.378200 -0.185196
v 0.535808 6.368198 -0.182060
v 0.513289 6.390717 -0.188269
v 0.498563 6.405443 -0.191205
v 0.481990 6.422016 -0.193931
v 0.540123 6.360959 -0.178940
v 0.483179 6.420827 0.193810
v -0.535619 6.366920 -0.181509
v 0.000000 10.171206 -0.208577
v 1.790100 7.757471 -0.207841
v 1.759418 7.752612 -0.208577
v 1.820932 7.762354 -0.206824
v 1.851154 7.767141 -0.205550
v 1.880021 7.771714 -0.204053
v 1.906823 7.775959 -0.202367
v -0.000073 10.201885 -0.207841
v -0.000109 10.232718 -0.206824
v -0.000109 10.262939 -0.205551
v 1.759418 7.752612 0.208577
v 1.790097 7.757471 0.207841
v -0.000073 10.291807 -0.204053
v 1.820927 7.762354 0.206824
v 0.000000 10.318611 -0.202367
v 1.347848 7.875761 -0.208577
v 1.201179 8.022430 -0.208577
v 1.201179 8.022430 0.208577
v 1.347848 7.875761 0.208577
v 1.851149 7.767140 0.205551
v 1.532663 7.781593 -0.208577
v 1.532663 7.781593 0.208577
v 1.107011 8.207245 -0.208577
v 1.107011 8.207245 0.208577
v 1.880018 7.771713 0.204053
v 1.906823 7.775959 0.202367
v 1.737531 7.749145 -0.208577
v 1.737531 7.749145 0.208577
v 0.000000 10.462616 0.178940
v 1.074563 8.412113 -0.208577
v 1.107011 8.616982 -0.208577
v 1.107011 8.616982 0.208577
v 1.074563 8.412113 0.208577
v 0.000000 10.401558 0.193931
v -0.000073 10.418132 0.191205
v -0.000109 10.432858 0.188269
v -0.000109 10.445376 0.185195
v -0.000073 10.455378 0.182060
v 1.201179 8.801796 -0.208577
v 1.201179 8.801796 0.208577
v 1.347848 8.948465 -0.208577
v 1.347848 8.948465 0.208577
v 1.532663 9.042633 -0.208577
v 1.532663 9.042633 0.208577
v 0.537086 6.366920 -0.181509
v 0.537086 6.366920 0.181540
v 1.942400 7.781593 -0.198749
v 1.942400 7.781593 0.198749
v 1.074614 8.411787 -0.208577
v 1.074614 8.411787 0.208577
vt 0.383777 0.767762
vt 0.378608 0.767601
vt 0.381432 0.763415
vt 0.377562 0.763671
vt 0.383384 0.763709
vt 0.376388 0.760013
vt 0.385498 0.767717
vt 0.378491 0.758586
vt 0.380106 0.758578
vt 0.376081 0.760875
vt 0.377032 0.763645
vt 0.375000 0.756096
vt 0.377874 0.765933
vt 0.376393 0.763102
vt 0.385891 0.764380
vt 0.375000 0.753238
vt 0.377133 0.764226
vt 0.387302 0.767705
vt 0.375000 0.751634
vt 0.375000 0.757691
vt 0.384189 0.760878
vt 0.375691 0.761619
vt 0.378577 0.744481
vt 0.375000 0.746762
vt 0.375000 0.743904
vt 0.378977 0.746118
vt 0.388462 0.764948
vt 0.375704 0.762499
vt 0.375000 0.750000
vt 0.375000 0.759319
vt 0.375000 0.748366
vt 0.379290 0.747600
vt 0.375000 0.742309
vt 0.377700 0.742197
vt 0.376394 0.762499
vt 0.389143 0.767714
vt 0.387841 0.762274
vt 0.375000 0.762499
vt 0.383333 0.745834
vt 0.380567 0.749651
vt 0.377337 0.740126
vt 0.375000 0.740681
vt 0.382549 0.746518
vt 0.380889 0.742528
vt 0.386089 0.758035
vt 0.375000 0.760929
vt 0.390665 0.765118
vt 0.139540 0.012499
vt 0.141542 0.012499
vt 0.139843 0.014830
vt 0.390976 0.767734
vt 0.142155 0.015161
vt 0.390293 0.762371
vt 0.137499 0.012499
vt 0.137499 0.014507
vt 0.383688 0.748318
vt 0.379682 0.739842
vt 0.385636 0.753616
vt 0.377132 0.737903
vt 0.375000 0.739071
vt 0.383972 0.744725
vt 0.382849 0.742438
vt 0.389739 0.759210
vt 0.375000 0.737501
vt 0.375893 0.735679
vt 0.375000 0.735493
vt 0.392744 0.765256
vt 0.140167 0.017112
vt 0.386663 0.750927
vt 0.379097 0.737347
vt 0.389483 0.755972
vt 0.377280 0.735267
vt 0.392727 0.762683
vt 0.137499 0.016445
vt 0.392762 0.767762
vt 0.142762 0.017762
vt 0.383153 0.739707
vt 0.392719 0.760087
vt 0.376250 0.733118
vt 0.384428 0.742030
vt 0.389787 0.753175
vt 0.378828 0.734813
vt 0.375000 0.733555
vt 0.392730 0.757527
vt 0.377499 0.732676
vt 0.385875 0.744429
vt 0.383551 0.737214
vt 0.392762 0.755056
vt 0.378722 0.732238
vt 0.384863 0.739410
vt 0.386413 0.741875
vt 0.383891 0.982399
vt 0.383840 0.734818
vt 0.402837 0.908658
vt 0.388232 0.744491
vt 0.386472 0.977605
vt 0.427411 0.834924
vt 0.386692 0.739194
vt 0.383891 0.732399
vt 0.385211 0.736922
vt 0.388544 0.741911
vt 0.390689 0.975431
vt 0.390558 0.744671
vt 0.361400 0.012499
vt 0.392031 0.977901
vt 0.386932 0.736687
vt 0.388663 0.739196
vt 0.385477 0.734607
vt 0.390701 0.742124
vt 0.359290 0.015168
vt 0.392762 0.744945
vt 0.392762 0.982238
vt 0.388861 0.736775
vt 0.387244 0.734538
vt 0.390780 0.739548
vt 0.385623 0.732386
vt 0.392761 0.742427
vt 0.389092 0.734556
vt 0.390873 0.737050
vt 0.387406 0.732362
vt 0.392761 0.739856
vt 0.378722 0.982238
vt 0.388768 0.975103
vt 0.390964 0.734644
vt 0.389212 0.732330
vt 0.392763 0.737270
vt 0.452207 0.762499
vt 0.391009 0.732289
vt 0.392764 0.734717
vt 0.357238 0.017762
vt 0.392762 0.732238
vt 0.404663 0.881699
vt 0.407999 0.879654
vt 0.412817 0.812510
vt 0.431768 0.801466
vt 0.429197 0.808455
vt 0.426619 0.739090
vt 0.427372 0.739142
vt 0.406897 0.843910
vt 0.410028 0.812974
vt 0.428425 0.743612
vt 0.457824 0.762499
vt 0.412750 0.531239
vt 0.417849 0.546694
vt 0.456526 0.762499
vt 0.455798 0.762499
vt 0.452889 0.762499
vt 0.421778 0.857335
vt 0.458548 0.762499
vt 0.378459 0.010869
vt 0.373926 0.012499
vt 0.377689 0.012499
vt 0.455056 0.762499
vt 0.453597 0.762499
vt 0.459288 0.762499
vt 0.460732 0.762499
vt 0.371813 0.012499
vt 0.374508 0.012289
vt 0.376536 0.011057
vt 0.379789 0.012499
vt 0.380740 0.011198
vt 0.363377 0.012499
vt 0.361541 0.015187
vt 0.425244 0.868771
vt 0.454321 0.762499
vt 0.460019 0.762499
vt 0.369661 0.012499
vt 0.372431 0.013070
vt 0.381934 0.012499
vt 0.383131 0.010924
vt 0.365430 0.012499
vt 0.363863 0.015214
vt 0.461433 0.762499
vt 0.379166 0.008333
vt 0.377148 0.011306
vt 0.381514 0.009974
vt 0.359780 0.017744
vt 0.426946 0.873882
vt 0.367530 0.012499
vt 0.370472 0.013987
vt 0.384054 0.012499
vt 0.385738 0.010108
vt 0.366277 0.015319
vt 0.386121 0.012499
vt 0.388086 0.010713
vt 0.388155 0.012499
vt 0.375092 0.013002
vt 0.384045 0.009925
vt 0.362365 0.017736
vt 0.462109 0.762499
vt 0.379570 0.011102
vt 0.381986 0.010183
vt 0.368873 0.015745
vt 0.388851 0.008463
vt 0.373156 0.014457
vt 0.386757 0.008811
vt 0.364950 0.017738
vt 0.390996 0.009563
vt 0.390117 0.012499
vt 0.384743 0.010509
vt 0.371450 0.016084
vt 0.389678 0.006769
vt 0.367490 0.017750
vt 0.391882 0.006623
vt 0.382354 0.011606
vt 0.387400 0.010289
vt 0.379882 0.012943
vt 0.369944 0.017762
vt 0.392762 0.003722
vt 0.389984 0.009766
vt 0.385163 0.011521
vt 0.382678 0.012895
vt 0.380077 0.014562
vt 0.392601 0.008891
vt 0.385561 0.012581
vt 0.387824 0.011269
vt 0.382824 0.014402
vt 0.380132 0.016178
vt 0.388214 0.012329
vt 0.385701 0.014008
vt 0.390280 0.010967
vt 0.382756 0.016083
vt 0.380056 0.017762
vt 0.388183 0.014015
vt 0.390405 0.012479
vt 0.385391 0.015982
vt 0.392612 0.010633
vt 0.382568 0.017769
vt 0.390417 0.014199
vt 0.387922 0.015970
vt 0.392635 0.012419
vt 0.385142 0.017771
vt 0.392667 0.014221
vt 0.390343 0.016015
vt 0.387726 0.017770
vt 0.392710 0.016015
vt 0.390283 0.017768
vt 0.392762 0.017762
vt 0.383834 0.625081
vt 0.500069 0.742346
vt 0.385561 0.625048
vt 0.408159 0.282659
vt 0.373591 0.248091
vt 0.500000 0.150000
vt 0.500054 0.739803
vt 0.387354 0.625029
vt 0.451716 0.304853
vt 0.351397 0.204534
vt 0.500038 0.737240
vt 0.389177 0.625017
vt 0.500020 0.734704
vt 0.390993 0.625008
vt 0.500000 0.732238
vt 0.500000 0.312500
vt 0.343750 0.156250
vt 0.351397 0.107966
vt 0.548284 0.304853
vt 0.499919 0.008834
vt 0.382615 0.125111
vt 0.373591 0.751909
vt 0.408159 0.717341
vt 0.500000 0.837500
vt 0.499926 0.010618
vt 0.385152 0.125107
vt 0.451716 0.695147
vt 0.351397 0.795466
vt 0.373591 0.064409
vt 0.591841 0.282659
vt 0.499938 0.012420
vt 0.387722 0.125083
vt 0.488702 0.762499
vt 0.499955 0.014228
vt 0.468259 0.010038
vt 0.390276 0.125046
vt 0.499976 0.016020
vt 0.469414 0.007069
vt 0.500000 0.687500
vt 0.343750 0.843750
vt 0.392762 0.125000
vt 0.470671 0.003680
vt 0.500081 0.744831
vt 0.626409 0.248091
vt 0.351397 0.892034
vt 0.548284 0.695147
vt 0.392762 0.625000
vt 0.464618 0.045685
vt 0.420883 0.046489
vt 0.648603 0.204534
vt 0.373591 0.935591
vt 0.591842 0.717341
vt 0.380170 0.125081
vt 0.535382 0.045685
vt 0.500000 0.045461
vt 0.656250 0.156250
vt 0.626409 0.751908
vt 0.579117 0.046489
vt 0.500000 0.017762
vt 0.648603 0.107966
vt 0.418773 0.954827
vt 0.463674 0.954002
vt 0.648603 0.795466
vt 0.626409 0.064408
vt 0.656250 0.843750
vt 0.500000 0.953771
vt 0.536326 0.954002
vt 0.581227 0.954827
vt 0.648603 0.892034
vt 0.626409 0.935591
vt 0.383777 0.517762
vt 0.607377 0.742265
vt 0.385498 0.517710
vt 0.607347 0.739750
vt 0.387302 0.517695
vt 0.607313 0.737210
vt 0.389142 0.517704
vt 0.607276 0.734691
vt 0.390977 0.517727
vt 0.607238 0.732238
vt 0.607238 0.008777
vt 0.382661 0.232453
vt 0.607241 0.010603
vt 0.385162 0.232443
vt 0.607242 0.012421
vt 0.387718 0.232395
vt 0.607242 0.014235
vt 0.390270 0.232324
vt 0.607242 0.016024
vt 0.392762 0.232238
vt 0.607399 0.744717
vt 0.532921 0.982238
vt 0.607238 0.982238
vt 0.522225 0.873831
vt 0.573042 0.873805
vt 0.532862 0.012499
vt 0.609974 0.012499
vt 0.531829 0.010429
vt 0.609111 0.010905
vt 0.530683 0.007422
vt 0.608249 0.007868
vt 0.392762 0.517762
vt 0.380283 0.232399
vt 0.607238 0.767762
vt 0.607246 0.765259
vt 0.609013 0.767685
vt 0.142762 0.232238
vt 0.141132 0.235852
vt 0.140161 0.232872
vt 0.607257 0.762685
vt 0.609300 0.765060
vt 0.139309 0.235703
vt 0.137499 0.233509
vt 0.607265 0.760090
vt 0.609622 0.762362
vt 0.375000 0.516491
vt 0.375000 0.514529
vt 0.376248 0.516906
vt 0.137499 0.235471
vt 0.607261 0.757529
vt 0.610140 0.759258
vt 0.375784 0.514240
vt 0.377493 0.517330
vt 0.607238 0.755056
vt 0.610461 0.756038
vt 0.376741 0.514237
vt 0.378722 0.517762
vt 0.610830 0.767624
vt 0.139457 0.239562
vt 0.611531 0.764815
vt 0.138496 0.238551
vt 0.612103 0.762210
vt 0.375000 0.512499
vt 0.610285 0.753162
vt 0.377648 0.514105
vt 0.137499 0.237501
vt 0.613461 0.758360
vt 0.375000 0.510904
vt 0.607238 0.017762
vt 0.614545 0.753569
vt 0.375846 0.510867
vt 0.612648 0.767583
vt 0.373042 0.485440
vt 0.374958 0.484359
vt 0.374003 0.486451
vt 0.614105 0.764199
vt 0.375445 0.485958
vt 0.375000 0.487501
vt 0.616070 0.760533
vt 0.613440 0.750886
vt 0.375713 0.487861
vt 0.375000 0.489096
vt 0.376439 0.510244
vt 0.625000 0.750000
vt 0.375000 0.509286
vt 0.381414 0.513402
vt 0.609725 0.744381
vt 0.375000 0.490714
vt 0.357238 0.232238
vt 0.619304 0.749825
vt 0.375000 0.507644
vt 0.614421 0.767572
vt 0.376862 0.483287
vt 0.616630 0.763473
vt 0.607800 0.978462
vt 0.377121 0.485313
vt 0.383372 0.513688
vt 0.619835 0.758499
vt 0.378459 0.508553
vt 0.377295 0.487589
vt 0.616177 0.748438
vt 0.375000 0.506036
vt 0.611991 0.744264
vt 0.625000 0.748366
vt 0.377412 0.490039
vt 0.375000 0.492356
vt 0.625000 0.751634
vt 0.385886 0.514359
vt 0.609328 0.739429
vt 0.380090 0.508556
vt 0.609439 0.741966
vt 0.620721 0.747653
vt 0.378722 0.482238
vt 0.377772 0.492176
vt 0.375000 0.493964
vt 0.611559 0.741800
vt 0.609003 0.976567
vt 0.618576 0.763032
vt 0.378828 0.484766
vt 0.375000 0.503239
vt 0.614172 0.744348
vt 0.621515 0.758321
vt 0.379144 0.487240
vt 0.388462 0.514929
vt 0.617415 0.746590
vt 0.378653 0.494489
vt 0.609213 0.736948
vt 0.375000 0.496761
vt 0.384181 0.510858
vt 0.611400 0.739121
vt 0.375000 0.501635
vt 0.625000 0.746765
vt 0.613633 0.741819
vt 0.379727 0.489766
vt 0.625000 0.753235
vt 0.610853 0.976654
vt 0.379009 0.496113
vt 0.616012 0.744722
vt 0.621007 0.746128
vt 0.380915 0.492487
vt 0.390668 0.515106
vt 0.609088 0.734561
vt 0.387842 0.512259
vt 0.611196 0.736684
vt 0.375000 0.500000
vt 0.613344 0.739130
vt 0.375000 0.498365
vt 0.379284 0.497593
vt 0.615577 0.742011
vt 0.383333 0.495834
vt 0.616667 0.745834
vt 0.622214 0.764109
vt 0.616109 0.767601
vt 0.392744 0.515257
vt 0.608999 0.732241
vt 0.383562 0.487183
vt 0.383166 0.489666
vt 0.302543 0.291280
vt 0.390296 0.512362
vt 0.610959 0.734445
vt 0.382859 0.492403
vt 0.386096 0.508037
vt 0.383891 0.482399
vt 0.623422 0.760352
vt 0.613105 0.736598
vt 0.380544 0.499642
vt 0.615150 0.739345
vt 0.625000 0.743898
vt 0.382540 0.496513
vt 0.617156 0.742419
vt 0.621296 0.744511
vt 0.392727 0.512683
vt 0.610813 0.732241
vt 0.389743 0.509208
vt 0.613315 0.978679
vt 0.612812 0.734399
vt 0.385626 0.503617
vt 0.341539 0.302527
vt 0.614834 0.736794
vt 0.383667 0.498310
vt 0.616911 0.739551
vt 0.619159 0.742460
vt 0.383975 0.494720
vt 0.625000 0.756102
vt 0.383845 0.484806
vt 0.621278 0.767762
vt 0.622275 0.742135
vt 0.384437 0.492011
vt 0.392719 0.510088
vt 0.612642 0.732240
vt 0.389479 0.505975
vt 0.614596 0.734441
vt 0.386646 0.500924
vt 0.616547 0.736943
vt 0.620329 0.739941
vt 0.385883 0.494427
vt 0.625000 0.757712
vt 0.625000 0.742288
vt 0.384873 0.489390
vt 0.392730 0.507527
vt 0.614456 0.732239
vt 0.389778 0.503174
vt 0.616288 0.734516
vt 0.623851 0.761037
vt 0.385218 0.486908
vt 0.622696 0.740069
vt 0.386420 0.491864
vt 0.358122 0.233891
vt 0.622892 0.763769
vt 0.385480 0.484602
vt 0.620968 0.737605
vt 0.360004 0.234589
vt 0.305500 0.290521
vt 0.388243 0.494492
vt 0.574266 0.873573
vt 0.537922 0.762499
vt 0.392762 0.505056
vt 0.616223 0.732238
vt 0.625000 0.759323
vt 0.386698 0.489184
vt 0.625000 0.740677
vt 0.622051 0.766025
vt 0.362874 0.234296
vt 0.310864 0.287386
vt 0.611976 0.012499
vt 0.385622 0.482386
vt 0.538612 0.762499
vt 0.624305 0.761674
vt 0.386935 0.486683
vt 0.246280 0.352007
vt 0.366260 0.233452
vt 0.334902 0.265154
vt 0.611227 0.103503
vt 0.622896 0.737963
vt 0.388550 0.491905
vt 0.621269 0.735109
vt 0.390565 0.494672
vt 0.623573 0.763102
vt 0.247246 0.353023
vt 0.575744 0.874078
vt 0.387245 0.484537
vt 0.616223 0.982238
vt 0.378722 0.267762
vt 0.369944 0.232238
vt 0.345103 0.257508
vt 0.610714 0.082257
vt 0.625000 0.760916
vt 0.248245 0.354075
vt 0.388667 0.489193
vt 0.614017 0.012499
vt 0.625000 0.739084
vt 0.622835 0.764262
vt 0.539316 0.762499
vt 0.387403 0.482363
vt 0.354278 0.251042
vt 0.625000 0.762499
vt 0.266219 0.372995
vt 0.265253 0.371979
vt 0.303893 0.337742
vt 0.388862 0.486774
vt 0.321717 0.280625
vt 0.613184 0.350039
vt 0.621392 0.732399
vt 0.392762 0.494944
vt 0.622793 0.735386
vt 0.390704 0.492122
vt 0.264254 0.370927
vt 0.287863 0.350128
vt 0.578334 0.877719
vt 0.624299 0.762499
vt 0.389092 0.484556
vt 0.324195 0.281557
vt 0.613419 0.125935
vt 0.610401 0.039704
vt 0.607399 0.003608
vt 0.624118 0.735700
vt 0.625000 0.737501
vt 0.249266 0.355150
vt 0.390783 0.489546
vt 0.616085 0.012499
vt 0.623622 0.762499
vt 0.263233 0.369852
vt 0.540029 0.762499
vt 0.389211 0.482331
vt 0.340433 0.268388
vt 0.862501 0.012499
vt 0.862501 0.014514
vt 0.860467 0.012499
vt 0.613177 0.054668
vt 0.390874 0.487049
vt 0.250302 0.356241
vt 0.618205 0.012499
vt 0.625000 0.735486
vt 0.622573 0.732776
vt 0.392761 0.492427
vt 0.621392 0.982399
vt 0.860157 0.014829
vt 0.858505 0.012499
vt 0.314066 0.325233
vt 0.584913 0.892238
vt 0.390965 0.484644
vt 0.609654 0.015071
vt 0.373445 0.241385
vt 0.299726 0.309673
vt 0.616733 0.033040
vt 0.623782 0.733147
vt 0.392761 0.489855
vt 0.384932 0.268248
vt 0.262197 0.368761
vt 0.284935 0.349025
vt 0.559296 0.814820
vt 0.540760 0.762499
vt 0.857864 0.015165
vt 0.391010 0.482289
vt 0.862501 0.016491
vt 0.392763 0.487270
vt 0.625000 0.733509
vt 0.332498 0.280331
vt 0.615939 0.028605
vt 0.251352 0.357346
vt 0.620319 0.012499
vt 0.261147 0.367656
vt 0.541489 0.762499
vt 0.859839 0.017130
vt 0.392764 0.484716
vt 0.612245 0.019858
vt 0.597317 0.909108
vt 0.609531 0.013415
vt 0.334678 0.305637
vt 0.590837 0.903784
vt 0.366578 0.250169
vt 0.379044 0.238245
vt 0.857238 0.017762
vt 0.296972 0.315706
vt 0.392762 0.482238
vt 0.619186 0.021213
vt 0.386620 0.268340
vt 0.566321 0.829515
vt 0.296687 0.337158
vt 0.612001 0.015817
vt 0.609452 0.013552
vt 0.615045 0.019223
vt 0.383599 0.236326
vt 0.374256 0.245071
vt 0.360338 0.258270
vt 0.341328 0.276465
vt 0.618405 0.018448
vt 0.622432 0.012499
vt 0.252380 0.358428
vt 0.542218 0.762499
vt 0.260119 0.366574
vt 0.547810 0.762499
vt 0.614729 0.016558
vt 0.611691 0.013920
vt 0.609481 0.014595
vt 0.368403 0.252833
vt 0.621549 0.013716
vt 0.307755 0.308988
vt 0.382462 0.239787
vt 0.387115 0.235396
vt 0.617955 0.015734
vt 0.359226 0.261634
vt 0.347849 0.295501
vt 0.383777 0.267762
vt 0.569270 0.798707
vt 0.388603 0.268214
vt 0.543515 0.762499
vt 0.620834 0.008333
vt 0.617621 0.015885
vt 0.379166 0.245834
vt 0.362581 0.260475
vt 0.614388 0.014856
vt 0.306249 0.327582
vt 0.611749 0.014490
vt 0.377682 0.246592
vt 0.609595 0.016170
vt 0.386905 0.238038
vt 0.623524 0.012102
vt 0.389977 0.235050
vt 0.640727 0.015164
vt 0.254172 0.360314
vt 0.309250 0.310013
vt 0.620445 0.012975
vt 0.361430 0.263660
vt 0.626195 0.012499
vt 0.617332 0.015404
vt 0.371378 0.254718
vt 0.614288 0.014680
vt 0.385067 0.242188
vt 0.592892 0.872671
vt 0.612029 0.016208
vt 0.390687 0.268002
vt 0.258327 0.364688
vt 0.389631 0.237867
vt 0.392712 0.234751
vt 0.572702 0.835471
vt 0.344292 0.280633
vt 0.622897 0.012108
vt 0.609718 0.017777
vt 0.642762 0.017762
vt 0.620131 0.014564
vt 0.364742 0.262951
vt 0.617197 0.015619
vt 0.379752 0.249495
vt 0.614591 0.016322
vt 0.301326 0.320232
vt 0.625586 0.012920
vt 0.388621 0.241313
vt 0.392676 0.237333
vt 0.612273 0.017786
vt 0.257297 0.363604
vt 0.544239 0.762499
vt 0.255202 0.361398
vt 0.628293 0.012499
vt 0.619937 0.015592
vt 0.374552 0.256587
vt 0.317511 0.318136
vt 0.617254 0.016585
vt 0.386741 0.245542
vt 0.340691 0.287890
vt 0.572430 0.730653
vt 0.614860 0.017788
vt 0.624952 0.013736
vt 0.392658 0.239936
vt 0.357377 0.288453
vt 0.587131 0.808935
vt 0.307406 0.318315
vt 0.627670 0.013352
vt 0.638648 0.012499
vt 0.619880 0.016665
vt 0.384149 0.250351
vt 0.617432 0.017781
vt 0.392674 0.242497
vt 0.256250 0.362501
vt 0.544975 0.762499
vt 0.630429 0.012499
vt 0.353220 0.290262
vt 0.357539 0.277904
vt 0.587331 0.531252
vt 0.626874 0.014925
vt 0.370199 0.279274
vt 0.573171 0.744350
vt 0.619944 0.017762
vt 0.392762 0.244944
vt 0.348201 0.288737
vt 0.629592 0.014178
vt 0.392762 0.267762
vt 0.358123 0.284467
vt 0.545705 0.762499
vt 0.375777 0.266181
vt 0.632544 0.012499
vt 0.376484 0.273026
vt 0.546418 0.762499
vt 0.381343 0.271688
vt 0.628571 0.016282
vt 0.547121 0.762499
vt 0.373626 0.270854
vt 0.631161 0.015818
vt 0.392762 0.255056
vt 0.377740 0.270529
vt 0.634611 0.012499
vt 0.633750 0.015348
vt 0.383786 0.268521
vt 0.636650 0.012499
vt 0.636130 0.015227
vt 0.387334 0.268266
vt 0.630056 0.017762
vt 0.638454 0.015190
vt 0.392341 0.257893
vt 0.632511 0.017751
vt 0.392208 0.260570
vt 0.621355 0.661901
vt 0.635053 0.017738
vt 0.392297 0.263089
vt 0.637635 0.017735
vt 0.392504 0.265483
vt 0.640221 0.017743
vt 0.622551 0.661516
vt 0.623773 0.661188
vt 0.862501 0.089075
vt 0.859839 0.089562
vt 0.467425 0.765257
vt 0.468030 0.762684
vt 0.512500 0.312500
vt 0.525000 0.312500
vt 0.525000 0.688440
vt 0.512500 0.688440
vt 0.468791 0.760088
vt 0.469692 0.757528
vt 0.500069 0.492346
vt 0.470712 0.755056
vt 0.537500 0.312500
vt 0.537500 0.688440
vt 0.500000 0.312500
vt 0.500000 0.688440
vt 0.500054 0.489803
vt 0.500038 0.487240
vt 0.500020 0.484704
vt 0.500000 0.482238
vt 0.500000 0.232238
vt 0.630130 0.088080
vt 0.632963 0.089005
vt 0.500019 0.234738
vt 0.635764 0.089738
vt 0.638415 0.090198
vt 0.467168 0.982238
vt 0.467168 0.767762
vt 0.640768 0.090276
vt 0.500037 0.237303
vt 0.625000 0.660925
vt 0.550000 0.312500
vt 0.550000 0.688440
vt 0.487500 0.312500
vt 0.487500 0.688440
vt 0.500053 0.239882
vt 0.857238 0.089957
vt 0.500066 0.242413
vt 0.142762 0.125000
vt 0.140164 0.124992
vt 0.137499 0.124977
vt 0.375000 0.625023
vt 0.376249 0.625012
vt 0.377496 0.625003
vt 0.378722 0.625000
vt 0.477792 0.873855
vt 0.500081 0.494830
vt 0.467237 0.012499
vt 0.475000 0.312500
vt 0.475000 0.688440
vt 0.562500 0.312500
vt 0.562500 0.688440
vt 0.642762 0.089956
vt 0.357238 0.125000
vt 0.500081 0.244830
vt 0.358951 0.125817
vt 0.361185 0.126162
vt 0.363912 0.126017
vt 0.575000 0.312500
vt 0.575000 0.688440
vt 0.477746 0.892212
vt 0.366875 0.125601
vt 0.369944 0.125000
vt 0.390644 0.047355
vt 0.587500 0.312500
vt 0.587500 0.688440
vt 0.425000 0.403694
vt 0.423664 0.403694
vt 0.425000 0.507042
vt 0.421793 0.403876
vt 0.423665 0.507042
vt 0.419912 0.404128
vt 0.421792 0.506860
vt 0.607377 0.492265
vt 0.418068 0.404443
vt 0.419911 0.506607
vt 0.607347 0.489751
vt 0.499891 0.045462
vt 0.607313 0.487210
vt 0.416306 0.404815
vt 0.418067 0.506292
vt 0.607276 0.484691
vt 0.607238 0.482238
vt 0.414671 0.405232
vt 0.416306 0.505921
vt 0.412500 0.406129
vt 0.414671 0.505503
vt 0.607238 0.232238
vt 0.393549 0.955549
vt 0.607327 0.234725
vt 0.607399 0.237273
vt 0.412500 0.504607
vt 0.607448 0.239828
vt 0.607457 0.242330
vt 0.600000 0.312500
vt 0.600000 0.688440
vt 0.622529 0.588382
vt 0.621316 0.588040
vt 0.622508 0.517316
vt 0.623763 0.588677
vt 0.623754 0.516879
vt 0.625000 0.588912
vt 0.625000 0.516451
vt 0.859838 0.160542
vt 0.862501 0.161088
vt 0.859838 0.232892
vt 0.857238 0.160083
vt 0.857238 0.232238
vt 0.607399 0.494717
vt 0.500000 0.625000
vt 0.609356 0.047355
vt 0.499914 0.953772
vt 0.621278 0.517762
vt 0.633882 0.233659
vt 0.630209 0.161941
vt 0.633429 0.162291
vt 0.612500 0.312500
vt 0.612500 0.688440
vt 0.637192 0.234491
vt 0.636481 0.162410
vt 0.639972 0.234679
vt 0.639191 0.162173
vt 0.641304 0.161396
vt 0.641851 0.233931
vt 0.642762 0.160083
vt 0.642762 0.232238
vt 0.862501 0.233549
vt 0.607399 0.244717
vt 0.609314 0.515106
vt 0.607238 0.517762
vt 0.607246 0.515258
vt 0.609025 0.517726
vt 0.607257 0.512684
vt 0.611551 0.514905
vt 0.610859 0.517702
vt 0.609632 0.512388
vt 0.607265 0.510089
vt 0.612700 0.517693
vt 0.610147 0.509251
vt 0.614137 0.514329
vt 0.612112 0.512264
vt 0.607260 0.507528
vt 0.614502 0.517710
vt 0.610443 0.506022
vt 0.616660 0.513664
vt 0.613493 0.508316
vt 0.616072 0.510615
vt 0.607238 0.505056
vt 0.616223 0.517762
vt 0.610254 0.503165
vt 0.618526 0.513471
vt 0.614477 0.503567
vt 0.619814 0.508658
vt 0.625000 0.500000
vt 0.613379 0.500898
vt 0.621411 0.508705
vt 0.619208 0.499838
vt 0.625000 0.501651
vt 0.609717 0.494381
vt 0.625000 0.498349
vt 0.623516 0.510332
vt 0.611969 0.494268
vt 0.616110 0.498453
vt 0.625000 0.503267
vt 0.620635 0.497653
vt 0.625000 0.312500
vt 0.625000 0.688440
vt 0.625000 0.496733
vt 0.622320 0.514158
vt 0.630283 0.232399
vt 0.625000 0.506079
vt 0.614139 0.494354
vt 0.623261 0.514238
vt 0.617371 0.496596
vt 0.620925 0.496120
vt 0.609435 0.491964
vt 0.624238 0.514197
vt 0.624117 0.510958
vt 0.615984 0.494726
vt 0.621258 0.494520
vt 0.609327 0.489427
vt 0.625000 0.493921
vt 0.611548 0.491797
vt 0.625000 0.514508
vt 0.616667 0.495834
vt 0.609213 0.486946
vt 0.625000 0.507691
vt 0.625000 0.510921
vt 0.613615 0.491814
vt 0.611397 0.489118
vt 0.860716 0.235728
vt 0.609089 0.484560
vt 0.622268 0.492134
vt 0.862501 0.235492
vt 0.615559 0.492003
vt 0.625000 0.492309
vt 0.625000 0.512499
vt 0.625000 0.509306
vt 0.611195 0.486682
vt 0.613336 0.489123
vt 0.858875 0.235861
vt 0.609001 0.482241
vt 0.619156 0.492456
vt 0.617153 0.492402
vt 0.861510 0.238545
vt 0.622695 0.490047
vt 0.610960 0.484444
vt 0.615140 0.489332
vt 0.862501 0.237501
vt 0.625000 0.490694
vt 0.625000 0.487501
vt 0.625000 0.489079
vt 0.624349 0.487890
vt 0.613102 0.486592
vt 0.860538 0.239567
vt 0.610815 0.482241
vt 0.620325 0.489919
vt 0.616905 0.489523
vt 0.625991 0.486457
vt 0.624565 0.485986
vt 0.622774 0.487660
vt 0.614829 0.486781
vt 0.612812 0.484396
vt 0.620935 0.487504
vt 0.626963 0.485435
vt 0.625067 0.484407
vt 0.616541 0.486912
vt 0.612645 0.482240
vt 0.622963 0.485433
vt 0.614594 0.484434
vt 0.621291 0.485079
vt 0.623202 0.483392
vt 0.616287 0.484500
vt 0.614456 0.482239
vt 0.621392 0.482399
vt 0.616223 0.482238
vt 0.609754 0.232276
vt 0.606451 0.955549
vt 0.607238 0.267762
vt 0.697333 0.291213
vt 0.610091 0.234972
vt 0.612342 0.232307
vt 0.500000 0.125000
vt 0.753659 0.352071
vt 0.612959 0.235283
vt 0.610467 0.237779
vt 0.696155 0.337706
vt 0.614947 0.232324
vt 0.613389 0.268347
vt 0.616528 0.236242
vt 0.611443 0.241158
vt 0.613161 0.237956
vt 0.658499 0.302521
vt 0.615061 0.268241
vt 0.617507 0.232313
vt 0.620979 0.238057
vt 0.613430 0.245427
vt 0.617531 0.239691
vt 0.615007 0.242140
vt 0.619944 0.232238
vt 0.626197 0.240714
vt 0.609325 0.268010
vt 0.625423 0.244735
vt 0.620570 0.249632
vt 0.622277 0.246538
vt 0.616588 0.250479
vt 0.633289 0.249962
vt 0.624650 0.266542
vt 0.646416 0.253128
vt 0.625771 0.256466
vt 0.631112 0.252489
vt 0.628888 0.254970
vt 0.733842 0.372931
vt 0.607238 0.255056
vt 0.643008 0.278364
vt 0.659853 0.270585
vt 0.640222 0.258916
vt 0.634493 0.262149
vt 0.637231 0.260457
vt 0.621278 0.267762
vt 0.616223 0.267762
vt 0.607629 0.257875
vt 0.625570 0.270203
vt 0.655012 0.260558
vt 0.657407 0.286435
vt 0.668950 0.282615
vt 0.607741 0.260537
vt 0.621266 0.269720
vt 0.640698 0.261775
vt 0.638213 0.263427
vt 0.666384 0.270373
vt 0.652590 0.289336
vt 0.607651 0.263056
vt 0.615587 0.268014
vt 0.688443 0.287667
vt 0.673983 0.284211
vt 0.654239 0.279406
vt 0.659729 0.277731
vt 0.607466 0.265465
vt 0.612531 0.268151
vt 0.694577 0.290922
vt 0.637722 0.281171
vt 0.674988 0.290431
vt 0.689529 0.315813
vt 0.702454 0.312638
vt 0.620834 0.245834
vt 0.623031 0.272604
vt 0.751715 0.354118
vt 0.743751 0.362501
vt 0.618773 0.271755
vt 0.697589 0.319353
vt 0.752703 0.353077
vt 0.749681 0.356258
vt 0.703619 0.316620
vt 0.611413 0.268227
vt 0.649097 0.291969
vt 0.690770 0.310189
vt 0.691613 0.308631
vt 0.750710 0.355176
vt 0.744802 0.361394
vt 0.748652 0.357341
vt 0.629811 0.279226
vt 0.734798 0.371925
vt 0.712855 0.350698
vt 0.735786 0.370884
vt 0.736791 0.369826
vt 0.745833 0.360309
vt 0.681681 0.317569
vt 0.747625 0.358423
vt 0.713906 0.347986
vt 0.737820 0.368744
vt 0.742699 0.363608
vt 0.738849 0.367661
vt 0.642796 0.288561
vt 0.685921 0.325186
vt 0.741668 0.364693
vt 0.692564 0.326714
vt 0.739876 0.366579
vt 0.702418 0.336413
vt 0.651761 0.295252
vt 0.664562 0.304981
vt 0.532057 0.762684
vt 0.532663 0.765258
vt 0.531296 0.760089
vt 0.530396 0.757528
vt 0.529378 0.755056
vt 0.532921 0.767762
vt 0.511332 0.762499
vt 0.529450 0.003649
vt 0.467349 0.765699
vt 0.500000 0.517762
vt 0.609007 0.664878
vt 0.607238 0.665177
vt 0.610828 0.664576
vt 0.612660 0.664281
vt 0.614470 0.664003
vt 0.616223 0.663754
vt 0.499995 0.515257
vt 0.499992 0.512684
vt 0.499992 0.510088
vt 0.607238 0.084823
vt 0.609729 0.085144
vt 0.499995 0.507528
vt 0.612295 0.085459
vt 0.500000 0.505056
vt 0.525000 0.403694
vt 0.512500 0.403694
vt 0.512500 0.507042
vt 0.525000 0.507042
vt 0.614887 0.085757
vt 0.537500 0.403694
vt 0.537500 0.507042
vt 0.500000 0.403694
vt 0.500000 0.507042
vt 0.617456 0.086027
vt 0.619944 0.086246
vt 0.550000 0.403694
vt 0.550000 0.507042
vt 0.500000 0.267762
vt 0.487500 0.403694
vt 0.475000 0.403694
vt 0.475000 0.507042
vt 0.487500 0.507042
vt 0.500000 0.255056
vt 0.499985 0.257884
vt 0.499974 0.260554
vt 0.499974 0.263072
vt 0.499985 0.265474
vt 0.462500 0.403694
vt 0.462500 0.507042
vt 0.450000 0.403694
vt 0.450000 0.507042
vt 0.437500 0.403694
vt 0.437500 0.507042
vt 0.607238 0.584783
vt 0.609017 0.585058
vt 0.610844 0.585341
vt 0.612682 0.585626
vt 0.532740 0.765700
vt 0.614487 0.585915
vt 0.616223 0.586206
vt 0.609743 0.164958
vt 0.607238 0.165217
vt 0.612320 0.164687
vt 0.614919 0.164407
vt 0.617483 0.164116
vt 0.619944 0.163794
vt 0.527848 0.891495
vt 0.618391 0.663411
vt 0.624281 0.086589
vt 0.618391 0.586550
vt 0.624281 0.163451
vt 0.487520 0.403694
vt 0.487520 0.507042
vt 0.500017 0.752952
vt 0.490895 0.752952
vt 0.479584 0.752952
vt 0.471764 0.752952
vt 0.456333 0.312500
vt 0.462500 0.312500
vt 0.462500 0.326075
vt 0.462391 0.325548
vt 0.461539 0.322545
vt 0.460472 0.319602
vt 0.459217 0.316791
vt 0.457804 0.314181
vt 0.472515 0.005525
vt 0.479038 0.005525
vt 0.490650 0.005525
vt 0.500023 0.005525
vt 0.387500 0.312500
vt 0.393667 0.312500
vt 0.392196 0.314181
vt 0.390783 0.316791
vt 0.389528 0.319602
vt 0.388461 0.322545
vt 0.387609 0.325548
vt 0.387500 0.326075
vt 0.462500 0.688440
vt 0.462500 0.673680
vt 0.462903 0.671204
vt 0.462903 0.328535
vt 0.528326 0.752952
vt 0.520506 0.752952
vt 0.509195 0.752952
vt 0.500045 0.752952
vt 0.375000 0.312500
vt 0.387097 0.328535
vt 0.387097 0.671204
vt 0.387500 0.673694
vt 0.387500 0.688440
vt 0.375000 0.688440
vt 0.500045 0.005525
vt 0.509439 0.005525
vt 0.521051 0.005525
vt 0.527575 0.005525
vt 0.565499 0.625000
vt 0.567473 0.637467
vt 0.573213 0.648732
vt 0.582153 0.657671
vt 0.593417 0.663411
vt 0.605904 0.665389
vt 0.455283 0.688440
vt 0.457862 0.685493
vt 0.459259 0.682902
vt 0.460499 0.680108
vt 0.461554 0.677177
vt 0.462397 0.674184
vt 0.605904 0.084611
vt 0.593417 0.086589
vt 0.582153 0.092329
vt 0.573213 0.101268
vt 0.567473 0.112533
vt 0.565499 0.125000
vt 0.394717 0.688440
vt 0.387598 0.674177
vt 0.388433 0.677162
vt 0.389478 0.680082
vt 0.390707 0.682864
vt 0.392094 0.685443
vt 0.605904 0.584572
vt 0.593417 0.586549
vt 0.582152 0.592289
vt 0.573213 0.601229
vt 0.567473 0.612493
vt 0.565496 0.624980
vt 0.565496 0.125020
vt 0.567473 0.137507
vt 0.573213 0.148771
vt 0.582153 0.157711
vt 0.593417 0.163451
vt 0.605904 0.165428
vt 0.562500 0.504607
vt 0.565745 0.503398
vt 0.566856 0.502727
vt 0.567841 0.502003
vt 0.568679 0.501245
vt 0.569349 0.500470
vt 0.569833 0.499699
vt 0.569833 0.411036
vt 0.569353 0.410267
vt 0.568690 0.409495
vt 0.567862 0.408740
vt 0.566887 0.408020
vt 0.565789 0.407354
vt 0.562500 0.406129
vt 0.409255 0.407338
vt 0.408144 0.408009
vt 0.407158 0.408732
vt 0.406321 0.409491
vt 0.405651 0.410265
vt 0.405166 0.411036
vt 0.405166 0.499699
vt 0.405647 0.500468
vt 0.406309 0.501241
vt 0.407138 0.501996
vt 0.408112 0.502715
vt 0.409211 0.503382
vt 0.560329 0.405232
vt 0.558694 0.404815
vt 0.556933 0.404444
vt 0.555089 0.404128
vt 0.553207 0.403876
vt 0.551335 0.403694
vt 0.551335 0.507042
vt 0.553207 0.506860
vt 0.555088 0.506608
vt 0.556932 0.506292
vt 0.558694 0.505921
vt 0.560329 0.505503
vn -0.290000 -0.323280 -0.900772
vn -0.672373 -0.740131 -0.010985
vn -0.740660 -0.671794 -0.010760
vn -0.319392 -0.288465 -0.902650
vn -0.175195 -0.308135 -0.935072
vn -0.487630 -0.872808 -0.020562
vn -0.240659 -0.215440 -0.946398
vn -0.216194 -0.245970 -0.944859
vn -0.138230 -0.238991 -0.961133
vn -0.230729 -0.129987 -0.964296
vn -0.303072 -0.168299 -0.937989
vn -0.194556 -0.170143 -0.966022
vn -0.170711 -0.199743 -0.964863
vn -0.310310 -0.141583 -0.940033
vn -0.873006 -0.487378 -0.017971
vn -0.909465 -0.415372 -0.018462
vn -0.148172 -0.315685 -0.937223
vn -0.415543 -0.909339 -0.020662
vn -0.115974 -0.196760 -0.973568
vn -0.188803 -0.109224 -0.975922
vn -0.118047 -0.245452 -0.962195
vn -0.238669 -0.112024 -0.964618
vn -0.166387 -0.137373 -0.976445
vn -0.137414 -0.168843 -0.976017
vn -0.122662 -0.324983 -0.937731
vn -0.342784 -0.939195 -0.020287
vn -0.320993 -0.116918 -0.939837
vn -0.939265 -0.342676 -0.018822
vn -0.099490 -0.201387 -0.974446
vn -0.195124 -0.094901 -0.976177
vn -0.099947 -0.167247 -0.980836
vn -0.163100 -0.096793 -0.981850
vn -0.098371 -0.253267 -0.962382
vn -0.248315 -0.093479 -0.964158
vn -0.099146 -0.099538 -0.990082
vn -0.085704 -0.169832 -0.981739
vn -0.166530 -0.083488 -0.982495
vn -0.073029 -0.124390 -0.989542
vn -0.124595 -0.073520 -0.989480
vn -0.082935 -0.207060 -0.974807
vn -0.202315 -0.079372 -0.976099
vn -0.096077 -0.333995 -0.937666
vn -0.267141 -0.963455 -0.019770
vn -0.331779 -0.091274 -0.938931
vn -0.963485 -0.267086 -0.019036
vn -0.077118 -0.260539 -0.962378
vn -0.257894 -0.073192 -0.963397
vn -0.057966 -0.117809 -0.991343
vn -0.118609 -0.058668 -0.991206
vn -0.071107 -0.173275 -0.982303
vn -0.170681 -0.069434 -0.982877
vn -0.059126 -0.081190 -0.994943
vn -0.081302 -0.060552 -0.994849
vn -0.064592 -0.212171 -0.975096
vn -0.209566 -0.061930 -0.975831
vn -0.060185 -0.062022 -0.996259
vn -0.002018 -0.341080 -0.940032
vn -0.005697 -0.999783 -0.020020
vn -0.341521 -0.001329 -0.939873
vn -0.999796 -0.003988 -0.019779
vn -0.045490 -0.114779 -0.992349
vn -0.115513 -0.045771 -0.992251
vn -0.054756 -0.176391 -0.982796
vn -0.174920 -0.053588 -0.983123
vn -0.001612 -0.265732 -0.964046
vn -0.265900 -0.001066 -0.964000
vn -0.087176 -0.051922 -0.994839
vn -0.001331 -0.215339 -0.976539
vn -0.215386 -0.000900 -0.976529
vn -0.033224 -0.113142 -0.993023
vn -0.113385 -0.033114 -0.992999
vn -0.001105 -0.177963 -0.984037
vn -0.177955 -0.000775 -0.984038
vn -0.058786 -0.053321 -0.996846
vn -0.049950 -0.086682 -0.994983
vn -0.050880 -0.060965 -0.996842
vn -0.089942 -0.041857 -0.995067
vn -0.000455 -0.109422 -0.993995
vn -0.111170 -0.000413 -0.993801
vn -0.671796 -0.740658 0.010761
vn -0.487376 -0.873007 0.017970
vn -0.091287 -0.030782 -0.995349
vn -0.872807 -0.487632 0.020562
vn -0.740134 -0.672370 0.010986
vn -0.049475 -0.051754 -0.997434
vn -0.057247 -0.043140 -0.997428
vn -0.040459 -0.089345 -0.995179
vn -0.041305 -0.059602 -0.997367
vn -0.415370 -0.909465 0.018461
vn -0.909338 -0.415545 0.020663
vn -0.939195 -0.342785 0.020288
vn -0.091854 -0.000433 -0.995772
vn -0.342675 -0.939265 0.018822
vn -0.047812 -0.041829 -0.997980
vn -0.039909 -0.049987 -0.997952
vn -0.056390 -0.031957 -0.997897
vn -0.030119 -0.090834 -0.995411
vn -0.031138 -0.058233 -0.997817
vn -0.963455 -0.267140 0.019771
vn -0.267086 -0.963485 0.019037
vn -0.038332 -0.040221 -0.998455
vn -0.046477 -0.031321 -0.998428
vn -0.030077 -0.048284 -0.998381
vn -0.999792 -0.003983 0.020006
vn -0.056579 -0.000446 -0.998398
vn -0.000424 -0.091453 -0.995809
vn -0.000462 -0.056915 -0.998379
vn -0.005705 -0.999790 0.019702
vn -0.037101 -0.030265 -0.998853
vn -0.028891 -0.038723 -0.998832
vn -0.046256 -0.000437 -0.998930
vn -0.000443 -0.046647 -0.998911
vn -0.028013 -0.029281 -0.999179
vn -0.036941 -0.000428 -0.999317
vn -0.000421 -0.037303 -0.999304
vn -0.028083 -0.000418 -0.999606
vn -0.000405 -0.028346 -0.999598
vn -0.000408 -0.000408 -1.000000
vn -0.323292 -0.290010 0.900765
vn -0.288483 -0.319408 0.902638
vn -0.308136 -0.175197 0.935071
vn -0.215442 -0.240658 0.946398
vn -0.245967 -0.216190 0.944861
vn -0.315677 -0.148168 0.937227
vn -0.238989 -0.138229 0.961133
vn -0.141581 -0.310315 0.940032
vn -0.168304 -0.303078 0.937986
vn -0.129988 -0.230731 0.964296
vn -0.170148 -0.194555 0.966022
vn -0.199742 -0.170710 0.964863
vn -0.245450 -0.118045 0.962195
vn -0.112016 -0.238659 0.964621
vn -0.196765 -0.115977 0.973567
vn -0.324978 -0.122661 0.937733
vn -0.116916 -0.320987 0.939840
vn -0.109222 -0.188800 0.975923
vn -0.137380 -0.166389 0.976443
vn -0.168845 -0.137417 0.976016
vn -0.201390 -0.099492 0.974445
vn -0.253268 -0.098372 0.962382
vn -0.094896 -0.195118 0.976178
vn -0.093471 -0.248299 0.964163
vn -0.167248 -0.099947 0.980836
vn -0.096793 -0.163097 0.981851
vn -0.333990 -0.096076 0.937667
vn -0.091275 -0.331769 0.938935
vn -0.207058 -0.082935 0.974807
vn -0.079366 -0.202304 0.976102
vn -0.169837 -0.085705 0.981738
vn -0.083483 -0.166529 0.982496
vn -0.260543 -0.077119 0.962377
vn -0.073195 -0.257878 0.963401
vn -0.099541 -0.099145 0.990082
vn -0.124389 -0.073028 0.989542
vn -0.073524 -0.124594 0.989480
vn -0.341197 -0.001418 0.939991
vn -0.001915 -0.342473 0.939526
vn -0.173276 -0.071108 0.982303
vn -0.069432 -0.170679 0.982877
vn -0.212172 -0.064592 0.975095
vn -0.061935 -0.209557 0.975833
vn -0.117808 -0.057965 0.991343
vn -0.058667 -0.118609 0.991206
vn -0.265855 -0.001141 0.964012
vn -0.001539 -0.266672 0.963786
vn -0.081189 -0.059126 0.994944
vn -0.060552 -0.081297 0.994849
vn -0.176388 -0.054755 0.982797
vn -0.053596 -0.174917 0.983123
vn -0.114780 -0.045490 0.992349
vn -0.045771 -0.115515 0.992251
vn -0.215438 -0.000951 0.976517
vn -0.001297 -0.215917 0.976411
vn -0.062022 -0.060185 0.996259
vn -0.051921 -0.087173 0.994839
vn -0.113141 -0.033223 0.993023
vn -0.033116 -0.113384 0.992999
vn -0.178044 -0.000799 0.984022
vn -0.001109 -0.178238 0.983987
vn -0.041856 -0.089942 0.995067
vn -0.053321 -0.058786 0.996846
vn -0.086681 -0.049950 0.994983
vn -0.060965 -0.050880 0.996842
vn -0.111470 -0.000413 0.993768
vn -0.000472 -0.109423 0.993995
vn -0.030783 -0.091287 0.995349
vn -0.051755 -0.049475 0.997434
vn -0.043140 -0.057248 0.997428
vn -0.089345 -0.040459 0.995179
vn -0.059602 -0.041306 0.997367
vn -0.000464 -0.091186 0.995834
vn -0.041829 -0.047812 0.997980
vn -0.049986 -0.039909 0.997952
vn -0.031958 -0.056390 0.997897
vn -0.090833 -0.030119 0.995411
vn -0.058233 -0.031139 0.997817
vn -0.040221 -0.038333 0.998455
vn -0.031321 -0.046478 0.998428
vn -0.048284 -0.030077 0.998381
vn -0.000446 -0.056579 0.998398
vn -0.091857 -0.000407 0.995772
vn -0.056916 -0.000462 0.998379
vn -0.030265 -0.037101 0.998853
vn -0.038724 -0.028891 0.998832
vn -0.000437 -0.046256 0.998930
vn -0.046647 -0.000443 0.998911
vn -0.000428 -0.036942 0.999317
vn -0.029281 -0.028013 0.999179
vn -0.037302 -0.000421 0.999304
vn -0.000418 -0.028085 0.999605
vn -0.028346 -0.000405 0.999598
vn -0.000408 -0.000408 1.000000
vn -0.091904 0.000004 -0.995768
vn -0.056721 0.000018 -0.998390
vn -0.000018 -0.056720 -0.998390
vn -0.000005 -0.091497 -0.995805
vn -0.046422 0.000015 -0.998922
vn 0.000000 0.000000 -1.000000
vn 0.000000 0.000000 -1.000000
vn 0.000000 0.000000 -1.000000
vn -0.000015 -0.046422 -0.998922
vn -0.037093 0.000010 -0.999312
vn 0.000000 0.000000 -1.000000
vn 0.000000 0.000000 -1.000000
vn -0.000010 -0.037093 -0.999312
vn -0.028186 0.000004 -0.999603
vn -0.000004 -0.028187 -0.999603
vn -0.000406 0.000000 -1.000000
vn -0.000000 -0.000430 -1.000000
vn 0.000000 0.000000 -1.000000
vn 0.000000 0.000000 -1.000000
vn 0.000000 0.000000 -1.000000
vn 0.000000 0.000000 -1.000000
vn 0.000005 -0.091265 0.995827
vn 0.000018 -0.056722 0.998390
vn -0.056721 -0.000018 0.998390
vn -0.091904 -0.000004 0.995768
vn 0.000000 0.000000 1.000000
vn 0.000000 0.000000 1.000000
vn 0.000000 0.000000 1.000000
vn 0.000015 -0.046421 0.998922
vn -0.046423 -0.000015 0.998922
vn -0.000000 0.000000 1.000000
vn -0.000000 0.000000 1.000000
vn 0.000000 0.000000 -1.000000
vn 0.000000 0.000000 -1.000000
vn 0.000010 -0.037092 0.999312
vn -0.037093 -0.000010 0.999312
vn -0.000027 -0.252648 0.967558
vn -0.000018 -0.320828 0.947138
vn 0.000005 -0.028188 0.999603
vn -0.000032 -0.205792 0.978596
vn -0.028186 -0.000004 0.999603
vn 0.000000 -0.000430 1.000000
vn -0.000030 -0.170287 0.985395
vn -0.000000 0.000000 1.000000
vn 0.000000 0.000000 1.000000
vn -0.000406 -0.000000 1.000000
vn -0.000001 -0.104261 0.994550
vn 0.000000 0.000000 -1.000000
vn -0.000000 0.000000 1.000000
vn 0.000000 0.000000 1.000000
vn -0.000000 -0.078867 -0.996885
vn -0.000000 -0.071867 -0.997414
vn 0.000000 0.000000 -1.000000
vn 0.000000 0.000000 1.000000
vn 0.000000 0.000000 1.000000
vn -0.000000 -0.079070 -0.996869
vn -0.000000 -0.081275 -0.996692
vn 0.000000 0.000000 -1.000000
vn 0.000000 0.000000 1.000000
vn -0.000000 -0.072110 -0.997397
vn 0.000000 0.000000 -1.000000
vn 0.000000 -0.070702 0.997497
vn 0.000000 -0.077473 0.996994
vn 0.000000 0.000000 1.000000
vn -0.000000 0.000000 -1.000000
vn 0.000000 0.000000 1.000000
vn 0.000000 -0.079781 0.996813
vn 0.000000 -0.077458 0.996996
vn 0.000000 -0.070684 0.997499
vn 0.000000 0.000000 1.000000
vn -0.000000 0.000000 1.000000
vn -0.091856 0.000407 -0.995772
vn -0.056912 0.000470 -0.998379
vn 0.000448 -0.056578 -0.998398
vn 0.000451 -0.091455 -0.995809
vn -0.046643 0.000459 -0.998912
vn 0.000441 -0.046255 -0.998930
vn -0.037300 0.000443 -0.999304
vn 0.000432 -0.036941 -0.999317
vn -0.028346 0.000426 -0.999598
vn 0.000422 -0.028084 -0.999606
vn -0.000408 0.000411 -1.000000
vn 0.000294 -0.000462 -1.000000
vn 0.000441 -0.091426 0.995812
vn 0.000468 -0.056926 0.998378
vn -0.056579 0.000446 0.998398
vn -0.091854 0.000433 0.995772
vn 0.000458 -0.046645 0.998911
vn -0.046256 0.000437 0.998930
vn 0.000442 -0.037296 0.999304
vn -0.036942 0.000428 0.999317
vn 0.000426 -0.028341 0.999598
vn -0.028083 0.000418 0.999605
vn 0.000295 -0.000461 1.000000
vn -0.000408 0.000408 1.000000
vn -0.000010 -0.401603 0.915814
vn 0.005698 -0.999772 0.020565
vn 0.002062 -0.344531 0.938773
vn -0.000018 -0.325003 0.945713
vn -0.000010 -0.401603 0.915814
vn 0.001643 -0.269244 0.963071
vn -0.000028 -0.255841 0.966719
vn 0.001351 -0.217993 0.975949
vn -0.000032 -0.207982 0.978133
vn 0.001120 -0.179566 0.983745
vn -0.000030 -0.171521 0.985180
vn 0.000505 -0.109652 0.993970
vn -0.000001 -0.104257 0.994550
vn 0.267086 -0.963485 -0.019036
vn 0.005712 -0.999788 -0.019791
vn 0.001894 -0.341382 -0.939923
vn 0.091275 -0.331784 -0.938929
vn -0.341197 0.001418 -0.939991
vn -0.999792 0.004037 -0.020001
vn -0.962731 0.269776 -0.019263
vn -0.334030 0.096081 -0.937652
vn 0.001508 -0.265763 -0.964037
vn 0.073193 -0.257896 -0.963396
vn -0.265855 0.001142 -0.964012
vn -0.260602 0.077121 -0.962361
vn 0.001261 -0.215274 -0.976553
vn 0.061930 -0.209566 -0.975831
vn -0.215439 0.000952 -0.976517
vn -0.212264 0.064581 -0.975076
vn 0.001073 -0.177861 -0.984055
vn 0.053589 -0.174922 -0.983123
vn -0.178045 0.000799 -0.984022
vn -0.176508 0.054707 -0.982778
vn 0.000453 -0.109164 -0.994024
vn 0.033113 -0.113383 -0.992999
vn -0.111470 0.000413 -0.993768
vn -0.113160 0.033123 -0.993025
vn 0.342675 -0.939265 -0.018822
vn 0.116923 -0.321003 -0.939833
vn -0.938059 0.345937 -0.019294
vn -0.325079 0.122694 -0.937694
vn 0.093479 -0.248316 -0.964158
vn -0.253391 0.098413 -0.962345
vn 0.079371 -0.202313 -0.976099
vn -0.207242 0.082990 -0.974763
vn 0.069435 -0.170684 -0.982876
vn -0.173546 0.071164 -0.982251
vn 0.030787 -0.091266 -0.995351
vn 0.045771 -0.115513 -0.992251
vn -0.114869 0.045431 -0.992341
vn 0.415369 -0.909466 -0.018461
vn 0.141590 -0.310325 -0.940027
vn -0.907988 0.418555 -0.019211
vn -0.315794 0.148241 -0.937176
vn 0.112023 -0.238666 -0.964619
vn -0.245585 0.118150 -0.962148
vn 0.094902 -0.195123 -0.976177
vn -0.201607 0.099657 -0.974384
vn 0.083488 -0.166530 -0.982496
vn -0.170215 0.085947 -0.981652
vn -0.090769 0.030043 -0.995419
vn -0.089201 0.040417 -0.995193
vn 0.041859 -0.089912 -0.995070
vn -0.999796 0.004039 0.019782
vn -0.962726 0.269781 0.019398
vn 0.058668 -0.118609 -0.991206
vn -0.117997 0.058066 -0.991315
vn 0.487375 -0.873008 -0.017970
vn 0.168301 -0.303074 -0.937988
vn -0.871576 0.489896 -0.018876
vn -0.308123 0.175265 -0.935063
vn 0.129985 -0.230726 -0.964297
vn 0.267127 -0.963478 0.018796
vn -0.239038 0.138421 -0.961094
vn -0.057758 0.031345 -0.997838
vn 0.109224 -0.188802 -0.975922
vn -0.196940 0.116311 -0.973492
vn -0.086437 0.050032 -0.995000
vn 0.051922 -0.087147 -0.994842
vn 0.096792 -0.163097 -0.981851
vn -0.167645 0.100459 -0.980716
vn -0.047696 0.030739 -0.998389
vn 0.031439 -0.046366 -0.998430
vn 0.032013 -0.056283 -0.997902
vn -0.058689 0.041523 -0.997412
vn 0.073520 -0.124594 -0.989480
vn -0.740628 0.671829 -0.010771
vn -0.323134 0.289896 -0.900858
vn -0.124680 0.073428 -0.989476
vn 0.043151 -0.057101 -0.997435
vn 0.342787 -0.939215 0.019287
vn 0.288477 -0.319403 -0.902642
vn 0.215436 -0.240656 -0.946400
vn -0.245548 0.215894 -0.945038
vn 0.170143 -0.194555 -0.966023
vn -0.199509 0.170763 -0.964902
vn -0.038315 0.029904 -0.998818
vn 0.030403 -0.037055 -0.998851
vn -0.080851 0.059386 -0.994955
vn -0.048837 0.040585 -0.997982
vn 0.060547 -0.081281 -0.994851
vn 0.041854 -0.047659 -0.997986
vn -0.059709 0.051158 -0.996904
vn 0.137372 -0.166387 -0.976445
vn 0.053299 -0.058662 -0.996854
vn -0.169039 0.138059 -0.975892
vn 0.415558 -0.909349 0.019886
vn 0.099378 -0.099215 -0.990091
vn -0.099430 0.099714 -0.990036
vn -0.029119 0.029120 -0.999152
vn 0.029393 -0.028010 -0.999175
vn -0.039386 0.039395 -0.998447
vn 0.040245 -0.038266 -0.998457
vn -0.050103 0.050155 -0.997484
vn 0.051710 -0.049342 -0.997442
vn -0.060468 0.060679 -0.996324
vn 0.061982 -0.060118 -0.996265
vn 0.487647 -0.872808 0.020162
vn 0.671796 -0.740658 -0.010761
vn 0.323554 -0.290529 -0.900503
vn 0.740132 -0.672373 -0.010953
vn -0.000421 0.028496 -0.999594
vn 0.028503 -0.000629 -0.999593
vn -0.214833 0.239968 -0.946711
vn -0.288162 0.319040 -0.902871
vn -0.169793 0.194259 -0.966144
vn -0.029901 0.038318 -0.998818
vn 0.246144 -0.216745 -0.944688
vn 0.038744 -0.028875 -0.998832
vn -0.137392 0.166818 -0.976368
vn -0.040574 0.048872 -0.997981
vn -0.671453 0.740968 -0.010853
vn 0.199868 -0.171313 -0.964730
vn 0.049927 -0.039843 -0.997958
vn -0.051108 0.059884 -0.996896
vn 0.060879 -0.050808 -0.996851
vn 0.168890 -0.138017 -0.975924
vn -0.059196 0.081187 -0.994939
vn 0.080764 -0.059374 -0.994963
vn -0.000432 0.037492 -0.999297
vn 0.037505 -0.000643 -0.999296
vn -0.030741 0.047710 -0.998388
vn 0.672375 -0.740130 0.010953
vn 0.048236 -0.030039 -0.998384
vn -0.041539 0.058803 -0.997405
vn -0.871579 0.489886 0.019045
vn -0.740672 0.671784 0.010504
vn 0.059495 -0.041264 -0.997375
vn -0.050036 0.086675 -0.994979
vn 0.085834 -0.050250 -0.995041
vn 0.123483 -0.074041 -0.989581
vn 0.168248 -0.103136 -0.980334
vn -0.072867 0.124400 -0.989553
vn -0.096908 0.163135 -0.981833
vn -0.057816 0.117717 -0.991363
vn 0.116622 -0.059600 -0.991387
vn 0.197717 -0.118848 -0.973028
vn -0.109221 0.188358 -0.976008
vn -0.000443 0.046847 -0.998902
vn 0.046868 -0.000665 -0.998901
vn -0.031374 0.057803 -0.997835
vn 0.058141 -0.031098 -0.997824
vn -0.040522 0.089326 -0.995178
vn 0.088528 -0.040519 -0.995249
vn 0.240559 -0.141221 -0.960306
vn -0.129883 0.230050 -0.964473
vn 0.172736 -0.090850 -0.980770
vn -0.083551 0.166274 -0.982534
vn 0.113808 -0.046642 -0.992407
vn -0.045418 0.114678 -0.992364
vn -0.000450 0.057090 -0.998369
vn 0.057121 -0.000687 -0.998367
vn -0.030159 0.090802 -0.995412
vn 0.090464 -0.030004 -0.995448
vn 0.310826 -0.178244 -0.933604
vn -0.168464 0.302891 -0.938018
vn 0.203927 -0.103979 -0.973449
vn -0.095008 0.194626 -0.976265
vn -0.341533 0.001398 0.939869
vn -0.333152 0.095308 0.938044
vn 0.100017 -0.345791 0.932966
vn 0.872807 -0.487650 -0.020161
vn -0.487372 0.873011 -0.017888
vn -0.265922 0.001122 0.963994
vn -0.260314 0.076489 0.962489
vn 0.080335 -0.268541 0.959913
vn -0.000402 0.091860 -0.995772
vn 0.092182 -0.000623 -0.995742
vn 0.112491 -0.033760 -0.993079
vn -0.033195 0.113060 -0.993033
vn 0.249517 -0.122756 -0.960558
vn -0.112238 0.238206 -0.964707
vn 0.177582 -0.075450 -0.981209
vn -0.069526 0.170336 -0.982930
vn -0.215409 0.000935 0.976524
vn -0.212007 0.064050 0.975167
vn 0.067314 -0.217497 0.973737
vn 0.322401 -0.153191 -0.934125
vn -0.142163 0.310734 -0.939806
vn -0.938054 0.345939 0.019501
vn -0.324085 0.121978 0.938131
vn 0.127942 -0.335444 0.933332
vn -0.177969 0.000789 0.984036
vn -0.176394 0.054409 0.982815
vn 0.056809 -0.180403 0.981951
vn 0.211378 -0.087143 -0.973512
vn -0.079464 0.201835 -0.976191
vn 0.111623 -0.000681 -0.993751
vn -0.000417 0.111474 -0.993767
vn 0.909349 -0.415559 -0.019886
vn -0.253046 0.097922 0.962486
vn 0.102989 -0.259938 0.960118
vn -0.415386 0.909461 -0.018305
vn -0.111171 0.000414 0.993801
vn -0.113458 0.033093 0.992992
vn 0.259939 -0.102990 -0.960117
vn -0.206850 0.082538 0.974885
vn -0.093651 0.248038 -0.964213
vn 0.087143 -0.211377 0.973512
vn 0.180403 -0.056809 -0.981951
vn -0.053747 0.174634 -0.983166
vn 0.335431 -0.127937 -0.933337
vn -0.907985 0.418551 0.019440
vn -0.315073 0.147628 0.937516
vn 0.153194 -0.322413 0.934121
vn -0.117482 0.321907 -0.939454
vn -0.173345 0.070900 0.982306
vn 0.075451 -0.177583 0.981209
vn 0.217498 -0.067315 -0.973737
vn -0.062065 0.209231 -0.975895
vn -0.245358 0.117729 0.962257
vn 0.122756 -0.249515 0.960559
vn 0.939215 -0.342787 -0.019288
vn -0.342683 0.939266 -0.018645
vn -0.115663 0.045784 0.992233
vn 0.033759 -0.112488 0.993079
vn 0.046641 -0.113809 0.992407
vn 0.030035 -0.090383 0.995454
vn -0.091262 0.030701 0.995354
vn 0.268538 -0.080336 -0.959913
vn -0.201258 0.099235 0.974499
vn -0.073328 0.257824 -0.963405
vn 0.103979 -0.203925 0.973449
vn -0.000817 0.178562 -0.983928
vn 0.345794 -0.100017 -0.932965
vn -0.308086 0.175144 0.935098
vn 0.178243 -0.310827 0.933604
vn -0.091635 0.332746 -0.938554
vn -0.170017 0.085708 0.981707
vn 0.090853 -0.172740 0.980769
vn 0.179765 -0.001216 -0.983709
vn 0.218214 -0.001440 -0.975900
vn -0.000944 0.216308 -0.976325
vn 0.740659 -0.671795 0.010751
vn 0.873006 -0.487382 0.017864
vn 0.963478 -0.267127 -0.018796
vn -0.239077 0.138273 0.961105
vn 0.141220 -0.240560 0.960306
vn -0.267073 0.963491 -0.018897
vn 0.040551 -0.088368 0.995262
vn -0.089851 0.041726 0.995081
vn -0.118896 0.058875 0.991160
vn 0.059601 -0.116626 0.991386
vn 0.269502 -0.001725 -0.962998
vn -0.001105 0.267123 -0.963662
vn -0.487616 0.872813 0.020673
vn -0.671990 0.740481 0.010819
vn -0.196717 0.116019 0.973572
vn 0.118847 -0.197718 0.973028
vn 0.344814 -0.002141 -0.938669
vn -0.001360 0.342768 -0.939419
vn -0.322998 0.290612 0.900676
vn 0.290514 -0.323541 0.900513
vn -0.167381 0.100225 0.980785
vn 0.103136 -0.168250 0.980334
vn 0.999773 -0.005862 -0.020497
vn -0.003987 0.999795 -0.019862
vn 0.909468 -0.415373 0.018280
vn 0.031417 -0.057689 0.997840
vn -0.246334 0.218681 0.944192
vn 0.216742 -0.246144 0.944688
vn 0.050286 -0.085578 0.995062
vn -0.087016 0.051856 0.994856
vn -0.056384 0.031940 0.997898
vn -0.125023 0.074069 0.989385
vn 0.074047 -0.123493 0.989579
vn -0.415555 0.909331 0.020759
vn 0.171313 -0.199870 0.964730
vn -0.200877 0.174072 0.964027
vn 0.041564 -0.058655 0.997413
vn 0.030783 -0.047669 0.998389
vn -0.046468 0.031316 0.998429
vn -0.057203 0.043083 0.997433
vn 0.138016 -0.168891 0.975924
vn -0.169677 0.139737 0.975543
vn -0.342795 0.939190 0.020334
vn 0.059402 -0.080397 0.994991
vn -0.081101 0.060697 0.994856
vn 0.939270 -0.342674 0.018624
vn 0.051075 -0.059724 0.996907
vn 0.040574 -0.048824 0.997983
vn 0.029941 -0.038364 0.998815
vn -0.058676 0.053296 0.996853
vn 0.099018 -0.099026 0.990146
vn -0.099121 0.100064 0.990031
vn -0.047786 0.041804 0.997983
vn -0.037101 0.030265 0.998853
vn -0.290234 0.322748 0.900887
vn 0.319434 -0.288574 0.902600
vn 0.240669 -0.215517 0.946378
vn -0.218191 0.246361 0.944298
vn -0.267134 0.963457 0.019773
vn 0.194554 -0.170193 0.966014
vn 0.060463 -0.060489 0.996336
vn -0.060040 0.062170 0.996258
vn 0.050017 -0.050117 0.997490
vn -0.173467 0.201205 0.964067
vn 0.039365 -0.039464 0.998445
vn -0.049431 0.051751 0.997436
vn 0.029144 -0.029261 0.999147
vn -0.038325 0.040208 0.998456
vn 0.166376 -0.137390 0.976444
vn -0.028015 0.029282 0.999179
vn 0.963489 -0.267081 0.018888
vn -0.138760 0.170124 0.975604
vn 0.080800 -0.059142 0.994974
vn -0.059018 0.081503 0.994924
vn 0.028509 -0.000669 0.999593
vn 0.059683 -0.051133 0.996907
vn -0.050835 0.061078 0.996838
vn 0.048718 -0.040669 0.997984
vn -0.039892 0.049985 0.997953
vn 0.038292 -0.030097 0.998813
vn -0.003983 0.999792 0.020005
vn -0.028891 0.038718 0.998832
vn -0.000405 0.028346 0.999598
vn -0.072907 0.124657 0.989518
vn -0.099757 0.167070 0.980885
vn 0.123842 -0.072702 0.989635
vn 0.162996 -0.096826 0.981864
vn 0.999786 -0.005875 0.019852
vn 0.086394 -0.049984 0.995006
vn -0.049965 0.086900 0.994963
vn 0.037506 -0.000686 0.999296
vn 0.058611 -0.041618 0.997413
vn -0.041297 0.059672 0.997363
vn 0.047599 -0.030934 0.998387
vn -0.115858 0.196340 0.973667
vn 0.188722 -0.109401 0.975918
vn -0.030072 0.048282 0.998381
vn -0.000421 0.037302 0.999304
vn -0.057951 0.117907 0.991332
vn -0.138049 0.238293 0.961332
vn 0.230768 -0.130346 0.964239
vn 0.089157 -0.040493 0.995194
vn -0.040530 0.089459 0.995166
vn -0.174770 0.306986 0.935529
vn 0.057672 -0.031503 0.997838
vn -0.031145 0.058261 0.997815
vn 0.303488 -0.168885 0.937749
vn 0.046859 -0.000700 0.998901
vn 0.117420 -0.057738 0.991403
vn 0.166294 -0.083494 0.982535
vn -0.085512 0.169311 0.981846
vn -0.000443 0.046647 0.998911
vn -0.045565 0.114815 0.992341
vn -0.099272 0.200645 0.974621
vn 0.194945 -0.095081 0.976195
vn 0.090738 -0.030151 0.995418
vn -0.030196 0.090866 0.995405
vn 0.057100 -0.000705 0.998368
vn -0.000462 0.056916 0.998379
vn -0.117832 0.244619 0.962433
vn 0.238762 -0.112442 0.964546
vn -0.147828 0.314630 0.937633
vn 0.311294 -0.142398 0.939585
vn 0.114528 -0.045351 0.992384
vn 0.170382 -0.069387 0.982932
vn -0.071035 0.172695 0.982411
vn -0.033317 0.113149 0.993019
vn 0.091917 -0.000622 0.995766
vn -0.000407 0.091857 0.995772
vn -0.082721 0.206253 0.974996
vn 0.202077 -0.079420 0.976144
vn -0.098142 0.252549 0.962594
vn 0.248437 -0.093708 0.964105
vn -0.000413 0.111470 0.993768
vn -0.122386 0.324340 0.937990
vn 0.322281 -0.117578 0.939314
vn 0.113010 -0.033147 0.993041
vn 0.174648 -0.053578 0.983172
vn -0.054757 0.176002 0.982866
vn -0.064365 0.211635 0.975227
vn 0.209357 -0.061956 0.975875
vn -0.076773 0.260142 0.962513
vn 0.258017 -0.073291 0.963356
vn -0.095704 0.333812 0.937769
vn 0.332919 -0.091644 0.938491
vn 0.111685 -0.000638 0.993743
vn 0.178445 -0.001206 0.983949
vn -0.000796 0.178040 0.984023
vn -0.000944 0.215429 0.976519
vn 0.216065 -0.001389 0.976378
vn -0.001130 0.265839 0.964017
vn 0.117894 0.000008 -0.993026
vn 0.185098 0.000032 -0.982720
vn 0.266750 -0.001624 0.963765
vn -0.001407 0.341182 0.939996
vn 0.342360 -0.002000 0.939567
vn 0.225198 0.000031 -0.974313
vn 0.279490 0.000024 -0.960149
vn 0.360824 0.000013 -0.932634
vn 0.401637 0.000008 -0.915799
vn 0.000000 -0.319730 -0.947509
vn 0.000000 -0.251759 -0.967790
vn -0.809017 -0.587785 0.000000
vn -0.587786 -0.809017 0.000000
vn -0.587786 -0.809017 0.000000
vn -0.809017 -0.587785 0.000000
vn -0.000000 -0.205195 -0.978721
vn -0.000000 -0.169969 -0.985449
vn -0.000031 0.179124 -0.983827
vn -0.000005 0.111376 -0.993778
vn -0.000000 -0.104186 -0.994558
vn -0.309017 -0.951057 0.000000
vn -0.309017 -0.951057 0.000000
vn -0.951056 -0.309017 0.000000
vn -0.951056 -0.309017 0.000000
vn -0.000031 0.217263 -0.976113
vn -0.000025 0.268450 -0.963294
vn -0.000015 0.344389 -0.938827
vn -0.000000 0.999805 -0.019770
vn -0.000000 0.000430 1.000000
vn -0.000004 0.028187 0.999603
vn 0.118035 -0.000008 0.993009
vn 0.183449 -0.000031 0.983029
vn 0.222533 -0.000030 0.974925
vn -0.000010 0.037092 0.999312
vn 0.275801 -0.000024 0.961215
vn 0.356406 -0.000013 0.934331
vn 0.000000 -1.000000 0.000000
vn 0.000000 -1.000000 0.000000
vn 0.397065 -0.000008 0.917790
vn -0.000015 0.046422 0.998922
vn 0.000001 -1.000000 0.000000
vn 0.000001 -1.000000 0.000000
vn -1.000000 0.000000 0.000000
vn -1.000000 0.000000 0.000000
vn -0.000018 0.056721 0.998390
vn -0.000004 0.091904 0.995768
vn -0.999799 -0.000000 -0.020046
vn -0.341125 -0.000000 -0.940018
vn -0.265821 -0.000000 -0.964023
vn -0.215406 0.000000 -0.976525
vn -0.178005 0.000000 -0.984030
vn -0.111361 0.000000 -0.993780
vn -0.000008 -0.396982 0.917826
vn -0.000008 -0.396982 0.917826
vn -0.951789 0.306753 0.000000
vn -0.951789 0.306753 0.000000
vn 0.309017 -0.951057 0.000000
vn 0.309017 -0.951057 0.000000
vn -0.999799 0.000000 0.020046
vn -0.341125 0.000000 0.940018
vn -0.265821 0.000000 0.964023
vn -0.215406 -0.000000 0.976525
vn 0.587785 -0.809017 0.000000
vn 0.587785 -0.809017 0.000000
vn -0.178005 -0.000000 0.984030
vn -0.111361 -0.000000 0.993780
vn -0.000000 -0.069688 -0.997569
vn 0.809017 -0.587785 0.000000
vn 0.809017 -0.587785 0.000000
vn 0.000800 0.179488 -0.983760
vn 0.000444 0.111439 -0.993771
vn 0.000955 0.217798 -0.975993
vn -0.000000 -0.081181 -0.996699
vn 0.001153 0.268924 -0.963161
vn 0.001440 0.344089 -0.938936
vn 0.004033 0.999780 -0.020601
vn -0.156433 -0.987689 0.000000
vn -0.256372 -0.966578 0.000001
vn -0.256372 -0.966578 0.000001
vn -0.156433 -0.987688 0.000000
vn -0.156433 -0.987689 0.000000
vn -0.156433 -0.987689 0.000000
vn -0.156433 -0.987688 0.000000
vn -0.156433 -0.987689 0.000000
vn -0.156433 -0.987689 0.000000
vn 0.001235 -0.999999 0.000000
vn 0.001235 -0.999999 0.000000
vn -0.156433 -0.987689 0.000000
vn -0.156433 -0.987689 0.000000
vn -0.156433 -0.987689 0.000000
vn -0.156433 -0.987688 0.000000
vn -0.156433 -0.987688 0.000000
vn 0.000294 0.000462 1.000000
vn 0.000422 0.028084 0.999605
vn 0.000000 -0.068627 0.997642
vn 0.000432 0.036940 0.999317
vn 0.000441 0.046255 0.998930
vn 0.000447 0.056579 0.998398
vn 0.000433 0.091854 0.995772
vn 0.951057 -0.309017 0.000000
vn 0.951057 -0.309017 0.000000
vn 0.178444 0.001206 -0.983949
vn 0.183448 0.000031 -0.983029
vn 0.118035 0.000008 -0.993009
vn 0.111685 0.000639 -0.993743
vn 0.216067 0.001389 -0.976378
vn 0.222534 0.000030 -0.974925
vn 0.266752 0.001625 -0.963764
vn 0.275801 0.000024 -0.961215
vn 0.342359 0.002001 -0.939567
vn 0.356404 0.000013 -0.934332
vn 0.999786 0.005876 -0.019852
vn 0.397065 0.000008 -0.917791
vn -0.000000 0.000000 -1.000000
vn -0.000000 -0.069941 -0.997551
vn 0.000000 -0.079790 0.996812
vn 0.117894 -0.000008 0.993026
vn 0.185099 -0.000032 0.982720
vn 0.179759 0.001210 0.983710
vn 0.111622 0.000681 0.993751
vn 1.000000 -0.000001 0.000000
vn 1.000000 -0.000001 0.000000
vn 0.225198 -0.000031 0.974313
vn 0.218207 0.001427 0.975901
vn 0.279492 -0.000024 0.960148
vn 0.269499 0.001708 0.962999
vn 0.360826 -0.000013 0.932633
vn 0.344819 0.002126 0.938667
vn 0.401636 -0.000008 0.915799
vn 0.999773 0.005865 0.020496
vn 0.000295 0.000465 -1.000000
vn 0.000421 0.028490 -0.999594
vn 0.029139 0.029258 -0.999147
vn 0.028509 0.000670 -0.999593
vn 0.000431 0.037487 -0.999297
vn 0.029930 0.038362 -0.998816
vn 0.038281 0.030090 -0.998814
vn 0.037506 0.000687 -0.999296
vn 0.000441 0.046849 -0.998902
vn 0.030770 0.047676 -0.998389
vn 0.039343 0.039462 -0.998446
vn 0.046859 0.000701 -0.998901
vn 0.047576 0.030915 -0.998389
vn 0.000448 0.057104 -0.998368
vn 0.031420 0.057719 -0.997838
vn 0.057099 0.000706 -0.998368
vn 0.057632 0.031455 -0.997842
vn 0.040547 0.048842 -0.997983
vn 0.048672 0.040662 -0.997987
vn 0.000406 0.092092 -0.995750
vn 0.030064 0.090387 -0.995453
vn 0.091918 0.000622 -0.995766
vn 0.090724 0.030053 -0.995422
vn 0.041555 0.058729 -0.997409
vn 0.058514 0.041590 -0.997420
vn 0.049959 0.050148 -0.997492
vn 0.040627 0.088409 -0.995255
vn 0.089088 0.040411 -0.995204
vn 0.051025 0.059848 -0.996903
vn 0.059542 0.051168 -0.996914
vn 0.033837 0.112525 -0.993073
vn 0.050335 0.085726 -0.995046
vn 0.086250 0.049993 -0.995019
vn 0.060312 0.060659 -0.996335
vn 0.114514 0.045260 -0.992390
vn 0.112993 0.033029 -0.993047
vn 0.046804 0.113853 -0.992395
vn 0.951790 0.306751 0.000000
vn 0.951790 0.306751 0.000000
vn 0.059318 0.080678 -0.994974
vn 0.080598 0.059319 -0.994980
vn 0.117403 0.057778 -0.991402
vn 0.059720 0.116715 -0.991368
vn 0.174733 0.053419 -0.983166
vn 0.056960 0.180486 -0.981927
vn 0.098750 0.099549 -0.990120
vn 0.209477 0.061853 -0.975855
vn 0.170599 0.069329 -0.982899
vn 0.073987 0.123767 -0.989549
vn 0.123751 0.072947 -0.989628
vn 0.067437 0.217451 -0.973739
vn 0.075718 0.177626 -0.981181
vn 0.258170 0.073240 -0.963320
vn 0.080405 0.268444 -0.959934
vn 0.166589 0.083642 -0.982473
vn 0.202309 0.079407 -0.976097
vn 0.090998 0.172660 -0.980769
vn 0.087301 0.211247 -0.973526
vn 0.333094 0.091644 -0.938429
vn 0.100028 0.345662 -0.933013
vn 0.163206 0.097180 -0.981794
vn 0.103049 0.168242 -0.980345
vn 0.248755 0.093756 -0.964018
vn 0.195236 0.095221 -0.976123
vn 0.103054 0.259690 -0.960178
vn 0.104043 0.203715 -0.973486
vn 0.963493 0.267068 -0.018889
vn 0.269764 0.962753 -0.018296
vn 0.166301 0.138049 -0.976364
vn 0.137667 0.169276 -0.975906
vn 0.322663 0.117678 -0.939170
vn 0.188992 0.109720 -0.975830
vn 0.127890 0.335076 -0.933471
vn 0.118772 0.197557 -0.973070
vn 0.239181 0.112639 -0.964420
vn 0.122706 0.249110 -0.960670
vn 0.939268 0.342679 -0.018608
vn 0.345943 0.938077 -0.018314
vn 0.194526 0.170645 -0.965940
vn 0.171087 0.200076 -0.964727
vn 0.311812 0.142640 -0.939376
vn 0.231192 0.130736 -0.964084
vn 0.140969 0.240066 -0.960467
vn 0.152984 0.321785 -0.934371
vn 0.240631 0.215760 -0.946332
vn 0.909466 0.415378 -0.018243
vn 0.216413 0.246021 -0.944796
vn 0.418580 0.907992 -0.018474
vn 0.303946 0.169246 -0.937536
vn 0.177791 0.310019 -0.933959
vn 0.319273 0.288536 -0.902669
vn 0.873016 0.487366 -0.017821
vn 0.290000 0.323072 -0.900847
vn 0.489927 0.871567 -0.018521
vn 0.740963 0.671459 -0.010837
vn 0.671830 0.740628 -0.010751
vn 0.028503 0.000630 0.999594
vn 0.029381 0.027999 0.999176
vn -0.000000 -0.068609 0.997644
vn 0.004039 0.999796 0.019781
vn 0.269785 0.962725 0.019414
vn 0.963481 0.267115 0.018792
vn 0.037504 0.000643 0.999296
vn 0.038731 0.028850 0.998833
vn 0.030376 0.037049 0.998852
vn -0.000000 0.000000 1.000000
vn 0.939212 0.342793 0.019311
vn 0.909346 0.415563 0.019940
vn 0.046867 0.000665 0.998901
vn 0.048221 0.029999 0.998386
vn 0.031403 0.046373 0.998431
vn 0.040216 0.038252 0.998459
vn 0.872818 0.487627 0.020222
vn 0.418560 0.907979 0.019509
vn 0.489899 0.871570 0.019112
vn 0.740475 0.671997 0.010773
vn 0.671783 0.740674 0.010518
vn 0.057121 0.000687 0.998367
vn 0.058118 0.031034 0.997827
vn 0.031985 0.056310 0.997901
vn 0.049895 0.039820 0.997960
vn 0.041814 0.047672 0.997988
vn 0.092182 0.000624 0.995742
vn 0.090482 0.029953 0.995448
vn 0.059431 0.041220 0.997381
vn 0.043119 0.057157 0.997434
vn 0.051666 0.049361 0.997444
vn 0.088553 0.040453 0.995250
vn 0.030824 0.091300 0.995346
vn 0.041903 0.090018 0.995058
vn 0.060783 0.050829 0.996856
vn 0.053261 0.058745 0.996851
vn 0.033237 0.113523 0.992979
vn 0.000413 0.111174 0.993801
vn 0.112467 0.033679 0.993085
vn 0.085821 0.050250 0.995043
vn 0.051948 0.087338 0.994823
vn 0.061895 0.060247 0.996263
vn 0.045958 0.115816 0.992207
vn 0.113826 0.046520 0.992411
vn 0.080707 0.059523 0.994959
vn 0.060520 0.081553 0.994830
vn 0.054736 0.176319 0.982810
vn 0.000791 0.177965 0.984037
vn 0.180040 0.056551 0.982032
vn 0.058911 0.119134 0.991129
vn 0.116690 0.059569 0.991380
vn 0.064319 0.211872 0.975179
vn 0.000938 0.215394 0.976527
vn 0.217059 0.066885 0.973864
vn 0.071079 0.173098 0.982336
vn 0.076657 0.260025 0.962554
vn 0.001124 0.265937 0.963990
vn 0.099360 0.099970 0.990017
vn 0.268316 0.079867 0.960014
vn 0.177191 0.075141 0.981304
vn 0.073861 0.125460 0.989345
vn 0.123559 0.074267 0.989554
vn 0.095314 0.332653 0.938220
vn 0.001399 0.341568 0.939856
vn 0.345890 0.099630 0.932971
vn 0.082664 0.206564 0.974935
vn 0.210839 0.086782 0.973661
vn 0.085572 0.169678 0.981777
vn 0.172578 0.090726 0.980809
vn 0.097898 0.252472 0.962639
vn 0.259651 0.102733 0.960223
vn 0.099126 0.200915 0.974581
vn 0.121714 0.323087 0.938510
vn 0.099895 0.167294 0.980833
vn 0.335465 0.127812 0.933342
vn 0.203557 0.103828 0.973542
vn 0.168312 0.103406 0.980295
vn 0.345944 0.938052 0.019547
vn 0.117433 0.244614 0.962483
vn 0.139015 0.170173 0.975559
vn 0.169884 0.140324 0.975422
vn 0.249327 0.122743 0.960609
vn 0.115776 0.196477 0.973649
vn 0.197569 0.119048 0.973034
vn 0.147035 0.313747 0.938053
vn 0.322348 0.153253 0.934133
vn 0.173553 0.201166 0.964060
vn 0.137768 0.238332 0.961363
vn 0.201062 0.174672 0.963879
vn 0.240507 0.141514 0.960276
vn 0.174281 0.306717 0.935709
vn 0.310762 0.178506 0.933575
vn 0.218128 0.246240 0.944344
vn 0.246423 0.219162 0.944057
vn 0.290034 0.322554 0.901021
vn 0.323060 0.290988 0.900532
vn 0.000000 -0.251767 -0.967788
vn 0.000000 -0.319710 -0.947516
vn -0.000000 -0.205190 -0.978722
vn -0.000000 -0.169952 -0.985452
vn -0.000000 -0.104150 -0.994562
vn 0.000000 -1.000000 0.000000
vn 0.000000 -1.000000 0.000000
vn 0.000000 -0.395907 -0.918291
vn 0.000000 -0.395907 -0.918291
vn 0.000000 0.000436 -1.000000
vn 0.028952 -0.000000 -0.999581
vn 0.000357 -0.000000 -1.000000
vn 0.037951 -0.000000 -0.999280
vn 0.047337 0.000000 -0.998879
vn 0.057648 0.000000 -0.998337
vn 0.093379 -0.000000 -0.995631
vn 0.000000 0.028492 -0.999594
vn 0.000000 0.037485 -0.999297
vn -0.000000 0.046841 -0.998902
vn 0.000356 0.000000 1.000000
vn 0.028950 0.000000 0.999581
vn -0.000000 0.057088 -0.998369
vn 0.037953 0.000000 0.999280
vn -0.000000 0.091915 -0.995767
vn 0.587786 0.809017 0.000000
vn 0.809017 0.587785 0.000000
vn 0.809017 0.587785 0.000000
vn 0.587786 0.809017 0.000000
vn 0.047338 -0.000000 0.998879
vn 0.309017 0.951057 0.000000
vn 0.309017 0.951057 0.000000
vn 0.951057 0.309017 0.000000
vn 0.951057 0.309017 0.000000
vn 0.057644 -0.000000 0.998337
vn 1.000000 0.000000 0.000000
vn 1.000000 0.000000 0.000000
vn 0.093273 -0.000000 0.995641
vn 0.001231 0.999999 -0.000001
vn 0.001231 0.999999 -0.000001
vn 0.000000 0.999799 0.020045
vn 1.000000 0.000000 0.000000
vn 0.951057 -0.309017 0.000000
vn 0.951057 -0.309017 0.000000
vn 1.000000 0.000000 0.000000
vn -0.000000 0.111362 0.993780
vn -0.000000 0.178002 0.984030
vn -0.000000 0.215397 0.976527
vn 0.000000 0.265823 0.964022
vn 0.000000 0.341137 0.940014
vn 0.809017 -0.587786 0.000000
vn 0.809017 -0.587786 0.000000
vn 0.587785 -0.809017 0.000000
vn 0.587785 -0.809017 0.000000
vn 0.309019 -0.951056 0.000000
vn 0.309019 -0.951056 0.000000
vn 0.000356 -0.000000 -1.000000
vn 0.028949 -0.000000 -0.999581
vn 0.037953 -0.000000 -0.999280
vn 0.047338 0.000000 -0.998879
vn 0.000000 -0.395857 -0.918312
vn 0.000000 -0.395857 -0.918312
vn 0.057644 0.000000 -0.998337
vn 0.093273 0.000000 -0.995641
vn 0.028952 0.000000 0.999581
vn 0.000356 0.000000 1.000000
vn 1.000000 0.000000 0.000000
vn 1.000000 0.000000 0.000000
vn 0.037951 0.000000 0.999280
vn 0.047337 -0.000000 0.998879
vn 0.057648 -0.000000 0.998337
vn 0.093379 0.000000 0.995631
vn 0.101182 -0.000000 -0.994868
vn 0.101182 0.000000 0.994868
vn 0.101182 -0.000000 -0.994868
vn 0.101182 0.000000 0.994868
vn 0.987688 0.156435 0.000000
vn 0.987688 0.156435 0.000000
vn -0.707108 0.707106 0.000065
vn -0.889995 0.455971 0.000000
vn -0.890340 0.455297 0.000000
vn -0.707108 0.707106 0.000065
vn -0.707108 0.707106 0.000065
vn -0.707108 0.707106 0.000065
vn -0.707108 0.707106 0.000065
vn -0.707108 0.707106 0.000065
vn 0.889995 0.455970 -0.000000
vn 0.707106 0.707108 -0.000021
vn 0.707106 0.707108 -0.000021
vn 0.707106 0.707108 -0.000021
vn 0.707106 0.707108 -0.000021
vn 0.707106 0.707108 -0.000021
vn 0.707106 0.707108 -0.000021
vn 0.890340 0.455296 -0.000000
vn -0.889755 0.456438 -0.000000
vn -0.890184 0.455601 -0.000000
vn -0.891007 0.453990 0.000000
vn -0.891007 0.453990 0.000000
vn 0.891007 0.453990 0.000000
vn 0.891007 0.453990 0.000000
vn 0.890190 0.455590 -0.000000
vn 0.889759 0.456430 -0.000000
vn -0.000000 0.000000 -1.000000
vn 0.000000 0.000000 -1.000000
vn 0.000000 0.000000 -1.000000
vn 0.000000 0.000000 -1.000000
vn 0.000000 0.000000 -1.000000
vn 0.000000 0.000000 -1.000000
vn -0.707108 0.707105 -0.000051
vn -0.707108 0.707105 -0.000051
vn -0.707108 0.707105 -0.000051
vn -0.707108 0.707105 -0.000051
vn -0.707108 0.707105 -0.000051
vn -0.707108 0.707105 -0.000051
vn 0.000000 0.000000 1.000000
vn 0.000000 0.000000 1.000000
vn 0.000000 0.000000 1.000000
vn 0.000000 0.000000 1.000000
vn 0.000000 0.000000 1.000000
vn -0.000000 0.000000 1.000000
vn 0.707107 0.707107 -0.000021
vn 0.707107 0.707107 -0.000021
vn 0.707107 0.707107 -0.000021
vn 0.707107 0.707107 -0.000021
vn 0.707107 0.707107 -0.000021
vn 0.707107 0.707107 -0.000021
vn -0.000000 0.000000 -1.000000
vn -0.000000 0.000000 -1.000000
vn -0.000000 0.000000 -1.000000
vn -0.000000 0.000000 -1.000000
vn -0.000000 0.000000 -1.000000
vn -0.000000 0.000000 -1.000000
vn -0.000000 0.000000 1.000000
vn -0.000000 0.000000 1.000000
vn -0.000000 0.000000 1.000000
vn -0.000000 0.000000 1.000000
vn -0.000000 0.000000 1.000000
vn -0.000000 0.000000 1.000000
vn -0.256373 0.966578 -0.000002
vn -0.453989 0.891007 -0.000001
vn -0.453989 0.891007 -0.000001
vn -0.453989 0.891007 -0.000001
vn -0.453989 0.891007 -0.000001
vn -0.453989 0.891007 -0.000001
vn -0.453989 0.891007 -0.000001
vn -0.453989 0.891007 -0.000001
vn -0.453989 0.891007 -0.000001
vn -0.453989 0.891007 -0.000001
vn -0.453989 0.891007 -0.000001
vn -0.453989 0.891007 -0.000001
vn -0.453989 0.891007 -0.000001
vn -0.256373 0.966578 -0.000002
vn -0.453991 -0.891006 0.000001
vn -0.453991 -0.891006 0.000001
vn -0.453991 -0.891006 0.000001
vn -0.453991 -0.891006 0.000001
vn -0.453991 -0.891006 0.000001
vn -0.453991 -0.891006 0.000001
vn -0.453991 -0.891006 0.000001
vn -0.453991 -0.891006 0.000001
vn -0.453991 -0.891006 0.000001
vn -0.453991 -0.891006 0.000001
vn -0.453991 -0.891006 0.000001
vn -0.453991 -0.891006 0.000001
vn -0.156436 0.987688 -0.000002
vn -0.156436 0.987688 -0.000002
vn -0.156436 0.987688 -0.000002
vn -0.156436 0.987688 -0.000002
vn -0.156436 0.987688 -0.000002
vn -0.156436 0.987688 -0.000002
vn -0.156436 0.987688 -0.000002
vn -0.156436 0.987688 -0.000002
vn -0.156436 0.987688 -0.000002
vn -0.156436 0.987688 -0.000002
vn -0.156436 0.987688 -0.000002
vn -0.156436 0.987688 -0.000002
s 1
g pasted__pCylinder1 group1
usemtl initialShadingGroup
f 3/3/1 1/1/2 2/2/3 4/4/4
f 1/1/2 3/3/1 5/5/5 7/7/6
f 3/3/1 4/4/4 6/6/7 8/8/8
f 3/3/1 8/8/8 9/9/9 5/5/5
f 10/10/10 6/6/7 4/4/4 11/11/11
f 8/8/8 6/6/7 12/12/12 16/16/13
f 14/14/14 11/11/11 13/13/15 17/17/16
f 7/7/6 5/5/5 15/15/17 18/18/18
f 19/19/19 9/9/9 8/8/8 16/16/13
f 6/6/7 10/10/10 20/20/20 12/12/12
f 5/5/5 9/9/9 21/21/21 15/15/17
f 22/22/22 10/10/10 11/11/11 14/14/14
f 16/24/13 12/25/12 23/23/23 24/26/24
f 18/18/18 15/15/17 25/27/25 32/36/26
f 26/28/27 14/14/14 17/17/16 31/35/28
f 9/9/9 19/19/19 27/29/29 21/21/21
f 28/30/30 20/20/20 10/10/10 22/22/22
f 29/32/31 19/31/19 16/24/13 24/26/24
f 12/25/12 20/33/20 30/34/32 23/23/23
f 15/15/17 21/21/21 33/37/33 25/27/25
f 34/38/34 22/22/22 14/14/14 26/28/27
f 23/23/23 35/39/35 24/26/24
f 19/31/19 29/32/31 36/40/36 27/29/29
f 37/41/37 30/34/32 20/33/20 28/42/30
f 38/43/38 29/32/31 24/26/24 35/39/35
f 23/23/23 30/34/32 39/44/39 35/39/35
f 21/21/21 27/29/29 40/45/40 33/37/33
f 41/46/41 28/30/30 22/22/22 34/38/34
f 32/36/26 25/27/25 42/47/42 44/51/43
f 43/50/44 26/48/27 31/49/28 45/52/45
f 25/27/25 33/37/33 46/53/46 42/47/42
f 47/55/47 34/54/34 26/48/27 43/50/44
f 48/56/48 36/40/36 29/32/31 38/43/38
f 30/34/32 37/41/37 49/57/49 39/44/39
f 27/29/29 36/40/36 50/58/50 40/45/40
f 51/59/51 37/41/37 28/42/30 41/60/41
f 38/43/38 35/39/35 52/61/52
f 35/39/35 39/44/39 53/62/53
f 33/37/33 40/45/40 54/63/54 46/53/46
f 55/65/55 41/60/41 34/64/34 47/66/47
f 52/61/52 35/39/35 53/62/53 69/80/56
f 44/51/43 42/47/42 56/67/57 64/75/58
f 57/68/59 43/50/44 45/52/45 65/76/60
f 36/40/36 48/56/48 58/69/61 50/58/50
f 59/70/62 49/57/49 37/41/37 51/59/51
f 40/45/40 50/58/50 60/71/63 54/63/54
f 61/72/64 51/59/51 41/60/41 55/65/55
f 42/47/42 46/53/46 62/73/65 56/67/57
f 63/74/66 47/55/47 43/50/44 57/68/59
f 39/44/39 49/57/49 66/77/67 53/62/53
f 46/53/46 54/63/54 67/78/68 62/73/65
f 68/79/69 55/65/55 47/66/47 63/83/66
f 50/58/50 58/69/61 70/81/70 60/71/63
f 71/82/71 59/70/62 51/59/51 61/72/64
f 54/63/54 60/71/63 72/84/72 67/78/68
f 73/85/73 61/72/64 55/65/55 68/79/69
f 69/80/56 53/62/53 66/77/67 78/90/74
f 74/86/75 52/61/52 69/80/56 79/91/76
f 49/57/49 59/70/62 75/87/77 66/77/67
f 60/71/63 70/81/70 76/88/78 72/84/72
f 77/89/79 71/82/71 61/72/64 73/85/73
f 80/92/80 1/1/2 7/7/6 84/96/81
f 59/70/62 71/82/71 81/93/82 75/87/77
f 82/94/83 13/13/15 2/2/3 110/122/84
f 79/91/76 69/80/56 78/90/74 86/98/85
f 78/90/74 66/77/67 75/87/77 88/100/86
f 83/95/87 74/86/75 79/91/76 89/101/88
f 84/96/81 7/7/6 18/18/18 111/123/89
f 85/97/90 17/17/16 13/13/15 82/94/83
f 31/35/28 17/17/16 85/97/90 92/127/91
f 71/82/71 77/89/79 87/99/92 81/93/82
f 18/18/18 32/36/26 90/102/93 111/123/89
f 86/98/85 78/90/74 88/100/86 94/106/94
f 89/101/88 79/91/76 86/98/85 95/107/95
f 88/100/86 75/87/77 81/93/82 96/108/96
f 91/103/97 83/95/87 89/101/88 97/109/98
f 45/52/45 31/49/28 92/104/91 98/110/99
f 32/36/26 44/51/43 93/105/100 90/102/93
f 95/107/95 86/98/85 94/106/94 101/113/101
f 94/106/94 88/100/86 96/108/96 102/114/102
f 97/109/98 89/101/88 95/107/95 103/115/103
f 65/76/60 45/52/45 98/110/99 117/130/104
f 96/108/96 81/93/82 87/99/92 104/116/105
f 99/111/106 91/103/97 97/109/98 105/117/107
f 44/51/43 64/75/58 100/112/108 93/105/100
f 101/113/101 94/106/94 102/114/102 106/118/109
f 103/115/103 95/107/95 101/113/101 107/119/110
f 102/114/102 96/108/96 104/116/105 108/120/111
f 105/117/107 97/109/98 103/115/103 109/121/112
f 107/119/110 101/113/101 106/118/109 112/124/113
f 106/118/109 102/114/102 108/120/111 113/125/114
f 109/121/112 103/115/103 107/119/110 114/126/115
f 112/124/113 106/118/109 113/125/114 115/128/116
f 114/126/115 107/119/110 112/124/113 116/129/117
f 116/129/117 112/124/113 115/128/116 118/131/118
f 119/132/119 110/122/84 80/92/80 120/133/120
f 121/134/121 82/94/83 110/122/84 119/132/119
f 119/132/119 120/133/120 122/135/122 123/136/123
f 82/94/83 121/134/121 124/137/124 85/97/90
f 125/138/125 121/134/121 119/132/119 123/136/123
f 127/140/126 126/139/127 84/96/81 111/123/89
f 120/133/120 126/139/127 128/141/128 122/135/122
f 123/136/123 122/135/122 129/142/129 132/145/130
f 121/134/121 125/138/125 130/143/131 124/137/124
f 131/144/132 128/141/128 126/139/127 127/140/126
f 133/146/133 125/138/125 123/136/123 132/145/130
f 85/97/90 124/137/124 134/147/134 92/127/91
f 135/148/135 127/140/126 111/123/89 90/102/93
f 122/135/122 128/141/128 136/149/136 129/142/129
f 132/151/130 129/152/129 137/150/137 143/159/138
f 138/153/139 130/143/131 125/138/125 133/146/133
f 124/137/124 130/143/131 139/154/140 134/147/134
f 128/141/128 131/144/132 140/155/141 136/149/136
f 141/156/142 131/144/132 127/140/126 135/148/135
f 142/158/143 133/157/133 132/151/130 143/159/138
f 129/152/129 136/160/136 144/161/144 137/150/137
f 92/104/91 134/162/134 145/163/145 98/110/99
f 146/164/146 135/148/135 90/102/93 93/105/100
f 130/143/131 138/153/139 147/165/147 139/154/140
f 148/166/148 140/155/141 131/144/132 141/156/142
f 149/168/149 138/167/139 133/157/133 142/158/143
f 136/160/136 140/169/141 150/170/150 144/161/144
f 134/162/134 139/171/140 151/172/151 145/163/145
f 152/173/152 141/156/142 135/148/135 146/164/146
f 137/150/137 153/174/153 143/159/138
f 154/175/154 142/158/143 143/159/138 153/174/153
f 137/150/137 144/161/144 155/176/155 153/174/153
f 98/110/99 145/163/145 156/177/156 117/130/104
f 157/178/157 146/164/146 93/105/100 100/112/108
f 158/180/158 147/179/147 138/167/139 149/168/149
f 140/169/141 148/181/148 159/182/159 150/170/150
f 139/171/140 147/179/147 160/183/160 151/172/151
f 161/185/161 148/181/148 141/184/142 152/186/152
f 162/187/162 149/168/149 142/158/143 154/175/154
f 144/161/144 150/170/150 163/188/163 155/176/155
f 145/163/145 151/172/151 164/189/164 156/177/156
f 165/190/165 152/173/152 146/164/146 157/178/157
f 154/175/154 153/174/153 166/191/166
f 153/174/153 155/176/155 167/192/167
f 147/179/147 158/180/158 168/193/168 160/183/160
f 169/194/169 159/182/159 148/181/148 161/185/161
f 170/195/170 158/180/158 149/168/149 162/187/162
f 150/170/150 159/182/159 171/196/171 163/188/163
f 151/172/151 160/183/160 172/197/172 164/189/164
f 173/198/173 161/185/161 152/186/152 165/199/165
f 166/191/166 153/174/153 167/192/167 179/205/174
f 155/176/155 163/188/163 174/200/175 167/192/167
f 175/201/176 168/193/168 158/180/158 170/195/170
f 159/182/159 169/194/169 176/202/177 171/196/171
f 160/183/160 168/193/168 177/203/178 172/197/172
f 178/204/179 169/194/169 161/185/161 173/198/173
f 163/188/163 171/196/171 180/206/180 174/200/175
f 179/205/174 167/192/167 174/200/175 185/211/181
f 181/207/182 166/191/166 179/205/174 186/212/183
f 168/193/168 175/201/176 182/208/184 177/203/178
f 183/209/185 176/202/177 169/194/169 178/204/179
f 171/196/171 176/202/177 184/210/186 180/206/180
f 186/212/183 179/205/174 185/211/181 189/215/187
f 185/211/181 174/200/175 180/206/180 190/216/188
f 187/213/189 181/207/182 186/212/183 191/217/190
f 176/202/177 183/209/185 188/214/191 184/210/186
f 189/215/187 185/211/181 190/216/188 193/219/192
f 191/217/190 186/212/183 189/215/187 194/220/193
f 190/216/188 180/206/180 184/210/186 195/221/194
f 192/218/195 187/213/189 191/217/190 196/222/196
f 194/220/193 189/215/187 193/219/192 198/224/197
f 193/219/192 190/216/188 195/221/194 199/225/198
f 196/222/196 191/217/190 194/220/193 200/226/199
f 195/221/194 184/210/186 188/214/191 201/227/200
f 197/223/201 192/218/195 196/222/196 202/228/202
f 198/224/197 193/219/192 199/225/198 203/229/203
f 200/226/199 194/220/193 198/224/197 204/230/204
f 199/225/198 195/221/194 201/227/200 205/231/205
f 202/228/202 196/222/196 200/226/199 206/232/206
f 203/229/203 199/225/198 205/231/205 207/233/207
f 204/230/204 198/224/197 203/229/203 208/234/208
f 206/232/206 200/226/199 204/230/204 209/235/209
f 208/234/208 203/229/203 207/233/207 210/236/210
f 209/235/209 204/230/204 208/234/208 211/237/211
f 211/237/211 208/234/208 210/236/210 212/238/212
f 104/116/105 87/99/92 213/239/213 215/241/214
f 99/111/106 105/117/107 214/240/215 255/281/216
f 108/120/111 104/116/105 215/241/214 220/246/217
f 216/242/218 217/243/219 218/244/220
f 105/117/107 109/121/112 219/245/221 214/240/215
f 113/125/114 108/120/111 220/246/217 224/250/222
f 221/247/223 216/242/218 218/244/220
f 217/243/219 222/248/224 218/244/220
f 109/121/112 114/126/115 223/249/225 219/245/221
f 115/128/116 113/125/114 224/250/222 226/252/226
f 114/126/115 116/129/117 225/251/227 223/249/225
f 118/131/118 115/128/116 226/252/226 259/285/228
f 116/129/117 118/131/118 227/253/229 225/251/227
f 228/254/230 221/247/223 218/244/220
f 222/248/224 229/255/231 218/244/220
f 229/255/231 230/256/232 218/244/220
f 231/257/233 228/254/230 218/244/220
f 201/227/200 188/214/191 232/258/234 237/263/235
f 197/223/201 202/228/202 233/259/236 265/291/237
f 234/260/238 235/261/239 236/262/240
f 205/231/205 201/227/200 237/263/235 243/269/241
f 202/228/202 206/232/206 238/264/242 233/259/236
f 235/261/239 239/265/243 236/262/240
f 240/266/244 234/260/238 236/262/240
f 230/256/232 241/267/245 218/244/220
f 242/268/246 231/257/233 218/244/220
f 207/233/207 205/231/205 243/269/241 246/272/247
f 206/232/206 209/235/209 244/270/248 238/264/242
f 245/271/249 165/190/165 157/178/157 746/833/250
f 210/236/210 207/233/207 246/272/247 249/275/251
f 247/273/252 173/198/173 165/199/165 245/835/249
f 209/235/209 211/237/211 248/274/253 244/270/248
f 212/238/212 210/236/210 249/275/251 271/297/254
f 250/276/255 178/204/179 173/198/173 247/273/252
f 239/265/243 251/277/256 236/262/240
f 252/278/257 240/266/244 236/262/240
f 211/237/211 212/238/212 253/279/258 248/274/253
f 254/280/259 183/209/185 178/204/179 250/276/255
f 256/282/260 242/268/246 218/244/220
f 257/283/261 252/278/257 236/262/240
f 251/277/256 258/284/262 236/262/240
f 260/286/263 218/244/220 261/287/264
f 262/288/265 256/282/260 218/244/220
f 263/289/266 257/283/261 236/262/240
f 258/284/262 264/290/267 236/262/240
f 266/292/268 218/244/220 267/293/269
f 268/294/270 262/288/265 218/244/220
f 264/290/267 269/295/271 236/262/240
f 270/296/272 218/244/220 266/292/268
f 272/298/273 268/294/270 218/244/220
f 273/299/274 236/262/240 274/300/275
f 269/295/271 275/301/276 236/262/240
f 276/302/277 272/298/273 218/244/220
f 275/301/276 277/303/278 236/262/240
f 278/304/279 236/262/240 279/305/280
f 279/305/280 236/262/240 280/306/281
f 277/303/278 281/307/282 236/262/240
f 281/307/282 282/308/283 236/262/240
f 215/241/214 213/239/213 283/309/284 285/311/285
f 255/281/216 214/240/215 284/310/286 303/329/287
f 220/246/217 215/241/214 285/311/285 287/313/288
f 214/240/215 219/245/221 286/312/289 284/310/286
f 224/250/222 220/246/217 287/313/288 289/315/290
f 219/245/221 223/249/225 288/314/291 286/312/289
f 226/252/226 224/250/222 289/315/290 291/317/292
f 223/249/225 225/251/227 290/316/293 288/314/291
f 259/285/228 226/252/226 291/317/292 314/340/294
f 225/251/227 227/253/229 292/318/295 290/316/293
f 237/263/235 232/258/234 293/319/296 295/321/297
f 265/291/237 233/259/236 294/320/298 315/341/299
f 243/269/241 237/263/235 295/321/297 297/323/300
f 233/259/236 238/264/242 296/322/301 294/320/298
f 246/272/247 243/269/241 297/323/300 299/325/302
f 238/264/242 244/270/248 298/324/303 296/322/301
f 249/275/251 246/272/247 299/325/302 301/327/304
f 244/270/248 248/274/253 300/326/305 298/324/303
f 271/297/254 249/275/251 301/327/304 348/377/306
f 248/274/253 253/279/258 302/328/307 300/326/305
f 304/330/308 305/331/309 307/333/310 306/332/311 1058/1195/312
f 306/332/311 307/333/310 309/524/313 308/1135/314
f 308/334/314 309/335/313 311/337/315 310/336/316
f 310/336/316 311/337/315 313/339/317 312/338/318
f 312/338/318 313/339/317 533/583/319 1011/1136/320
f 4/4/4 2/2/3 13/13/15 11/11/11
f 48/56/48 38/43/38 52/61/52 74/86/75
f 58/69/61 48/56/48 74/86/75 83/95/87
f 70/81/70 58/69/61 83/95/87 91/103/97
f 318/344/321 316/342/322 317/343/323 323/349/324
f 321/347/325 319/345/326 320/346/327 324/350/328
f 323/349/324 317/343/323 322/348/329 327/353/330
f 325/351/331 321/347/325 324/350/328 328/357/332
f 327/353/330 322/348/329 326/352/333 331/359/334
f 329/356/335 325/354/331 328/355/332 332/360/336
f 331/359/334 326/352/333 330/358/337 335/363/338
f 333/361/339 329/356/335 332/360/336 336/364/340
f 76/88/78 70/81/70 91/103/97 99/111/106
f 335/363/338 330/358/337 334/362/341 344/372/342
f 337/365/343 333/361/339 336/364/340 345/373/344
f 338/366/345 318/344/321 323/349/324 340/368/346
f 324/350/328 320/346/327 339/367/347 341/369/348
f 340/368/346 323/349/324 327/353/330 342/370/349
f 328/357/332 324/350/328 341/369/348 343/374/350
f 342/370/349 327/353/330 331/359/334 346/375/351
f 332/360/336 328/355/332 343/371/350 347/376/352
f 346/375/351 331/359/334 335/363/338 349/378/353
f 336/364/340 332/360/336 347/376/352 350/379/354
f 344/372/342 334/362/341 303/329/287 362/395/355
f 80/92/80 110/122/84 2/2/3 1/1/2
f 349/378/353 335/363/338 344/372/342 356/388/356
f 345/373/344 336/364/340 350/379/354 358/391/357
f 351/380/358 338/366/345 340/368/346 353/384/359
f 341/383/348 339/381/347 352/382/360 354/385/361
f 353/384/359 340/368/346 342/370/349 355/387/362
f 343/386/350 341/383/348 354/385/361 357/389/363
f 355/387/362 342/370/349 346/375/351 359/392/364
f 347/390/352 343/386/350 357/389/363 360/396/365
f 359/392/364 346/375/351 349/378/353 364/398/366
f 350/379/354 347/376/352 360/393/365 365/399/367
f 361/394/368 345/373/344 358/391/357 373/407/369
f 356/388/356 344/372/342 362/395/355 377/411/370
f 320/346/327 319/345/326 363/397/371 426/466/372
f 364/398/366 349/378/353 356/388/356 375/409/373
f 358/391/357 350/379/354 365/399/367 376/410/374
f 366/400/375 351/380/358 353/384/359 368/402/376
f 354/385/361 352/382/360 367/401/377 370/404/378
f 368/402/376 353/384/359 355/387/362 372/406/379
f 316/342/322 318/344/321 369/403/380 305/331/309
f 357/389/363 354/385/361 370/404/378 374/408/381
f 371/405/382 285/311/285 283/309/284 361/394/368
f 372/406/379 355/387/362 359/392/364 378/415/383
f 360/396/365 357/389/363 374/408/381 379/413/384
f 373/407/369 358/391/357 376/410/374 391/428/385
f 375/409/373 356/388/356 377/411/370 392/429/386
f 378/412/383 359/392/364 364/398/366 384/420/387
f 365/414/367 360/396/365 379/413/384 386/422/388
f 380/416/389 287/313/288 285/311/285 371/405/382
f 284/310/286 286/312/289 381/417/390 383/419/391
f 382/418/392 371/405/382 361/394/368 373/407/369
f 384/420/387 364/398/366 375/409/373 396/433/393
f 370/404/378 367/401/377 385/421/394 390/427/395
f 376/423/374 365/414/367 386/422/388 397/434/396
f 362/395/355 383/419/391 387/424/397 377/411/370
f 318/344/321 338/366/345 388/425/398 369/403/380
f 389/426/399 368/402/376 372/406/379 393/430/400
f 374/408/381 370/404/378 390/427/395 394/431/401
f 393/430/400 372/406/379 378/415/383 402/443/402
f 379/413/384 374/408/381 394/431/401 404/442/403
f 395/432/404 289/315/290 287/313/288 380/416/389
f 286/312/289 288/314/291 398/435/405 381/417/390
f 391/436/385 376/423/374 397/434/396 406/445/406
f 399/437/407 380/416/389 371/405/382 382/418/392
f 396/433/393 375/409/373 392/429/386 407/446/408
f 383/419/391 381/417/390 400/438/409 387/424/397
f 401/439/410 382/418/392 373/407/369 391/428/385
f 402/440/402 378/412/383 384/420/387 408/447/411
f 377/411/370 387/424/397 403/441/412 392/429/386
f 386/422/388 379/413/384 404/442/403 409/448/413
f 338/366/345 351/380/358 405/444/414 388/425/398
f 408/447/411 384/420/387 396/433/393 419/459/415
f 397/434/396 386/422/388 409/448/413 418/458/416
f 410/449/417 291/317/292 289/315/290 395/432/404
f 288/314/291 290/316/293 411/450/418 398/435/405
f 412/451/419 395/432/404 380/416/389 399/437/407
f 381/417/390 398/435/405 413/452/420 400/438/409
f 414/453/421 399/437/407 382/418/392 401/439/410
f 387/424/397 400/438/409 415/454/422 403/441/412
f 416/456/423 401/455/410 391/436/385 406/445/406
f 392/429/386 403/441/412 417/457/424 407/446/408
f 397/434/396 418/458/416 406/445/406
f 419/459/415 396/433/393 407/446/408
f 405/444/414 351/380/358 366/400/375 443/483/425
f 421/461/426 389/426/399 420/460/427 453/494/428
f 422/462/429 314/340/294 291/317/292 410/449/417
f 290/316/293 292/318/295 423/463/430 411/450/418
f 424/464/431 394/431/401 390/427/395 452/493/432
f 425/465/433 404/442/403 394/431/401 424/464/431
f 427/467/434 410/449/417 395/432/404 412/451/419
f 420/460/427 389/426/399 393/430/400 432/472/435
f 398/435/405 411/450/418 428/468/436 413/452/420
f 429/469/437 409/448/413 404/442/403 425/465/433
f 430/470/438 412/451/419 399/437/407 414/453/421
f 390/427/395 385/421/394 431/471/439 452/493/432
f 432/472/435 393/430/400 402/443/402 436/492/440
f 400/438/409 413/452/420 433/473/441 415/454/422
f 434/474/442 414/453/421 401/455/410 416/456/423
f 403/441/412 415/454/422 435/475/443 417/457/424
f 436/476/440 402/440/402 408/447/411 439/479/444
f 437/477/445 416/456/423 406/445/406 418/458/416
f 407/446/408 417/457/424 438/478/446 419/459/415
f 408/447/411 419/459/415 439/479/444
f 429/469/437 418/458/416 409/448/413
f 440/480/447 422/462/429 410/449/417 427/467/434
f 411/450/418 423/463/430 441/481/448 428/468/436
f 442/482/449 427/467/434 412/451/419 430/470/438
f 443/483/425 366/400/375 421/461/426 505/550/450
f 413/452/420 428/468/436 444/484/451 433/473/441
f 445/485/452 430/470/438 414/453/421 434/474/442
f 385/421/394 367/401/377 446/486/453 506/551/454
f 415/454/422 433/473/441 447/487/455 435/475/443
f 448/488/456 434/474/442 416/456/423 437/477/445
f 417/457/424 435/475/443 449/489/457 438/478/446
f 439/479/444 419/459/415 450/490/458 454/495/459
f 451/491/460 418/458/416 429/469/437 455/496/461
f 418/458/416 451/491/460 437/477/445
f 450/490/458 419/459/415 438/478/446
f 448/488/456 437/477/445 451/491/460 463/504/462
f 450/490/458 438/478/446 449/489/457 462/503/463
f 436/476/440 439/479/444 454/495/459 464/506/464
f 455/496/461 429/469/437 425/465/433 465/507/465
f 456/497/466 440/480/447 427/467/434 442/482/449
f 428/468/436 441/481/448 457/498/467 444/484/451
f 458/499/468 442/482/449 430/470/438 445/485/452
f 433/473/441 444/484/451 459/500/469 447/487/455
f 460/501/470 445/485/452 434/474/442 448/488/456
f 435/475/443 447/487/455 461/502/471 449/489/457
f 432/472/435 436/492/440 464/505/464 470/512/472
f 465/507/465 425/465/433 424/464/431 471/513/473
f 454/495/459 450/490/458 462/503/463 472/514/474
f 463/504/462 451/491/460 455/496/461 473/515/475
f 462/503/463 449/489/457 461/502/471 477/519/476
f 460/501/470 448/488/456 463/504/462 480/522/477
f 466/508/478 456/497/466 442/482/449 458/499/468
f 444/484/451 457/498/467 467/509/479 459/500/469
f 468/510/480 458/499/468 445/485/452 460/501/470
f 447/487/455 459/500/469 469/511/481 461/502/471
f 420/460/427 432/472/435 470/512/472 475/517/482
f 471/513/473 424/464/431 452/493/432 476/518/483
f 464/506/464 454/495/459 472/514/474 484/529/484
f 473/515/475 455/496/461 465/507/465 485/528/485
f 426/466/372 363/397/371 474/516/486 479/521/487
f 307/333/310 305/331/309 369/403/380 481/523/488
f 453/494/428 420/460/427 475/517/482 486/530/489
f 476/518/483 452/493/432 431/471/439 490/534/490
f 479/521/487 474/516/486 478/520/491 488/532/492
f 309/524/313 307/333/310 481/523/488 489/535/493
f 458/499/468 468/510/480 482/525/494 466/508/478
f 483/526/495 469/511/481 459/500/469 467/509/479
f 477/519/476 461/502/471 469/511/481 499/544/496
f 468/510/480 460/501/470 480/522/477 500/545/497
f 470/512/472 464/505/464 484/527/484 491/536/498
f 485/528/485 465/507/465 471/513/473 492/537/499
f 472/514/474 462/503/463 477/519/476 497/542/500
f 480/522/477 463/504/462 473/515/475 498/543/501
f 488/532/492 478/520/491 487/531/502 495/540/503
f 311/337/315 309/335/313 489/533/493 496/541/504
f 475/517/482 470/512/472 491/536/498 501/546/505
f 492/537/499 471/513/473 476/518/483 504/549/506
f 493/538/507 426/466/372 479/521/487 502/547/508
f 481/523/488 369/403/380 388/425/398 503/548/509
f 495/540/503 487/531/502 494/539/510 508/553/511
f 313/339/317 311/337/315 496/541/504 509/554/512
f 484/529/484 472/514/474 497/542/500 510/559/513
f 498/543/501 473/515/475 485/528/485 512/557/514
f 499/544/496 469/511/481 483/526/495 522/571/515
f 120/133/120 80/92/80 84/96/81 126/139/127
f 482/525/494 468/510/480 500/545/497 523/572/516
f 486/530/489 475/517/482 501/546/505 514/560/517
f 502/547/508 479/521/487 488/532/492 511/556/518
f 489/535/493 481/523/488 503/548/509 513/561/519
f 504/549/506 476/518/483 490/534/490 515/562/520
f 508/553/511 494/539/510 507/552/521 516/563/522
f 491/536/498 484/527/484 510/555/513 517/564/523
f 511/556/518 488/532/492 495/540/503 520/569/524
f 512/557/514 485/528/485 492/537/499 519/568/525
f 496/541/504 489/533/493 513/558/519 521/570/526
f 497/542/500 477/519/476 499/544/496 524/573/527
f 500/545/497 480/522/477 498/543/501 525/574/528
f 501/546/505 491/536/498 517/564/523 528/578/529
f 518/567/530 493/565/507 502/566/508 526/576/531
f 503/548/509 388/425/398 405/444/414 527/577/532
f 519/568/525 492/537/499 504/549/506 529/579/533
f 520/569/524 495/540/503 508/553/511 530/580/534
f 509/554/512 496/541/504 521/570/526 531/581/535
f 510/559/513 497/542/500 524/573/527 534/584/536
f 525/574/528 498/543/501 512/557/514 536/587/537
f 526/576/531 502/566/508 511/575/518 535/590/538
f 513/561/519 503/548/509 527/577/532 537/591/539
f 514/560/517 501/546/505 528/578/529 538/589/540
f 529/579/533 504/549/506 515/562/520 539/592/541
f 530/580/534 508/553/511 516/563/522 540/593/542
f 532/582/543 509/554/512 531/581/535 542/597/544
f 293/319/296 533/583/319 532/582/543 553/610/545
f 516/563/522 507/552/521 315/341/299 554/611/546
f 517/585/523 510/559/513 534/584/536 541/601/547
f 535/586/538 511/556/518 520/569/524 544/599/548
f 536/587/537 512/557/514 519/568/525 543/598/549
f 521/570/526 513/558/519 537/588/539 545/600/550
f 523/572/516 500/545/497 525/574/528 547/603/551
f 528/596/529 517/594/523 541/595/547 549/605/552
f 446/486/453 518/567/530 526/576/531 550/607/553
f 527/577/532 405/444/414 443/483/425 551/608/554
f 543/598/549 519/568/525 529/579/533 552/609/555
f 544/599/548 520/569/524 530/580/534 555/612/556
f 531/581/535 521/570/526 545/600/550 556/613/557
f 534/584/536 524/573/527 546/602/558 557/614/559
f 547/603/551 525/574/528 536/587/537 558/615/560
f 548/604/561 453/494/428 486/530/489 573/635/562
f 538/606/540 528/596/529 549/605/552 562/621/563
f 550/607/553 526/576/531 535/590/538 560/618/564
f 537/591/539 527/577/532 551/608/554 561/619/565
f 552/609/555 529/579/533 539/592/541 563/622/566
f 553/610/545 532/582/543 542/597/544 572/634/567
f 540/593/542 516/563/522 554/611/546 577/639/568
f 555/612/556 530/580/534 540/593/542 566/626/569
f 542/597/544 531/581/535 556/613/557 567/627/570
f 541/601/547 534/584/536 557/614/559 564/625/571
f 558/615/560 536/587/537 543/598/549 565/624/572
f 559/616/573 490/534/490 431/471/439 608/672/574
f 560/618/564 535/590/538 544/617/548 568/630/575
f 545/620/550 537/591/539 561/619/565 569/631/576
f 549/605/552 541/595/547 564/623/571 570/632/577
f 565/624/572 543/598/549 552/609/555 571/633/578
f 506/551/454 446/486/453 550/607/553 575/637/579
f 551/608/554 443/483/425 505/550/450 576/638/580
f 568/628/575 544/599/548 555/612/556 580/642/581
f 556/613/557 545/600/550 569/629/576 582/644/582
f 562/621/563 549/605/552 570/632/577 579/641/583
f 571/633/578 552/609/555 563/622/566 581/643/584
f 573/635/562 486/530/489 514/560/517 638/704/585
f 574/636/586 295/321/297 293/319/296 553/610/545
f 575/637/579 550/607/553 560/618/564 585/647/587
f 561/619/565 551/608/554 576/638/580 584/646/588
f 572/634/567 542/597/544 567/627/570 588/650/589
f 566/626/569 540/593/542 577/639/568 591/653/590
f 315/341/299 294/320/298 578/640/591 554/611/546
f 580/642/581 555/612/556 566/626/569 592/654/592
f 567/627/570 556/613/557 582/644/582 593/655/593
f 583/645/594 515/562/520 490/534/490 559/616/573
f 569/631/576 561/619/565 584/646/588 594/658/595
f 585/647/587 560/618/564 568/630/575 595/659/596
f 553/610/545 572/634/567 586/648/597 574/636/586
f 295/321/297 574/636/586 587/649/598 297/323/300
f 294/320/298 296/322/301 589/651/599 578/640/591
f 554/611/546 578/640/591 590/652/600 577/639/568
f 582/644/582 569/629/576 594/656/595 601/665/601
f 595/657/596 568/628/575 580/642/581 602/666/602
f 539/592/541 515/562/520 583/645/594 610/674/603
f 588/650/589 567/627/570 593/655/593 605/669/604
f 592/654/592 566/626/569 591/653/590 606/670/605
f 514/560/517 538/589/540 596/660/606 638/704/585
f 572/634/567 588/650/589 597/661/607 586/648/597
f 162/187/162 154/175/154 166/191/166 181/207/182
f 574/636/586 586/648/597 598/662/608 587/649/598
f 297/323/300 587/649/598 599/663/609 299/325/302
f 600/664/610 591/653/590 577/639/568 590/652/600
f 593/655/593 582/644/582 601/665/601 612/676/611
f 602/666/602 580/642/581 592/654/592 614/678/612
f 603/667/613 590/652/600 578/640/591 589/651/599
f 604/668/614 589/651/599 296/322/301 298/324/303
f 506/551/454 575/637/579 607/671/615 608/672/574
f 576/638/580 505/550/450 548/604/561 633/698/616
f 609/673/617 584/646/588 576/638/580 633/698/616
f 607/671/615 575/637/579 585/647/587 617/681/618
f 563/622/566 539/592/541 610/674/603 635/700/619
f 611/675/620 594/658/595 584/646/588 609/673/617
f 593/655/593 612/676/611 605/669/604
f 588/650/589 605/669/604 613/677/621 597/661/607
f 606/670/605 614/678/612 592/654/592
f 615/679/622 606/670/605 591/653/590 600/664/610
f 586/648/597 597/661/607 616/680/623 598/662/608
f 617/681/618 585/647/587 595/659/596 625/701/624
f 587/649/598 598/662/608 618/682/625 599/663/609
f 619/683/626 600/664/610 590/652/600 603/667/613
f 299/325/302 599/663/609 620/684/627 301/327/304
f 621/685/628 603/667/613 589/651/599 604/668/614
f 622/686/629 601/665/601 594/656/595 611/693/620
f 623/687/630 604/668/614 298/324/303 300/326/305
f 538/606/540 562/621/563 624/688/631 596/737/606
f 625/689/624 595/657/596 602/666/602 626/690/632
f 170/195/170 162/187/162 181/207/182 187/213/189
f 602/666/602 614/678/612 626/690/632
f 612/676/611 601/665/601 622/686/629
f 605/669/604 612/676/611 627/691/633 613/677/621
f 628/692/634 614/678/612 606/670/605 615/679/622
f 348/377/306 301/327/304 620/684/627 641/707/635
f 597/661/607 613/677/621 629/694/636 616/680/623
f 630/695/637 615/679/622 600/664/610 619/683/626
f 598/662/608 616/680/623 631/696/638 618/682/625
f 632/697/639 619/683/626 603/667/613 621/685/628
f 599/663/609 618/682/625 634/699/640 620/684/627
f 581/643/584 563/622/566 635/700/619 685/755/641
f 636/702/642 621/685/628 604/668/614 623/687/630
f 637/703/643 623/687/630 300/326/305 302/328/307
f 626/690/632 614/678/612 639/705/644 648/714/645
f 640/706/646 612/676/611 622/686/629 649/715/647
f 562/621/563 579/641/583 642/708/648 624/688/631
f 627/691/633 612/676/611 640/706/646
f 614/678/612 628/692/634 639/705/644
f 613/677/621 627/691/633 643/709/649 629/694/636
f 644/710/650 628/692/634 615/679/622 630/695/637
f 641/707/635 620/684/627 634/699/640 652/718/651
f 175/201/176 170/195/170 187/213/189 192/218/195
f 616/680/623 629/694/636 645/711/652 631/696/638
f 646/712/653 630/695/637 619/683/626 632/697/639
f 618/682/625 631/696/638 647/713/654 634/699/640
f 625/689/624 626/690/632 648/714/645 653/721/655
f 649/715/647 622/686/629 611/693/620 654/722/656
f 650/716/657 632/697/639 621/685/628 636/702/642
f 651/717/658 636/702/642 623/687/630 637/703/643
f 639/705/644 628/692/634 644/710/650 660/728/659
f 617/681/618 625/701/624 653/719/655 657/725/660
f 654/720/656 611/675/620 609/673/617 661/729/661
f 629/694/636 643/709/649 655/723/662 645/711/652
f 656/724/663 644/710/650 630/695/637 646/712/653
f 607/671/615 617/681/618 657/725/660 665/733/664
f 631/696/638 645/711/652 658/726/665 647/713/654
f 659/727/666 646/712/653 632/697/639 650/716/657
f 661/729/661 609/673/617 633/698/616 666/734/667
f 634/699/640 647/713/654 662/730/668 652/718/651
f 663/731/669 640/706/646 649/715/647 668/736/670
f 648/714/645 639/705/644 660/728/659 667/735/671
f 664/732/672 650/716/657 636/702/642 651/717/658
f 608/672/574 607/671/615 665/733/664 559/616/573
f 666/734/667 633/698/616 548/604/561 573/635/562
f 182/208/184 175/201/176 192/218/195 197/223/201
f 660/728/659 644/710/650 656/724/663 676/746/673
f 653/721/655 648/714/645 667/735/671 673/742/674
f 668/736/670 649/715/647 654/722/656 674/744/675
f 645/711/652 655/723/662 669/738/676 658/726/665
f 670/739/677 656/724/663 646/712/653 659/727/666
f 647/713/654 658/726/665 671/740/678 662/730/668
f 672/741/679 659/727/666 650/716/657 664/732/672
f 657/725/660 653/719/655 673/742/674 675/745/680
f 674/743/675 654/720/656 661/729/661 677/747/681
f 665/733/664 657/725/660 675/745/680 679/749/682
f 677/747/681 661/729/661 666/734/667 680/750/683
f 678/748/684 663/731/669 668/736/670 684/754/685
f 667/735/671 660/728/659 676/746/673 683/753/686
f 559/616/573 665/733/664 679/749/682 583/645/594
f 676/746/673 656/724/663 670/739/677 688/758/687
f 680/750/683 666/734/667 573/635/562 638/704/585
f 658/726/665 669/738/676 681/751/688 671/740/678
f 682/752/689 670/739/677 659/727/666 672/741/679
f 673/742/674 667/735/671 683/753/686 686/756/690
f 684/754/685 668/736/670 674/744/675 687/759/691
f 675/745/680 673/742/674 686/756/690 689/760/692
f 687/757/691 674/743/675 677/747/681 690/761/693
f 688/758/687 670/739/677 682/752/689 696/767/694
f 679/749/682 675/745/680 689/760/692 691/762/695
f 690/761/693 677/747/681 680/750/683 693/764/696
f 583/645/594 679/749/682 691/762/695 610/674/603
f 692/763/697 678/748/684 684/754/685 695/766/698
f 683/753/686 676/746/673 688/758/687 694/765/699
f 693/764/696 680/750/683 638/704/585 596/660/606
f 686/756/690 683/753/686 694/765/699 697/768/700
f 695/766/698 684/754/685 687/759/691 698/770/701
f 689/760/692 686/756/690 697/768/700 699/771/702
f 698/770/701 687/759/691 690/769/693 700/773/703
f 691/762/695 689/760/692 699/771/702 701/774/704
f 700/773/703 690/769/693 693/772/696 703/776/705
f 610/674/603 691/762/695 701/774/704 635/700/619
f 702/775/706 692/763/697 695/766/698 705/778/707
f 694/765/699 688/758/687 696/767/694 704/777/708
f 703/776/705 693/772/696 596/737/606 624/688/631
f 697/768/700 694/765/699 704/777/708 706/779/709
f 705/778/707 695/766/698 698/770/701 708/781/710
f 699/771/702 697/768/700 706/779/709 709/782/711
f 546/602/558 522/571/515 707/780/712 713/786/713
f 708/781/710 698/770/701 700/773/703 710/783/714
f 701/774/704 699/771/702 709/782/711 711/784/715
f 710/783/714 700/773/703 703/776/705 712/785/716
f 635/700/619 701/774/704 711/784/715 685/755/641
f 712/785/716 703/776/705 624/688/631 642/708/648
f 557/614/559 546/602/558 713/786/713 714/787/717
f 564/625/571 557/614/559 714/787/717 715/818/718
f 570/632/577 564/623/571 715/788/718 716/789/719
f 579/641/583 570/632/577 716/789/719 738/824/720
f 717/790/721 56/67/57 62/73/65 718/791/722
s 9
f 217/792/723 216/793/724 235/794/725 234/795/726
s 1
f 718/791/722 62/73/65 67/78/68 719/796/727
f 719/796/727 67/78/68 72/84/72 720/797/728
f 523/572/516 547/603/551 721/798/729 747/834/730
f 720/797/728 72/84/72 76/88/78 722/799/731
s 9
f 216/793/724 221/800/732 239/801/733 235/794/725
f 222/802/734 217/792/723 234/795/726 240/803/735
s 1
f 547/603/551 558/615/560 723/804/736 721/798/729
f 558/615/560 565/624/572 724/805/737 723/804/736
f 565/624/572 571/633/578 725/806/738 724/805/737
f 571/633/578 581/643/584 726/807/739 725/806/738
f 637/703/643 302/328/307 727/808/740 730/811/741
f 728/809/742 702/775/706 705/778/707 729/810/743
f 729/810/743 705/778/707 708/781/710 731/812/744
f 651/717/658 637/703/643 730/811/741 736/817/745
f 731/812/744 708/781/710 710/783/714 732/813/746
f 732/813/746 710/783/714 712/785/716 735/816/747
f 733/814/748 100/112/108 64/75/58 734/815/749
f 735/816/747 712/785/716 642/708/648 748/840/750
f 664/732/672 651/717/658 736/817/745 737/823/751
s 9
f 221/800/732 228/819/752 251/820/753 239/801/733
f 229/821/754 222/802/734 240/803/735 252/822/755
s 1
f 672/741/679 664/732/672 737/823/751 739/825/756
f 682/752/689 672/741/679 739/825/756 750/842/757
f 57/68/59 65/76/60 740/826/758 741/827/759
f 63/74/66 57/68/59 741/827/759 742/828/760
f 68/79/69 63/83/66 742/829/760 743/830/761
f 73/85/73 68/79/69 743/830/761 744/831/762
f 77/89/79 73/85/73 744/831/762 745/832/763
f 745/832/763 213/239/213 87/99/92 77/89/79
f 157/178/157 100/112/108 733/814/764 754/848/765 746/833/250
s 9
f 230/836/766 229/821/754 252/822/755 257/837/767
f 228/819/752 231/838/768 258/839/769 251/820/753
s 1
f 65/76/60 117/130/104 749/841/770 740/826/758
f 117/130/104 156/177/156 751/843/771 749/841/770
f 156/177/156 164/189/164 752/844/772 751/843/771
f 164/189/164 172/197/172 753/845/773 752/844/772
s 9
f 231/838/768 242/846/774 264/847/775 258/839/769
s 1
f 172/197/172 177/203/178 755/849/776 753/845/773
f 177/203/178 182/208/184 756/850/777 755/849/776
f 261/287/264 218/244/220 241/267/245 757/851/778
f 182/208/184 197/223/201 265/291/237 756/850/777
s 9
f 242/846/774 256/852/779 269/853/780 264/847/775
s 1
f 747/834/730 721/798/729 765/861/781 797/896/782
f 721/798/729 723/804/736 768/864/783 765/861/781
f 267/293/269 218/244/220 260/286/263 769/865/784
f 723/804/736 724/805/737 770/866/785 768/864/783
f 724/805/737 725/806/738 773/869/786 770/866/785
f 725/806/738 726/807/739 774/870/787 773/869/786
s 10
f 775/871/788 777/873/789 783/879/790 778/874/791 776/872/792 772/868/793 767/863/794 764/860/795 762/858/796 760/856/797 758/854/798 759/855/799 761/857/800 763/859/801 766/862/802 771/867/803
s 1
f 730/811/741 727/808/740 779/875/804 781/877/805
f 780/876/806 263/289/266 236/262/240 273/299/274
f 736/817/745 730/811/741 781/877/805 782/878/807
f 737/823/751 736/817/745 782/878/807 784/880/808
f 739/825/756 737/823/751 784/880/808 785/881/809
f 750/842/757 739/825/756 785/881/809 813/915/810
s 9
f 256/852/779 262/882/811 275/883/812 269/853/780
s 1
f 788/886/813 786/884/814 787/885/815 801/900/816
f 790/888/817 789/887/818 786/884/814 788/886/813
f 792/890/819 791/889/820 789/887/818 790/888/817
f 794/893/821 793/891/822 791/892/820 792/914/819
f 796/895/823 795/894/824 793/891/822 794/893/821
f 259/285/228 798/897/825 227/253/229 118/131/118
f 799/898/826 276/302/277 218/244/220 270/296/272
f 274/300/275 236/262/240 278/304/279 800/899/827
f 803/902/828 804/903/829 802/901/830 851/957/831
s 9
f 262/882/811 268/904/832 277/905/833 275/883/812
s 1
f 804/903/829 806/907/834 805/906/835 802/901/830
f 806/907/834 808/909/836 807/908/837 805/906/835
f 808/909/836 809/910/838 810/911/839 807/908/837
f 809/910/838 811/912/840 812/913/841 810/911/839
f 815/917/842 816/918/843 814/916/844 817/919/845
f 814/916/844 816/918/843 818/920/846 821/923/847
f 817/919/845 814/916/844 819/921/848 820/922/849
f 821/923/847 818/920/846 822/924/850 824/926/851
f 819/921/848 814/916/844 821/923/847 826/928/852
f 823/925/853 820/922/849 819/921/848 825/927/854
f 824/926/851 822/924/850 827/929/855 829/931/856
f 828/930/857 823/925/853 825/927/854 830/932/858
f 826/928/852 821/923/847 824/926/851 831/933/859
f 825/927/854 819/921/848 826/928/852 832/934/860
f 829/931/856 827/929/855 833/935/861 835/937/862
f 834/936/863 828/930/857 830/932/858 836/938/864
f 831/933/859 824/926/851 829/931/856 837/939/865
f 830/932/858 825/927/854 832/934/860 838/940/866
f 832/934/860 826/928/852 831/933/859 839/941/867
f 837/939/865 829/931/856 835/937/862 840/942/868
f 836/938/864 830/932/858 838/940/866 841/943/869
f 839/941/867 831/933/859 837/939/865 842/944/870
f 838/940/866 832/934/860 839/941/867 843/945/871
f 844/946/872 835/937/862 833/935/861 797/896/782
f 842/944/870 837/939/865 840/942/868 847/950/873
f 841/943/869 838/940/866 843/945/871 848/951/874
f 843/947/871 839/941/867 842/944/870 849/952/875
f 836/938/864 841/943/869 845/948/876 850/956/877
f 846/949/878 840/942/868 835/937/862 844/946/872
s 9
f 268/904/832 272/953/879 281/954/880 277/905/833
s 1
f 849/952/875 842/944/870 847/950/873 855/961/881
f 848/955/874 843/947/871 849/952/875 856/962/882
f 841/943/869 848/951/874 852/958/883 845/948/876
f 853/959/884 847/950/873 840/942/868 846/949/878
f 854/960/885 788/886/813 801/900/816 850/956/877
f 797/896/782 765/861/781 857/963/886 844/946/872
f 856/962/882 849/952/875 855/961/881 865/972/887
f 858/964/888 790/888/817 788/886/813 854/960/885
f 850/956/877 845/948/876 859/965/889 854/960/885
f 860/966/890 855/961/881 847/950/873 853/959/884
f 848/955/874 856/962/882 861/967/891 852/969/883
f 765/861/781 768/864/783 862/968/892 857/963/886
f 844/946/872 857/963/886 863/970/893 846/949/878
f 864/971/894 792/890/819 790/888/817 858/964/888
f 768/864/783 770/866/785 866/973/895 862/968/892
f 845/948/876 852/958/883 867/974/896 859/965/889
f 868/975/897 858/964/888 854/960/885 859/965/889
f 869/976/898 853/959/884 846/949/878 863/970/893
f 857/963/886 862/968/892 870/977/899 863/970/893
f 860/966/890 865/972/887 855/961/881
f 865/972/887 861/967/891 856/962/882
f 871/978/900 794/893/821 792/914/819 864/981/894
f 770/866/785 773/869/786 872/979/901 866/973/895
f 852/969/883 861/967/891 873/980/902 867/983/896
f 874/982/903 860/966/890 853/959/884 869/976/898
f 875/984/904 864/971/894 858/964/888 868/975/897
f 859/965/889 867/974/896 876/985/905 868/975/897
f 862/968/892 866/973/895 877/986/906 870/977/899
f 878/987/907 869/976/898 863/970/893 870/977/899
f 879/988/908 796/895/823 794/893/821 871/978/900
f 773/869/786 774/870/787 880/989/909 872/979/901
f 861/967/891 865/972/887 881/990/910 873/980/902
f 882/991/911 865/972/887 860/966/890 874/982/903
f 883/992/912 871/978/900 864/981/894 875/996/904
f 867/983/896 873/980/902 884/993/913 876/997/905
f 881/990/910 865/972/887 882/991/911
f 866/973/895 872/979/901 885/994/914 877/986/906
f 886/995/915 874/982/903 869/976/898 878/987/907
f 887/1000/916 875/998/904 868/999/897 876/997/905
f 870/977/899 877/986/906 888/1001/917 878/987/907
f 889/1002/918 879/988/908 871/978/900 883/992/912
f 872/979/901 880/989/909 890/1003/919 885/994/914
f 873/980/902 881/990/910 891/1004/920 884/993/913
f 892/1005/921 882/991/911 874/982/903 886/995/915
f 881/990/910 882/991/911 892/1005/921 891/1004/920
f 893/1007/922 883/1006/912 875/998/904 887/1000/916
f 876/997/905 884/993/913 894/1008/923 887/1000/916
f 895/1009/924 886/995/915 878/987/907 888/1001/917
f 877/986/906 885/994/914 896/1010/925 888/1001/917
f 884/993/913 891/1004/920 897/1011/926 894/1008/923
f 898/1013/927 889/1012/918 883/1006/912 893/1007/922
f 899/1014/928 892/1005/921 886/995/915 895/1009/924
f 885/994/914 890/1003/919 900/1015/929 896/1010/925
f 891/1004/920 892/1005/921 899/1014/928 897/1011/926
f 887/1000/916 894/1008/923 901/1016/930 893/1007/922
f 902/1017/931 895/1009/924 888/1001/917 896/1010/925
f 894/1008/923 897/1011/926 903/1018/932 901/1016/930
f 904/1019/933 898/1013/927 893/1007/922 901/1016/930
f 905/1020/934 899/1014/928 895/1009/924 902/1017/931
f 896/1010/925 900/1015/929 906/1021/935 902/1017/931
f 897/1011/926 899/1014/928 905/1020/934 903/1018/932
f 901/1016/930 903/1018/932 907/1022/936 904/1019/933
f 908/1023/937 905/1020/934 902/1017/931 906/1021/935
f 907/1022/936 903/1018/932 905/1020/934 908/1023/937
f 781/877/805 779/875/804 909/1024/938 913/1028/939
f 280/306/281 236/262/240 282/308/283 910/1025/940
f 880/989/909 774/870/787 911/1026/941 934/1049/942
f 796/895/823 879/988/908 912/1027/943 812/913/841
f 913/1028/939 909/1024/938 914/1029/944 917/1032/945
f 782/878/807 781/877/805 913/1028/939 918/1033/946
f 212/238/212 271/297/254 915/1030/947 253/279/258
f 879/988/908 889/1002/918 916/1031/948 912/1027/943
f 889/1012/918 898/1013/927 919/1034/949 916/1060/948
f 917/1032/945 914/1029/944 920/1035/950 922/1037/951
f 784/880/808 782/878/807 918/1033/946 923/1038/952
f 918/1033/946 913/1028/939 917/1032/945 924/1039/953
f 919/1034/949 898/1013/927 904/1019/933 925/1040/954
f 906/1021/935 900/1015/929 921/1036/955 926/1041/956
f 925/1040/954 904/1019/933 907/1022/936 951/1067/957
f 908/1023/937 906/1021/935 926/1041/956 952/1068/958
f 922/1037/951 920/1035/950 927/1042/959 928/1043/960
f 785/881/809 784/880/808 923/1038/952 929/1044/961
f 924/1039/953 917/1032/945 922/1037/951 930/1045/962
f 923/1038/952 918/1033/946 924/1039/953 931/1046/963
f 928/1043/960 927/1042/959 932/1047/964 933/1048/965
f 930/1045/962 922/1037/951 928/1043/960 935/1050/966
f 929/1044/961 923/1038/952 931/1046/963 936/1051/967
f 931/1046/963 924/1039/953 930/1045/962 937/1052/968
f 935/1050/966 928/1043/960 933/1048/965 939/1054/969
f 938/1053/970 929/1044/961 936/1051/967 942/1057/971
f 937/1052/968 930/1045/962 935/1050/966 943/1058/972
f 936/1051/967 931/1046/963 937/1052/968 944/1059/973
f 813/915/810 938/1053/970 940/1055/974 945/1061/975
f 941/1056/976 933/1048/965 932/1047/964 851/957/831
f 943/1058/972 935/1050/966 939/1054/969 948/1064/977
f 942/1057/971 936/1051/967 944/1059/973 949/1065/978
f 944/1059/973 937/1052/968 943/1058/972 950/1066/979
f 938/1053/970 942/1057/971 946/1062/980 940/1055/974
f 947/1063/981 939/1054/969 933/1048/965 941/1056/976
f 950/1066/979 943/1058/972 948/1064/977 960/1076/982
f 949/1065/978 944/1059/973 950/1066/979 961/1077/983
f 954/1070/984 953/1069/985 945/1061/975 940/1055/974
f 851/957/831 802/901/830 955/1071/986 941/1056/976
f 942/1057/971 949/1065/978 956/1072/987 946/1062/980
f 957/1073/988 948/1064/977 939/1054/969 947/1063/981
f 959/1075/989 958/1074/990 953/1069/985 954/1070/984
f 802/901/830 805/906/835 962/1078/991 955/1071/986
f 963/1079/992 954/1070/984 940/1055/974 946/1062/980
f 965/1081/993 964/1080/994 958/1074/990 959/1075/989
f 961/1077/983 950/1066/979 960/1076/982 977/1093/995
f 805/906/835 807/908/837 966/1082/996 962/1078/991
f 941/1056/976 955/1071/986 967/1083/997 947/1063/981
f 949/1065/978 961/1077/983 968/1084/998 956/1072/987
f 969/1085/999 960/1076/982 948/1064/977 957/1073/988
f 971/1087/1000 970/1086/1001 964/1080/994 965/1081/993
f 807/908/837 810/911/839 972/1088/1002 966/1082/996
f 973/1089/1003 959/1075/989 954/1070/984 963/1079/992
f 934/1049/942 911/1026/941 970/1086/1001 971/1087/1000
f 810/911/839 812/913/841 912/1027/943 972/1088/1002
f 955/1071/986 962/1078/991 974/1090/1004 967/1083/997
f 975/1091/1005 963/1079/992 946/1062/980 956/1072/987
f 947/1063/981 967/1083/997 976/1092/1006 957/1073/988
f 978/1094/1007 965/1081/993 959/1075/989 973/1089/1003
f 962/1078/991 966/1082/996 979/1095/1008 974/1090/1004
f 961/1077/983 977/1093/995 968/1084/998
f 969/1085/999 977/1093/995 960/1076/982
f 980/1096/1009 973/1089/1003 963/1079/992 975/1091/1005
f 981/1097/1010 971/1087/1000 965/1081/993 978/1094/1007
f 956/1072/987 968/1084/998 982/1098/1011 975/1091/1005
f 966/1082/996 972/1088/1002 983/1099/1012 979/1095/1008
f 967/1083/997 974/1090/1004 984/1100/1013 976/1092/1006
f 985/1101/1014 969/1085/999 957/1073/988 976/1092/1006
f 986/1102/1015 934/1049/942 971/1087/1000 981/1097/1010
f 972/1088/1002 912/1027/943 916/1031/948 983/1099/1012
f 987/1103/1016 978/1094/1007 973/1089/1003 980/1096/1009
f 968/1084/998 977/1093/995 988/1104/1017 982/1098/1011
f 989/1105/1018 977/1093/995 969/1085/999 985/1101/1014
f 974/1090/1004 979/1095/1008 990/1106/1019 984/1100/1013
f 991/1107/1020 980/1096/1009 975/1091/1005 982/1098/1011
f 992/1108/1021 985/1101/1014 976/1092/1006 984/1100/1013
f 993/1109/1022 981/1097/1010 978/1094/1007 987/1103/1016
f 977/1093/995 989/1105/1018 988/1104/1017
f 979/1112/1008 983/1110/1012 994/1111/1023 990/1113/1019
f 921/1036/955 986/1102/1015 981/1097/1010 993/1109/1022
f 983/1110/1012 916/1060/948 919/1034/949 994/1111/1023
f 982/1098/1011 988/1104/1017 995/1114/1024 991/1107/1020
f 996/1115/1025 987/1103/1016 980/1096/1009 991/1119/1020
f 997/1116/1026 989/1105/1018 985/1101/1014 992/1108/1021
f 984/1118/1013 990/1113/1019 998/1117/1027 992/1120/1021
f 995/1114/1024 988/1104/1017 989/1105/1018 997/1116/1026
f 999/1121/1028 993/1109/1022 987/1103/1016 996/1115/1025
f 990/1113/1019 994/1111/1023 1000/1122/1029 998/1117/1027
f 991/1119/1020 995/1123/1024 1001/1124/1030 996/1115/1025
f 1002/1126/1031 997/1125/1026 992/1120/1021 998/1117/1027
f 926/1041/956 921/1036/955 993/1109/1022 999/1121/1028
f 994/1111/1023 919/1034/949 925/1040/954 1000/1122/1029
f 1001/1124/1030 995/1123/1024 997/1125/1026 1002/1126/1031
f 1003/1127/1032 999/1121/1028 996/1115/1025 1001/1124/1030
f 998/1117/1027 1000/1122/1029 1004/1128/1033 1002/1126/1031
f 1003/1127/1032 1001/1124/1030 1002/1126/1031 1004/1128/1033
f 952/1068/958 926/1041/956 999/1121/1028 1003/1127/1032
f 1000/1122/1029 925/1040/954 951/1067/957 1004/1128/1033
f 952/1068/958 1003/1127/1032 1004/1128/1033 951/1067/957
f 741/827/759 740/826/758 319/345/326 321/347/325
f 742/828/760 741/827/759 321/347/325 325/351/331
f 743/830/761 742/829/760 325/354/331 329/356/335
f 744/831/762 743/830/761 329/356/335 333/361/339
f 745/832/763 744/831/762 333/361/339 337/365/343
f 337/365/343 283/309/284 213/239/213 745/832/763
f 740/826/758 749/841/770 363/397/371 319/345/326
f 1005/1129/1034 322/348/329 317/343/323 1006/1130/1035
f 1007/1131/1036 326/352/333 322/348/329 1005/1129/1034
f 1008/1132/1037 330/358/337 326/352/333 1007/1131/1036
f 1009/1133/1038 334/362/341 330/358/337 1008/1132/1037
f 749/841/770 751/843/771 474/516/486 363/397/371
f 751/843/771 752/844/772 478/520/491 474/516/486
f 752/844/772 753/845/773 487/531/502 478/520/491
f 753/845/773 755/849/776 494/539/510 487/531/502
f 755/849/776 756/850/777 507/552/521 494/539/510
f 1010/1134/1039 316/342/322 305/331/309 304/330/1040
f 756/850/777 265/291/237 315/341/299 507/552/521
f 337/365/343 345/373/344 361/394/368 283/309/284
f 64/75/58 56/67/57 717/790/721 1012/1137/1041 734/815/1042
f 362/395/355 303/329/287 284/310/286 383/419/391
f 389/426/399 421/461/426 366/400/375 368/402/376
f 426/466/372 493/538/507 339/367/347 320/346/327
f 314/340/294 1013/1138/1043 798/897/825 259/285/228
f 493/565/507 518/567/530 352/382/360 339/381/347
f 518/567/530 446/486/453 367/401/377 352/382/360
f 532/582/543 533/583/319 313/339/317 509/554/512
f 548/604/561 505/550/450 421/461/426 453/494/428
f 506/551/454 608/672/574 431/471/439 385/421/394
f 499/544/496 522/571/515 546/602/558 524/573/527
f 253/279/258 915/1030/947 727/808/740 302/328/307
f 643/709/649 627/691/633 640/706/646 663/731/669
f 655/723/662 643/709/649 663/731/669 678/748/684
f 669/738/676 655/723/662 678/748/684 692/763/697
f 1014/1139/1044 423/463/430 292/318/295 1015/1140/1045
f 681/751/688 669/738/676 692/763/697 702/775/706
f 1016/1141/1046 441/481/448 423/463/430 1014/1139/1044
f 1017/1142/1047 457/498/467 441/481/448 1016/1141/1046
f 1018/1143/1048 467/509/479 457/498/467 1017/1142/1047
f 1019/1144/1049 483/526/495 467/509/479 1018/1143/1048
f 314/340/294 422/462/429 1020/1145/1050 1013/1138/1043
f 422/462/429 440/480/447 1021/1146/1051 1020/1145/1050
f 440/480/447 456/497/466 1022/1147/1052 1021/1146/1051
f 1023/1148/1053 348/377/306 641/707/635 1024/1149/1054
f 456/497/466 466/508/478 1025/1150/1055 1022/1147/1052
f 1024/1149/1054 641/707/635 652/718/651 1026/1151/1056
f 466/508/478 482/525/494 1027/1152/1057 1025/1150/1055
s 10
f 1028/1153/1058 1029/1154/1059 1030/1155/1060 1031/1156/1061
s 1
f 1026/1151/1056 652/718/651 662/730/668 1032/1157/1062
s 10
f 1033/1158/1063 1028/1153/1058 1031/1156/1061 1034/1159/1064
f 1029/1154/1059 1035/1160/1065 1036/1161/1066 1030/1155/1060
s 1
f 1032/1157/1062 662/730/668 671/740/678 1037/1162/1067
f 482/525/494 523/572/516 747/834/730 1027/1152/1057
f 748/840/1068 642/708/648 579/641/583 738/824/1069
f 1037/1162/1067 671/740/678 681/751/688 1038/1163/1070
s 10
f 1039/1164/1071 1033/1158/1063 1034/1159/1064 1040/1165/1072
s 1
f 685/755/641 1041/1166/1073 726/807/739 581/643/584
s 10
f 1042/1167/1074 1043/1168/1075 1044/1169/1076 1045/1170/1077
s 1
f 696/767/694 682/752/689 750/842/757 1046/1171/1078
f 704/777/708 696/767/694 1046/1171/1078 1047/1172/1079
f 706/779/709 704/777/708 1047/1172/1079 1048/1173/1080
f 709/782/711 706/779/709 1048/1173/1080 1049/1174/1081
f 711/784/715 709/782/711 1049/1174/1081 1050/1175/1082
f 685/755/641 711/784/715 1050/1175/1082 1041/1166/1073
s 10
f 1043/1168/1075 1051/1176/1083 1052/1177/1084 1044/1169/1076
f 1051/1176/1083 1053/1178/1085 1054/1179/1086 1052/1177/1084
f 1053/1178/1085 1055/1180/1087 1056/1181/1088 1054/1179/1086
f 1055/1180/1087 758/854/798 760/856/797 1056/1181/1088
s 1
f 1013/1138/1043 1020/1145/1050 816/918/843 815/917/842
f 1020/1145/1050 1021/1146/1051 818/920/846 816/918/843
f 1021/1146/1051 1022/1147/1052 822/924/850 818/920/846
f 1022/1147/1052 1025/1150/1055 827/929/855 822/924/850
f 1025/1150/1055 1027/1152/1057 833/935/861 827/929/855
f 1027/1152/1057 747/834/730 797/896/782 833/935/861
f 759/1182/1089 815/917/842 817/919/845 761/1183/1090
f 761/1183/1090 817/919/845 820/922/849 763/1184/1091
f 763/1184/1091 820/922/849 823/925/853 766/1185/1092
f 1006/1130/1035 317/343/323 316/342/322 1010/1134/1093 1057/1186/1094
f 766/1185/1092 823/925/853 828/930/857 771/1187/1095
f 771/1187/1095 828/930/857 834/936/863 775/1188/1096
f 726/807/739 1041/1166/1073 911/1026/941 774/870/787
f 1046/1171/1078 750/842/757 813/915/810 945/1061/975
f 1047/1172/1079 1046/1171/1078 945/1061/975 953/1069/985
f 1048/1173/1080 1047/1172/1079 953/1069/985 958/1074/990
f 1049/1174/1081 1048/1173/1080 958/1074/990 964/1080/994
f 1050/1175/1082 1049/1174/1081 964/1080/994 970/1086/1001
f 1041/1166/1073 1050/1175/1082 970/1086/1001 911/1026/941
f 764/1189/1097 909/1024/938 779/875/804 762/1190/1098
f 795/894/1099 796/895/823 812/913/841 811/912/1100
f 767/1191/1101 914/1029/944 909/1024/938 764/1189/1097
f 772/1192/1102 920/1035/950 914/1029/944 767/1191/1101
f 776/1193/1103 927/1042/959 920/1035/950 772/1192/1102
f 778/1194/1104 932/1047/964 927/1042/959 776/1193/1103
f 801/900/816 834/936/863 836/938/864 850/956/877
f 934/1049/942 986/1102/1015 890/1003/919 880/989/909
f 986/1102/1015 921/1036/955 900/1015/929 890/1003/919
f 938/1053/970 813/915/810 785/881/809 929/1044/961
f 952/1068/958 951/1067/957 907/1022/936 908/1023/937
f 707/780/712 522/571/515 483/526/495 1019/1144/1049 1059/1196/1105
f 681/751/688 702/775/706 728/809/742 1060/1197/1106 1038/1163/1070
f 834/936/863 801/900/816 787/885/815 777/1198/1107 775/1188/1096
f 803/902/828 851/957/831 932/1047/964 778/1194/1104 783/1199/1108
s 10
f 1035/1160/1065 1061/1200/1109 1042/1167/1074 1045/1170/1077 1062/1201/1110 1036/1161/1066
s 1
f 76/88/78 99/111/106 255/281/216 769/1202/784 260/1203/263 261/1204/264 757/1205/778 722/799/731
s 9
f 757/1206/1111 241/1207/1112 1012/1208/1113 717/1209/1114 718/1210/1115 719/1211/1116 720/1212/1117 722/1213/1118
s 1
f 188/214/191 183/209/185 254/280/259 780/1214/806 273/1215/274 274/1216/275 800/1217/827 232/258/234
s 9
f 276/1218/1119 799/1219/1120 1009/1220/1121 1008/1221/1122 1007/1222/1123 1005/1223/1124 1006/1224/1125 1057/1225/1126
f 241/1207/1112 230/836/766 257/837/767 263/1226/1127 754/1227/1128 733/1228/1129 734/1229/1130 1012/1208/1113
s 1
f 769/1202/784 255/281/216 303/329/287 334/362/341 1009/1133/1038 799/1230/826 270/1231/272 266/1232/268 267/1233/269
s 9
f 272/1234/879 276/1218/1119 1057/1225/1126 1010/1235/1131 304/1236/1132 1058/1237/1133 282/1238/1134 281/1239/880
s 1
f 232/258/234 800/1217/827 278/1240/279 279/1241/280 280/1242/281 910/1243/940 1011/1136/320 533/583/319 293/319/296
f 227/253/229 798/897/825 1061/1244/1135 1035/1245/1136 1029/1246/1137 1028/1247/1138 1033/1248/1139 1039/1249/1140 1015/1140/1045 292/318/295
s 9
f 754/1227/1128 263/1226/1127 780/1250/1141 254/1251/1142 250/1252/1143 247/1253/1144 245/1254/1145 746/1255/1146
s 1
f 915/1030/947 271/297/254 348/377/306 1023/1148/1053 1040/1256/1147 1034/1257/1148 1031/1258/1149 1030/1259/1150 1036/1260/1151 1062/1261/1152
s 9
f 910/1262/1153 282/1238/1134 1058/1237/1133 306/1263/1154 308/1264/1155 310/1265/1156 312/1266/1157 1011/1267/1158
s 1
f 798/897/825 1013/1138/1043 815/917/842 759/1182/1089 758/1268/1159 1055/1269/1160 1053/1270/1161 1051/1271/1162 1043/1272/1163 1042/1273/1164 1061/1244/1135
f 727/808/740 915/1030/947 1062/1261/1152 1045/1274/1165 1044/1275/1166 1052/1276/1167 1054/1277/1168 1056/1278/1169 760/1279/1170 762/1190/1098 779/875/804
s 10
f 1060/1280/1171 728/1281/1172 729/1282/1173 731/1283/1174 732/1284/1175 735/1285/1176 748/1286/1177 738/1287/1178 716/1288/1179 715/1289/1180 714/1290/1181 713/1291/1182 707/1292/1183 1059/1293/1184
f 777/873/789 787/1294/1185 786/1295/1186 789/1296/1187 791/1297/1188 793/1298/1189 795/1299/1190 811/1300/1191 809/1301/1192 808/1302/1193 806/1303/1194 804/1304/1195 803/1305/1196 783/879/790
f 1059/1293/1184 1019/1306/1197 1018/1307/1198 1017/1308/1199 1016/1309/1200 1014/1310/1201 1015/1311/1202 1039/1164/1071 1040/1165/1072 1023/1312/1203 1024/1313/1204 1026/1314/1205 1032/1315/1206 1037/1316/1207 1038/1317/1208 1060/1280/1171
