# This file uses centimeters as units for non-parametric coordinates.

mtllib start_box.mtl
g default
v -1.759272 1.187204 1.790102
v -1.759199 1.197206 1.820936
v -1.759199 1.209724 1.851159
v -1.759272 1.224449 1.880024
v -1.759418 1.241021 1.906823
v -1.790110 1.249832 1.908173
v -1.821389 1.262261 1.909602
v -1.853037 1.277969 1.911097
v -1.884337 1.296415 1.912621
v -1.914120 1.316672 1.914120
v -1.912286 1.296140 1.884494
v -1.910037 1.277325 1.855075
v -1.907790 1.261114 1.825321
v -1.905965 1.248212 1.794560
v -1.904956 1.239154 1.762058
v -1.878669 1.223063 1.761690
v -1.850271 1.208808 1.761230
v -1.820422 1.196693 1.760688
v -1.789865 1.187000 1.760078
v -1.759418 1.179964 1.759418
v -2.006346 1.471374 1.880015
v -2.021074 1.471374 1.851145
v -2.033592 1.471374 1.820923
v -2.043592 1.471374 1.790094
v -2.050828 1.471374 1.759418
v -2.043587 1.440690 1.759272
v -2.033586 1.409855 1.759199
v -2.021068 1.379633 1.759199
v -2.006343 1.350767 1.759272
v -1.989771 1.323969 1.759418
v -1.980960 1.322619 1.790110
v -1.968531 1.321190 1.821389
v -1.952823 1.319695 1.853037
v -1.934377 1.318171 1.884337
v -1.934381 1.346460 1.912617
v -1.952832 1.377766 1.911091
v -1.968542 1.409415 1.909596
v -1.980968 1.440689 1.908169
v -1.989771 1.471374 1.906823
v -2.043587 1.471519 -1.790102
v -2.033586 1.471593 -1.820936
v -2.021068 1.471593 -1.851159
v -2.006343 1.471519 -1.880024
v -1.989771 1.471374 -1.906823
v -1.980968 1.440689 -1.908169
v -1.968542 1.409415 -1.909596
v -1.952832 1.377766 -1.911091
v -1.934381 1.346460 -1.912617
v -1.914120 1.316672 -1.914120
v -1.934651 1.318506 -1.884494
v -1.953467 1.320755 -1.855075
v -1.969678 1.323002 -1.825321
v -1.982580 1.324827 -1.794560
v -1.991638 1.325836 -1.762058
v -2.007729 1.352123 -1.761690
v -2.021984 1.380521 -1.761230
v -2.034099 1.410370 -1.760688
v -2.043792 1.440927 -1.760078
v -2.050828 1.471374 -1.759418
v -1.759418 1.224446 -1.880015
v -1.759418 1.209718 -1.851145
v -1.759418 1.197200 -1.820923
v -1.759418 1.187200 -1.790094
v -1.759418 1.179964 -1.759418
v -1.790102 1.187204 -1.759272
v -1.820936 1.197206 -1.759199
v -1.851159 1.209724 -1.759199
v -1.880024 1.224449 -1.759272
v -1.906823 1.241021 -1.759418
v -1.908173 1.249832 -1.790110
v -1.909602 1.262261 -1.821389
v -1.911097 1.277969 -1.853037
v -1.912621 1.296415 -1.884337
v -1.884331 1.296411 -1.912617
v -1.853026 1.277960 -1.911091
v -1.821377 1.262250 -1.909596
v -1.790103 1.249824 -1.908169
v -1.759418 1.241021 -1.906823
v -1.790094 1.471374 2.043592
v -1.820923 1.471374 2.033592
v -1.851145 1.471374 2.021074
v -1.880015 1.471374 2.006346
v -1.906823 1.471374 1.989771
v -1.908173 1.440682 1.980960
v -1.909602 1.409403 1.968531
v -1.911097 1.377755 1.952823
v -1.912621 1.346455 1.934377
v -1.884494 1.318506 1.934651
v -1.855075 1.320755 1.953467
v -1.825321 1.323002 1.969678
v -1.794560 1.324827 1.982580
v -1.762058 1.325836 1.991638
v -1.761690 1.352123 2.007729
v -1.761230 1.380521 2.021984
v -1.760688 1.410370 2.034099
v -1.760078 1.440927 2.043792
v -1.759418 1.471374 2.050828
v 1.790102 1.187204 1.759272
v 1.820936 1.197206 1.759199
v 1.851159 1.209724 1.759199
v 1.880024 1.224449 1.759272
v 1.906823 1.241021 1.759418
v 1.908173 1.249832 1.790110
v 1.909602 1.262261 1.821389
v 1.911097 1.277969 1.853037
v 1.912621 1.296415 1.884337
v 1.914120 1.316672 1.914120
v 1.884494 1.296140 1.912286
v 1.855075 1.277325 1.910037
v 1.825321 1.261114 1.907790
v 1.794560 1.248212 1.905965
v 1.762058 1.239154 1.904956
v 1.761690 1.223063 1.878669
v 1.761230 1.208808 1.850271
v 1.760688 1.196693 1.820422
v 1.760078 1.187000 1.789865
v 1.759418 1.179964 1.759418
v 1.880015 1.471374 2.006346
v 1.851145 1.471374 2.021074
v 1.820923 1.471374 2.033592
v 1.790094 1.471374 2.043592
v 1.759418 1.471374 2.050828
v 1.759272 1.440690 2.043587
v 1.759199 1.409855 2.033586
v 1.759199 1.379633 2.021068
v 1.759272 1.350767 2.006343
v 1.759418 1.323969 1.989771
v 1.790110 1.322619 1.980960
v 1.821389 1.321190 1.968531
v 1.853037 1.319695 1.952823
v 1.884337 1.318171 1.934377
v 1.912617 1.346460 1.934381
v 1.911091 1.377766 1.952832
v 1.909596 1.409415 1.968542
v 1.908169 1.440689 1.980968
v 1.906823 1.471374 1.989771
v -1.759418 5.020887 2.043592
v -1.759418 5.051715 2.033592
v -1.759418 5.081937 2.021074
v -1.759418 5.110807 2.006346
v -1.759418 5.137616 1.989771
v -1.790055 5.138963 1.980964
v -1.821293 5.140391 1.968536
v -1.852934 5.141886 1.952826
v -1.884269 5.143411 1.934374
v -1.914120 5.144913 1.914120
v -1.912292 5.115418 1.934665
v -1.910043 5.086001 1.953476
v -1.907792 5.056176 1.969678
v -1.905965 5.025346 1.982576
v -1.904956 4.992850 1.991638
v -1.878669 4.992483 2.007729
v -1.850271 4.992022 2.021984
v -1.820422 4.991480 2.034099
v -1.789865 4.990870 2.043792
v -1.759418 4.990210 2.050828
v -2.006346 5.110807 1.759418
v -2.021074 5.081937 1.759418
v -2.033592 5.051715 1.759418
v -2.043592 5.020887 1.759418
v -2.050828 4.990210 1.759418
v -2.043587 4.990065 1.790102
v -2.033586 4.989991 1.820936
v -2.021068 4.989991 1.851159
v -2.006343 4.990065 1.880024
v -1.989771 4.990210 1.906823
v -1.980958 5.021057 1.908174
v -1.968527 5.052455 1.909606
v -1.952825 5.084125 1.911102
v -1.934389 5.115326 1.912624
v -1.934384 5.143412 1.884399
v -1.952830 5.141887 1.853128
v -1.968537 5.140392 1.821473
v -1.980965 5.138963 1.790157
v -1.989771 5.137616 1.759418
v 2.043592 1.471374 1.790094
v 2.033592 1.471374 1.820923
v 2.021074 1.471374 1.851145
v 2.006346 1.471374 1.880015
v 1.989771 1.471374 1.906823
v 1.980960 1.440682 1.908173
v 1.968531 1.409403 1.909602
v 1.952823 1.377755 1.911097
v 1.934377 1.346455 1.912621
v 1.934651 1.318506 1.884494
v 1.953467 1.320755 1.855075
v 1.969678 1.323002 1.825321
v 1.982580 1.324827 1.794560
v 1.991638 1.325836 1.762058
v 2.007729 1.352123 1.761690
v 2.021984 1.380521 1.761230
v 2.034099 1.410370 1.760688
v 2.043792 1.440927 1.760078
v 2.050828 1.471374 1.759418
v 1.759272 1.187204 -1.790102
v 1.759199 1.197206 -1.820936
v 1.759199 1.209724 -1.851159
v 1.759272 1.224449 -1.880024
v 1.759418 1.241021 -1.906823
v 1.790103 1.249824 -1.908169
v 1.821377 1.262250 -1.909596
v 1.853026 1.277960 -1.911091
v 1.884331 1.296411 -1.912617
v 1.914120 1.316672 -1.914120
v 1.912286 1.296140 -1.884494
v 1.910037 1.277325 -1.855075
v 1.907790 1.261114 -1.825321
v 1.905965 1.248212 -1.794560
v 1.904956 1.239154 -1.762058
v 1.878669 1.223063 -1.761690
v 1.850271 1.208808 -1.761230
v 1.820422 1.196693 -1.760688
v 1.789865 1.187000 -1.760078
v 1.759418 1.179964 -1.759418
v 1.934651 1.346298 -1.912286
v 1.953467 1.375717 -1.910037
v 1.969678 1.405471 -1.907790
v 1.982580 1.436232 -1.905965
v 1.991638 1.468734 -1.904956
v 2.007729 1.469102 -1.878669
v 2.021984 1.469562 -1.850271
v 2.034099 1.470104 -1.820422
v 2.043792 1.470714 -1.789865
v 2.050828 1.471374 -1.759418
v 2.043587 1.440690 -1.759272
v 2.033586 1.409855 -1.759199
v 2.021068 1.379633 -1.759199
v 2.006343 1.350767 -1.759272
v 1.989771 1.323969 -1.759418
v 1.980960 1.322619 -1.790110
v 1.968531 1.321190 -1.821389
v 1.952823 1.319695 -1.853037
v 1.934377 1.318171 -1.884337
v 2.043592 5.020887 1.759418
v 2.033592 5.051715 1.759418
v 2.021074 5.081937 1.759418
v 2.006346 5.110807 1.759418
v 1.989771 5.137616 1.759418
v 1.980960 5.138965 1.790110
v 1.968531 5.140395 1.821389
v 1.952823 5.141890 1.853037
v 1.934377 5.143414 1.884337
v 1.914120 5.144913 1.914120
v 1.934665 5.115418 1.912292
v 1.953476 5.086001 1.910043
v 1.969678 5.056176 1.907792
v 1.982576 5.025346 1.905965
v 1.991638 4.992850 1.904956
v 2.007729 4.992483 1.878669
v 2.021984 4.992022 1.850271
v 2.034099 4.991480 1.820422
v 2.043792 4.990870 1.789865
v 2.050828 4.990210 1.759418
v 1.884494 5.143079 1.934652
v 1.855075 5.140830 1.953467
v 1.825321 5.138582 1.969678
v 1.794560 5.136757 1.982580
v 1.762058 5.135749 1.991638
v 1.761690 5.109461 2.007729
v 1.761230 5.081063 2.021984
v 1.760688 5.051214 2.034099
v 1.760078 5.020658 2.043792
v 1.759418 4.990210 2.050828
v 1.790102 4.990065 2.043587
v 1.820936 4.989991 2.033586
v 1.851159 4.989991 2.021068
v 1.880024 4.990065 2.006343
v 1.906823 4.990210 1.989771
v 1.908172 5.021004 1.980961
v 1.909603 5.052361 1.968532
v 1.911098 5.084023 1.952827
v 1.912622 5.115259 1.934387
v -1.759418 5.237138 1.880015
v -1.759418 5.251866 1.851145
v -1.759418 5.264385 1.820923
v -1.759418 5.274385 1.790094
v -1.759418 5.281621 1.759418
v -1.790094 5.274385 1.759418
v -1.820923 5.264385 1.759418
v -1.851145 5.251866 1.759418
v -1.880015 5.237138 1.759418
v -1.906823 5.220563 1.759418
v -1.908169 5.211760 1.789999
v -1.909595 5.199334 1.821194
v -1.911090 5.183620 1.852829
v -1.912616 5.165164 1.884200
v -1.884126 5.165166 1.912610
v -1.852714 5.183632 1.911080
v -1.821086 5.199349 1.909586
v -1.789936 5.211771 1.908163
v -1.759418 5.220563 1.906823
v -1.759418 5.274385 -1.790094
v -1.759418 5.264385 -1.820923
v -1.759418 5.251866 -1.851145
v -1.759418 5.237138 -1.880015
v -1.759418 5.220563 -1.906823
v -1.789999 5.211760 -1.908169
v -1.821194 5.199334 -1.909595
v -1.852829 5.183620 -1.911090
v -1.884200 5.165164 -1.912616
v -1.914120 5.144912 -1.914120
v -1.912278 5.165423 -1.884295
v -1.910028 5.184245 -1.854874
v -1.907785 5.200469 -1.825225
v -1.905965 5.213378 -1.794570
v -1.904956 5.222430 -1.762058
v -1.878668 5.238522 -1.761690
v -1.850271 5.252777 -1.761230
v -1.820422 5.264892 -1.760688
v -1.789865 5.274585 -1.760078
v -1.759418 5.281621 -1.759418
v -2.006346 4.990210 -1.880015
v -2.021074 4.990210 -1.851145
v -2.033592 4.990210 -1.820923
v -2.043592 4.990210 -1.790094
v -2.050828 4.990210 -1.759418
v -2.043588 5.020894 -1.759272
v -2.033586 5.051729 -1.759199
v -2.021068 5.081951 -1.759199
v -2.006343 5.110817 -1.759272
v -1.989771 5.137616 -1.759418
v -1.980971 5.138959 -1.790048
v -1.968547 5.140385 -1.821281
v -1.952835 5.141880 -1.852923
v -1.934379 5.143407 -1.884264
v -1.934387 5.115259 -1.912622
v -1.952827 5.084023 -1.911098
v -1.968532 5.052361 -1.909603
v -1.980961 5.021004 -1.908172
v -1.989771 4.990210 -1.906823
v 1.880015 5.237138 1.759418
v 1.851145 5.251866 1.759418
v 1.820923 5.264385 1.759418
v 1.790094 5.274385 1.759418
v 1.759418 5.281621 1.759418
v 1.759272 5.274381 1.790102
v 1.759199 5.264379 1.820936
v 1.759199 5.251861 1.851159
v 1.759272 5.237135 1.880024
v 1.759418 5.220563 1.906823
v 1.789992 5.211768 1.908165
v 1.821183 5.199344 1.909589
v 1.852818 5.183630 1.911084
v 1.884195 5.165168 1.912613
v 1.912613 5.165168 1.884195
v 1.911084 5.183630 1.852818
v 1.909589 5.199344 1.821183
v 1.908165 5.211768 1.789992
v 1.906823 5.220563 1.759418
v 2.043592 4.990210 -1.790094
v 2.033592 4.990210 -1.820923
v 2.021074 4.990210 -1.851145
v 2.006346 4.990210 -1.880015
v 1.989771 4.990210 -1.906823
v 1.980950 5.021064 -1.908178
v 1.968517 5.052466 -1.909612
v 1.952816 5.084135 -1.911108
v 1.934384 5.115332 -1.912628
v 1.914120 5.144912 -1.914120
v 1.934658 5.143082 -1.884559
v 1.953471 5.140832 -1.855141
v 1.969678 5.138584 -1.825352
v 1.982578 5.136757 -1.794557
v 1.991638 5.135749 -1.762058
v 2.007729 5.109461 -1.761690
v 2.021984 5.081063 -1.761230
v 2.034099 5.051214 -1.760688
v 2.043792 5.020658 -1.760078
v 2.050828 4.990210 -1.759418
v 1.884295 5.165423 -1.912278
v 1.854874 5.184245 -1.910028
v 1.825225 5.200469 -1.907785
v 1.794570 5.213378 -1.905965
v 1.762058 5.222430 -1.904956
v 1.761690 5.238522 -1.878668
v 1.761230 5.252777 -1.850271
v 1.760688 5.264892 -1.820422
v 1.760078 5.274585 -1.789865
v 1.759418 5.281621 -1.759418
v 1.790102 5.274381 -1.759272
v 1.820936 5.264379 -1.759199
v 1.851159 5.251861 -1.759199
v 1.880024 5.237135 -1.759272
v 1.906823 5.220563 -1.759418
v 1.908165 5.211768 -1.789992
v 1.909589 5.199344 -1.821183
v 1.911084 5.183630 -1.852818
v 1.912613 5.165168 -1.884195
v -1.759418 5.110807 -2.006346
v -1.759418 5.081937 -2.021074
v -1.759418 5.051715 -2.033592
v -1.759418 5.020887 -2.043592
v -1.759418 4.990210 -2.050828
v -1.790094 4.990210 -2.043592
v -1.820923 4.990210 -2.033592
v -1.851145 4.990210 -2.021074
v -1.880015 4.990210 -2.006346
v -1.906823 4.990210 -1.989771
v -1.908178 5.021064 -1.980950
v -1.909612 5.052466 -1.968517
v -1.911108 5.084135 -1.952816
v -1.912628 5.115332 -1.934384
v -1.884399 5.143412 -1.934384
v -1.853128 5.141887 -1.952830
v -1.821473 5.140392 -1.968537
v -1.790157 5.138963 -1.980965
v -1.759418 5.137616 -1.989771
v -1.759418 1.440698 -2.043592
v -1.759418 1.409869 -2.033592
v -1.759418 1.379647 -2.021074
v -1.759418 1.350777 -2.006346
v -1.759418 1.323969 -1.989771
v -1.790110 1.322619 -1.980960
v -1.821389 1.321190 -1.968531
v -1.853037 1.319695 -1.952823
v -1.884337 1.318171 -1.934377
v -1.912286 1.346298 -1.934651
v -1.910037 1.375717 -1.953467
v -1.907790 1.405471 -1.969678
v -1.905965 1.436232 -1.982580
v -1.904956 1.468734 -1.991638
v -1.878669 1.469102 -2.007729
v -1.850271 1.469562 -2.021984
v -1.820422 1.470104 -2.034099
v -1.789865 1.470714 -2.043792
v -1.759418 1.471374 -2.050828
v 1.880015 4.990210 -2.006346
v 1.851145 4.990210 -2.021074
v 1.820923 4.990210 -2.033592
v 1.790094 4.990210 -2.043592
v 1.759418 4.990210 -2.050828
v 1.759272 5.020894 -2.043588
v 1.759199 5.051729 -2.033586
v 1.759199 5.081951 -2.021068
v 1.759272 5.110817 -2.006343
v 1.759418 5.137616 -1.989771
v 1.790048 5.138959 -1.980971
v 1.821281 5.140385 -1.968547
v 1.852923 5.141880 -1.952835
v 1.884264 5.143407 -1.934379
v 1.912622 5.115259 -1.934387
v 1.911098 5.084023 -1.952827
v 1.909603 5.052361 -1.968532
v 1.908172 5.021004 -1.980961
v 1.906823 4.990210 -1.989771
v 1.884494 1.318506 -1.934651
v 1.855075 1.320755 -1.953467
v 1.825321 1.323002 -1.969678
v 1.794560 1.324827 -1.982580
v 1.762058 1.325836 -1.991638
v 1.761690 1.352123 -2.007729
v 1.761230 1.380521 -2.021984
v 1.760688 1.410370 -2.034099
v 1.760078 1.440927 -2.043792
v 1.759418 1.471374 -2.050828
v 1.790102 1.471519 -2.043587
v 1.820936 1.471593 -2.033586
v 1.851159 1.471593 -2.021068
v 1.880024 1.471519 -2.006343
v 1.906823 1.471374 -1.989771
v 1.908169 1.440689 -1.980968
v 1.909596 1.409415 -1.968542
v 1.911091 1.377766 -1.952832
v 1.912617 1.346460 -1.934381
v -1.789704 1.194453 1.791019
v -1.789674 1.204767 1.821891
v -1.789743 1.217672 1.852098
v -1.789901 1.232830 1.881018
v -1.821061 1.244591 1.881953
v -1.852401 1.259414 1.882824
v -1.883194 1.276830 1.883635
v -1.881879 1.259000 1.853835
v -1.880589 1.243751 1.823514
v -1.879466 1.231639 1.792834
v -1.850531 1.216944 1.792392
v -1.820365 1.204448 1.791788
v -1.820493 1.215235 1.822641
v -1.820734 1.228746 1.852855
v -1.851690 1.242656 1.853425
v -1.851043 1.228344 1.823173
v -1.997936 1.440634 1.880871
v -2.013053 1.440557 1.851489
v -2.025905 1.440531 1.820944
v -2.036170 1.440576 1.789977
v -2.025900 1.409574 1.789911
v -2.013042 1.379076 1.789901
v -1.997925 1.349833 1.789958
v -1.986107 1.348935 1.821180
v -1.971207 1.348085 1.852595
v -1.953702 1.347279 1.883476
v -1.971213 1.378049 1.882609
v -1.986119 1.409411 1.881737
v -2.001850 1.409367 1.851844
v -2.015229 1.409411 1.820988
v -2.001840 1.378628 1.821062
v -1.987760 1.378295 1.852210
v -2.036340 1.441089 -1.791019
v -2.026027 1.441121 -1.821891
v -2.013124 1.441054 -1.852097
v -1.997967 1.440897 -1.881015
v -1.986209 1.409740 -1.881950
v -1.971384 1.378399 -1.882820
v -1.953966 1.347603 -1.883633
v -1.971794 1.348916 -1.853833
v -1.987043 1.350206 -1.823513
v -1.999153 1.351328 -1.792833
v -2.013849 1.380263 -1.792391
v -2.026345 1.410429 -1.791788
v -2.015559 1.410303 -1.822640
v -2.002051 1.410065 -1.852853
v -1.988140 1.379108 -1.853423
v -2.002451 1.379753 -1.823172
v -1.790158 1.232856 -1.880871
v -1.790235 1.217739 -1.851489
v -1.790261 1.204887 -1.820944
v -1.790216 1.194622 -1.789977
v -1.821218 1.204892 -1.789911
v -1.851716 1.217750 -1.789901
v -1.880959 1.232867 -1.789958
v -1.881856 1.244685 -1.821180
v -1.882707 1.259585 -1.852595
v -1.883513 1.277090 -1.883476
v -1.852743 1.259579 -1.882609
v -1.821381 1.244673 -1.881737
v -1.821425 1.228942 -1.851844
v -1.821381 1.215562 -1.820988
v -1.852164 1.228952 -1.821062
v -1.852497 1.243032 -1.852210
v -1.790973 1.440894 2.036351
v -1.821809 1.440826 2.026041
v -1.852008 1.440758 2.013134
v -1.880958 1.440697 1.997967
v -1.881876 1.409543 1.986206
v -1.882767 1.378259 1.971378
v -1.883621 1.347572 1.953961
v -1.853814 1.348873 1.971791
v -1.823494 1.350163 1.987041
v -1.792823 1.351299 1.999152
v -1.792347 1.380123 2.013853
v -1.791729 1.410235 2.026356
v -1.822534 1.410012 2.015574
v -1.852739 1.409773 2.002060
v -1.853339 1.378900 1.988141
v -1.823094 1.379544 2.002455
v 1.791019 1.194453 1.789704
v 1.821891 1.204767 1.789674
v 1.852098 1.217672 1.789743
v 1.881018 1.232830 1.789901
v 1.881953 1.244591 1.821061
v 1.882824 1.259414 1.852401
v 1.883635 1.276830 1.883194
v 1.853835 1.259000 1.881879
v 1.823514 1.243751 1.880589
v 1.792834 1.231639 1.879466
v 1.792392 1.216944 1.850531
v 1.791788 1.204448 1.820365
v 1.822641 1.215235 1.820493
v 1.852855 1.228746 1.820734
v 1.853425 1.242656 1.851690
v 1.823173 1.228344 1.851043
v 1.880871 1.440634 1.997936
v 1.851489 1.440557 2.013053
v 1.820944 1.440531 2.025905
v 1.789977 1.440576 2.036170
v 1.789911 1.409574 2.025900
v 1.789901 1.379076 2.013042
v 1.789958 1.349833 1.997925
v 1.821180 1.348935 1.986107
v 1.852595 1.348085 1.971207
v 1.883476 1.347279 1.953702
v 1.882609 1.378049 1.971213
v 1.881737 1.409411 1.986119
v 1.851844 1.409367 2.001850
v 1.820988 1.409411 2.015229
v 1.821062 1.378628 2.001840
v 1.852210 1.378295 1.987760
v -1.789895 5.021760 2.036352
v -1.789959 5.052598 2.026043
v -1.790023 5.082803 2.013136
v -1.790077 5.111754 1.997969
v -1.821220 5.112682 1.986210
v -1.852506 5.113587 1.971382
v -1.883210 5.114464 1.953965
v -1.881923 5.084658 1.971793
v -1.880638 5.054312 1.987040
v -1.879500 5.023612 1.999150
v -1.850668 5.023130 2.013852
v -1.820552 5.022512 2.026357
v -1.820770 5.053326 2.015577
v -1.821002 5.083543 2.002064
v -1.851880 5.084158 1.988145
v -1.851243 5.053894 2.002457
v -1.997936 5.111690 1.790186
v -2.013054 5.082318 1.790257
v -2.025907 5.051771 1.790276
v -2.036171 5.020789 1.790225
v -2.025902 5.020741 1.821236
v -2.013043 5.020748 1.851741
v -1.997926 5.020823 1.880987
v -1.986109 5.052099 1.881900
v -1.971211 5.083524 1.882758
v -1.953709 5.114361 1.883563
v -1.971216 5.113472 1.852803
v -1.986120 5.112579 1.821433
v -2.001852 5.082707 1.821467
v -2.015232 5.051846 1.821412
v -2.001843 5.051950 1.852205
v -1.987763 5.083105 1.852550
v 2.036351 1.440894 1.790973
v 2.026041 1.440826 1.821809
v 2.013134 1.440758 1.852008
v 1.997967 1.440697 1.880958
v 1.986206 1.409543 1.881876
v 1.971378 1.378259 1.882767
v 1.953961 1.347572 1.883621
v 1.971791 1.348873 1.853814
v 1.987041 1.350163 1.823494
v 1.999152 1.351299 1.792823
v 2.013853 1.380123 1.792347
v 2.026356 1.410235 1.791729
v 2.015574 1.410012 1.822534
v 2.002060 1.409773 1.852739
v 1.988141 1.378900 1.853339
v 2.002455 1.379544 1.823094
v 1.789703 1.194452 -1.791019
v 1.789671 1.204765 -1.821891
v 1.789738 1.217668 -1.852097
v 1.789895 1.232825 -1.881015
v 1.821052 1.244583 -1.881950
v 1.852392 1.259408 -1.882820
v 1.883189 1.276826 -1.883633
v 1.881876 1.258998 -1.853833
v 1.880586 1.243749 -1.823513
v 1.879464 1.231639 -1.792833
v 1.850529 1.216943 -1.792391
v 1.820363 1.204447 -1.791788
v 1.820488 1.215232 -1.822640
v 1.820727 1.228741 -1.852853
v 1.851684 1.242652 -1.853423
v 1.851039 1.228341 -1.823172
v 1.953962 1.347156 -1.883194
v 1.971792 1.376957 -1.881879
v 1.987041 1.407278 -1.880589
v 1.999153 1.437958 -1.879466
v 2.013848 1.438400 -1.850531
v 2.026343 1.439003 -1.820365
v 2.036339 1.439773 -1.789704
v 2.026025 1.408900 -1.789674
v 2.013120 1.378694 -1.789743
v 1.997962 1.349774 -1.789901
v 1.986201 1.348837 -1.821061
v 1.971377 1.347967 -1.852401
v 1.988136 1.377366 -1.851690
v 2.002448 1.407618 -1.851043
v 2.015557 1.408151 -1.820493
v 2.002045 1.377936 -1.820733
v 2.036351 5.021761 1.789900
v 2.026042 5.052602 1.789971
v 2.013135 5.082809 1.790041
v 1.997968 5.111763 1.790102
v 1.986207 5.112694 1.821262
v 1.971381 5.113600 1.852551
v 1.953966 5.114472 1.883240
v 1.971793 5.084665 1.881945
v 1.987040 5.054316 1.880652
v 1.999150 5.023614 1.879506
v 2.013852 5.023133 1.850678
v 2.026356 5.022515 1.820562
v 2.015575 5.053332 1.820791
v 2.002061 5.083553 1.821034
v 1.988143 5.084168 1.851913
v 2.002456 5.053900 1.851264
v 1.883648 5.114041 1.953967
v 1.853844 5.112712 1.971795
v 1.823520 5.111408 1.987043
v 1.792836 5.110271 1.999153
v 1.792395 5.081347 2.013848
v 1.791792 5.051180 2.026344
v 1.791022 5.020510 2.036340
v 1.821897 5.020494 2.026025
v 1.852108 5.020573 2.013121
v 1.881032 5.020740 1.997964
v 1.881974 5.051934 1.986204
v 1.882844 5.083279 1.971381
v 1.853439 5.082550 1.988138
v 1.823182 5.081882 2.002449
v 1.822649 5.051330 2.015557
v 1.852869 5.051590 2.002047
v -1.790069 5.228734 1.880860
v -1.790132 5.243855 1.851589
v -1.790162 5.256713 1.821106
v -1.790150 5.266975 1.790155
v -1.821098 5.256712 1.790173
v -1.851584 5.243851 1.790151
v -1.880862 5.228726 1.790097
v -1.881712 5.216908 1.821271
v -1.882559 5.202001 1.852618
v -1.883393 5.184488 1.883417
v -1.852572 5.202007 1.882568
v -1.821225 5.216918 1.881713
v -1.821240 5.232656 1.851981
v -1.821202 5.246044 1.821220
v -1.851966 5.232652 1.821271
v -1.852293 5.218563 1.852321
v -1.789883 5.267144 -1.790977
v -1.789935 5.256835 -1.821800
v -1.789986 5.243929 -1.851984
v -1.790035 5.228762 -1.880924
v -1.821142 5.217001 -1.881814
v -1.852414 5.202168 -1.882682
v -1.883129 5.184744 -1.883518
v -1.881834 5.202579 -1.853714
v -1.880564 5.217834 -1.823443
v -1.879458 5.229948 -1.792822
v -1.850634 5.244647 -1.792351
v -1.820529 5.257149 -1.791734
v -1.820721 5.246368 -1.822515
v -1.820932 5.232854 -1.852691
v -1.851790 5.218933 -1.853266
v -1.851177 5.233249 -1.823061
v -1.997933 5.020998 -1.880880
v -2.013052 5.021059 -1.851484
v -2.025905 5.021072 -1.820933
v -2.036170 5.021018 -1.789968
v -2.025902 5.052025 -1.789894
v -2.013046 5.082521 -1.789878
v -1.997933 5.111754 -1.789928
v -1.986118 5.112660 -1.821131
v -1.971217 5.113525 -1.852550
v -1.953707 5.114357 -1.883458
v -1.971212 5.083621 -1.882609
v -1.986115 5.052256 -1.881746
v -2.001850 5.052270 -1.851829
v -2.015231 5.052206 -1.820966
v -2.001846 5.082987 -1.821027
v -1.987765 5.083343 -1.852182
v 1.880840 5.228732 1.790105
v 1.851455 5.243847 1.790197
v 1.820916 5.256699 1.790236
v 1.789961 5.266963 1.790203
v 1.789881 5.256696 1.821193
v 1.789857 5.243840 1.851685
v 1.789900 5.228726 1.880928
v 1.821077 5.216910 1.881804
v 1.852483 5.202007 1.882640
v 1.883395 5.184494 1.883435
v 1.882538 5.202009 1.852638
v 1.881683 5.216917 1.821287
v 1.851780 5.232646 1.821356
v 1.820934 5.246026 1.821334
v 1.820983 5.232640 1.852107
v 1.852120 5.218558 1.852417
v 2.036350 5.020709 -1.790977
v 2.026038 5.020797 -1.821821
v 2.013129 5.020885 -1.852032
v 1.997961 5.020963 -1.880989
v 1.986199 5.052175 -1.881927
v 1.971375 5.083469 -1.882826
v 1.953966 5.114111 -1.883676
v 1.971793 5.112790 -1.853864
v 1.987040 5.111475 -1.823523
v 1.999151 5.110312 -1.792829
v 2.013851 5.081498 -1.792353
v 2.026354 5.051382 -1.791734
v 2.015569 5.051640 -1.822555
v 2.002053 5.051914 -1.852779
v 1.988137 5.082796 -1.853387
v 2.002452 5.082114 -1.823120
v 1.883529 5.184749 -1.883099
v 1.853733 5.202581 -1.881792
v 1.823461 5.217835 -1.880523
v 1.792832 5.229949 -1.879430
v 1.792399 5.244641 -1.850496
v 1.791796 5.257137 -1.820338
v 1.791023 5.267133 -1.789690
v 1.821884 5.256820 -1.789643
v 1.852074 5.243918 -1.789693
v 1.880983 5.228762 -1.789838
v 1.881891 5.217003 -1.820948
v 1.882739 5.202174 -1.852275
v 1.853356 5.218930 -1.851586
v 1.823146 5.233242 -1.850971
v 1.822626 5.246351 -1.820434
v 1.852810 5.232843 -1.820644
v -1.790177 5.111718 -1.997935
v -1.790215 5.082455 -2.013058
v -1.790219 5.051960 -2.025917
v -1.790180 5.020981 -2.036181
v -1.821155 5.021030 -2.025916
v -1.851655 5.021039 -2.013053
v -1.880930 5.021019 -1.997926
v -1.881828 5.052293 -1.986105
v -1.882706 5.083663 -1.971204
v -1.883554 5.114391 -1.953704
v -1.852787 5.113515 -1.971213
v -1.821418 5.112621 -1.986117
v -1.821391 5.082911 -2.001856
v -1.821309 5.052131 -2.015245
v -1.852095 5.052237 -2.001851
v -1.852469 5.083310 -1.987764
v -1.789898 1.439819 -2.036351
v -1.789966 1.408983 -2.026041
v -1.790034 1.378783 -2.013134
v -1.790094 1.349834 -1.997967
v -1.821249 1.348915 -1.986206
v -1.852533 1.348024 -1.971378
v -1.883220 1.347170 -1.953961
v -1.881918 1.376977 -1.971791
v -1.880629 1.407297 -1.987041
v -1.879493 1.437969 -1.999152
v -1.850669 1.438445 -2.013853
v -1.820557 1.439063 -2.026356
v -1.820780 1.408257 -2.015574
v -1.821019 1.378052 -2.002060
v -1.851892 1.377452 -1.988141
v -1.851247 1.407698 -2.002455
v 1.880880 5.020998 -1.997933
v 1.851484 5.021059 -2.013052
v 1.820933 5.021072 -2.025905
v 1.789968 5.021018 -2.036170
v 1.789894 5.052025 -2.025902
v 1.789878 5.082521 -2.013046
v 1.789928 5.111754 -1.997933
v 1.821131 5.112660 -1.986118
v 1.852550 5.113525 -1.971217
v 1.883458 5.114357 -1.953707
v 1.882609 5.083621 -1.971212
v 1.881746 5.052256 -1.986115
v 1.851829 5.052270 -2.001850
v 1.820966 5.052206 -2.015231
v 1.821027 5.082987 -2.001846
v 1.852182 5.083343 -1.987765
v 1.883633 1.347603 -1.953966
v 1.853834 1.348917 -1.971794
v 1.823513 1.350206 -1.987043
v 1.792834 1.351328 -1.999153
v 1.792392 1.380263 -2.013849
v 1.791789 1.410429 -2.026345
v 1.791019 1.441089 -2.036340
v 1.821891 1.441121 -2.026027
v 1.852097 1.441054 -2.013124
v 1.881016 1.440897 -1.997967
v 1.881951 1.409740 -1.986209
v 1.882821 1.378400 -1.971384
v 1.853424 1.379109 -1.988140
v 1.823173 1.379753 -2.002451
v 1.822641 1.410304 -2.015559
v 1.852854 1.410065 -2.002051
vt 0.392762 0.003722
vt 0.379166 0.008333
vt 0.383891 0.982399
vt 0.357238 0.017762
vt 0.142762 0.017762
vt 0.378722 0.732238
vt 0.383777 0.767762
vt 0.383333 0.745834
vt 0.392601 0.008891
vt 0.607238 0.982238
vt 0.607238 0.767762
vt 0.616223 0.982238
vt 0.607238 0.008777
vt 0.620834 0.008333
vt 0.392762 0.232238
vt 0.607238 0.232238
vt 0.392762 0.244944
vt 0.369944 0.232238
vt 0.379166 0.245834
vt 0.142762 0.232238
vt 0.621392 0.982399
vt 0.607238 0.755056
vt 0.621278 0.767762
vt 0.616667 0.745834
vt 0.621392 0.732399
vt 0.642762 0.232238
vt 0.857238 0.232238
vt 0.621278 0.267762
vt 0.619944 0.232238
vt 0.620834 0.245834
vt 0.392762 0.255056
vt 0.607238 0.255056
vt 0.392762 0.267762
vt 0.392762 0.482238
vt 0.392762 0.494944
vt 0.378722 0.482238
vt 0.383333 0.495834
vt 0.607238 0.482238
vt 0.616223 0.267762
vt 0.621278 0.517762
vt 0.616223 0.482238
vt 0.616667 0.495834
vt 0.392762 0.505056
vt 0.607238 0.505056
vt 0.383891 0.732399
vt 0.392762 0.517762
vt 0.607399 0.744717
vt 0.392762 0.732238
vt 0.607238 0.732238
vt 0.616223 0.517762
vt 0.616223 0.732238
vt 0.378722 0.982238
vt 0.378608 0.767601
vt 0.607399 0.003608
vt 0.369944 0.017762
vt 0.380056 0.017762
vt 0.380283 0.232399
vt 0.616109 0.767601
vt 0.619944 0.017762
vt 0.630056 0.017762
vt 0.630283 0.232399
vt 0.378722 0.267762
vt 0.383777 0.267762
vt 0.383891 0.482399
vt 0.607399 0.244717
vt 0.621392 0.482399
vt 0.378722 0.517762
vt 0.383777 0.517762
vt 0.607399 0.494717
vt 0.392762 0.755056
vt 0.392762 0.744945
vt 0.392762 0.017762
vt 0.607238 0.017762
vt 0.607238 0.267762
vt 0.607238 0.517762
vt 0.392762 0.767762
vt 0.392762 0.982238
vt 0.642762 0.017762
vt 0.857238 0.017762
vt 0.357238 0.232238
vt 0.426946 0.873882
vt 0.390117 0.012499
vt 0.462109 0.762499
vt 0.390996 0.009563
vt 0.391882 0.006623
vt 0.389678 0.006769
vt 0.386757 0.008811
vt 0.384045 0.009925
vt 0.381514 0.009974
vt 0.378460 0.010869
vt 0.457824 0.762499
vt 0.377689 0.012499
vt 0.431768 0.801466
vt 0.407999 0.879654
vt 0.386472 0.977605
vt 0.388768 0.975103
vt 0.390689 0.975431
vt 0.392031 0.977901
vt 0.367490 0.017750
vt 0.364950 0.017738
vt 0.362365 0.017736
vt 0.359780 0.017744
vt 0.359290 0.015168
vt 0.452207 0.762499
vt 0.361400 0.012499
vt 0.427411 0.834924
vt 0.402837 0.908658
vt 0.404663 0.881699
vt 0.429197 0.808455
vt 0.373926 0.012499
vt 0.456526 0.762499
vt 0.376536 0.011057
vt 0.377148 0.011306
vt 0.375092 0.013002
vt 0.373156 0.014457
vt 0.371450 0.016084
vt 0.140167 0.017112
vt 0.375000 0.733555
vt 0.137499 0.016445
vt 0.376250 0.733118
vt 0.377499 0.732676
vt 0.378828 0.734813
vt 0.379097 0.737347
vt 0.379682 0.739842
vt 0.380889 0.742528
vt 0.378577 0.744480
vt 0.375000 0.756096
vt 0.375000 0.743904
vt 0.376388 0.760013
vt 0.377562 0.763672
vt 0.377874 0.765933
vt 0.377133 0.764226
vt 0.141542 0.012499
vt 0.376394 0.762499
vt 0.142155 0.015161
vt 0.392730 0.757527
vt 0.392719 0.760087
vt 0.392727 0.762683
vt 0.392744 0.765256
vt 0.390976 0.767734
vt 0.389143 0.767714
vt 0.387302 0.767705
vt 0.385498 0.767717
vt 0.381432 0.763415
vt 0.378491 0.758586
vt 0.375000 0.746762
vt 0.375000 0.753238
vt 0.378977 0.746118
vt 0.382549 0.746518
vt 0.383688 0.748318
vt 0.386663 0.750927
vt 0.389787 0.753175
vt 0.390283 0.017768
vt 0.387726 0.017770
vt 0.385142 0.017771
vt 0.382568 0.017769
vt 0.380132 0.016178
vt 0.380077 0.014562
vt 0.379882 0.012943
vt 0.379570 0.011102
vt 0.381986 0.010183
vt 0.384743 0.010509
vt 0.387400 0.010289
vt 0.389984 0.009766
vt 0.392612 0.010633
vt 0.392635 0.012419
vt 0.392667 0.014221
vt 0.392710 0.016015
vt 0.607800 0.978462
vt 0.609003 0.976567
vt 0.610853 0.976654
vt 0.613315 0.978679
vt 0.590837 0.903784
vt 0.566321 0.829515
vt 0.622432 0.012499
vt 0.542218 0.762499
vt 0.621549 0.013716
vt 0.618405 0.018448
vt 0.615939 0.028605
vt 0.613177 0.054668
vt 0.610401 0.039704
vt 0.608249 0.007868
vt 0.609111 0.010905
vt 0.537922 0.762499
vt 0.609974 0.012499
vt 0.573042 0.873805
vt 0.617432 0.017781
vt 0.614860 0.017788
vt 0.612273 0.017786
vt 0.609718 0.017777
vt 0.607242 0.016024
vt 0.607242 0.014235
vt 0.607242 0.012421
vt 0.607241 0.010603
vt 0.609654 0.015071
vt 0.612245 0.019858
vt 0.615045 0.019223
vt 0.617955 0.015734
vt 0.620445 0.012975
vt 0.620131 0.014564
vt 0.619937 0.015592
vt 0.619880 0.016665
vt 0.392712 0.234751
vt 0.392676 0.237333
vt 0.392658 0.239936
vt 0.392674 0.242497
vt 0.384149 0.250351
vt 0.374552 0.256587
vt 0.364742 0.262951
vt 0.361430 0.263660
vt 0.359226 0.261634
vt 0.360338 0.258270
vt 0.366578 0.250169
vt 0.373445 0.241385
vt 0.382661 0.232453
vt 0.385162 0.232443
vt 0.387718 0.232395
vt 0.390270 0.232324
vt 0.341539 0.302527
vt 0.303893 0.337742
vt 0.246280 0.352007
vt 0.266219 0.372995
vt 0.302543 0.291280
vt 0.358122 0.233891
vt 0.360004 0.234589
vt 0.362874 0.234296
vt 0.366260 0.233452
vt 0.354278 0.251042
vt 0.340433 0.268388
vt 0.332498 0.280331
vt 0.341328 0.276465
vt 0.307755 0.308988
vt 0.260119 0.366574
vt 0.252380 0.358428
vt 0.296687 0.337159
vt 0.334678 0.305637
vt 0.640221 0.017743
vt 0.637635 0.017735
vt 0.635053 0.017738
vt 0.632511 0.017751
vt 0.628571 0.016282
vt 0.626874 0.014925
vt 0.624952 0.013736
vt 0.622897 0.012108
vt 0.623524 0.012102
vt 0.543515 0.762499
vt 0.626195 0.012499
vt 0.569270 0.798707
vt 0.592892 0.872671
vt 0.597317 0.909108
vt 0.572702 0.835471
vt 0.638648 0.012499
vt 0.547810 0.762499
vt 0.640727 0.015164
vt 0.607246 0.765259
vt 0.607257 0.762685
vt 0.607265 0.760090
vt 0.607261 0.757529
vt 0.610285 0.753162
vt 0.613440 0.750886
vt 0.616177 0.748438
vt 0.617416 0.746590
vt 0.621007 0.746128
vt 0.625000 0.753235
vt 0.625000 0.746765
vt 0.621515 0.758321
vt 0.618576 0.763032
vt 0.614421 0.767572
vt 0.612648 0.767583
vt 0.610830 0.767624
vt 0.609013 0.767685
vt 0.619159 0.742460
vt 0.620329 0.739941
vt 0.620968 0.737605
vt 0.621269 0.735109
vt 0.622573 0.732776
vt 0.623782 0.733147
vt 0.862501 0.016491
vt 0.625000 0.733509
vt 0.859839 0.017130
vt 0.857864 0.015165
vt 0.623622 0.762499
vt 0.858505 0.012499
vt 0.622835 0.764261
vt 0.622051 0.766025
vt 0.622214 0.764109
vt 0.623422 0.760352
vt 0.625000 0.743898
vt 0.625000 0.756102
vt 0.621296 0.744511
vt 0.697333 0.291213
vt 0.733842 0.372931
vt 0.753659 0.352071
vt 0.696155 0.337706
vt 0.658499 0.302521
vt 0.664562 0.304981
vt 0.702418 0.336413
vt 0.747625 0.358423
vt 0.739876 0.366579
vt 0.691613 0.308631
vt 0.659729 0.277731
vt 0.668950 0.282615
vt 0.659853 0.270585
vt 0.646416 0.253128
vt 0.633882 0.233659
vt 0.637192 0.234491
vt 0.639972 0.234679
vt 0.641851 0.233931
vt 0.638213 0.263427
vt 0.634493 0.262149
vt 0.625771 0.256466
vt 0.616588 0.250479
vt 0.607457 0.242330
vt 0.607448 0.239828
vt 0.607399 0.237273
vt 0.607327 0.234725
vt 0.609754 0.232276
vt 0.612342 0.232307
vt 0.614947 0.232324
vt 0.617507 0.232313
vt 0.626197 0.240714
vt 0.633289 0.249962
vt 0.640222 0.258916
vt 0.640698 0.261775
vt 0.392341 0.257893
vt 0.392208 0.260570
vt 0.392297 0.263089
vt 0.392504 0.265483
vt 0.390687 0.268002
vt 0.388603 0.268214
vt 0.386620 0.268340
vt 0.384932 0.268248
vt 0.347849 0.295501
vt 0.306249 0.327582
vt 0.254172 0.360314
vt 0.258327 0.364688
vt 0.309250 0.310013
vt 0.344292 0.280633
vt 0.340691 0.287890
vt 0.357539 0.277904
vt 0.375777 0.266181
vt 0.392764 0.484716
vt 0.392763 0.487270
vt 0.392761 0.489855
vt 0.392761 0.492427
vt 0.390565 0.494672
vt 0.388243 0.494492
vt 0.385883 0.494427
vt 0.383975 0.494720
vt 0.382859 0.492403
vt 0.383166 0.489666
vt 0.383562 0.487183
vt 0.383845 0.484806
vt 0.385622 0.482386
vt 0.387403 0.482363
vt 0.389211 0.482331
vt 0.391010 0.482289
vt 0.377493 0.517330
vt 0.376248 0.516906
vt 0.137499 0.233509
vt 0.375000 0.516491
vt 0.140161 0.232872
vt 0.141132 0.235852
vt 0.373042 0.485440
vt 0.139457 0.239562
vt 0.374958 0.484359
vt 0.376862 0.483287
vt 0.378828 0.484766
vt 0.379144 0.487240
vt 0.379727 0.489766
vt 0.380915 0.492487
vt 0.378653 0.494489
vt 0.375000 0.506036
vt 0.375000 0.493964
vt 0.376439 0.510244
vt 0.377648 0.514105
vt 0.615061 0.268241
vt 0.613389 0.268347
vt 0.611413 0.268227
vt 0.609325 0.268010
vt 0.607466 0.265465
vt 0.607651 0.263056
vt 0.607741 0.260537
vt 0.607629 0.257875
vt 0.624650 0.266542
vt 0.643008 0.278364
vt 0.657407 0.286435
vt 0.654239 0.279406
vt 0.690770 0.310189
vt 0.741668 0.364693
vt 0.745833 0.360309
vt 0.692564 0.326714
vt 0.651761 0.295252
vt 0.859838 0.232892
vt 0.625000 0.516451
vt 0.862501 0.233549
vt 0.623754 0.516879
vt 0.622508 0.517316
vt 0.622320 0.514158
vt 0.623516 0.510332
vt 0.625000 0.493921
vt 0.625000 0.506079
vt 0.621258 0.494520
vt 0.619156 0.492456
vt 0.620325 0.489919
vt 0.620935 0.487504
vt 0.621291 0.485079
vt 0.623202 0.483392
vt 0.625067 0.484407
vt 0.860538 0.239567
vt 0.626963 0.485435
vt 0.858876 0.235861
vt 0.615984 0.494726
vt 0.614139 0.494354
vt 0.611969 0.494268
vt 0.609717 0.494381
vt 0.607377 0.492265
vt 0.607347 0.489751
vt 0.607313 0.487210
vt 0.607276 0.484691
vt 0.609001 0.482241
vt 0.610815 0.482241
vt 0.612645 0.482240
vt 0.614456 0.482239
vt 0.616287 0.484500
vt 0.616541 0.486912
vt 0.616905 0.489523
vt 0.617153 0.492402
vt 0.392730 0.507527
vt 0.392719 0.510088
vt 0.392727 0.512683
vt 0.392744 0.515257
vt 0.390977 0.517727
vt 0.389142 0.517704
vt 0.387302 0.517695
vt 0.385498 0.517710
vt 0.381414 0.513402
vt 0.378459 0.508553
vt 0.375000 0.496761
vt 0.375000 0.503239
vt 0.379009 0.496113
vt 0.382540 0.496513
vt 0.383667 0.498310
vt 0.386646 0.500924
vt 0.389778 0.503174
vt 0.392764 0.734717
vt 0.392763 0.737270
vt 0.392761 0.739856
vt 0.392761 0.742427
vt 0.390558 0.744671
vt 0.388232 0.744491
vt 0.385875 0.744429
vt 0.383972 0.744725
vt 0.382849 0.742438
vt 0.383153 0.739707
vt 0.383551 0.737214
vt 0.383840 0.734818
vt 0.385623 0.732386
vt 0.387406 0.732362
vt 0.389212 0.732330
vt 0.391009 0.732289
vt 0.614502 0.517710
vt 0.612700 0.517693
vt 0.610859 0.517702
vt 0.609025 0.517726
vt 0.607246 0.515258
vt 0.607257 0.512684
vt 0.607265 0.510089
vt 0.607260 0.507528
vt 0.610254 0.503165
vt 0.613379 0.500898
vt 0.616110 0.498453
vt 0.617371 0.496596
vt 0.620925 0.496120
vt 0.625000 0.503267
vt 0.625000 0.496733
vt 0.621411 0.508705
vt 0.618526 0.513471
vt 0.616012 0.744722
vt 0.614172 0.744348
vt 0.611991 0.744264
vt 0.609725 0.744381
vt 0.607377 0.742265
vt 0.607347 0.739751
vt 0.607313 0.737210
vt 0.607276 0.734691
vt 0.608999 0.732241
vt 0.610813 0.732241
vt 0.612642 0.732240
vt 0.614456 0.732239
vt 0.616288 0.734516
vt 0.616547 0.736943
vt 0.616911 0.739551
vt 0.617156 0.742419
vt 0.425244 0.868771
vt 0.388155 0.012499
vt 0.461433 0.762499
vt 0.388086 0.010713
vt 0.388851 0.008463
vt 0.385738 0.010108
vt 0.383131 0.010924
vt 0.380740 0.011198
vt 0.458548 0.762499
vt 0.379789 0.012499
vt 0.428425 0.743612
vt 0.406897 0.843910
vt 0.410028 0.812974
vt 0.421778 0.857335
vt 0.460732 0.762499
vt 0.386121 0.012499
vt 0.384054 0.012499
vt 0.460019 0.762499
vt 0.459288 0.762499
vt 0.381934 0.012499
vt 0.417849 0.546694
vt 0.368873 0.015745
vt 0.366277 0.015319
vt 0.363863 0.015214
vt 0.361541 0.015187
vt 0.452889 0.762499
vt 0.363377 0.012499
vt 0.426619 0.739090
vt 0.412817 0.812510
vt 0.427372 0.739142
vt 0.371813 0.012499
vt 0.455798 0.762499
vt 0.374508 0.012289
vt 0.372431 0.013070
vt 0.370472 0.013987
vt 0.454321 0.762499
vt 0.367530 0.012499
vt 0.453597 0.762499
vt 0.365430 0.012499
vt 0.412750 0.531239
vt 0.369661 0.012499
vt 0.455056 0.762499
vt 0.139843 0.014830
vt 0.375000 0.735493
vt 0.137499 0.014507
vt 0.375893 0.735679
vt 0.377280 0.735267
vt 0.377132 0.737903
vt 0.377337 0.740126
vt 0.377700 0.742196
vt 0.375000 0.757691
vt 0.375000 0.742309
vt 0.376081 0.760875
vt 0.377032 0.763645
vt 0.376393 0.763102
vt 0.139540 0.012499
vt 0.375704 0.762499
vt 0.375000 0.762499
vt 0.137499 0.012499
vt 0.375000 0.737501
vt 0.375000 0.739071
vt 0.375000 0.760929
vt 0.375000 0.759319
vt 0.375000 0.740681
vt 0.375691 0.761619
vt 0.389483 0.755972
vt 0.389739 0.759210
vt 0.390293 0.762371
vt 0.390665 0.765118
vt 0.388462 0.764948
vt 0.385891 0.764380
vt 0.383384 0.763709
vt 0.380106 0.758578
vt 0.375000 0.748366
vt 0.375000 0.751634
vt 0.379290 0.747600
vt 0.380567 0.749651
vt 0.385636 0.753616
vt 0.386089 0.758035
vt 0.387841 0.762274
vt 0.384189 0.760878
vt 0.375000 0.750000
vt 0.390343 0.016015
vt 0.387922 0.015970
vt 0.385391 0.015982
vt 0.382756 0.016083
vt 0.382824 0.014402
vt 0.382678 0.012895
vt 0.382354 0.011606
vt 0.385163 0.011521
vt 0.387824 0.011269
vt 0.390280 0.010967
vt 0.390405 0.012479
vt 0.390417 0.014199
vt 0.388183 0.014015
vt 0.385701 0.014008
vt 0.385561 0.012581
vt 0.388214 0.012329
vt 0.574266 0.873574
vt 0.575744 0.874078
vt 0.578334 0.877719
vt 0.584913 0.892238
vt 0.559296 0.814820
vt 0.620319 0.012499
vt 0.541489 0.762499
vt 0.619186 0.021213
vt 0.616733 0.033040
vt 0.613419 0.125935
vt 0.610714 0.082257
vt 0.611227 0.103503
vt 0.538612 0.762499
vt 0.611976 0.012499
vt 0.614017 0.012499
vt 0.539316 0.762499
vt 0.540029 0.762499
vt 0.616085 0.012499
vt 0.618205 0.012499
vt 0.540760 0.762499
vt 0.613184 0.350039
vt 0.617254 0.016585
vt 0.614591 0.016322
vt 0.612029 0.016208
vt 0.609595 0.016170
vt 0.609481 0.014595
vt 0.609452 0.013552
vt 0.609531 0.013415
vt 0.612001 0.015817
vt 0.614729 0.016558
vt 0.617621 0.015885
vt 0.617332 0.015404
vt 0.617197 0.015619
vt 0.614288 0.014680
vt 0.611749 0.014490
vt 0.611691 0.013920
vt 0.614388 0.014856
vt 0.389977 0.235050
vt 0.389631 0.237867
vt 0.388621 0.241313
vt 0.386741 0.245542
vt 0.379752 0.249495
vt 0.371378 0.254718
vt 0.362581 0.260475
vt 0.368403 0.252833
vt 0.374256 0.245071
vt 0.379044 0.238245
vt 0.383599 0.236326
vt 0.387115 0.235396
vt 0.386905 0.238038
vt 0.385068 0.242188
vt 0.377682 0.246592
vt 0.382462 0.239787
vt 0.314066 0.325233
vt 0.287863 0.350128
vt 0.247246 0.353023
vt 0.265253 0.371979
vt 0.305500 0.290521
vt 0.310864 0.287386
vt 0.334902 0.265154
vt 0.345103 0.257508
vt 0.324195 0.281557
vt 0.299726 0.309673
vt 0.296972 0.315706
vt 0.261147 0.367656
vt 0.251352 0.357346
vt 0.284935 0.349025
vt 0.249266 0.355150
vt 0.263233 0.369852
vt 0.248245 0.354075
vt 0.264254 0.370927
vt 0.321717 0.280625
vt 0.262197 0.368761
vt 0.250302 0.356241
vt 0.638454 0.015190
vt 0.636130 0.015227
vt 0.633750 0.015348
vt 0.631161 0.015818
vt 0.629592 0.014178
vt 0.627670 0.013352
vt 0.625586 0.012920
vt 0.544239 0.762499
vt 0.628293 0.012499
vt 0.572430 0.730653
vt 0.587131 0.808935
vt 0.573171 0.744350
vt 0.636650 0.012499
vt 0.547121 0.762499
vt 0.546418 0.762499
vt 0.634611 0.012499
vt 0.632544 0.012499
vt 0.545705 0.762499
vt 0.544975 0.762499
vt 0.630429 0.012499
vt 0.587331 0.531253
vt 0.609300 0.765060
vt 0.609622 0.762362
vt 0.610140 0.759258
vt 0.610461 0.756038
vt 0.614545 0.753569
vt 0.619304 0.749825
vt 0.620721 0.747653
vt 0.625000 0.751634
vt 0.625000 0.748366
vt 0.619835 0.758499
vt 0.616630 0.763473
vt 0.614105 0.764199
vt 0.611531 0.764815
vt 0.612103 0.762210
vt 0.613461 0.758361
vt 0.625000 0.750000
vt 0.616070 0.760533
vt 0.622275 0.742135
vt 0.622696 0.740069
vt 0.622896 0.737963
vt 0.622793 0.735386
vt 0.624118 0.735700
vt 0.862501 0.014514
vt 0.625000 0.735486
vt 0.860157 0.014829
vt 0.624299 0.762499
vt 0.860467 0.012499
vt 0.623573 0.763102
vt 0.622892 0.763769
vt 0.623851 0.761037
vt 0.625000 0.742288
vt 0.625000 0.757712
vt 0.625000 0.759323
vt 0.625000 0.740677
vt 0.625000 0.739084
vt 0.625000 0.760916
vt 0.625000 0.762499
vt 0.625000 0.737501
vt 0.862501 0.012499
vt 0.624305 0.761674
vt 0.694577 0.290922
vt 0.734798 0.371925
vt 0.752703 0.353077
vt 0.712855 0.350698
vt 0.685921 0.325186
vt 0.713906 0.347986
vt 0.748652 0.357341
vt 0.738849 0.367661
vt 0.703619 0.316620
vt 0.702454 0.312638
vt 0.673983 0.284211
vt 0.655012 0.260558
vt 0.666384 0.270373
vt 0.688443 0.287666
vt 0.751715 0.354118
vt 0.735786 0.370884
vt 0.736791 0.369826
vt 0.750710 0.355176
vt 0.749681 0.356258
vt 0.737820 0.368744
vt 0.674988 0.290431
vt 0.637231 0.260457
vt 0.628888 0.254970
vt 0.620570 0.249632
vt 0.613430 0.245427
vt 0.611443 0.241158
vt 0.610467 0.237779
vt 0.610091 0.234972
vt 0.612959 0.235283
vt 0.616528 0.236242
vt 0.620979 0.238057
vt 0.625423 0.244735
vt 0.631112 0.252489
vt 0.622277 0.246538
vt 0.615007 0.242140
vt 0.613161 0.237956
vt 0.617531 0.239691
vt 0.373626 0.270854
vt 0.377740 0.270529
vt 0.383786 0.268521
vt 0.387334 0.268266
vt 0.381343 0.271688
vt 0.370199 0.279274
vt 0.357377 0.288453
vt 0.317511 0.318136
vt 0.255202 0.361398
vt 0.257297 0.363604
vt 0.301326 0.320232
vt 0.307406 0.318315
vt 0.348201 0.288737
vt 0.358123 0.284467
vt 0.376484 0.273026
vt 0.353220 0.290262
vt 0.256250 0.362501
vt 0.390965 0.484644
vt 0.390874 0.487049
vt 0.390783 0.489546
vt 0.390704 0.492122
vt 0.388550 0.491905
vt 0.386420 0.491864
vt 0.384437 0.492010
vt 0.384873 0.489390
vt 0.385218 0.486908
vt 0.385480 0.484602
vt 0.387245 0.484537
vt 0.389092 0.484556
vt 0.388862 0.486774
vt 0.388667 0.489193
vt 0.386698 0.489184
vt 0.386935 0.486683
vt 0.376741 0.514237
vt 0.375784 0.514240
vt 0.137499 0.235471
vt 0.375000 0.514529
vt 0.139309 0.235703
vt 0.374003 0.486451
vt 0.138496 0.238551
vt 0.375445 0.485958
vt 0.377121 0.485313
vt 0.377295 0.487589
vt 0.377412 0.490039
vt 0.377772 0.492176
vt 0.375000 0.507644
vt 0.375000 0.492356
vt 0.375846 0.510867
vt 0.375000 0.489096
vt 0.375000 0.510904
vt 0.375000 0.487501
vt 0.375000 0.512499
vt 0.137499 0.237501
vt 0.375713 0.487861
vt 0.375000 0.509286
vt 0.375000 0.490714
vt 0.642796 0.288561
vt 0.629811 0.279226
vt 0.618773 0.271756
vt 0.612531 0.268151
vt 0.615587 0.268014
vt 0.621266 0.269720
vt 0.625570 0.270203
vt 0.652590 0.289336
vt 0.689529 0.315813
vt 0.697589 0.319353
vt 0.742699 0.363608
vt 0.744802 0.361394
vt 0.681681 0.317569
vt 0.649097 0.291969
vt 0.623031 0.272604
vt 0.637722 0.281171
vt 0.743751 0.362501
vt 0.860716 0.235728
vt 0.625000 0.514508
vt 0.862501 0.235492
vt 0.624238 0.514197
vt 0.623261 0.514238
vt 0.624117 0.510958
vt 0.625000 0.492309
vt 0.625000 0.507691
vt 0.622268 0.492134
vt 0.622695 0.490047
vt 0.622774 0.487660
vt 0.622963 0.485433
vt 0.624565 0.485986
vt 0.861510 0.238545
vt 0.625991 0.486457
vt 0.625000 0.487501
vt 0.862501 0.237501
vt 0.625000 0.512499
vt 0.625000 0.510921
vt 0.625000 0.489079
vt 0.625000 0.490694
vt 0.625000 0.509306
vt 0.624349 0.487890
vt 0.615559 0.492003
vt 0.613615 0.491814
vt 0.611548 0.491797
vt 0.609435 0.491964
vt 0.609327 0.489427
vt 0.609213 0.486946
vt 0.609089 0.484560
vt 0.610960 0.484444
vt 0.612812 0.484396
vt 0.614594 0.484434
vt 0.614828 0.486781
vt 0.615140 0.489332
vt 0.613336 0.489123
vt 0.611397 0.489118
vt 0.611195 0.486682
vt 0.613102 0.486592
vt 0.389479 0.505975
vt 0.389743 0.509208
vt 0.390296 0.512362
vt 0.390668 0.515106
vt 0.388462 0.514929
vt 0.385886 0.514359
vt 0.383372 0.513688
vt 0.380090 0.508556
vt 0.375000 0.498365
vt 0.375000 0.501635
vt 0.379284 0.497593
vt 0.380544 0.499642
vt 0.385626 0.503617
vt 0.386096 0.508037
vt 0.387842 0.512259
vt 0.384181 0.510858
vt 0.375000 0.500000
vt 0.390964 0.734644
vt 0.390873 0.737050
vt 0.390780 0.739548
vt 0.390701 0.742124
vt 0.388544 0.741911
vt 0.386413 0.741875
vt 0.384428 0.742030
vt 0.384863 0.739411
vt 0.385211 0.736922
vt 0.385477 0.734607
vt 0.387244 0.734538
vt 0.389092 0.734556
vt 0.388861 0.736775
vt 0.388663 0.739196
vt 0.386692 0.739194
vt 0.386932 0.736687
vt 0.616660 0.513664
vt 0.614137 0.514329
vt 0.611551 0.514905
vt 0.609314 0.515106
vt 0.609632 0.512388
vt 0.610147 0.509251
vt 0.610443 0.506022
vt 0.614477 0.503567
vt 0.619208 0.499838
vt 0.620635 0.497653
vt 0.625000 0.501651
vt 0.625000 0.498349
vt 0.619814 0.508658
vt 0.616072 0.510615
vt 0.612112 0.512264
vt 0.613493 0.508316
vt 0.625000 0.500000
vt 0.615577 0.742011
vt 0.613633 0.741819
vt 0.611559 0.741800
vt 0.609439 0.741966
vt 0.609328 0.739429
vt 0.609213 0.736948
vt 0.609088 0.734561
vt 0.610959 0.734445
vt 0.612812 0.734399
vt 0.614596 0.734441
vt 0.614834 0.736794
vt 0.615150 0.739345
vt 0.613344 0.739130
vt 0.611400 0.739121
vt 0.611196 0.736684
vt 0.613105 0.736598
vn -0.001436 -0.739858 0.672762
vn -0.002072 -0.872957 0.487792
vn 0.001852 -0.872891 0.487911
vn 0.001460 -0.740479 0.672078
vn -0.002053 -0.909514 0.415668
vn 0.001912 -0.909415 0.415885
vn -0.001996 -0.939386 0.342856
vn 0.001954 -0.939263 0.343193
vn -0.001947 -0.963654 0.267145
vn 0.001978 -0.963520 0.267631
vn -0.002037 -0.999996 0.002005
vn 0.002005 -0.999996 0.002037
vn -0.578319 -0.576604 0.577126
vn -0.416120 -0.708153 0.570407
vn -0.420961 -0.572114 0.703901
vn -0.352518 -0.713099 0.605988
vn -0.359954 -0.610271 0.705693
vn -0.286328 -0.721317 0.630649
vn -0.292472 -0.635039 0.714972
vn -0.213601 -0.729035 0.650294
vn -0.217459 -0.652693 0.725744
vn -0.001459 -0.672079 0.740478
vn -0.672079 -0.740478 0.001460
vn -0.652604 -0.725807 0.217515
vn -0.729284 -0.649921 0.213888
vn -0.739858 -0.672761 0.001439
vn -0.634914 -0.715062 0.292524
vn -0.721797 -0.629904 0.286759
vn -0.610155 -0.705775 0.359990
vn -0.713818 -0.604784 0.353129
vn -0.572053 -0.703954 0.420956
vn -0.709119 -0.568687 0.416828
vn -0.267628 -0.963520 0.001978
vn -0.267145 -0.963654 -0.002048
vn -0.002005 -0.999996 -0.002039
vn -0.343192 -0.939263 0.001954
vn -0.342847 -0.939389 -0.002097
vn -0.415888 -0.909414 0.001912
vn -0.415655 -0.909520 -0.002129
vn -0.487914 -0.872890 0.001852
vn -0.487781 -0.872963 -0.002107
vn -0.672761 -0.739858 -0.001439
vn -0.999996 -0.002005 0.002039
vn -0.962895 -0.002014 0.269870
vn -0.962917 0.001996 0.269790
vn -0.999996 0.002039 0.002033
vn -0.938211 -0.002023 0.346058
vn -0.938220 0.001996 0.346033
vn -0.908122 -0.002011 0.418701
vn -0.908110 0.001980 0.418727
vn -0.871686 -0.001957 0.490062
vn -0.871643 0.001935 0.490138
vn -0.740560 -0.001389 0.671988
vn -0.740137 0.001418 0.672454
vn -0.872964 -0.487780 0.002107
vn -0.872890 -0.487913 -0.001852
vn -0.740478 -0.672079 -0.001460
vn -0.909520 -0.415655 0.002129
vn -0.909413 -0.415889 -0.001912
vn -0.939388 -0.342850 0.002097
vn -0.939262 -0.343195 -0.001954
vn -0.963654 -0.267147 0.002048
vn -0.963520 -0.267630 -0.001978
vn -0.999996 -0.002037 -0.002032
vn -0.728119 -0.214168 0.651134
vn -0.651591 -0.213830 0.727809
vn -0.671966 -0.001420 0.740581
vn -0.719393 -0.285315 0.633301
vn -0.634167 -0.284832 0.718820
vn -0.711743 -0.349865 0.609111
vn -0.610436 -0.349221 0.710924
vn -0.708399 -0.414282 0.571438
vn -0.573225 -0.413595 0.707356
vn -0.740136 -0.001415 -0.672456
vn -0.871635 -0.001902 -0.490152
vn -0.871686 0.001958 -0.490061
vn -0.740560 0.001390 -0.671988
vn -0.908102 -0.001907 -0.418745
vn -0.908122 0.002012 -0.418701
vn -0.938217 -0.001896 -0.346042
vn -0.938211 0.002024 -0.346058
vn -0.962918 -0.001896 -0.269789
vn -0.962895 0.002015 -0.269870
vn -0.999996 0.002033 -0.002039
vn -0.576617 -0.578304 -0.577128
vn -0.708161 -0.416105 -0.570407
vn -0.572141 -0.420954 -0.703884
vn -0.713099 -0.352525 -0.605984
vn -0.610286 -0.359956 -0.705679
vn -0.721311 -0.286333 -0.630653
vn -0.635039 -0.292478 -0.714970
vn -0.729034 -0.213587 -0.650300
vn -0.652688 -0.217457 -0.725748
vn -0.671745 -0.001472 -0.740781
vn -0.725810 -0.652599 -0.217519
vn -0.649921 -0.729283 -0.213890
vn -0.715068 -0.634906 -0.292528
vn -0.629904 -0.721796 -0.286759
vn -0.705782 -0.610144 -0.359994
vn -0.604784 -0.713818 -0.353128
vn -0.703965 -0.572034 -0.420963
vn -0.568690 -0.709116 -0.416827
vn -0.002014 -0.962894 -0.269872
vn 0.001896 -0.962917 -0.269791
vn 0.002037 -0.999996 -0.002032
vn -0.002023 -0.938211 -0.346057
vn 0.001896 -0.938217 -0.346041
vn -0.002011 -0.908122 -0.418700
vn 0.001907 -0.908103 -0.418743
vn -0.001957 -0.871686 -0.490062
vn 0.001902 -0.871635 -0.490152
vn -0.001389 -0.740561 -0.671988
vn 0.001415 -0.740137 -0.672455
vn -0.214168 -0.728119 -0.651133
vn -0.213828 -0.651593 -0.727808
vn -0.001420 -0.671966 -0.740581
vn -0.285314 -0.719393 -0.633300
vn -0.284831 -0.634172 -0.718817
vn -0.349863 -0.711744 -0.609111
vn -0.349220 -0.610439 -0.710922
vn -0.414283 -0.708399 -0.571437
vn -0.413596 -0.573227 -0.707354
vn -0.487706 -0.002082 0.873005
vn -0.487903 0.001842 0.872896
vn -0.671745 0.001472 0.740781
vn -0.415658 -0.002062 0.909519
vn -0.415901 0.001893 0.909408
vn -0.342892 -0.002001 0.939373
vn -0.343205 0.001934 0.939259
vn -0.267203 -0.001950 0.963638
vn -0.267610 0.001963 0.963525
vn -0.002010 -0.002037 0.999996
vn -0.002036 0.002010 0.999996
vn -0.001962 -0.267626 0.963521
vn 0.002048 -0.267144 0.963654
vn 0.002039 -0.002005 0.999996
vn -0.001933 -0.343195 0.939262
vn 0.002097 -0.342848 0.939388
vn -0.001893 -0.415892 0.909412
vn 0.002129 -0.415655 0.909520
vn -0.001843 -0.487914 0.872890
vn 0.002107 -0.487778 0.872965
vn 0.001439 -0.672761 0.739859
vn 0.672763 -0.739857 0.001436
vn 0.487795 -0.872956 0.002072
vn 0.487914 -0.872890 -0.001852
vn 0.672079 -0.740478 -0.001460
vn 0.415671 -0.909513 0.002053
vn 0.415888 -0.909414 -0.001912
vn 0.342856 -0.939386 0.001996
vn 0.343192 -0.939263 -0.001954
vn 0.267143 -0.963655 0.001947
vn 0.267628 -0.963520 -0.001977
vn 0.577128 -0.576603 0.578319
vn 0.570410 -0.708150 0.416121
vn 0.703903 -0.572112 0.420961
vn 0.605986 -0.713099 0.352520
vn 0.705692 -0.610271 0.359956
vn 0.630648 -0.721318 0.286328
vn 0.714972 -0.635040 0.292471
vn 0.650294 -0.729035 0.213603
vn 0.725744 -0.652692 0.217461
vn 0.740477 -0.672080 0.001459
vn 0.217514 -0.725808 0.652602
vn 0.213888 -0.649922 0.729283
vn 0.292521 -0.715063 0.634914
vn 0.286756 -0.629905 0.721797
vn 0.359988 -0.705776 0.610155
vn 0.353129 -0.604784 0.713818
vn 0.420956 -0.703956 0.572050
vn 0.416829 -0.568690 0.709116
vn 0.269872 -0.002014 0.962894
vn 0.269790 0.001896 0.962917
vn 0.002032 0.002036 0.999996
vn 0.346057 -0.002023 0.938211
vn 0.346041 0.001896 0.938218
vn 0.418700 -0.002011 0.908122
vn 0.418742 0.001907 0.908103
vn 0.490061 -0.001957 0.871686
vn 0.490151 0.001901 0.871635
vn 0.671989 -0.001389 0.740560
vn 0.672456 0.001415 0.740135
vn 0.651133 -0.214168 0.728119
vn 0.727809 -0.213829 0.651591
vn 0.740581 -0.001420 0.671966
vn 0.633300 -0.285314 0.719394
vn 0.718820 -0.284832 0.634168
vn 0.609111 -0.349864 0.711744
vn 0.710924 -0.349221 0.610435
vn 0.571436 -0.414282 0.708401
vn 0.707356 -0.413594 0.573225
vn -0.001420 0.671966 0.740580
vn -0.002081 0.487710 0.873003
vn 0.001849 0.487903 0.872896
vn 0.001472 0.671744 0.740782
vn -0.002062 0.415657 0.909519
vn 0.001909 0.415898 0.909409
vn -0.002001 0.342887 0.939374
vn 0.001952 0.343199 0.939261
vn -0.001950 0.267202 0.963639
vn 0.001977 0.267610 0.963525
vn -0.575578 0.580604 0.575855
vn -0.412434 0.574922 0.706656
vn -0.413309 0.709338 0.570978
vn -0.349005 0.611365 0.710231
vn -0.349684 0.712065 0.608838
vn -0.285157 0.634553 0.718351
vn -0.285743 0.719413 0.633084
vn -0.214307 0.651638 0.727627
vn -0.214756 0.728052 0.651015
vn -0.001388 0.740561 0.671987
vn -0.652687 0.216956 0.725899
vn -0.729264 0.213349 0.650121
vn -0.634823 0.291756 0.715456
vn -0.721722 0.286166 0.630259
vn -0.609666 0.359773 0.706308
vn -0.713627 0.353148 0.604999
vn -0.570934 0.422136 0.704156
vn -0.708508 0.417964 0.568615
vn -0.962895 0.269871 0.002013
vn -0.962917 0.269792 -0.001996
vn -0.938211 0.346057 0.002020
vn -0.938220 0.346033 -0.001996
vn -0.908123 0.418699 0.002007
vn -0.908111 0.418725 -0.001981
vn -0.871686 0.490061 0.001954
vn -0.871643 0.490137 -0.001936
vn -0.740560 0.671989 0.001388
vn -0.740138 0.672454 -0.001417
vn -0.727967 0.651294 0.214195
vn -0.650998 0.728175 0.214390
vn -0.671964 0.740583 0.001423
vn -0.718935 0.633819 0.285317
vn -0.632890 0.719687 0.285484
vn -0.710917 0.610123 0.349782
vn -0.608336 0.712422 0.349833
vn -0.707210 0.573177 0.413911
vn -0.570021 0.709611 0.414159
vn 0.873004 -0.002082 0.487708
vn 0.872895 0.001841 0.487905
vn 0.740781 0.001472 0.671745
vn 0.909519 -0.002062 0.415657
vn 0.909408 0.001892 0.415900
vn 0.939373 -0.002001 0.342891
vn 0.939259 0.001933 0.343203
vn 0.963638 -0.001950 0.267202
vn 0.963526 0.001963 0.267609
vn 0.999996 -0.002037 0.002010
vn 0.999996 0.002010 0.002036
vn 0.963520 -0.267629 0.001962
vn 0.963654 -0.267145 -0.001947
vn 0.999996 -0.002005 -0.002036
vn 0.939262 -0.343196 0.001933
vn 0.939385 -0.342858 -0.001996
vn 0.909412 -0.415893 0.001893
vn 0.909513 -0.415672 -0.002053
vn 0.872888 -0.487917 0.001843
vn 0.872956 -0.487794 -0.002072
vn 0.739857 -0.672763 -0.001436
vn 0.577337 -0.577349 -0.577365
vn 0.416107 -0.708161 -0.570407
vn 0.420959 -0.572060 -0.703947
vn 0.352524 -0.713099 -0.605984
vn 0.359996 -0.610159 -0.705768
vn 0.286333 -0.721311 -0.630653
vn 0.292533 -0.634907 -0.715064
vn 0.213586 -0.729034 -0.650301
vn 0.217513 -0.652595 -0.725815
vn 0.001473 -0.671744 -0.740782
vn 0.652600 -0.725810 -0.217518
vn 0.729034 -0.650295 -0.213601
vn 0.634907 -0.715067 -0.292528
vn 0.721314 -0.630652 -0.286328
vn 0.610144 -0.705782 -0.359994
vn 0.713096 -0.605990 -0.352519
vn 0.572035 -0.703963 -0.420966
vn 0.708151 -0.570408 -0.416121
vn 0.740782 -0.001473 -0.671744
vn 0.725813 -0.217510 -0.652599
vn 0.650303 -0.213583 -0.729032
vn 0.672456 -0.001415 -0.740135
vn 0.715058 -0.292529 -0.634917
vn 0.630656 -0.286331 -0.721310
vn 0.705762 -0.359990 -0.610170
vn 0.605989 -0.352522 -0.713096
vn 0.703938 -0.420950 -0.572078
vn 0.570409 -0.416107 -0.708159
vn 0.963525 -0.001978 -0.267611
vn 0.963639 0.001950 -0.267202
vn 0.999996 0.002036 -0.002010
vn 0.939259 -0.001954 -0.343202
vn 0.939373 0.002001 -0.342890
vn 0.909410 -0.001911 -0.415896
vn 0.909520 0.002061 -0.415655
vn 0.872897 -0.001852 -0.487900
vn 0.873004 0.002080 -0.487708
vn 0.740580 0.001421 -0.671966
vn 0.740581 0.671966 0.001420
vn 0.873006 0.487705 0.002080
vn 0.872897 0.487902 -0.001838
vn 0.740782 0.671744 -0.001471
vn 0.909520 0.415656 0.002061
vn 0.909408 0.415900 -0.001889
vn 0.939374 0.342890 0.002001
vn 0.939260 0.343202 -0.001932
vn 0.963638 0.267203 0.001950
vn 0.963526 0.267609 -0.001962
vn 0.576080 0.580342 0.575617
vn 0.706575 0.574643 0.412962
vn 0.570617 0.709321 0.413836
vn 0.710297 0.611235 0.349098
vn 0.608586 0.712220 0.349810
vn 0.718439 0.634542 0.284958
vn 0.632946 0.719594 0.285593
vn 0.727673 0.651678 0.214027
vn 0.650965 0.728162 0.214533
vn 0.671988 0.740561 0.001389
vn 0.725830 0.217054 0.652732
vn 0.650415 0.213234 0.729035
vn 0.715271 0.291816 0.635005
vn 0.630841 0.285864 0.721333
vn 0.706012 0.359705 0.610049
vn 0.605959 0.352506 0.713129
vn 0.703794 0.421818 0.571616
vn 0.569948 0.417028 0.707987
vn 0.217716 0.652687 0.725672
vn 0.214227 0.729323 0.649765
vn 0.001417 0.740139 0.672453
vn 0.292666 0.635280 0.714679
vn 0.287037 0.721981 0.629566
vn 0.359861 0.610944 0.705158
vn 0.353060 0.714277 0.604282
vn 0.420322 0.573441 0.703203
vn 0.416341 0.710035 0.567900
vn -0.002011 0.999996 0.002039
vn -0.001999 0.962893 0.269875
vn 0.001997 0.962915 0.269797
vn 0.002039 0.999996 0.002033
vn -0.002004 0.938209 0.346062
vn 0.001999 0.938219 0.346037
vn -0.001995 0.908117 0.418712
vn 0.001985 0.908107 0.418735
vn -0.001951 0.871682 0.490067
vn 0.001940 0.871642 0.490139
vn -0.487695 0.873011 0.002121
vn -0.487904 0.872895 -0.001845
vn -0.671744 0.740782 -0.001472
vn -0.415647 0.909524 0.002142
vn -0.415907 0.909405 -0.001896
vn -0.342885 0.939375 0.002105
vn -0.343206 0.939258 -0.001936
vn -0.267205 0.963637 0.002051
vn -0.267610 0.963525 -0.001963
vn -0.002036 0.999996 -0.002010
vn -0.001421 0.740580 -0.671967
vn -0.002085 0.872997 -0.487721
vn 0.001855 0.872891 -0.487912
vn 0.001473 0.740781 -0.671745
vn -0.002064 0.909517 -0.415662
vn 0.001915 0.909408 -0.415901
vn -0.002001 0.939374 -0.342889
vn 0.001956 0.939260 -0.343201
vn -0.001949 0.963639 -0.267202
vn 0.001979 0.963525 -0.267610
vn 0.002032 0.999996 -0.002036
vn -0.577089 0.578908 -0.576051
vn -0.413482 0.708677 -0.571672
vn -0.413913 0.573268 -0.707135
vn -0.349239 0.711716 -0.609502
vn -0.349747 0.610263 -0.710813
vn -0.285055 0.719206 -0.633630
vn -0.285260 0.633959 -0.718835
vn -0.214097 0.727916 -0.651384
vn -0.214135 0.651384 -0.727905
vn -0.001388 0.671990 -0.740559
vn -0.652526 0.725768 -0.217877
vn -0.729235 0.649919 -0.214060
vn -0.634721 0.714895 -0.293351
vn -0.721566 0.629969 -0.287196
vn -0.609848 0.705790 -0.360480
vn -0.713298 0.605337 -0.353233
vn -0.571537 0.704771 -0.420290
vn -0.708477 0.570168 -0.415895
vn -0.728276 0.213516 -0.651172
vn -0.651369 0.213395 -0.728136
vn -0.671965 0.001423 -0.740582
vn -0.719746 0.284848 -0.633110
vn -0.633573 0.284733 -0.719384
vn -0.712170 0.350096 -0.608480
vn -0.609236 0.350040 -0.711550
vn -0.708602 0.415642 -0.570197
vn -0.571353 0.415581 -0.707707
vn 0.269871 0.962894 0.002015
vn 0.269790 0.962917 -0.001896
vn 0.346064 0.938209 0.002025
vn 0.346048 0.938215 -0.001896
vn 0.418707 0.908119 0.002014
vn 0.418750 0.908100 -0.001909
vn 0.490062 0.871685 0.001961
vn 0.490153 0.871635 -0.001905
vn 0.672455 0.740137 -0.001415
vn 0.575088 0.579138 -0.577817
vn 0.706729 0.414853 -0.573090
vn 0.570200 0.415642 -0.708600
vn 0.710815 0.349416 -0.610451
vn 0.608480 0.350098 -0.712169
vn 0.718890 0.284287 -0.634333
vn 0.633114 0.284846 -0.719743
vn 0.727876 0.213096 -0.651757
vn 0.651172 0.213514 -0.728276
vn 0.671989 0.001390 -0.740560
vn 0.725574 0.652850 -0.217552
vn 0.650114 0.729097 -0.213938
vn 0.714545 0.635581 -0.292340
vn 0.630227 0.721612 -0.286513
vn 0.704924 0.611351 -0.359626
vn 0.605189 0.713822 -0.352428
vn 0.702716 0.573954 -0.420437
vn 0.568930 0.709465 -0.415907
vn 0.217924 0.725836 -0.652435
vn 0.214052 0.649920 -0.729237
vn 0.001416 0.672455 -0.740137
vn 0.293410 0.714990 -0.634586
vn 0.287202 0.629971 -0.721562
vn 0.360512 0.705882 -0.609723
vn 0.353229 0.605338 -0.713299
vn 0.420292 0.704833 -0.571458
vn 0.415897 0.570170 -0.708474
vn -0.002011 0.002039 -0.999996
vn -0.001998 0.269868 -0.962895
vn 0.001996 0.269791 -0.962917
vn 0.002039 0.002033 -0.999996
vn -0.002000 0.346057 -0.938211
vn 0.001996 0.346033 -0.938220
vn -0.001988 0.418707 -0.908119
vn 0.001981 0.418731 -0.908108
vn -0.001944 0.490065 -0.871684
vn 0.001936 0.490137 -0.871643
vn -0.487692 0.002115 -0.873013
vn -0.487902 -0.001842 -0.872896
vn -0.415639 0.002136 -0.909527
vn -0.415900 -0.001893 -0.909409
vn -0.342883 0.002101 -0.939376
vn -0.343204 -0.001934 -0.939259
vn -0.267206 0.002050 -0.963637
vn -0.267612 -0.001963 -0.963525
vn -0.002036 -0.002010 -0.999996
vn -0.002082 -0.487706 -0.873006
vn 0.001852 -0.487897 -0.872899
vn -0.002062 -0.415657 -0.909519
vn 0.001911 -0.415897 -0.909410
vn -0.002001 -0.342890 -0.939373
vn 0.001954 -0.343202 -0.939260
vn -0.001950 -0.267202 -0.963639
vn 0.001978 -0.267610 -0.963525
vn 0.002032 -0.002036 -0.999996
vn 0.269872 0.002015 -0.962894
vn 0.269791 -0.001896 -0.962917
vn 0.346057 0.002024 -0.938211
vn 0.346041 -0.001896 -0.938217
vn 0.418699 0.002012 -0.908123
vn 0.418742 -0.001907 -0.908103
vn 0.490061 0.001958 -0.871686
vn 0.490152 -0.001902 -0.871635
vn -0.255677 -0.928791 0.268284
vn -0.256402 -0.903266 0.344049
vn -0.257912 -0.872906 0.414145
vn -0.256800 -0.838811 0.480052
vn -0.330903 -0.814135 0.477166
vn -0.394571 -0.787835 0.472895
vn -0.451334 -0.761141 0.465792
vn -0.455505 -0.788027 0.414161
vn -0.459690 -0.817310 0.347403
vn -0.467214 -0.843262 0.265746
vn -0.399413 -0.875871 0.270776
vn -0.329542 -0.904610 0.270340
vn -0.330292 -0.877633 0.347372
vn -0.331955 -0.846605 0.416012
vn -0.397352 -0.817719 0.416470
vn -0.397854 -0.848321 0.349377
vn -0.839710 -0.260399 0.476529
vn -0.873119 -0.265640 0.408777
vn -0.901938 -0.266858 0.339552
vn -0.926591 -0.266455 0.265387
vn -0.902076 -0.340235 0.265516
vn -0.873206 -0.409408 0.264378
vn -0.839791 -0.476751 0.259730
vn -0.816148 -0.471427 0.334154
vn -0.790561 -0.465374 0.398045
vn -0.764255 -0.456105 0.455942
vn -0.790530 -0.398480 0.465055
vn -0.816170 -0.334600 0.471072
vn -0.848170 -0.339475 0.406650
vn -0.876863 -0.340359 0.339509
vn -0.848093 -0.407497 0.338650
vn -0.820263 -0.404852 0.404058
vn -0.928797 -0.255669 -0.268271
vn -0.903278 -0.256381 -0.344032
vn -0.872921 -0.257882 -0.414132
vn -0.838827 -0.256767 -0.480043
vn -0.814139 -0.330913 -0.477152
vn -0.787829 -0.394591 -0.472889
vn -0.761143 -0.451330 -0.465793
vn -0.788028 -0.455504 -0.414159
vn -0.817313 -0.459686 -0.347403
vn -0.843262 -0.467212 -0.265749
vn -0.875869 -0.399419 -0.270772
vn -0.904613 -0.329543 -0.270328
vn -0.877640 -0.330298 -0.347350
vn -0.846614 -0.331962 -0.415989
vn -0.817719 -0.397366 -0.416456
vn -0.848321 -0.397864 -0.349365
vn -0.260401 -0.839710 -0.476528
vn -0.265640 -0.873119 -0.408776
vn -0.266854 -0.901939 -0.339552
vn -0.266453 -0.926592 -0.265388
vn -0.340235 -0.902076 -0.265516
vn -0.409406 -0.873207 -0.264378
vn -0.476749 -0.839792 -0.259729
vn -0.471426 -0.816148 -0.334156
vn -0.465375 -0.790561 -0.398045
vn -0.456104 -0.764256 -0.455941
vn -0.398480 -0.790530 -0.465055
vn -0.334598 -0.816170 -0.471074
vn -0.339473 -0.848171 -0.406649
vn -0.340359 -0.876864 -0.339509
vn -0.407496 -0.848094 -0.338651
vn -0.404852 -0.820263 -0.404059
vn -0.267310 -0.255752 0.929051
vn -0.343849 -0.256527 0.903306
vn -0.414440 -0.258133 0.872701
vn -0.480593 -0.256978 0.838447
vn -0.477767 -0.331072 0.813714
vn -0.473312 -0.394938 0.787401
vn -0.465933 -0.451642 0.760872
vn -0.414126 -0.456231 0.787625
vn -0.347142 -0.460640 0.816886
vn -0.265212 -0.467984 0.843003
vn -0.269731 -0.400322 0.875778
vn -0.269148 -0.330011 0.904794
vn -0.347100 -0.330831 0.877538
vn -0.416321 -0.332381 0.846286
vn -0.416586 -0.398209 0.817243
vn -0.349016 -0.398963 0.847948
vn 0.268285 -0.928791 0.255677
vn 0.344047 -0.903266 0.256402
vn 0.414143 -0.872907 0.257911
vn 0.480051 -0.838811 0.256801
vn 0.477164 -0.814136 0.330903
vn 0.472895 -0.787834 0.394573
vn 0.465791 -0.761141 0.451334
vn 0.414161 -0.788027 0.455505
vn 0.347403 -0.817311 0.459688
vn 0.265745 -0.843262 0.467215
vn 0.270776 -0.875870 0.399414
vn 0.270341 -0.904610 0.329540
vn 0.347370 -0.877635 0.330290
vn 0.416009 -0.846607 0.331953
vn 0.416469 -0.817720 0.397351
vn 0.349376 -0.848321 0.397854
vn 0.476526 -0.260401 0.839711
vn 0.408777 -0.265640 0.873119
vn 0.339551 -0.266856 0.901939
vn 0.265384 -0.266453 0.926593
vn 0.265510 -0.340236 0.902077
vn 0.264377 -0.409406 0.873208
vn 0.259729 -0.476749 0.839792
vn 0.334154 -0.471426 0.816148
vn 0.398045 -0.465375 0.790561
vn 0.455942 -0.456104 0.764256
vn 0.465054 -0.398480 0.790531
vn 0.471073 -0.334598 0.816171
vn 0.406654 -0.339473 0.848169
vn 0.339508 -0.340361 0.876863
vn 0.338652 -0.407495 0.848094
vn 0.404059 -0.404852 0.820263
vn -0.255779 0.267317 0.929042
vn -0.256541 0.343803 0.903319
vn -0.258103 0.414427 0.872716
vn -0.256994 0.480754 0.838349
vn -0.330927 0.478195 0.813521
vn -0.394492 0.474034 0.787190
vn -0.450562 0.467004 0.760856
vn -0.455615 0.414111 0.787989
vn -0.460434 0.346797 0.817149
vn -0.467960 0.265092 0.843054
vn -0.400267 0.269702 0.875812
vn -0.330012 0.269152 0.904792
vn -0.330789 0.347010 0.877589
vn -0.332261 0.416322 0.846333
vn -0.397924 0.416607 0.817371
vn -0.398816 0.348867 0.848079
vn -0.839759 0.476761 0.259815
vn -0.873258 0.408861 0.265055
vn -0.902101 0.339463 0.266417
vn -0.926709 0.265188 0.266245
vn -0.902261 0.265096 0.340073
vn -0.873434 0.263751 0.409327
vn -0.840068 0.258885 0.476723
vn -0.816538 0.333678 0.471089
vn -0.790826 0.398272 0.464730
vn -0.764055 0.456899 0.455481
vn -0.790441 0.465556 0.398072
vn -0.816185 0.471434 0.334054
vn -0.848333 0.406748 0.338951
vn -0.877094 0.339287 0.339987
vn -0.848356 0.338304 0.407238
vn -0.820409 0.404167 0.404448
vn 0.929051 -0.255750 0.267314
vn 0.903306 -0.256527 0.343848
vn 0.872701 -0.258134 0.414438
vn 0.838447 -0.256975 0.480594
vn 0.813714 -0.331071 0.477768
vn 0.787400 -0.394939 0.473312
vn 0.760872 -0.451642 0.465932
vn 0.787625 -0.456232 0.414125
vn 0.816887 -0.460640 0.347141
vn 0.843002 -0.467984 0.265213
vn 0.875778 -0.400322 0.269732
vn 0.904795 -0.330008 0.269150
vn 0.877539 -0.330829 0.347098
vn 0.846285 -0.332381 0.416322
vn 0.817243 -0.398209 0.416586
vn 0.847948 -0.398963 0.349016
vn 0.255669 -0.928798 -0.268269
vn 0.256382 -0.903278 -0.344032
vn 0.257882 -0.872921 -0.414132
vn 0.256765 -0.838827 -0.480043
vn 0.330913 -0.814138 -0.477153
vn 0.394590 -0.787829 -0.472889
vn 0.451329 -0.761142 -0.465794
vn 0.455505 -0.788027 -0.414160
vn 0.459690 -0.817311 -0.347403
vn 0.467212 -0.843262 -0.265749
vn 0.399417 -0.875870 -0.270773
vn 0.329545 -0.904612 -0.270328
vn 0.330296 -0.877640 -0.347351
vn 0.331961 -0.846614 -0.415990
vn 0.397368 -0.817717 -0.416458
vn 0.397864 -0.848321 -0.349365
vn 0.761140 -0.465791 -0.451337
vn 0.788026 -0.414158 -0.455509
vn 0.817310 -0.347401 -0.459692
vn 0.843263 -0.265745 -0.467212
vn 0.875872 -0.270773 -0.399412
vn 0.904610 -0.270338 -0.329542
vn 0.928791 -0.268285 -0.255677
vn 0.903267 -0.344047 -0.256400
vn 0.872908 -0.414144 -0.257909
vn 0.838812 -0.480053 -0.256798
vn 0.814135 -0.477168 -0.330900
vn 0.787832 -0.472898 -0.394572
vn 0.817720 -0.416468 -0.397352
vn 0.848321 -0.349375 -0.397855
vn 0.877635 -0.347369 -0.330290
vn 0.846609 -0.416008 -0.331951
vn 0.929065 0.267277 0.255736
vn 0.903359 0.343765 0.256452
vn 0.872778 0.414388 0.257958
vn 0.838446 0.480707 0.256764
vn 0.813672 0.478019 0.330810
vn 0.787310 0.473733 0.394613
vn 0.760812 0.466649 0.451003
vn 0.787929 0.413930 0.455883
vn 0.817112 0.346648 0.460612
vn 0.843041 0.264975 0.468049
vn 0.875841 0.269571 0.400292
vn 0.904828 0.269061 0.329989
vn 0.877644 0.346912 0.330746
vn 0.846412 0.416218 0.332189
vn 0.817417 0.416451 0.397993
vn 0.848116 0.348721 0.398864
vn 0.465076 0.452226 0.761049
vn 0.413790 0.456073 0.787893
vn 0.347095 0.460072 0.817226
vn 0.265502 0.467409 0.843231
vn 0.270482 0.399504 0.875920
vn 0.270107 0.329519 0.904688
vn 0.268171 0.255578 0.928851
vn 0.343950 0.256186 0.903364
vn 0.414063 0.257573 0.873045
vn 0.479970 0.256294 0.839013
vn 0.476829 0.330674 0.814426
vn 0.472297 0.394858 0.788050
vn 0.416145 0.397550 0.817788
vn 0.349063 0.398006 0.848379
vn 0.347148 0.330217 0.877750
vn 0.415798 0.331820 0.846763
vn -0.260789 0.839167 0.477272
vn -0.265275 0.872771 0.409756
vn -0.266090 0.901933 0.340168
vn -0.265654 0.926747 0.265646
vn -0.340165 0.901930 0.266101
vn -0.409702 0.872794 0.265283
vn -0.477136 0.839268 0.260711
vn -0.471885 0.815538 0.334997
vn -0.465624 0.790076 0.398717
vn -0.455642 0.764231 0.456445
vn -0.398431 0.789884 0.466193
vn -0.334982 0.815342 0.472233
vn -0.339621 0.847459 0.408008
vn -0.340416 0.876479 0.340442
vn -0.407880 0.847501 0.339671
vn -0.405082 0.819545 0.405284
vn -0.255851 0.928985 -0.267445
vn -0.256811 0.903146 -0.344057
vn -0.258678 0.872465 -0.414597
vn -0.257742 0.838252 -0.480523
vn -0.331706 0.813467 -0.477748
vn -0.395187 0.787286 -0.473295
vn -0.451717 0.761046 -0.465576
vn -0.456216 0.787285 -0.414789
vn -0.460328 0.816614 -0.348195
vn -0.467708 0.842965 -0.265817
vn -0.400313 0.875624 -0.270244
vn -0.330084 0.904670 -0.269474
vn -0.331061 0.877262 -0.347576
vn -0.332830 0.845931 -0.416683
vn -0.398399 0.816886 -0.417103
vn -0.399024 0.847618 -0.349748
vn -0.839926 0.260071 -0.476327
vn -0.873225 0.265509 -0.408635
vn -0.901981 0.266807 -0.339475
vn -0.926608 0.266432 -0.265354
vn -0.902104 0.340229 -0.265428
vn -0.873211 0.409467 -0.264270
vn -0.839694 0.476929 -0.259717
vn -0.815943 0.471894 -0.333996
vn -0.790334 0.466186 -0.397545
vn -0.764209 0.457345 -0.454775
vn -0.790849 0.398903 -0.464150
vn -0.816529 0.334510 -0.470514
vn -0.848318 0.339470 -0.406345
vn -0.876925 0.340363 -0.339347
vn -0.848103 0.407654 -0.338438
vn -0.820339 0.405133 -0.403623
vn 0.476438 0.839542 0.261105
vn 0.408799 0.872935 0.266211
vn 0.339683 0.901777 0.267233
vn 0.265564 0.926494 0.266618
vn 0.265889 0.901928 0.340336
vn 0.264918 0.873042 0.409409
vn 0.260389 0.839637 0.476663
vn 0.334684 0.815925 0.471437
vn 0.398172 0.790446 0.465461
vn 0.455773 0.764454 0.455939
vn 0.465145 0.790427 0.398578
vn 0.471081 0.815952 0.335121
vn 0.406773 0.847943 0.339896
vn 0.339814 0.876642 0.340623
vn 0.339098 0.847873 0.407583
vn 0.404252 0.820089 0.405011
vn 0.929122 0.255633 -0.267177
vn 0.903452 0.256234 -0.343685
vn 0.872922 0.257615 -0.414297
vn 0.838730 0.256190 -0.480519
vn 0.814138 0.330580 -0.477384
vn 0.787712 0.395137 -0.472629
vn 0.760704 0.452653 -0.465225
vn 0.787587 0.456879 -0.413484
vn 0.816885 0.461161 -0.346453
vn 0.842985 0.468282 -0.264740
vn 0.875895 0.400385 -0.269257
vn 0.904916 0.329942 -0.268822
vn 0.877761 0.330648 -0.346710
vn 0.846585 0.332056 -0.415973
vn 0.817462 0.398309 -0.416060
vn 0.848143 0.399053 -0.348440
vn 0.465440 0.761304 -0.451422
vn 0.414808 0.787679 -0.455517
vn 0.348439 0.817033 -0.459399
vn 0.266344 0.843224 -0.466942
vn 0.271274 0.875712 -0.399423
vn 0.270643 0.904489 -0.329625
vn 0.268403 0.928732 -0.255768
vn 0.344236 0.903122 -0.256656
vn 0.414285 0.872690 -0.258417
vn 0.479982 0.838630 -0.257521
vn 0.477159 0.813884 -0.331531
vn 0.472891 0.787698 -0.394850
vn 0.416965 0.817353 -0.397586
vn 0.350084 0.847983 -0.397952
vn 0.347817 0.877365 -0.330535
vn 0.416349 0.846261 -0.332409
vn -0.259282 0.477517 -0.839494
vn -0.264008 0.409737 -0.873164
vn -0.265219 0.339903 -0.902289
vn -0.265262 0.265264 -0.926969
vn -0.339874 0.265240 -0.902294
vn -0.409628 0.263999 -0.873218
vn -0.477269 0.259093 -0.839694
vn -0.471710 0.333829 -0.816118
vn -0.465175 0.398616 -0.790391
vn -0.455638 0.457226 -0.763766
vn -0.398040 0.466298 -0.790019
vn -0.333797 0.472381 -0.815743
vn -0.338604 0.407829 -0.847952
vn -0.339719 0.339808 -0.876996
vn -0.407566 0.338715 -0.848034
vn -0.404586 0.405003 -0.819929
vn -0.255751 -0.267312 -0.929051
vn -0.256527 -0.343848 -0.903306
vn -0.258130 -0.414437 -0.872703
vn -0.256971 -0.480597 -0.838446
vn -0.331070 -0.477773 -0.813711
vn -0.394938 -0.473315 -0.787399
vn -0.451645 -0.465932 -0.760871
vn -0.456234 -0.414122 -0.787625
vn -0.460643 -0.347142 -0.816885
vn -0.467985 -0.265212 -0.843002
vn -0.400322 -0.269730 -0.875779
vn -0.330010 -0.269148 -0.904794
vn -0.330828 -0.347097 -0.877540
vn -0.332379 -0.416322 -0.846286
vn -0.398211 -0.416586 -0.817242
vn -0.398965 -0.349016 -0.847947
vn 0.476326 0.260069 -0.839927
vn 0.408632 0.265508 -0.873227
vn 0.339475 0.266807 -0.901982
vn 0.265357 0.266431 -0.926607
vn 0.265427 0.340229 -0.902105
vn 0.264268 0.409468 -0.873212
vn 0.259715 0.476927 -0.839696
vn 0.334000 0.471893 -0.815942
vn 0.397547 0.466189 -0.790332
vn 0.454773 0.457344 -0.764211
vn 0.464148 0.398904 -0.790849
vn 0.470518 0.334511 -0.816527
vn 0.406346 0.339473 -0.848317
vn 0.339347 0.340363 -0.876925
vn 0.338441 0.407655 -0.848101
vn 0.403628 0.405135 -0.820336
vn 0.465794 -0.451331 -0.761142
vn 0.414157 -0.455506 -0.788028
vn 0.347401 -0.459689 -0.817312
vn 0.265748 -0.467213 -0.843262
vn 0.270771 -0.399419 -0.875870
vn 0.270328 -0.329546 -0.904612
vn 0.268275 -0.255670 -0.928796
vn 0.344029 -0.256382 -0.903279
vn 0.414127 -0.257880 -0.872924
vn 0.480045 -0.256761 -0.838827
vn 0.477157 -0.330913 -0.814137
vn 0.472891 -0.394590 -0.787828
vn 0.416455 -0.397369 -0.817718
vn 0.349364 -0.397866 -0.848320
vn 0.347349 -0.330297 -0.877640
vn 0.415987 -0.331962 -0.846614
s 1
g box:pCube1
usemtl initialShadingGroup
f 5/1/1 4/85/2 113/182/3 112/54/4
f 4/85/2 3/84/5 114/183/6 113/182/3
f 3/84/5 2/82/7 115/185/8 114/183/6
f 2/83/7 1/81/9 116/186/10 115/184/8
f 1/81/9 20/77/11 117/10/12 116/186/10
f 10/2/13 9/89/14 88/161/15
f 9/89/14 8/88/16 89/162/17 88/161/15
f 8/88/16 7/87/18 90/163/19 89/162/17
f 7/87/18 6/86/20 91/164/21 90/163/19
f 6/86/20 5/1/1 92/9/22 91/164/21
f 15/3/23 14/94/24 31/108/25 30/52/26
f 14/94/24 13/93/27 32/109/28 31/108/25
f 13/93/27 12/91/29 33/111/30 32/109/28
f 12/92/29 11/90/31 34/112/32 33/110/30
f 11/90/31 10/2/13 34/112/32
f 20/77/11 19/98/33 65/140/34 64/76/35
f 19/98/33 18/97/36 66/141/37 65/140/34
f 18/97/36 17/96/38 67/142/39 66/141/37
f 17/96/38 16/95/40 68/143/41 67/142/39
f 16/95/40 15/3/23 69/7/42 68/143/41
f 25/4/43 24/102/44 162/224/45 161/80/46
f 24/102/44 23/101/47 163/225/48 162/224/45
f 23/101/47 22/100/49 164/226/50 163/225/48
f 22/100/49 21/99/51 165/227/52 164/226/50
f 21/99/51 39/55/53 166/18/54 165/227/52
f 30/52/26 29/107/55 55/131/56 54/53/57
f 29/107/55 28/106/58 56/132/59 55/131/56
f 28/106/58 27/104/60 57/134/61 56/132/59
f 27/105/60 26/103/62 58/135/63 57/133/61
f 26/103/62 25/4/43 59/5/64 58/135/63
f 39/55/53 38/116/65 84/157/66 83/56/67
f 38/116/65 37/115/68 85/158/69 84/157/66
f 37/115/68 36/114/70 86/159/71 85/158/69
f 36/114/70 35/113/72 87/160/73 86/159/71
f 35/113/72 10/2/13 87/160/73
f 44/6/74 43/121/75 312/358/76 330/67/77
f 43/121/75 42/120/78 313/359/79 312/358/76
f 42/120/78 41/118/80 314/361/81 313/359/79
f 41/119/80 40/117/82 315/362/83 314/360/81
f 40/117/82 59/5/64 316/20/84 315/362/83
f 49/8/85 48/125/86 417/454/87
f 48/125/86 47/124/88 418/455/89 417/454/87
f 47/124/88 46/123/90 419/456/91 418/455/89
f 46/123/90 45/122/92 420/457/93 419/456/91
f 45/122/92 44/6/74 421/45/94 420/457/93
f 54/53/57 53/130/95 70/144/96 69/7/42
f 53/130/95 52/129/97 71/145/98 70/144/96
f 52/129/97 51/127/99 72/147/100 71/145/98
f 51/128/99 50/126/101 73/148/102 72/146/100
f 50/126/101 49/8/85 73/148/102
f 64/76/35 63/139/103 195/255/104 214/11/105
f 63/139/103 62/138/106 196/256/107 195/255/104
f 62/138/106 61/137/108 197/257/109 196/256/107
f 61/137/108 60/136/110 198/258/111 197/257/109
f 60/136/110 78/70/112 199/22/113 198/258/111
f 78/70/112 77/152/114 413/450/115 412/71/116
f 77/152/114 76/151/117 414/451/118 413/450/115
f 76/151/117 75/150/119 415/452/120 414/451/118
f 75/150/119 74/149/121 416/453/122 415/452/120
f 74/149/121 49/8/85 416/453/122
f 83/56/67 82/156/123 152/215/124 151/57/125
f 82/156/123 81/155/126 153/216/127 152/215/124
f 81/155/126 80/154/128 154/217/129 153/216/127
f 80/154/128 79/153/130 155/218/131 154/217/129
f 79/153/130 97/72/132 156/15/133 155/218/131
f 97/72/132 96/168/134 123/191/135 122/73/136
f 96/168/134 95/167/137 124/192/138 123/191/135
f 95/167/137 94/166/139 125/193/140 124/192/138
f 94/166/139 93/165/141 126/194/142 125/193/140
f 93/165/141 92/9/22 127/13/143 126/194/142
f 102/12/144 101/172/145 210/268/146 209/58/147
f 101/172/145 100/171/148 211/269/149 210/268/146
f 100/171/148 99/170/150 212/270/151 211/269/149
f 99/170/150 98/169/152 213/271/153 212/270/151
f 98/169/152 117/10/12 214/11/105 213/271/153
f 107/14/154 106/177/155 185/245/156
f 106/177/155 105/175/157 186/247/158 185/245/156
f 105/176/157 104/174/159 187/248/160 186/246/158
f 104/174/159 103/173/161 188/249/162 187/248/160
f 103/173/161 102/12/144 189/21/163 188/249/162
f 112/54/4 111/181/164 128/195/165 127/13/143
f 111/181/164 110/180/166 129/196/167 128/195/165
f 110/180/166 109/179/168 130/197/169 129/196/167
f 109/179/168 108/178/170 131/198/171 130/197/169
f 108/178/170 107/14/154 131/198/171
f 122/73/136 121/190/172 264/317/173 263/16/174
f 121/190/172 120/189/175 265/318/176 264/317/173
f 120/189/175 119/188/177 266/319/178 265/318/176
f 119/188/177 118/187/179 267/320/180 266/319/178
f 118/187/179 136/59/181 268/29/182 267/320/180
f 136/59/181 135/202/183 181/241/184 180/60/185
f 135/202/183 134/201/186 182/242/187 181/241/184
f 134/201/186 133/200/188 183/243/189 182/242/187
f 133/200/188 132/199/190 184/244/191 183/243/189
f 132/199/190 107/14/154 184/244/191
f 141/17/192 140/206/193 259/313/194 258/65/195
f 140/206/193 139/205/196 260/314/197 259/313/194
f 139/205/196 138/204/198 261/315/199 260/314/197
f 138/204/198 137/203/200 262/316/201 261/315/199
f 137/203/200 156/15/133 263/16/174 262/316/201
f 146/19/202 145/210/203 287/338/204
f 145/210/203 144/209/205 288/339/206 287/338/204
f 144/209/205 143/208/207 289/340/208 288/339/206
f 143/208/207 142/207/209 290/341/210 289/340/208
f 142/207/209 141/17/192 291/31/211 290/341/210
f 151/57/125 150/214/212 167/228/213 166/18/54
f 150/214/212 149/213/214 168/229/215 167/228/213
f 149/213/214 148/212/216 169/230/217 168/229/215
f 148/212/216 147/211/218 170/231/219 169/230/217
f 147/211/218 146/19/202 170/231/219
f 161/80/46 160/223/220 317/363/221 316/20/84
f 160/223/220 159/221/222 318/365/223 317/363/221
f 159/222/222 158/220/224 319/366/225 318/364/223
f 158/220/224 157/219/226 320/367/227 319/366/225
f 157/219/226 175/62/228 321/36/229 320/367/227
f 175/62/228 174/236/230 283/333/231 282/63/232
f 174/236/230 173/235/233 284/334/234 283/333/231
f 173/235/233 172/233/235 285/336/236 284/334/234
f 172/234/235 171/232/237 286/337/238 285/335/236
f 171/232/237 146/19/202 286/337/238
f 180/60/185 179/240/239 249/305/240 248/61/241
f 179/240/239 178/239/242 250/306/243 249/305/240
f 178/239/242 177/238/244 251/307/245 250/306/243
f 177/238/244 176/237/246 252/308/247 251/307/245
f 176/237/246 194/78/248 253/26/249 252/308/247
f 194/78/248 193/254/250 225/281/251 224/79/252
f 193/254/250 192/252/253 226/283/254 225/281/251
f 192/253/253 191/251/255 227/284/256 226/282/254
f 191/251/255 190/250/257 228/285/258 227/284/256
f 190/250/257 189/21/163 229/23/259 228/285/258
f 204/24/260 203/262/261 446/479/262
f 203/262/261 202/261/263 447/480/264 446/479/262
f 202/261/263 201/260/265 448/481/266 447/480/264
f 201/260/265 200/259/267 449/482/268 448/481/266
f 200/259/267 199/22/113 450/47/269 449/482/268
f 209/58/147 208/267/270 230/286/271 229/23/259
f 208/267/270 207/266/272 231/287/273 230/286/271
f 207/266/272 206/264/274 232/289/275 231/287/273
f 206/265/274 205/263/276 233/290/277 232/288/275
f 205/263/276 204/24/260 233/290/277
f 219/25/278 218/275/279 461/491/280 460/51/281
f 218/275/279 217/274/282 462/492/283 461/491/280
f 217/274/282 216/273/284 463/493/285 462/492/283
f 216/273/284 215/272/286 464/494/287 463/493/285
f 215/272/286 204/24/260 464/494/287
f 224/79/252 223/280/288 350/394/289 369/27/290
f 223/280/288 222/278/291 351/396/292 350/394/289
f 222/279/291 221/277/293 352/397/294 351/395/292
f 221/277/293 220/276/295 353/398/296 352/397/294
f 220/276/295 219/25/278 354/40/297 353/398/296
f 238/28/298 237/295/299 365/408/300 364/66/301
f 237/295/299 236/294/302 366/409/303 365/408/300
f 236/294/302 235/292/304 367/411/305 366/409/303
f 235/293/304 234/291/306 368/412/307 367/410/305
f 234/291/306 253/26/249 369/27/290 368/412/307
f 243/30/308 242/300/309 345/389/310
f 242/300/309 241/298/311 346/391/312 345/389/310
f 241/299/311 240/297/313 347/392/314 346/390/312
f 240/297/313 239/296/315 348/393/316 347/392/314
f 239/296/315 238/28/298 349/39/317 348/393/316
f 248/61/241 247/304/318 269/321/319 268/29/182
f 247/304/318 246/303/320 270/322/321 269/321/319
f 246/303/320 245/302/322 271/323/323 270/322/321
f 245/302/322 244/301/324 272/324/325 271/323/323
f 244/301/324 243/30/308 272/324/325
f 258/65/195 257/312/326 341/385/327 340/32/328
f 257/312/326 256/311/329 342/386/330 341/385/327
f 256/311/329 255/310/331 343/387/332 342/386/330
f 255/310/331 254/309/333 344/388/334 343/387/332
f 254/309/333 243/30/308 344/388/334
f 277/33/335 276/328/336 336/381/337 335/74/338
f 276/328/336 275/327/339 337/382/340 336/381/337
f 275/327/339 274/326/341 338/383/342 337/382/340
f 274/326/341 273/325/343 339/384/344 338/383/342
f 273/325/343 291/31/211 340/32/328 339/384/344
f 282/63/232 281/332/345 307/354/346 306/64/347
f 281/332/345 280/331/348 308/355/349 307/354/346
f 280/331/348 279/330/350 309/356/351 308/355/349
f 279/330/350 278/329/352 310/357/353 309/356/351
f 278/329/352 277/33/335 311/34/354 310/357/353
f 296/35/355 295/345/356 375/417/357 374/69/358
f 295/345/356 294/344/359 376/418/360 375/417/357
f 294/344/359 293/343/361 377/419/362 376/418/360
f 293/343/361 292/342/363 378/420/364 377/419/362
f 292/342/363 311/34/354 379/38/365 378/420/364
f 301/37/366 300/349/367 403/442/368
f 300/349/367 299/348/369 404/443/370 403/442/368
f 299/348/369 298/347/371 405/444/372 404/443/370
f 298/347/371 297/346/373 406/445/374 405/444/372
f 297/346/373 296/35/355 407/43/375 406/445/374
f 306/64/347 305/353/376 322/368/377 321/36/229
f 305/353/376 304/352/378 323/369/379 322/368/377
f 304/352/378 303/351/380 324/370/381 323/369/379
f 303/351/380 302/350/382 325/371/383 324/370/381
f 302/350/382 301/37/366 325/371/383
f 330/67/77 329/376/384 399/437/385 398/68/386
f 329/376/384 328/375/387 400/438/388 399/437/385
f 328/375/387 327/373/389 401/440/390 400/438/388
f 327/374/389 326/372/391 402/441/392 401/439/390
f 326/372/391 301/37/366 402/441/392
f 335/74/338 334/380/393 380/421/394 379/38/365
f 334/380/393 333/379/395 381/422/396 380/421/394
f 333/379/395 332/378/397 382/423/398 381/422/396
f 332/378/397 331/377/399 383/424/400 382/423/398
f 331/377/399 349/39/317 384/41/401 383/424/400
f 359/42/402 358/403/403 441/474/404
f 358/403/403 357/401/405 442/476/406 441/474/404
f 357/402/405 356/400/407 443/477/408 442/475/406
f 356/400/407 355/399/409 444/478/410 443/477/408
f 355/399/409 354/40/297 445/50/411 444/478/410
f 364/66/301 363/407/412 385/425/413 384/41/401
f 363/407/412 362/406/414 386/426/415 385/425/413
f 362/406/414 361/405/416 387/427/417 386/426/415
f 361/405/416 360/404/418 388/428/419 387/427/417
f 360/404/418 359/42/402 388/428/419
f 374/69/358 373/416/420 437/470/421 436/44/422
f 373/416/420 372/415/423 438/471/424 437/470/421
f 372/415/423 371/414/425 439/472/426 438/471/424
f 371/414/425 370/413/427 440/473/428 439/472/426
f 370/413/427 359/42/402 440/473/428
f 393/46/429 392/432/430 432/466/431 431/75/432
f 392/432/430 391/431/433 433/467/434 432/466/431
f 391/431/433 390/430/435 434/468/436 433/467/434
f 390/430/435 389/429/437 435/469/438 434/468/436
f 389/429/437 407/43/375 436/44/422 435/469/438
f 398/68/386 397/436/439 422/458/440 421/45/94
f 397/436/439 396/435/441 423/459/442 422/458/440
f 396/435/441 395/434/443 424/460/444 423/459/442
f 395/434/443 394/433/445 425/461/446 424/460/444
f 394/433/445 393/46/429 426/48/447 425/461/446
f 412/71/116 411/449/448 451/483/449 450/47/269
f 411/449/448 410/448/450 452/484/451 451/483/449
f 410/448/450 409/447/452 453/485/453 452/484/451
f 409/447/452 408/446/454 454/486/455 453/485/453
f 408/446/454 426/48/447 455/49/456 454/486/455
f 431/75/432 430/465/457 456/487/458 455/49/456
f 430/465/457 429/464/459 457/488/460 456/487/458
f 429/464/459 428/463/461 458/489/462 457/488/460
f 428/463/461 427/462/463 459/490/464 458/489/462
f 427/462/463 445/50/411 460/51/281 459/490/464
f 15/3/23 30/52/26 54/53/57 69/7/42
f 92/9/22 5/1/1 112/54/4 127/13/143
f 39/55/53 83/56/67 151/57/125 166/18/54
f 189/21/163 102/12/144 209/58/147 229/23/259
f 136/59/181 180/60/185 248/61/241 268/29/182
f 175/62/228 282/63/232 306/64/347 321/36/229
f 291/31/211 141/17/192 258/65/195 340/32/328
f 349/39/317 238/28/298 364/66/301 384/41/401
f 330/67/77 398/68/386 421/45/94 44/6/74
f 407/43/375 296/35/355 374/69/358 436/44/422
f 445/50/411 354/40/297 219/25/278 460/51/281
f 78/70/112 412/71/116 450/47/269 199/22/113
f 97/72/132 122/73/136 263/16/174 156/15/133
f 277/33/335 335/74/338 379/38/365 311/34/354
f 393/46/429 431/75/432 455/49/456 426/48/447
f 64/76/35 214/11/105 117/10/12 20/77/11
f 194/78/248 224/79/252 369/27/290 253/26/249
f 59/5/64 25/4/43 161/80/46 316/20/84
f 19/98/33 20/77/11 1/81/9 465/495/465
f 465/495/465 1/81/9 2/83/7 466/497/466
f 466/496/466 2/82/7 3/84/5 467/498/467
f 467/498/467 3/84/5 4/85/2 468/499/468
f 4/85/2 5/1/1 6/86/20 468/499/468
f 468/499/468 6/86/20 7/87/18 469/500/469
f 469/500/469 7/87/18 8/88/16 470/501/470
f 470/501/470 8/88/16 9/89/14 471/502/471
f 9/89/14 10/2/13 11/90/31 471/502/471
f 471/502/471 11/90/31 12/92/29 472/504/472
f 472/503/472 12/91/29 13/93/27 473/505/473
f 473/505/473 13/93/27 14/94/24 474/506/474
f 14/94/24 15/3/23 16/95/40 474/506/474
f 474/506/474 16/95/40 17/96/38 475/507/475
f 475/507/475 17/96/38 18/97/36 476/508/476
f 476/508/476 18/97/36 19/98/33 465/495/465
f 476/508/476 465/495/465 466/497/466 477/509/477
f 477/510/477 466/496/466 467/498/467 478/511/478
f 467/498/467 468/499/468 469/500/469 478/511/478
f 478/511/478 469/500/469 470/501/470 479/514/479
f 470/501/470 471/502/471 472/504/472 479/514/479
f 479/513/479 472/503/472 473/505/473 480/515/480
f 473/505/473 474/506/474 475/507/475 480/515/480
f 480/515/480 475/507/475 476/508/476 477/509/477
f 477/509/477 478/512/478 479/513/479 480/515/480
f 38/116/65 39/55/53 21/99/51 481/516/481
f 481/516/481 21/99/51 22/100/49 482/517/482
f 482/517/482 22/100/49 23/101/47 483/518/483
f 483/518/483 23/101/47 24/102/44 484/519/484
f 24/102/44 25/4/43 26/103/62 484/519/484
f 484/519/484 26/103/62 27/105/60 485/521/485
f 485/520/485 27/104/60 28/106/58 486/522/486
f 486/522/486 28/106/58 29/107/55 487/523/487
f 29/107/55 30/52/26 31/108/25 487/523/487
f 487/523/487 31/108/25 32/109/28 488/524/488
f 488/524/488 32/109/28 33/111/30 489/526/489
f 489/525/489 33/110/30 34/112/32 490/527/490
f 34/112/32 10/2/13 35/113/72 490/527/490
f 490/527/490 35/113/72 36/114/70 491/528/491
f 491/528/491 36/114/70 37/115/68 492/529/492
f 492/529/492 37/115/68 38/116/65 481/516/481
f 492/529/492 481/516/481 482/517/482 493/531/493
f 493/531/493 482/517/482 483/518/483 494/533/494
f 483/518/483 484/519/484 485/521/485 494/533/494
f 494/532/494 485/520/485 486/522/486 495/534/495
f 486/522/486 487/523/487 488/524/488 495/534/495
f 495/534/495 488/524/488 489/526/489 496/536/496
f 489/525/489 490/527/490 491/528/491 496/535/496
f 496/535/496 491/528/491 492/529/492 493/531/493
f 493/530/493 494/532/494 495/534/495 496/536/496
f 58/135/63 59/5/64 40/117/82 497/537/497
f 497/537/497 40/117/82 41/119/80 498/539/498
f 498/538/498 41/118/80 42/120/78 499/540/499
f 499/540/499 42/120/78 43/121/75 500/541/500
f 43/121/75 44/6/74 45/122/92 500/541/500
f 500/541/500 45/122/92 46/123/90 501/542/501
f 501/542/501 46/123/90 47/124/88 502/543/502
f 502/543/502 47/124/88 48/125/86 503/544/503
f 48/125/86 49/8/85 50/126/101 503/544/503
f 503/544/503 50/126/101 51/128/99 504/546/504
f 504/545/504 51/127/99 52/129/97 505/547/505
f 505/547/505 52/129/97 53/130/95 506/548/506
f 53/130/95 54/53/57 55/131/56 506/548/506
f 506/548/506 55/131/56 56/132/59 507/549/507
f 507/549/507 56/132/59 57/134/61 508/551/508
f 508/550/508 57/133/61 58/135/63 497/537/497
f 508/550/508 497/537/497 498/539/498 509/553/509
f 509/554/509 498/538/498 499/540/499 510/555/510
f 499/540/499 500/541/500 501/542/501 510/555/510
f 510/555/510 501/542/501 502/543/502 511/558/511
f 502/543/502 503/544/503 504/546/504 511/558/511
f 511/557/511 504/545/504 505/547/505 512/559/512
f 505/547/505 506/548/506 507/549/507 512/559/512
f 512/559/512 507/549/507 508/551/508 509/552/509
f 509/552/509 510/556/510 511/557/511 512/559/512
f 77/152/114 78/70/112 60/136/110 513/560/513
f 513/560/513 60/136/110 61/137/108 514/561/514
f 514/561/514 61/137/108 62/138/106 515/562/515
f 515/562/515 62/138/106 63/139/103 516/563/516
f 63/139/103 64/76/35 65/140/34 516/563/516
f 516/563/516 65/140/34 66/141/37 517/564/517
f 517/564/517 66/141/37 67/142/39 518/565/518
f 518/565/518 67/142/39 68/143/41 519/566/519
f 68/143/41 69/7/42 70/144/96 519/566/519
f 519/566/519 70/144/96 71/145/98 520/567/520
f 520/567/520 71/145/98 72/147/100 521/569/521
f 521/568/521 72/146/100 73/148/102 522/570/522
f 73/148/102 49/8/85 74/149/121 522/570/522
f 522/570/522 74/149/121 75/150/119 523/571/523
f 523/571/523 75/150/119 76/151/117 524/572/524
f 524/572/524 76/151/117 77/152/114 513/560/513
f 524/572/524 513/560/513 514/561/514 525/573/525
f 525/573/525 514/561/514 515/562/515 526/574/526
f 515/562/515 516/563/516 517/564/517 526/574/526
f 526/574/526 517/564/517 518/565/518 527/575/527
f 518/565/518 519/566/519 520/567/520 527/575/527
f 527/575/527 520/567/520 521/569/521 528/576/528
f 521/568/521 522/570/522 523/571/523 528/576/528
f 528/576/528 523/571/523 524/572/524 525/573/525
f 525/573/525 526/574/526 527/575/527 528/576/528
f 96/168/134 97/72/132 79/153/130 529/577/529
f 529/577/529 79/153/130 80/154/128 530/578/530
f 530/578/530 80/154/128 81/155/126 531/579/531
f 531/579/531 81/155/126 82/156/123 532/580/532
f 82/156/123 83/56/67 84/157/66 532/580/532
f 532/580/532 84/157/66 85/158/69 533/581/533
f 533/581/533 85/158/69 86/159/71 534/582/534
f 534/582/534 86/159/71 87/160/73 535/583/535
f 87/160/73 10/2/13 88/161/15 535/583/535
f 535/583/535 88/161/15 89/162/17 536/584/536
f 536/584/536 89/162/17 90/163/19 537/585/537
f 537/585/537 90/163/19 91/164/21 538/586/538
f 91/164/21 92/9/22 93/165/141 538/586/538
f 538/586/538 93/165/141 94/166/139 539/587/539
f 539/587/539 94/166/139 95/167/137 540/588/540
f 540/588/540 95/167/137 96/168/134 529/577/529
f 540/588/540 529/577/529 530/578/530 541/589/541
f 541/589/541 530/578/530 531/579/531 542/590/542
f 531/579/531 532/580/532 533/581/533 542/590/542
f 542/590/542 533/581/533 534/582/534 543/591/543
f 534/582/534 535/583/535 536/584/536 543/591/543
f 543/591/543 536/584/536 537/585/537 544/592/544
f 537/585/537 538/586/538 539/587/539 544/592/544
f 544/592/544 539/587/539 540/588/540 541/589/541
f 541/589/541 542/590/542 543/591/543 544/592/544
f 116/186/10 117/10/12 98/169/152 545/593/545
f 545/593/545 98/169/152 99/170/150 546/594/546
f 546/594/546 99/170/150 100/171/148 547/595/547
f 547/595/547 100/171/148 101/172/145 548/596/548
f 101/172/145 102/12/144 103/173/161 548/596/548
f 548/596/548 103/173/161 104/174/159 549/597/549
f 549/597/549 104/174/159 105/176/157 550/599/550
f 550/598/550 105/175/157 106/177/155 551/600/551
f 106/177/155 107/14/154 108/178/170 551/600/551
f 551/600/551 108/178/170 109/179/168 552/601/552
f 552/601/552 109/179/168 110/180/166 553/602/553
f 553/602/553 110/180/166 111/181/164 554/603/554
f 111/181/164 112/54/4 113/182/3 554/603/554
f 554/603/554 113/182/3 114/183/6 555/604/555
f 555/604/555 114/183/6 115/185/8 556/606/556
f 556/605/556 115/184/8 116/186/10 545/593/545
f 556/605/556 545/593/545 546/594/546 557/608/557
f 557/608/557 546/594/546 547/595/547 558/609/558
f 547/595/547 548/596/548 549/597/549 558/609/558
f 558/609/558 549/597/549 550/599/550 559/612/559
f 550/598/550 551/600/551 552/601/552 559/611/559
f 559/611/559 552/601/552 553/602/553 560/613/560
f 553/602/553 554/603/554 555/604/555 560/613/560
f 560/613/560 555/604/555 556/606/556 557/607/557
f 557/607/557 558/610/558 559/611/559 560/613/560
f 135/202/183 136/59/181 118/187/179 561/614/561
f 561/614/561 118/187/179 119/188/177 562/615/562
f 562/615/562 119/188/177 120/189/175 563/616/563
f 563/616/563 120/189/175 121/190/172 564/617/564
f 121/190/172 122/73/136 123/191/135 564/617/564
f 564/617/564 123/191/135 124/192/138 565/618/565
f 565/618/565 124/192/138 125/193/140 566/619/566
f 566/619/566 125/193/140 126/194/142 567/620/567
f 126/194/142 127/13/143 128/195/165 567/620/567
f 567/620/567 128/195/165 129/196/167 568/621/568
f 568/621/568 129/196/167 130/197/169 569/622/569
f 569/622/569 130/197/169 131/198/171 570/623/570
f 131/198/171 107/14/154 132/199/190 570/623/570
f 570/623/570 132/199/190 133/200/188 571/624/571
f 571/624/571 133/200/188 134/201/186 572/625/572
f 572/625/572 134/201/186 135/202/183 561/614/561
f 572/625/572 561/614/561 562/615/562 573/626/573
f 573/626/573 562/615/562 563/616/563 574/627/574
f 563/616/563 564/617/564 565/618/565 574/627/574
f 574/627/574 565/618/565 566/619/566 575/628/575
f 566/619/566 567/620/567 568/621/568 575/628/575
f 575/628/575 568/621/568 569/622/569 576/629/576
f 569/622/569 570/623/570 571/624/571 576/629/576
f 576/629/576 571/624/571 572/625/572 573/626/573
f 573/626/573 574/627/574 575/628/575 576/629/576
f 155/218/131 156/15/133 137/203/200 577/630/577
f 577/630/577 137/203/200 138/204/198 578/631/578
f 578/631/578 138/204/198 139/205/196 579/632/579
f 579/632/579 139/205/196 140/206/193 580/633/580
f 140/206/193 141/17/192 142/207/209 580/633/580
f 580/633/580 142/207/209 143/208/207 581/634/581
f 581/634/581 143/208/207 144/209/205 582/635/582
f 582/635/582 144/209/205 145/210/203 583/636/583
f 145/210/203 146/19/202 147/211/218 583/636/583
f 583/636/583 147/211/218 148/212/216 584/637/584
f 584/637/584 148/212/216 149/213/214 585/638/585
f 585/638/585 149/213/214 150/214/212 586/639/586
f 150/214/212 151/57/125 152/215/124 586/639/586
f 586/639/586 152/215/124 153/216/127 587/640/587
f 587/640/587 153/216/127 154/217/129 588/641/588
f 588/641/588 154/217/129 155/218/131 577/630/577
f 588/641/588 577/630/577 578/631/578 589/642/589
f 589/642/589 578/631/578 579/632/579 590/643/590
f 579/632/579 580/633/580 581/634/581 590/643/590
f 590/643/590 581/634/581 582/635/582 591/644/591
f 582/635/582 583/636/583 584/637/584 591/644/591
f 591/644/591 584/637/584 585/638/585 592/645/592
f 585/638/585 586/639/586 587/640/587 592/645/592
f 592/645/592 587/640/587 588/641/588 589/642/589
f 589/642/589 590/643/590 591/644/591 592/645/592
f 174/236/230 175/62/228 157/219/226 593/646/593
f 593/646/593 157/219/226 158/220/224 594/647/594
f 594/647/594 158/220/224 159/222/222 595/649/595
f 595/648/595 159/221/222 160/223/220 596/650/596
f 160/223/220 161/80/46 162/224/45 596/650/596
f 596/650/596 162/224/45 163/225/48 597/651/597
f 597/651/597 163/225/48 164/226/50 598/652/598
f 598/652/598 164/226/50 165/227/52 599/653/599
f 165/227/52 166/18/54 167/228/213 599/653/599
f 599/653/599 167/228/213 168/229/215 600/654/600
f 600/654/600 168/229/215 169/230/217 601/655/601
f 601/655/601 169/230/217 170/231/219 602/656/602
f 170/231/219 146/19/202 171/232/237 602/656/602
f 602/656/602 171/232/237 172/234/235 603/658/603
f 603/657/603 172/233/235 173/235/233 604/659/604
f 604/659/604 173/235/233 174/236/230 593/646/593
f 604/659/604 593/646/593 594/647/594 605/661/605
f 605/661/605 594/647/594 595/649/595 606/663/606
f 595/648/595 596/650/596 597/651/597 606/662/606
f 606/662/606 597/651/597 598/652/598 607/664/607
f 598/652/598 599/653/599 600/654/600 607/664/607
f 607/664/607 600/654/600 601/655/601 608/666/608
f 601/655/601 602/656/602 603/658/603 608/666/608
f 608/665/608 603/657/603 604/659/604 605/661/605
f 605/660/605 606/662/606 607/664/607 608/666/608
f 193/254/250 194/78/248 176/237/246 609/667/609
f 609/667/609 176/237/246 177/238/244 610/668/610
f 610/668/610 177/238/244 178/239/242 611/669/611
f 611/669/611 178/239/242 179/240/239 612/670/612
f 179/240/239 180/60/185 181/241/184 612/670/612
f 612/670/612 181/241/184 182/242/187 613/671/613
f 613/671/613 182/242/187 183/243/189 614/672/614
f 614/672/614 183/243/189 184/244/191 615/673/615
f 184/244/191 107/14/154 185/245/156 615/673/615
f 615/673/615 185/245/156 186/247/158 616/675/616
f 616/674/616 186/246/158 187/248/160 617/676/617
f 617/676/617 187/248/160 188/249/162 618/677/618
f 188/249/162 189/21/163 190/250/257 618/677/618
f 618/677/618 190/250/257 191/251/255 619/678/619
f 619/678/619 191/251/255 192/253/253 620/680/620
f 620/679/620 192/252/253 193/254/250 609/667/609
f 620/679/620 609/667/609 610/668/610 621/682/621
f 621/682/621 610/668/610 611/669/611 622/683/622
f 611/669/611 612/670/612 613/671/613 622/683/622
f 622/683/622 613/671/613 614/672/614 623/686/623
f 614/672/614 615/673/615 616/675/616 623/686/623
f 623/685/623 616/674/616 617/676/617 624/687/624
f 617/676/617 618/677/618 619/678/619 624/687/624
f 624/687/624 619/678/619 620/680/620 621/681/621
f 621/681/621 622/684/622 623/685/623 624/687/624
f 213/271/153 214/11/105 195/255/104 625/688/625
f 625/688/625 195/255/104 196/256/107 626/689/626
f 626/689/626 196/256/107 197/257/109 627/690/627
f 627/690/627 197/257/109 198/258/111 628/691/628
f 198/258/111 199/22/113 200/259/267 628/691/628
f 628/691/628 200/259/267 201/260/265 629/692/629
f 629/692/629 201/260/265 202/261/263 630/693/630
f 630/693/630 202/261/263 203/262/261 631/694/631
f 203/262/261 204/24/260 205/263/276 631/694/631
f 631/694/631 205/263/276 206/265/274 632/696/632
f 632/695/632 206/264/274 207/266/272 633/697/633
f 633/697/633 207/266/272 208/267/270 634/698/634
f 208/267/270 209/58/147 210/268/146 634/698/634
f 634/698/634 210/268/146 211/269/149 635/699/635
f 635/699/635 211/269/149 212/270/151 636/700/636
f 636/700/636 212/270/151 213/271/153 625/688/625
f 636/700/636 625/688/625 626/689/626 637/701/637
f 637/701/637 626/689/626 627/690/627 638/702/638
f 627/690/627 628/691/628 629/692/629 638/702/638
f 638/702/638 629/692/629 630/693/630 639/703/639
f 630/693/630 631/694/631 632/696/632 639/703/639
f 639/703/639 632/695/632 633/697/633 640/704/640
f 633/697/633 634/698/634 635/699/635 640/704/640
f 640/704/640 635/699/635 636/700/636 637/701/637
f 637/701/637 638/702/638 639/703/639 640/704/640
f 233/290/277 204/24/260 215/272/286 641/705/641
f 641/705/641 215/272/286 216/273/284 642/706/642
f 642/706/642 216/273/284 217/274/282 643/707/643
f 643/707/643 217/274/282 218/275/279 644/708/644
f 218/275/279 219/25/278 220/276/295 644/708/644
f 644/708/644 220/276/295 221/277/293 645/709/645
f 645/709/645 221/277/293 222/279/291 646/711/646
f 646/710/646 222/278/291 223/280/288 647/712/647
f 223/280/288 224/79/252 225/281/251 647/712/647
f 647/712/647 225/281/251 226/283/254 648/714/648
f 648/713/648 226/282/254 227/284/256 649/715/649
f 649/715/649 227/284/256 228/285/258 650/716/650
f 228/285/258 229/23/259 230/286/271 650/716/650
f 650/716/650 230/286/271 231/287/273 651/717/651
f 651/717/651 231/287/273 232/289/275 652/719/652
f 652/718/652 232/288/275 233/290/277 641/705/641
f 652/718/652 641/705/641 642/706/642 653/721/653
f 653/721/653 642/706/642 643/707/643 654/722/654
f 643/707/643 644/708/644 645/709/645 654/722/654
f 654/722/654 645/709/645 646/711/646 655/725/655
f 646/710/646 647/712/647 648/714/648 655/726/655
f 655/724/655 648/713/648 649/715/649 656/727/656
f 649/715/649 650/716/650 651/717/651 656/727/656
f 656/727/656 651/717/651 652/719/652 653/720/653
f 653/720/653 654/723/654 655/724/655 656/727/656
f 252/308/247 253/26/249 234/291/306 657/728/657
f 657/728/657 234/291/306 235/293/304 658/730/658
f 658/729/658 235/292/304 236/294/302 659/731/659
f 659/731/659 236/294/302 237/295/299 660/732/660
f 237/295/299 238/28/298 239/296/315 660/732/660
f 660/732/660 239/296/315 240/297/313 661/733/661
f 661/733/661 240/297/313 241/299/311 662/735/662
f 662/734/662 241/298/311 242/300/309 663/736/663
f 242/300/309 243/30/308 244/301/324 663/736/663
f 663/736/663 244/301/324 245/302/322 664/737/664
f 664/737/664 245/302/322 246/303/320 665/738/665
f 665/738/665 246/303/320 247/304/318 666/739/666
f 247/304/318 248/61/241 249/305/240 666/739/666
f 666/739/666 249/305/240 250/306/243 667/740/667
f 667/740/667 250/306/243 251/307/245 668/741/668
f 668/741/668 251/307/245 252/308/247 657/728/657
f 668/741/668 657/728/657 658/730/658 669/742/669
f 669/743/669 658/729/658 659/731/659 670/744/670
f 659/731/659 660/732/660 661/733/661 670/744/670
f 670/744/670 661/733/661 662/735/662 671/747/671
f 662/734/662 663/736/663 664/737/664 671/746/671
f 671/746/671 664/737/664 665/738/665 672/748/672
f 665/738/665 666/739/666 667/740/667 672/748/672
f 672/748/672 667/740/667 668/741/668 669/742/669
f 669/742/669 670/745/670 671/746/671 672/748/672
f 272/324/325 243/30/308 254/309/333 673/749/673
f 673/749/673 254/309/333 255/310/331 674/750/674
f 674/750/674 255/310/331 256/311/329 675/751/675
f 675/751/675 256/311/329 257/312/326 676/752/676
f 257/312/326 258/65/195 259/313/194 676/752/676
f 676/752/676 259/313/194 260/314/197 677/753/677
f 677/753/677 260/314/197 261/315/199 678/754/678
f 678/754/678 261/315/199 262/316/201 679/755/679
f 262/316/201 263/16/174 264/317/173 679/755/679
f 679/755/679 264/317/173 265/318/176 680/756/680
f 680/756/680 265/318/176 266/319/178 681/757/681
f 681/757/681 266/319/178 267/320/180 682/758/682
f 267/320/180 268/29/182 269/321/319 682/758/682
f 682/758/682 269/321/319 270/322/321 683/759/683
f 683/759/683 270/322/321 271/323/323 684/760/684
f 684/760/684 271/323/323 272/324/325 673/749/673
f 684/760/684 673/749/673 674/750/674 685/761/685
f 685/761/685 674/750/674 675/751/675 686/762/686
f 675/751/675 676/752/676 677/753/677 686/762/686
f 686/762/686 677/753/677 678/754/678 687/763/687
f 678/754/678 679/755/679 680/756/680 687/763/687
f 687/763/687 680/756/680 681/757/681 688/764/688
f 681/757/681 682/758/682 683/759/683 688/764/688
f 688/764/688 683/759/683 684/760/684 685/761/685
f 685/761/685 686/762/686 687/763/687 688/764/688
f 290/341/210 291/31/211 273/325/343 689/765/689
f 689/765/689 273/325/343 274/326/341 690/766/690
f 690/766/690 274/326/341 275/327/339 691/767/691
f 691/767/691 275/327/339 276/328/336 692/768/692
f 276/328/336 277/33/335 278/329/352 692/768/692
f 692/768/692 278/329/352 279/330/350 693/769/693
f 693/769/693 279/330/350 280/331/348 694/770/694
f 694/770/694 280/331/348 281/332/345 695/771/695
f 281/332/345 282/63/232 283/333/231 695/771/695
f 695/771/695 283/333/231 284/334/234 696/772/696
f 696/772/696 284/334/234 285/336/236 697/774/697
f 697/773/697 285/335/236 286/337/238 698/775/698
f 286/337/238 146/19/202 287/338/204 698/775/698
f 698/775/698 287/338/204 288/339/206 699/776/699
f 699/776/699 288/339/206 289/340/208 700/777/700
f 700/777/700 289/340/208 290/341/210 689/765/689
f 700/777/700 689/765/689 690/766/690 701/778/701
f 701/778/701 690/766/690 691/767/691 702/779/702
f 691/767/691 692/768/692 693/769/693 702/779/702
f 702/779/702 693/769/693 694/770/694 703/780/703
f 694/770/694 695/771/695 696/772/696 703/780/703
f 703/780/703 696/772/696 697/774/697 704/781/704
f 697/773/697 698/775/698 699/776/699 704/781/704
f 704/781/704 699/776/699 700/777/700 701/778/701
f 701/778/701 702/779/702 703/780/703 704/781/704
f 310/357/353 311/34/354 292/342/363 705/782/705
f 705/782/705 292/342/363 293/343/361 706/783/706
f 706/783/706 293/343/361 294/344/359 707/784/707
f 707/784/707 294/344/359 295/345/356 708/785/708
f 295/345/356 296/35/355 297/346/373 708/785/708
f 708/785/708 297/346/373 298/347/371 709/786/709
f 709/786/709 298/347/371 299/348/369 710/787/710
f 710/787/710 299/348/369 300/349/367 711/788/711
f 300/349/367 301/37/366 302/350/382 711/788/711
f 711/788/711 302/350/382 303/351/380 712/789/712
f 712/789/712 303/351/380 304/352/378 713/790/713
f 713/790/713 304/352/378 305/353/376 714/791/714
f 305/353/376 306/64/347 307/354/346 714/791/714
f 714/791/714 307/354/346 308/355/349 715/792/715
f 715/792/715 308/355/349 309/356/351 716/793/716
f 716/793/716 309/356/351 310/357/353 705/782/705
f 716/793/716 705/782/705 706/783/706 717/794/717
f 717/794/717 706/783/706 707/784/707 718/795/718
f 707/784/707 708/785/708 709/786/709 718/795/718
f 718/795/718 709/786/709 710/787/710 719/796/719
f 710/787/710 711/788/711 712/789/712 719/796/719
f 719/796/719 712/789/712 713/790/713 720/797/720
f 713/790/713 714/791/714 715/792/715 720/797/720
f 720/797/720 715/792/715 716/793/716 717/794/717
f 717/794/717 718/795/718 719/796/719 720/797/720
f 329/376/384 330/67/77 312/358/76 721/798/721
f 721/798/721 312/358/76 313/359/79 722/799/722
f 722/799/722 313/359/79 314/361/81 723/801/723
f 723/800/723 314/360/81 315/362/83 724/802/724
f 315/362/83 316/20/84 317/363/221 724/802/724
f 724/802/724 317/363/221 318/365/223 725/804/725
f 725/803/725 318/364/223 319/366/225 726/805/726
f 726/805/726 319/366/225 320/367/227 727/806/727
f 320/367/227 321/36/229 322/368/377 727/806/727
f 727/806/727 322/368/377 323/369/379 728/807/728
f 728/807/728 323/369/379 324/370/381 729/808/729
f 729/808/729 324/370/381 325/371/383 730/809/730
f 325/371/383 301/37/366 326/372/391 730/809/730
f 730/809/730 326/372/391 327/374/389 731/811/731
f 731/810/731 327/373/389 328/375/387 732/812/732
f 732/812/732 328/375/387 329/376/384 721/798/721
f 732/812/732 721/798/721 722/799/722 733/814/733
f 733/814/733 722/799/722 723/801/723 734/816/734
f 723/800/723 724/802/724 725/804/725 734/817/734
f 734/815/734 725/803/725 726/805/726 735/818/735
f 726/805/726 727/806/727 728/807/728 735/818/735
f 735/818/735 728/807/728 729/808/729 736/820/736
f 729/808/729 730/809/730 731/811/731 736/820/736
f 736/819/736 731/810/731 732/812/732 733/814/733
f 733/813/733 734/815/734 735/818/735 736/820/736
f 348/393/316 349/39/317 331/377/399 737/821/737
f 737/821/737 331/377/399 332/378/397 738/822/738
f 738/822/738 332/378/397 333/379/395 739/823/739
f 739/823/739 333/379/395 334/380/393 740/824/740
f 334/380/393 335/74/338 336/381/337 740/824/740
f 740/824/740 336/381/337 337/382/340 741/825/741
f 741/825/741 337/382/340 338/383/342 742/826/742
f 742/826/742 338/383/342 339/384/344 743/827/743
f 339/384/344 340/32/328 341/385/327 743/827/743
f 743/827/743 341/385/327 342/386/330 744/828/744
f 744/828/744 342/386/330 343/387/332 745/829/745
f 745/829/745 343/387/332 344/388/334 746/830/746
f 344/388/334 243/30/308 345/389/310 746/830/746
f 746/830/746 345/389/310 346/391/312 747/832/747
f 747/831/747 346/390/312 347/392/314 748/833/748
f 748/833/748 347/392/314 348/393/316 737/821/737
f 748/833/748 737/821/737 738/822/738 749/834/749
f 749/834/749 738/822/738 739/823/739 750/835/750
f 739/823/739 740/824/740 741/825/741 750/835/750
f 750/835/750 741/825/741 742/826/742 751/836/751
f 742/826/742 743/827/743 744/828/744 751/836/751
f 751/836/751 744/828/744 745/829/745 752/837/752
f 745/829/745 746/830/746 747/832/747 752/837/752
f 752/837/752 747/831/747 748/833/748 749/834/749
f 749/834/749 750/835/750 751/836/751 752/837/752
f 368/412/307 369/27/290 350/394/289 753/838/753
f 753/838/753 350/394/289 351/396/292 754/840/754
f 754/839/754 351/395/292 352/397/294 755/841/755
f 755/841/755 352/397/294 353/398/296 756/842/756
f 353/398/296 354/40/297 355/399/409 756/842/756
f 756/842/756 355/399/409 356/400/407 757/843/757
f 757/843/757 356/400/407 357/402/405 758/845/758
f 758/844/758 357/401/405 358/403/403 759/846/759
f 358/403/403 359/42/402 360/404/418 759/846/759
f 759/846/759 360/404/418 361/405/416 760/847/760
f 760/847/760 361/405/416 362/406/414 761/848/761
f 761/848/761 362/406/414 363/407/412 762/849/762
f 363/407/412 364/66/301 365/408/300 762/849/762
f 762/849/762 365/408/300 366/409/303 763/850/763
f 763/850/763 366/409/303 367/411/305 764/852/764
f 764/851/764 367/410/305 368/412/307 753/838/753
f 764/851/764 753/838/753 754/840/754 765/854/765
f 765/855/765 754/839/754 755/841/755 766/856/766
f 755/841/755 756/842/756 757/843/757 766/856/766
f 766/856/766 757/843/757 758/845/758 767/859/767
f 758/844/758 759/846/759 760/847/760 767/858/767
f 767/858/767 760/847/760 761/848/761 768/860/768
f 761/848/761 762/849/762 763/850/763 768/860/768
f 768/860/768 763/850/763 764/852/764 765/853/765
f 765/853/765 766/857/766 767/858/767 768/860/768
f 388/428/419 359/42/402 370/413/427 769/861/769
f 769/861/769 370/413/427 371/414/425 770/862/770
f 770/862/770 371/414/425 372/415/423 771/863/771
f 771/863/771 372/415/423 373/416/420 772/864/772
f 373/416/420 374/69/358 375/417/357 772/864/772
f 772/864/772 375/417/357 376/418/360 773/865/773
f 773/865/773 376/418/360 377/419/362 774/866/774
f 774/866/774 377/419/362 378/420/364 775/867/775
f 378/420/364 379/38/365 380/421/394 775/867/775
f 775/867/775 380/421/394 381/422/396 776/868/776
f 776/868/776 381/422/396 382/423/398 777/869/777
f 777/869/777 382/423/398 383/424/400 778/870/778
f 383/424/400 384/41/401 385/425/413 778/870/778
f 778/870/778 385/425/413 386/426/415 779/871/779
f 779/871/779 386/426/415 387/427/417 780/872/780
f 780/872/780 387/427/417 388/428/419 769/861/769
f 780/872/780 769/861/769 770/862/770 781/873/781
f 781/873/781 770/862/770 771/863/771 782/874/782
f 771/863/771 772/864/772 773/865/773 782/874/782
f 782/874/782 773/865/773 774/866/774 783/875/783
f 774/866/774 775/867/775 776/868/776 783/875/783
f 783/875/783 776/868/776 777/869/777 784/876/784
f 777/869/777 778/870/778 779/871/779 784/876/784
f 784/876/784 779/871/779 780/872/780 781/873/781
f 781/873/781 782/874/782 783/875/783 784/876/784
f 406/445/374 407/43/375 389/429/437 785/877/785
f 785/877/785 389/429/437 390/430/435 786/878/786
f 786/878/786 390/430/435 391/431/433 787/879/787
f 787/879/787 391/431/433 392/432/430 788/880/788
f 392/432/430 393/46/429 394/433/445 788/880/788
f 788/880/788 394/433/445 395/434/443 789/881/789
f 789/881/789 395/434/443 396/435/441 790/882/790
f 790/882/790 396/435/441 397/436/439 791/883/791
f 397/436/439 398/68/386 399/437/385 791/883/791
f 791/883/791 399/437/385 400/438/388 792/884/792
f 792/884/792 400/438/388 401/440/390 793/886/793
f 793/885/793 401/439/390 402/441/392 794/887/794
f 402/441/392 301/37/366 403/442/368 794/887/794
f 794/887/794 403/442/368 404/443/370 795/888/795
f 795/888/795 404/443/370 405/444/372 796/889/796
f 796/889/796 405/444/372 406/445/374 785/877/785
f 796/889/796 785/877/785 786/878/786 797/890/797
f 797/890/797 786/878/786 787/879/787 798/891/798
f 787/879/787 788/880/788 789/881/789 798/891/798
f 798/891/798 789/881/789 790/882/790 799/892/799
f 790/882/790 791/883/791 792/884/792 799/892/799
f 799/892/799 792/884/792 793/886/793 800/893/800
f 793/885/793 794/887/794 795/888/795 800/893/800
f 800/893/800 795/888/795 796/889/796 797/890/797
f 797/890/797 798/891/798 799/892/799 800/893/800
f 425/461/446 426/48/447 408/446/454 801/894/801
f 801/894/801 408/446/454 409/447/452 802/895/802
f 802/895/802 409/447/452 410/448/450 803/896/803
f 803/896/803 410/448/450 411/449/448 804/897/804
f 411/449/448 412/71/116 413/450/115 804/897/804
f 804/897/804 413/450/115 414/451/118 805/898/805
f 805/898/805 414/451/118 415/452/120 806/899/806
f 806/899/806 415/452/120 416/453/122 807/900/807
f 416/453/122 49/8/85 417/454/87 807/900/807
f 807/900/807 417/454/87 418/455/89 808/901/808
f 808/901/808 418/455/89 419/456/91 809/902/809
f 809/902/809 419/456/91 420/457/93 810/903/810
f 420/457/93 421/45/94 422/458/440 810/903/810
f 810/903/810 422/458/440 423/459/442 811/904/811
f 811/904/811 423/459/442 424/460/444 812/905/812
f 812/905/812 424/460/444 425/461/446 801/894/801
f 812/905/812 801/894/801 802/895/802 813/906/813
f 813/906/813 802/895/802 803/896/803 814/907/814
f 803/896/803 804/897/804 805/898/805 814/907/814
f 814/907/814 805/898/805 806/899/806 815/908/815
f 806/899/806 807/900/807 808/901/808 815/908/815
f 815/908/815 808/901/808 809/902/809 816/909/816
f 809/902/809 810/903/810 811/904/811 816/909/816
f 816/909/816 811/904/811 812/905/812 813/906/813
f 813/906/813 814/907/814 815/908/815 816/909/816
f 444/478/410 445/50/411 427/462/463 817/910/817
f 817/910/817 427/462/463 428/463/461 818/911/818
f 818/911/818 428/463/461 429/464/459 819/912/819
f 819/912/819 429/464/459 430/465/457 820/913/820
f 430/465/457 431/75/432 432/466/431 820/913/820
f 820/913/820 432/466/431 433/467/434 821/914/821
f 821/914/821 433/467/434 434/468/436 822/915/822
f 822/915/822 434/468/436 435/469/438 823/916/823
f 435/469/438 436/44/422 437/470/421 823/916/823
f 823/916/823 437/470/421 438/471/424 824/917/824
f 824/917/824 438/471/424 439/472/426 825/918/825
f 825/918/825 439/472/426 440/473/428 826/919/826
f 440/473/428 359/42/402 441/474/404 826/919/826
f 826/919/826 441/474/404 442/476/406 827/921/827
f 827/920/827 442/475/406 443/477/408 828/922/828
f 828/922/828 443/477/408 444/478/410 817/910/817
f 828/922/828 817/910/817 818/911/818 829/923/829
f 829/923/829 818/911/818 819/912/819 830/924/830
f 819/912/819 820/913/820 821/914/821 830/924/830
f 830/924/830 821/914/821 822/915/822 831/925/831
f 822/915/822 823/916/823 824/917/824 831/925/831
f 831/925/831 824/917/824 825/918/825 832/926/832
f 825/918/825 826/919/826 827/921/827 832/926/832
f 832/926/832 827/920/827 828/922/828 829/923/829
f 829/923/829 830/924/830 831/925/831 832/926/832
f 464/494/287 204/24/260 446/479/262 833/927/833
f 833/927/833 446/479/262 447/480/264 834/928/834
f 834/928/834 447/480/264 448/481/266 835/929/835
f 835/929/835 448/481/266 449/482/268 836/930/836
f 449/482/268 450/47/269 451/483/449 836/930/836
f 836/930/836 451/483/449 452/484/451 837/931/837
f 837/931/837 452/484/451 453/485/453 838/932/838
f 838/932/838 453/485/453 454/486/455 839/933/839
f 454/486/455 455/49/456 456/487/458 839/933/839
f 839/933/839 456/487/458 457/488/460 840/934/840
f 840/934/840 457/488/460 458/489/462 841/935/841
f 841/935/841 458/489/462 459/490/464 842/936/842
f 459/490/464 460/51/281 461/491/280 842/936/842
f 842/936/842 461/491/280 462/492/283 843/937/843
f 843/937/843 462/492/283 463/493/285 844/938/844
f 844/938/844 463/493/285 464/494/287 833/927/833
f 844/938/844 833/927/833 834/928/834 845/939/845
f 845/939/845 834/928/834 835/929/835 846/940/846
f 835/929/835 836/930/836 837/931/837 846/940/846
f 846/940/846 837/931/837 838/932/838 847/941/847
f 838/932/838 839/933/839 840/934/840 847/941/847
f 847/941/847 840/934/840 841/935/841 848/942/848
f 841/935/841 842/936/842 843/937/843 848/942/848
f 848/942/848 843/937/843 844/938/844 845/939/845
f 845/939/845 846/940/846 847/941/847 848/942/848
g default
v -1.759272 5.064385 1.790102
v -1.759199 5.064925 1.820936
v -1.759199 5.065600 1.851159
v -1.759272 5.066395 1.880024
v -1.759418 5.067290 1.906823
v -1.790110 5.067766 1.908173
v -1.821389 5.068437 1.909602
v -1.853037 5.069285 1.911097
v -1.884337 5.070281 1.912621
v -1.914120 5.071374 1.914120
v -1.912286 5.070266 1.884494
v -1.910037 5.069250 1.855075
v -1.907790 5.068375 1.825321
v -1.905965 5.067678 1.794560
v -1.904956 5.067189 1.762058
v -1.878669 5.066321 1.761690
v -1.850271 5.065551 1.761230
v -1.820422 5.064897 1.760688
v -1.789865 5.064374 1.760078
v -1.759418 5.063994 1.759418
v -2.006346 5.079727 1.880015
v -2.021074 5.079727 1.851145
v -2.033592 5.079727 1.820923
v -2.043592 5.079727 1.790094
v -2.050828 5.079727 1.759418
v -2.043587 5.078070 1.759272
v -2.033586 5.076405 1.759199
v -2.021068 5.074774 1.759199
v -2.006343 5.073215 1.759272
v -1.989771 5.071768 1.759418
v -1.980960 5.071696 1.790110
v -1.968531 5.071618 1.821389
v -1.952823 5.071538 1.853037
v -1.934377 5.071455 1.884337
v -1.934381 5.072983 1.912617
v -1.952832 5.074673 1.911091
v -1.968542 5.076382 1.909596
v -1.980968 5.078070 1.908169
v -1.989771 5.079727 1.906823
v -2.043587 5.079735 -1.790102
v -2.033586 5.079739 -1.820936
v -2.021068 5.079739 -1.851159
v -2.006343 5.079735 -1.880024
v -1.989771 5.079727 -1.906823
v -1.980968 5.078070 -1.908169
v -1.968542 5.076382 -1.909596
v -1.952832 5.074673 -1.911091
v -1.934381 5.072983 -1.912617
v -1.914120 5.071374 -1.914120
v -1.934651 5.071473 -1.884494
v -1.953467 5.071595 -1.855075
v -1.969678 5.071716 -1.825321
v -1.982580 5.071815 -1.794560
v -1.991638 5.071869 -1.762058
v -2.007729 5.073288 -1.761690
v -2.021984 5.074822 -1.761230
v -2.034099 5.076433 -1.760688
v -2.043792 5.078083 -1.760078
v -2.050828 5.079727 -1.759418
v -1.759418 5.066395 -1.880015
v -1.759418 5.065600 -1.851145
v -1.759418 5.064924 -1.820923
v -1.759418 5.064384 -1.790094
v -1.759418 5.063994 -1.759418
v -1.790102 5.064385 -1.759272
v -1.820936 5.064925 -1.759199
v -1.851159 5.065600 -1.759199
v -1.880024 5.066395 -1.759272
v -1.906823 5.067290 -1.759418
v -1.908173 5.067766 -1.790110
v -1.909602 5.068437 -1.821389
v -1.911097 5.069285 -1.853037
v -1.912621 5.070281 -1.884337
v -1.884331 5.070281 -1.912617
v -1.853026 5.069284 -1.911091
v -1.821377 5.068436 -1.909596
v -1.790103 5.067765 -1.908169
v -1.759418 5.067290 -1.906823
v -1.790094 5.079727 2.043592
v -1.820923 5.079727 2.033592
v -1.851145 5.079727 2.021074
v -1.880015 5.079727 2.006346
v -1.906823 5.079727 1.989771
v -1.908173 5.078070 1.980960
v -1.909602 5.076381 1.968531
v -1.911097 5.074672 1.952823
v -1.912621 5.072982 1.934377
v -1.884494 5.071473 1.934651
v -1.855075 5.071595 1.953467
v -1.825321 5.071716 1.969678
v -1.794560 5.071815 1.982580
v -1.762058 5.071869 1.991638
v -1.761690 5.073288 2.007729
v -1.761230 5.074822 2.021984
v -1.760688 5.076433 2.034099
v -1.760078 5.078083 2.043792
v -1.759418 5.079727 2.050828
v 1.790102 5.064385 1.759272
v 1.820936 5.064925 1.759199
v 1.851159 5.065600 1.759199
v 1.880024 5.066395 1.759272
v 1.906823 5.067290 1.759418
v 1.908173 5.067766 1.790110
v 1.909602 5.068437 1.821389
v 1.911097 5.069285 1.853037
v 1.912621 5.070281 1.884337
v 1.914120 5.071374 1.914120
v 1.884494 5.070266 1.912286
v 1.855075 5.069250 1.910037
v 1.825321 5.068375 1.907790
v 1.794560 5.067678 1.905965
v 1.762058 5.067189 1.904956
v 1.761690 5.066321 1.878669
v 1.761230 5.065551 1.850271
v 1.760688 5.064897 1.820422
v 1.760078 5.064374 1.789865
v 1.759418 5.063994 1.759418
v 1.880015 5.079727 2.006346
v 1.851145 5.079727 2.021074
v 1.820923 5.079727 2.033592
v 1.790094 5.079727 2.043592
v 1.759418 5.079727 2.050828
v 1.759272 5.078070 2.043587
v 1.759199 5.076405 2.033586
v 1.759199 5.074774 2.021068
v 1.759272 5.073215 2.006343
v 1.759418 5.071768 1.989771
v 1.790110 5.071696 1.980960
v 1.821389 5.071618 1.968531
v 1.853037 5.071538 1.952823
v 1.884337 5.071455 1.934377
v 1.912617 5.072983 1.934381
v 1.911091 5.074673 1.952832
v 1.909596 5.076382 1.968542
v 1.908169 5.078070 1.980968
v 1.906823 5.079727 1.989771
v -1.759418 5.271363 2.043592
v -1.759418 5.273028 2.033592
v -1.759418 5.274659 2.021074
v -1.759418 5.276218 2.006346
v -1.759418 5.277665 1.989771
v -1.790055 5.277738 1.980964
v -1.821293 5.277815 1.968536
v -1.852934 5.277896 1.952826
v -1.884269 5.277978 1.934374
v -1.914120 5.278059 1.914120
v -1.912292 5.276467 1.934665
v -1.910043 5.274879 1.953476
v -1.907792 5.273269 1.969678
v -1.905965 5.271604 1.982576
v -1.904956 5.269850 1.991638
v -1.878669 5.269830 2.007729
v -1.850271 5.269805 2.021984
v -1.820422 5.269776 2.034099
v -1.789865 5.269743 2.043792
v -1.759418 5.269707 2.050828
v -2.006346 5.276218 1.759418
v -2.021074 5.274659 1.759418
v -2.033592 5.273028 1.759418
v -2.043592 5.271363 1.759418
v -2.050828 5.269707 1.759418
v -2.043587 5.269699 1.790102
v -2.033586 5.269695 1.820936
v -2.021068 5.269695 1.851159
v -2.006343 5.269699 1.880024
v -1.989771 5.269707 1.906823
v -1.980958 5.271373 1.908174
v -1.968527 5.273068 1.909606
v -1.952825 5.274778 1.911102
v -1.934389 5.276462 1.912624
v -1.934384 5.277978 1.884399
v -1.952830 5.277896 1.853128
v -1.968537 5.277815 1.821473
v -1.980965 5.277738 1.790157
v -1.989771 5.277665 1.759418
v 2.043592 5.079727 1.790094
v 2.033592 5.079727 1.820923
v 2.021074 5.079727 1.851145
v 2.006346 5.079727 1.880015
v 1.989771 5.079727 1.906823
v 1.980960 5.078070 1.908173
v 1.968531 5.076381 1.909602
v 1.952823 5.074672 1.911097
v 1.934377 5.072982 1.912621
v 1.934651 5.071473 1.884494
v 1.953467 5.071595 1.855075
v 1.969678 5.071716 1.825321
v 1.982580 5.071815 1.794560
v 1.991638 5.071869 1.762058
v 2.007729 5.073288 1.761690
v 2.021984 5.074822 1.761230
v 2.034099 5.076433 1.760688
v 2.043792 5.078083 1.760078
v 2.050828 5.079727 1.759418
v 1.759272 5.064385 -1.790102
v 1.759199 5.064925 -1.820936
v 1.759199 5.065600 -1.851159
v 1.759272 5.066395 -1.880024
v 1.759418 5.067290 -1.906823
v 1.790103 5.067765 -1.908169
v 1.821377 5.068436 -1.909596
v 1.853026 5.069284 -1.911091
v 1.884331 5.070281 -1.912617
v 1.914120 5.071374 -1.914120
v 1.912286 5.070266 -1.884494
v 1.910037 5.069250 -1.855075
v 1.907790 5.068375 -1.825321
v 1.905965 5.067678 -1.794560
v 1.904956 5.067189 -1.762058
v 1.878669 5.066321 -1.761690
v 1.850271 5.065551 -1.761230
v 1.820422 5.064897 -1.760688
v 1.789865 5.064374 -1.760078
v 1.759418 5.063994 -1.759418
v 1.934651 5.072974 -1.912286
v 1.953467 5.074562 -1.910037
v 1.969678 5.076169 -1.907790
v 1.982580 5.077829 -1.905965
v 1.991638 5.079584 -1.904956
v 2.007729 5.079604 -1.878669
v 2.021984 5.079629 -1.850271
v 2.034099 5.079658 -1.820422
v 2.043792 5.079691 -1.789865
v 2.050828 5.079727 -1.759418
v 2.043587 5.078070 -1.759272
v 2.033586 5.076405 -1.759199
v 2.021068 5.074774 -1.759199
v 2.006343 5.073215 -1.759272
v 1.989771 5.071768 -1.759418
v 1.980960 5.071696 -1.790110
v 1.968531 5.071618 -1.821389
v 1.952823 5.071538 -1.853037
v 1.934377 5.071455 -1.884337
v 2.043592 5.271363 1.759418
v 2.033592 5.273028 1.759418
v 2.021074 5.274659 1.759418
v 2.006346 5.276218 1.759418
v 1.989771 5.277665 1.759418
v 1.980960 5.277738 1.790110
v 1.968531 5.277816 1.821389
v 1.952823 5.277896 1.853037
v 1.934377 5.277979 1.884337
v 1.914120 5.278059 1.914120
v 1.934665 5.276467 1.912292
v 1.953476 5.274879 1.910043
v 1.969678 5.273269 1.907792
v 1.982576 5.271604 1.905965
v 1.991638 5.269850 1.904956
v 2.007729 5.269830 1.878669
v 2.021984 5.269805 1.850271
v 2.034099 5.269776 1.820422
v 2.043792 5.269743 1.789865
v 2.050828 5.269707 1.759418
v 1.884494 5.277960 1.934652
v 1.855075 5.277839 1.953467
v 1.825321 5.277718 1.969678
v 1.794560 5.277619 1.982580
v 1.762058 5.277565 1.991638
v 1.761690 5.276145 2.007729
v 1.761230 5.274612 2.021984
v 1.760688 5.273001 2.034099
v 1.760078 5.271351 2.043792
v 1.759418 5.269707 2.050828
v 1.790102 5.269699 2.043587
v 1.820936 5.269695 2.033586
v 1.851159 5.269695 2.021068
v 1.880024 5.269699 2.006343
v 1.906823 5.269707 1.989771
v 1.908172 5.271370 1.980961
v 1.909603 5.273063 1.968532
v 1.911098 5.274772 1.952827
v 1.912622 5.276458 1.934387
v -1.759418 5.283039 1.880015
v -1.759418 5.283834 1.851145
v -1.759418 5.284510 1.820923
v -1.759418 5.285050 1.790094
v -1.759418 5.285440 1.759418
v -1.790094 5.285050 1.759418
v -1.820923 5.284510 1.759418
v -1.851145 5.283834 1.759418
v -1.880015 5.283039 1.759418
v -1.906823 5.282144 1.759418
v -1.908169 5.281669 1.789999
v -1.909595 5.280998 1.821194
v -1.911090 5.280149 1.852829
v -1.912616 5.279153 1.884200
v -1.884126 5.279153 1.912610
v -1.852714 5.280150 1.911080
v -1.821086 5.280998 1.909586
v -1.789936 5.281669 1.908163
v -1.759418 5.282144 1.906823
v -1.759418 5.285050 -1.790094
v -1.759418 5.284510 -1.820923
v -1.759418 5.283834 -1.851145
v -1.759418 5.283039 -1.880015
v -1.759418 5.282144 -1.906823
v -1.789999 5.281669 -1.908169
v -1.821194 5.280998 -1.909595
v -1.852829 5.280149 -1.911090
v -1.884200 5.279153 -1.912616
v -1.914120 5.278059 -1.914120
v -1.912278 5.279167 -1.884295
v -1.910028 5.280183 -1.854874
v -1.907785 5.281059 -1.825225
v -1.905965 5.281756 -1.794570
v -1.904956 5.282245 -1.762058
v -1.878668 5.283113 -1.761690
v -1.850271 5.283883 -1.761230
v -1.820422 5.284537 -1.760688
v -1.789865 5.285060 -1.760078
v -1.759418 5.285440 -1.759418
v -2.006346 5.269707 -1.880015
v -2.021074 5.269707 -1.851145
v -2.033592 5.269707 -1.820923
v -2.043592 5.269707 -1.790094
v -2.050828 5.269707 -1.759418
v -2.043588 5.271364 -1.759272
v -2.033586 5.273028 -1.759199
v -2.021068 5.274660 -1.759199
v -2.006343 5.276219 -1.759272
v -1.989771 5.277665 -1.759418
v -1.980971 5.277738 -1.790048
v -1.968547 5.277815 -1.821281
v -1.952835 5.277896 -1.852923
v -1.934379 5.277978 -1.884264
v -1.934387 5.276458 -1.912622
v -1.952827 5.274772 -1.911098
v -1.968532 5.273063 -1.909603
v -1.980961 5.271370 -1.908172
v -1.989771 5.269707 -1.906823
v 1.880015 5.283039 1.759418
v 1.851145 5.283834 1.759418
v 1.820923 5.284510 1.759418
v 1.790094 5.285050 1.759418
v 1.759418 5.285440 1.759418
v 1.759272 5.285049 1.790102
v 1.759199 5.284509 1.820936
v 1.759199 5.283834 1.851159
v 1.759272 5.283039 1.880024
v 1.759418 5.282144 1.906823
v 1.789992 5.281669 1.908165
v 1.821183 5.280998 1.909589
v 1.852818 5.280150 1.911084
v 1.884195 5.279153 1.912613
v 1.912613 5.279153 1.884195
v 1.911084 5.280150 1.852818
v 1.909589 5.280998 1.821183
v 1.908165 5.281669 1.789992
v 1.906823 5.282144 1.759418
v 2.043592 5.269707 -1.790094
v 2.033592 5.269707 -1.820923
v 2.021074 5.269707 -1.851145
v 2.006346 5.269707 -1.880015
v 1.989771 5.269707 -1.906823
v 1.980950 5.271373 -1.908178
v 1.968517 5.273068 -1.909612
v 1.952816 5.274778 -1.911108
v 1.934384 5.276462 -1.912628
v 1.914120 5.278059 -1.914120
v 1.934658 5.277961 -1.884559
v 1.953471 5.277839 -1.855141
v 1.969678 5.277718 -1.825352
v 1.982578 5.277619 -1.794557
v 1.991638 5.277565 -1.762058
v 2.007729 5.276145 -1.761690
v 2.021984 5.274612 -1.761230
v 2.034099 5.273001 -1.760688
v 2.043792 5.271351 -1.760078
v 2.050828 5.269707 -1.759418
v 1.884295 5.279167 -1.912278
v 1.854874 5.280183 -1.910028
v 1.825225 5.281059 -1.907785
v 1.794570 5.281756 -1.905965
v 1.762058 5.282245 -1.904956
v 1.761690 5.283113 -1.878668
v 1.761230 5.283883 -1.850271
v 1.760688 5.284537 -1.820422
v 1.760078 5.285060 -1.789865
v 1.759418 5.285440 -1.759418
v 1.790102 5.285049 -1.759272
v 1.820936 5.284509 -1.759199
v 1.851159 5.283834 -1.759199
v 1.880024 5.283039 -1.759272
v 1.906823 5.282144 -1.759418
v 1.908165 5.281669 -1.789992
v 1.909589 5.280998 -1.821183
v 1.911084 5.280150 -1.852818
v 1.912613 5.279153 -1.884195
v -1.759418 5.276218 -2.006346
v -1.759418 5.274659 -2.021074
v -1.759418 5.273028 -2.033592
v -1.759418 5.271363 -2.043592
v -1.759418 5.269707 -2.050828
v -1.790094 5.269707 -2.043592
v -1.820923 5.269707 -2.033592
v -1.851145 5.269707 -2.021074
v -1.880015 5.269707 -2.006346
v -1.906823 5.269707 -1.989771
v -1.908178 5.271373 -1.980950
v -1.909612 5.273068 -1.968517
v -1.911108 5.274778 -1.952816
v -1.912628 5.276462 -1.934384
v -1.884399 5.277978 -1.934384
v -1.853128 5.277896 -1.952830
v -1.821473 5.277815 -1.968537
v -1.790157 5.277738 -1.980965
v -1.759418 5.277665 -1.989771
v -1.759418 5.078071 -2.043592
v -1.759418 5.076406 -2.033592
v -1.759418 5.074774 -2.021074
v -1.759418 5.073216 -2.006346
v -1.759418 5.071768 -1.989771
v -1.790110 5.071696 -1.980960
v -1.821389 5.071618 -1.968531
v -1.853037 5.071538 -1.952823
v -1.884337 5.071455 -1.934377
v -1.912286 5.072974 -1.934651
v -1.910037 5.074562 -1.953467
v -1.907790 5.076169 -1.969678
v -1.905965 5.077829 -1.982580
v -1.904956 5.079584 -1.991638
v -1.878669 5.079604 -2.007729
v -1.850271 5.079629 -2.021984
v -1.820422 5.079658 -2.034099
v -1.789865 5.079691 -2.043792
v -1.759418 5.079727 -2.050828
v 1.880015 5.269707 -2.006346
v 1.851145 5.269707 -2.021074
v 1.820923 5.269707 -2.033592
v 1.790094 5.269707 -2.043592
v 1.759418 5.269707 -2.050828
v 1.759272 5.271364 -2.043588
v 1.759199 5.273028 -2.033586
v 1.759199 5.274660 -2.021068
v 1.759272 5.276219 -2.006343
v 1.759418 5.277665 -1.989771
v 1.790048 5.277738 -1.980971
v 1.821281 5.277815 -1.968547
v 1.852923 5.277896 -1.952835
v 1.884264 5.277978 -1.934379
v 1.912622 5.276458 -1.934387
v 1.911098 5.274772 -1.952827
v 1.909603 5.273063 -1.968532
v 1.908172 5.271370 -1.980961
v 1.906823 5.269707 -1.989771
v 1.884494 5.071473 -1.934651
v 1.855075 5.071595 -1.953467
v 1.825321 5.071716 -1.969678
v 1.794560 5.071815 -1.982580
v 1.762058 5.071869 -1.991638
v 1.761690 5.073288 -2.007729
v 1.761230 5.074822 -2.021984
v 1.760688 5.076433 -2.034099
v 1.760078 5.078083 -2.043792
v 1.759418 5.079727 -2.050828
v 1.790102 5.079735 -2.043587
v 1.820936 5.079739 -2.033586
v 1.851159 5.079739 -2.021068
v 1.880024 5.079735 -2.006343
v 1.906823 5.079727 -1.989771
v 1.908169 5.078070 -1.980968
v 1.909596 5.076382 -1.968542
v 1.911091 5.074673 -1.952832
v 1.912617 5.072983 -1.934381
v -1.789704 5.064776 1.791019
v -1.789674 5.065333 1.821891
v -1.789743 5.066030 1.852098
v -1.789901 5.066848 1.881018
v -1.821061 5.067483 1.881953
v -1.852401 5.068283 1.882824
v -1.883194 5.069223 1.883635
v -1.881879 5.068261 1.853835
v -1.880589 5.067437 1.823514
v -1.879466 5.066784 1.792834
v -1.850531 5.065990 1.792392
v -1.820365 5.065316 1.791788
v -1.820493 5.065898 1.822641
v -1.820734 5.066627 1.852855
v -1.851690 5.067378 1.853425
v -1.851043 5.066606 1.823173
v -1.997936 5.078067 1.880871
v -2.013053 5.078063 1.851489
v -2.025905 5.078062 1.820944
v -2.036170 5.078064 1.789977
v -2.025900 5.076390 1.789911
v -2.013042 5.074744 1.789901
v -1.997925 5.073165 1.789958
v -1.986107 5.073116 1.821180
v -1.971207 5.073070 1.852595
v -1.953702 5.073027 1.883476
v -1.971213 5.074688 1.882609
v -1.986119 5.076381 1.881737
v -2.001850 5.076379 1.851844
v -2.015229 5.076381 1.820988
v -2.001840 5.074719 1.821062
v -1.987760 5.074701 1.852210
v -2.036340 5.078092 -1.791019
v -2.026027 5.078093 -1.821891
v -2.013124 5.078090 -1.852097
v -1.997967 5.078081 -1.881015
v -1.986209 5.076399 -1.881950
v -1.971384 5.074707 -1.882820
v -1.953966 5.073044 -1.883633
v -1.971794 5.073115 -1.853833
v -1.987043 5.073185 -1.823513
v -1.999153 5.073246 -1.792833
v -2.013849 5.074808 -1.792391
v -2.026345 5.076436 -1.791788
v -2.015559 5.076430 -1.822640
v -2.002051 5.076417 -1.852853
v -1.988140 5.074745 -1.853423
v -2.002451 5.074780 -1.823172
v -1.790158 5.066849 -1.880871
v -1.790235 5.066033 -1.851489
v -1.790261 5.065339 -1.820944
v -1.790216 5.064785 -1.789977
v -1.821218 5.065340 -1.789911
v -1.851716 5.066034 -1.789901
v -1.880959 5.066850 -1.789958
v -1.881856 5.067488 -1.821180
v -1.882707 5.068292 -1.852595
v -1.883513 5.069237 -1.883476
v -1.852743 5.068292 -1.882609
v -1.821381 5.067487 -1.881737
v -1.821425 5.066638 -1.851844
v -1.821381 5.065916 -1.820988
v -1.852164 5.066639 -1.821062
v -1.852497 5.067399 -1.852210
v -1.790973 5.078081 2.036351
v -1.821809 5.078077 2.026041
v -1.852008 5.078074 2.013134
v -1.880958 5.078071 1.997967
v -1.881876 5.076389 1.986206
v -1.882767 5.074700 1.971378
v -1.883621 5.073043 1.953961
v -1.853814 5.073113 1.971791
v -1.823494 5.073183 1.987041
v -1.792823 5.073244 1.999152
v -1.792347 5.074800 2.013853
v -1.791729 5.076426 2.026356
v -1.822534 5.076414 2.015574
v -1.852739 5.076401 2.002060
v -1.853339 5.074734 1.988141
v -1.823094 5.074769 2.002455
v 1.791019 5.064776 1.789704
v 1.821891 5.065333 1.789674
v 1.852098 5.066030 1.789743
v 1.881018 5.066848 1.789901
v 1.881953 5.067483 1.821061
v 1.882824 5.068283 1.852401
v 1.883635 5.069223 1.883194
v 1.853835 5.068261 1.881879
v 1.823514 5.067437 1.880589
v 1.792834 5.066784 1.879466
v 1.792392 5.065990 1.850531
v 1.791788 5.065316 1.820365
v 1.822641 5.065898 1.820493
v 1.852855 5.066627 1.820734
v 1.853425 5.067378 1.851690
v 1.823173 5.066606 1.851043
v 1.880871 5.078067 1.997936
v 1.851489 5.078063 2.013053
v 1.820944 5.078062 2.025905
v 1.789977 5.078064 2.036170
v 1.789911 5.076390 2.025900
v 1.789901 5.074744 2.013042
v 1.789958 5.073165 1.997925
v 1.821180 5.073116 1.986107
v 1.852595 5.073070 1.971207
v 1.883476 5.073027 1.953702
v 1.882609 5.074688 1.971213
v 1.881737 5.076381 1.986119
v 1.851844 5.076379 2.001850
v 1.820988 5.076381 2.015229
v 1.821062 5.074719 2.001840
v 1.852210 5.074701 1.987760
v -1.789895 5.271410 2.036352
v -1.789959 5.273075 2.026043
v -1.790023 5.274706 2.013136
v -1.790077 5.276269 1.997969
v -1.821220 5.276319 1.986210
v -1.852506 5.276368 1.971382
v -1.883210 5.276416 1.953965
v -1.881923 5.274806 1.971793
v -1.880638 5.273168 1.987040
v -1.879500 5.271510 1.999150
v -1.850668 5.271484 2.013852
v -1.820552 5.271451 2.026357
v -1.820770 5.273115 2.015577
v -1.821002 5.274746 2.002064
v -1.851880 5.274779 1.988145
v -1.851243 5.273145 2.002457
v -1.997936 5.276266 1.790186
v -2.013054 5.274680 1.790257
v -2.025907 5.273031 1.790276
v -2.036171 5.271358 1.790225
v -2.025902 5.271355 1.821236
v -2.013043 5.271356 1.851741
v -1.997926 5.271360 1.880987
v -1.986109 5.273048 1.881900
v -1.971211 5.274745 1.882758
v -1.953709 5.276410 1.883563
v -1.971216 5.276362 1.852803
v -1.986120 5.276314 1.821433
v -2.001852 5.274701 1.821467
v -2.015232 5.273035 1.821412
v -2.001843 5.273040 1.852205
v -1.987763 5.274722 1.852550
v 2.036351 5.078081 1.790973
v 2.026041 5.078077 1.821809
v 2.013134 5.078074 1.852008
v 1.997967 5.078071 1.880958
v 1.986206 5.076389 1.881876
v 1.971378 5.074700 1.882767
v 1.953961 5.073043 1.883621
v 1.971791 5.073113 1.853814
v 1.987041 5.073183 1.823494
v 1.999152 5.073244 1.792823
v 2.013853 5.074800 1.792347
v 2.026356 5.076426 1.791729
v 2.015574 5.076414 1.822534
v 2.002060 5.076401 1.852739
v 1.988141 5.074734 1.853339
v 2.002455 5.074769 1.823094
v 1.789703 5.064776 -1.791019
v 1.789671 5.065333 -1.821891
v 1.789738 5.066029 -1.852097
v 1.789895 5.066848 -1.881015
v 1.821052 5.067482 -1.881950
v 1.852392 5.068283 -1.882820
v 1.883189 5.069223 -1.883633
v 1.881876 5.068261 -1.853833
v 1.880586 5.067437 -1.823513
v 1.879464 5.066784 -1.792833
v 1.850529 5.065990 -1.792391
v 1.820363 5.065316 -1.791788
v 1.820488 5.065898 -1.822640
v 1.820727 5.066627 -1.852853
v 1.851684 5.067378 -1.853423
v 1.851039 5.066606 -1.823172
v 1.953962 5.073020 -1.883194
v 1.971792 5.074629 -1.881879
v 1.987041 5.076266 -1.880589
v 1.999153 5.077923 -1.879466
v 2.013848 5.077947 -1.850531
v 2.026343 5.077979 -1.820365
v 2.036339 5.078021 -1.789704
v 2.026025 5.076354 -1.789674
v 2.013120 5.074723 -1.789743
v 1.997962 5.073162 -1.789901
v 1.986201 5.073111 -1.821061
v 1.971377 5.073064 -1.852401
v 1.988136 5.074651 -1.851690
v 2.002448 5.076285 -1.851043
v 2.015557 5.076313 -1.820493
v 2.002045 5.074682 -1.820733
v 2.036351 5.271411 1.789900
v 2.026042 5.273076 1.789971
v 2.013135 5.274707 1.790041
v 1.997968 5.276270 1.790102
v 1.986207 5.276320 1.821262
v 1.971381 5.276369 1.852551
v 1.953966 5.276416 1.883240
v 1.971793 5.274807 1.881945
v 1.987040 5.273168 1.880652
v 1.999150 5.271511 1.879506
v 2.013852 5.271485 1.850678
v 2.026356 5.271451 1.820562
v 2.015575 5.273115 1.820791
v 2.002061 5.274747 1.821034
v 1.988143 5.274780 1.851913
v 2.002456 5.273146 1.851264
v 1.883648 5.276393 1.953967
v 1.853844 5.276321 1.971795
v 1.823520 5.276251 1.987043
v 1.792836 5.276189 1.999153
v 1.792395 5.274628 2.013848
v 1.791792 5.272999 2.026344
v 1.791022 5.271343 2.036340
v 1.821897 5.271342 2.026025
v 1.852108 5.271346 2.013121
v 1.881032 5.271355 1.997964
v 1.881974 5.273040 1.986204
v 1.882844 5.274732 1.971381
v 1.853439 5.274692 1.988138
v 1.823182 5.274656 2.002449
v 1.822649 5.273007 2.015557
v 1.852869 5.273021 2.002047
v -1.790069 5.282585 1.880860
v -1.790132 5.283401 1.851589
v -1.790162 5.284096 1.821106
v -1.790150 5.284650 1.790155
v -1.821098 5.284095 1.790173
v -1.851584 5.283401 1.790151
v -1.880862 5.282585 1.790097
v -1.881712 5.281946 1.821271
v -1.882559 5.281142 1.852618
v -1.883393 5.280196 1.883417
v -1.852572 5.281142 1.882568
v -1.821225 5.281947 1.881713
v -1.821240 5.282797 1.851981
v -1.821202 5.283519 1.821220
v -1.851966 5.282796 1.821271
v -1.852293 5.282036 1.852321
v -1.789883 5.284659 -1.790977
v -1.789935 5.284102 -1.821800
v -1.789986 5.283405 -1.851984
v -1.790035 5.282586 -1.880924
v -1.821142 5.281951 -1.881814
v -1.852414 5.281151 -1.882682
v -1.883129 5.280210 -1.883518
v -1.881834 5.281173 -1.853714
v -1.880564 5.281996 -1.823443
v -1.879458 5.282650 -1.792822
v -1.850634 5.283444 -1.792351
v -1.820529 5.284119 -1.791734
v -1.820721 5.283537 -1.822515
v -1.820932 5.282807 -1.852691
v -1.851790 5.282056 -1.853266
v -1.851177 5.282829 -1.823061
v -1.997933 5.271369 -1.880880
v -2.013052 5.271373 -1.851484
v -2.025905 5.271373 -1.820933
v -2.036170 5.271370 -1.789968
v -2.025902 5.273044 -1.789894
v -2.013046 5.274691 -1.789878
v -1.997933 5.276269 -1.789928
v -1.986118 5.276318 -1.821131
v -1.971217 5.276365 -1.852550
v -1.953707 5.276410 -1.883458
v -1.971212 5.274750 -1.882609
v -1.986115 5.273057 -1.881746
v -2.001850 5.273058 -1.851829
v -2.015231 5.273054 -1.820966
v -2.001846 5.274716 -1.821027
v -1.987765 5.274735 -1.852182
v 1.880840 5.282585 1.790105
v 1.851455 5.283401 1.790197
v 1.820916 5.284095 1.790236
v 1.789961 5.284649 1.790203
v 1.789881 5.284095 1.821193
v 1.789857 5.283400 1.851685
v 1.789900 5.282585 1.880928
v 1.821077 5.281947 1.881804
v 1.852483 5.281142 1.882640
v 1.883395 5.280196 1.883435
v 1.882538 5.281142 1.852638
v 1.881683 5.281947 1.821287
v 1.851780 5.282796 1.821356
v 1.820934 5.283519 1.821334
v 1.820983 5.282796 1.852107
v 1.852120 5.282036 1.852417
v 2.036350 5.271354 -1.790977
v 2.026038 5.271358 -1.821821
v 2.013129 5.271363 -1.852032
v 1.997961 5.271367 -1.880989
v 1.986199 5.273053 -1.881927
v 1.971375 5.274742 -1.882826
v 1.953966 5.276396 -1.883676
v 1.971793 5.276325 -1.853864
v 1.987040 5.276254 -1.823523
v 1.999151 5.276191 -1.792829
v 2.013851 5.274636 -1.792353
v 2.026354 5.273010 -1.791734
v 2.015569 5.273024 -1.822555
v 2.002053 5.273038 -1.852779
v 1.988137 5.274706 -1.853387
v 2.002452 5.274669 -1.823120
v 1.883529 5.280210 -1.883099
v 1.853733 5.281173 -1.881792
v 1.823461 5.281997 -1.880523
v 1.792832 5.282650 -1.879430
v 1.792399 5.283444 -1.850496
v 1.791796 5.284118 -1.820338
v 1.791023 5.284658 -1.789690
v 1.821884 5.284101 -1.789643
v 1.852074 5.283405 -1.789693
v 1.880983 5.282586 -1.789838
v 1.881891 5.281952 -1.820948
v 1.882739 5.281151 -1.852275
v 1.853356 5.282056 -1.851586
v 1.823146 5.282828 -1.850971
v 1.822626 5.283536 -1.820434
v 1.852810 5.282807 -1.820644
v -1.790177 5.276267 -1.997935
v -1.790215 5.274687 -2.013058
v -1.790219 5.273041 -2.025917
v -1.790180 5.271368 -2.036181
v -1.821155 5.271371 -2.025916
v -1.851655 5.271372 -2.013053
v -1.880930 5.271370 -1.997926
v -1.881828 5.273059 -1.986105
v -1.882706 5.274753 -1.971204
v -1.883554 5.276412 -1.953704
v -1.852787 5.276364 -1.971213
v -1.821418 5.276316 -1.986117
v -1.821391 5.274712 -2.001856
v -1.821309 5.273050 -2.015245
v -1.852095 5.273056 -2.001851
v -1.852469 5.274734 -1.987764
v -1.789898 5.078023 -2.036351
v -1.789966 5.076358 -2.026041
v -1.790034 5.074728 -2.013134
v -1.790094 5.073165 -1.997967
v -1.821249 5.073115 -1.986206
v -1.852533 5.073067 -1.971378
v -1.883220 5.073021 -1.953961
v -1.881918 5.074630 -1.971791
v -1.880629 5.076267 -1.987041
v -1.879493 5.077923 -1.999152
v -1.850669 5.077949 -2.013853
v -1.820557 5.077982 -2.026356
v -1.820780 5.076319 -2.015574
v -1.821019 5.074688 -2.002060
v -1.851892 5.074656 -1.988141
v -1.851247 5.076289 -2.002455
v 1.880880 5.271369 -1.997933
v 1.851484 5.271373 -2.013052
v 1.820933 5.271373 -2.025905
v 1.789968 5.271370 -2.036170
v 1.789894 5.273044 -2.025902
v 1.789878 5.274691 -2.013046
v 1.789928 5.276269 -1.997933
v 1.821131 5.276318 -1.986118
v 1.852550 5.276365 -1.971217
v 1.883458 5.276410 -1.953707
v 1.882609 5.274750 -1.971212
v 1.881746 5.273057 -1.986115
v 1.851829 5.273058 -2.001850
v 1.820966 5.273054 -2.015231
v 1.821027 5.274716 -2.001846
v 1.852182 5.274735 -1.987765
v 1.883633 5.073044 -1.953966
v 1.853834 5.073115 -1.971794
v 1.823513 5.073185 -1.987043
v 1.792834 5.073246 -1.999153
v 1.792392 5.074808 -2.013849
v 1.791789 5.076436 -2.026345
v 1.791019 5.078092 -2.036340
v 1.821891 5.078093 -2.026027
v 1.852097 5.078090 -2.013124
v 1.881016 5.078081 -1.997967
v 1.881951 5.076399 -1.986209
v 1.882821 5.074707 -1.971384
v 1.853424 5.074745 -1.988140
v 1.823173 5.074780 -2.002451
v 1.822641 5.076430 -2.015559
v 1.852854 5.076417 -2.002051
vt 0.392762 0.003722
vt 0.379166 0.008333
vt 0.383891 0.982399
vt 0.357238 0.017762
vt 0.142762 0.017762
vt 0.378722 0.732238
vt 0.383777 0.767762
vt 0.383333 0.745834
vt 0.392601 0.008891
vt 0.607238 0.982238
vt 0.607238 0.767762
vt 0.616223 0.982238
vt 0.607238 0.008777
vt 0.620834 0.008333
vt 0.392762 0.232238
vt 0.607238 0.232238
vt 0.392762 0.244944
vt 0.369944 0.232238
vt 0.379166 0.245834
vt 0.142762 0.232238
vt 0.621392 0.982399
vt 0.607238 0.755056
vt 0.621278 0.767762
vt 0.616667 0.745834
vt 0.621392 0.732399
vt 0.642762 0.232238
vt 0.857238 0.232238
vt 0.621278 0.267762
vt 0.619944 0.232238
vt 0.620834 0.245834
vt 0.392762 0.255056
vt 0.607238 0.255056
vt 0.392762 0.267762
vt 0.392762 0.482238
vt 0.392762 0.494944
vt 0.378722 0.482238
vt 0.383333 0.495834
vt 0.607238 0.482238
vt 0.616223 0.267762
vt 0.621278 0.517762
vt 0.616223 0.482238
vt 0.616667 0.495834
vt 0.392762 0.505056
vt 0.607238 0.505056
vt 0.383891 0.732399
vt 0.392762 0.517762
vt 0.607399 0.744717
vt 0.392762 0.732238
vt 0.607238 0.732238
vt 0.616223 0.517762
vt 0.616223 0.732238
vt 0.378722 0.982238
vt 0.378608 0.767601
vt 0.607399 0.003608
vt 0.369944 0.017762
vt 0.380056 0.017762
vt 0.380283 0.232399
vt 0.616109 0.767601
vt 0.619944 0.017762
vt 0.630056 0.017762
vt 0.630283 0.232399
vt 0.378722 0.267762
vt 0.383777 0.267762
vt 0.383891 0.482399
vt 0.607399 0.244717
vt 0.621392 0.482399
vt 0.378722 0.517762
vt 0.383777 0.517762
vt 0.607399 0.494717
vt 0.392762 0.755056
vt 0.392762 0.744945
vt 0.392762 0.017762
vt 0.607238 0.017762
vt 0.607238 0.267762
vt 0.607238 0.517762
vt 0.392762 0.767762
vt 0.392762 0.982238
vt 0.642762 0.017762
vt 0.857238 0.017762
vt 0.357238 0.232238
vt 0.426946 0.873882
vt 0.390117 0.012499
vt 0.462109 0.762499
vt 0.390996 0.009563
vt 0.391882 0.006623
vt 0.389678 0.006769
vt 0.386757 0.008811
vt 0.384045 0.009925
vt 0.381514 0.009974
vt 0.378460 0.010869
vt 0.457824 0.762499
vt 0.377689 0.012499
vt 0.431768 0.801466
vt 0.407999 0.879654
vt 0.386472 0.977605
vt 0.388768 0.975103
vt 0.390689 0.975431
vt 0.392031 0.977901
vt 0.367490 0.017750
vt 0.364950 0.017738
vt 0.362365 0.017736
vt 0.359780 0.017744
vt 0.359290 0.015168
vt 0.452207 0.762499
vt 0.361400 0.012499
vt 0.427411 0.834924
vt 0.402837 0.908658
vt 0.404663 0.881699
vt 0.429197 0.808455
vt 0.373926 0.012499
vt 0.456526 0.762499
vt 0.376536 0.011057
vt 0.377148 0.011306
vt 0.375092 0.013002
vt 0.373156 0.014457
vt 0.371450 0.016084
vt 0.140167 0.017112
vt 0.375000 0.733555
vt 0.137499 0.016445
vt 0.376250 0.733118
vt 0.377499 0.732676
vt 0.378828 0.734813
vt 0.379097 0.737347
vt 0.379682 0.739842
vt 0.380889 0.742528
vt 0.378577 0.744480
vt 0.375000 0.756096
vt 0.375000 0.743904
vt 0.376388 0.760013
vt 0.377562 0.763672
vt 0.377874 0.765933
vt 0.377133 0.764226
vt 0.141542 0.012499
vt 0.376394 0.762499
vt 0.142155 0.015161
vt 0.392730 0.757527
vt 0.392719 0.760087
vt 0.392727 0.762683
vt 0.392744 0.765256
vt 0.390976 0.767734
vt 0.389143 0.767714
vt 0.387302 0.767705
vt 0.385498 0.767717
vt 0.381432 0.763415
vt 0.378491 0.758586
vt 0.375000 0.746762
vt 0.375000 0.753238
vt 0.378977 0.746118
vt 0.382549 0.746518
vt 0.383688 0.748318
vt 0.386663 0.750927
vt 0.389787 0.753175
vt 0.390283 0.017768
vt 0.387726 0.017770
vt 0.385142 0.017771
vt 0.382568 0.017769
vt 0.380132 0.016178
vt 0.380077 0.014562
vt 0.379882 0.012943
vt 0.379570 0.011102
vt 0.381986 0.010183
vt 0.384743 0.010509
vt 0.387400 0.010289
vt 0.389984 0.009766
vt 0.392612 0.010633
vt 0.392635 0.012419
vt 0.392667 0.014221
vt 0.392710 0.016015
vt 0.607800 0.978462
vt 0.609003 0.976567
vt 0.610853 0.976654
vt 0.613315 0.978679
vt 0.590837 0.903784
vt 0.566321 0.829515
vt 0.622432 0.012499
vt 0.542218 0.762499
vt 0.621549 0.013716
vt 0.618405 0.018448
vt 0.615939 0.028605
vt 0.613177 0.054668
vt 0.610401 0.039704
vt 0.608249 0.007868
vt 0.609111 0.010905
vt 0.537922 0.762499
vt 0.609974 0.012499
vt 0.573042 0.873805
vt 0.617432 0.017781
vt 0.614860 0.017788
vt 0.612273 0.017786
vt 0.609718 0.017777
vt 0.607242 0.016024
vt 0.607242 0.014235
vt 0.607242 0.012421
vt 0.607241 0.010603
vt 0.609654 0.015071
vt 0.612245 0.019858
vt 0.615045 0.019223
vt 0.617955 0.015734
vt 0.620445 0.012975
vt 0.620131 0.014564
vt 0.619937 0.015592
vt 0.619880 0.016665
vt 0.392712 0.234751
vt 0.392676 0.237333
vt 0.392658 0.239936
vt 0.392674 0.242497
vt 0.384149 0.250351
vt 0.374552 0.256587
vt 0.364742 0.262951
vt 0.361430 0.263660
vt 0.359226 0.261634
vt 0.360338 0.258270
vt 0.366578 0.250169
vt 0.373445 0.241385
vt 0.382661 0.232453
vt 0.385162 0.232443
vt 0.387718 0.232395
vt 0.390270 0.232324
vt 0.341539 0.302527
vt 0.303893 0.337742
vt 0.246280 0.352007
vt 0.266219 0.372995
vt 0.302543 0.291280
vt 0.358122 0.233891
vt 0.360004 0.234589
vt 0.362874 0.234296
vt 0.366260 0.233452
vt 0.354278 0.251042
vt 0.340433 0.268388
vt 0.332498 0.280331
vt 0.341328 0.276465
vt 0.307755 0.308988
vt 0.260119 0.366574
vt 0.252380 0.358428
vt 0.296687 0.337159
vt 0.334678 0.305637
vt 0.640221 0.017743
vt 0.637635 0.017735
vt 0.635053 0.017738
vt 0.632511 0.017751
vt 0.628571 0.016282
vt 0.626874 0.014925
vt 0.624952 0.013736
vt 0.622897 0.012108
vt 0.623524 0.012102
vt 0.543515 0.762499
vt 0.626195 0.012499
vt 0.569270 0.798707
vt 0.592892 0.872671
vt 0.597317 0.909108
vt 0.572702 0.835471
vt 0.638648 0.012499
vt 0.547810 0.762499
vt 0.640727 0.015164
vt 0.607246 0.765259
vt 0.607257 0.762685
vt 0.607265 0.760090
vt 0.607261 0.757529
vt 0.610285 0.753162
vt 0.613440 0.750886
vt 0.616177 0.748438
vt 0.617416 0.746590
vt 0.621007 0.746128
vt 0.625000 0.753235
vt 0.625000 0.746765
vt 0.621515 0.758321
vt 0.618576 0.763032
vt 0.614421 0.767572
vt 0.612648 0.767583
vt 0.610830 0.767624
vt 0.609013 0.767685
vt 0.619159 0.742460
vt 0.620329 0.739941
vt 0.620968 0.737605
vt 0.621269 0.735109
vt 0.622573 0.732776
vt 0.623782 0.733147
vt 0.862501 0.016491
vt 0.625000 0.733509
vt 0.859839 0.017130
vt 0.857864 0.015165
vt 0.623622 0.762499
vt 0.858505 0.012499
vt 0.622835 0.764261
vt 0.622051 0.766025
vt 0.622214 0.764109
vt 0.623422 0.760352
vt 0.625000 0.743898
vt 0.625000 0.756102
vt 0.621296 0.744511
vt 0.697333 0.291213
vt 0.733842 0.372931
vt 0.753659 0.352071
vt 0.696155 0.337706
vt 0.658499 0.302521
vt 0.664562 0.304981
vt 0.702418 0.336413
vt 0.747625 0.358423
vt 0.739876 0.366579
vt 0.691613 0.308631
vt 0.659729 0.277731
vt 0.668950 0.282615
vt 0.659853 0.270585
vt 0.646416 0.253128
vt 0.633882 0.233659
vt 0.637192 0.234491
vt 0.639972 0.234679
vt 0.641851 0.233931
vt 0.638213 0.263427
vt 0.634493 0.262149
vt 0.625771 0.256466
vt 0.616588 0.250479
vt 0.607457 0.242330
vt 0.607448 0.239828
vt 0.607399 0.237273
vt 0.607327 0.234725
vt 0.609754 0.232276
vt 0.612342 0.232307
vt 0.614947 0.232324
vt 0.617507 0.232313
vt 0.626197 0.240714
vt 0.633289 0.249962
vt 0.640222 0.258916
vt 0.640698 0.261775
vt 0.392341 0.257893
vt 0.392208 0.260570
vt 0.392297 0.263089
vt 0.392504 0.265483
vt 0.390687 0.268002
vt 0.388603 0.268214
vt 0.386620 0.268340
vt 0.384932 0.268248
vt 0.347849 0.295501
vt 0.306249 0.327582
vt 0.254172 0.360314
vt 0.258327 0.364688
vt 0.309250 0.310013
vt 0.344292 0.280633
vt 0.340691 0.287890
vt 0.357539 0.277904
vt 0.375777 0.266181
vt 0.392764 0.484716
vt 0.392763 0.487270
vt 0.392761 0.489855
vt 0.392761 0.492427
vt 0.390565 0.494672
vt 0.388243 0.494492
vt 0.385883 0.494427
vt 0.383975 0.494720
vt 0.382859 0.492403
vt 0.383166 0.489666
vt 0.383562 0.487183
vt 0.383845 0.484806
vt 0.385622 0.482386
vt 0.387403 0.482363
vt 0.389211 0.482331
vt 0.391010 0.482289
vt 0.377493 0.517330
vt 0.376248 0.516906
vt 0.137499 0.233509
vt 0.375000 0.516491
vt 0.140161 0.232872
vt 0.141132 0.235852
vt 0.373042 0.485440
vt 0.139457 0.239562
vt 0.374958 0.484359
vt 0.376862 0.483287
vt 0.378828 0.484766
vt 0.379144 0.487240
vt 0.379727 0.489766
vt 0.380915 0.492487
vt 0.378653 0.494489
vt 0.375000 0.506036
vt 0.375000 0.493964
vt 0.376439 0.510244
vt 0.377648 0.514105
vt 0.615061 0.268241
vt 0.613389 0.268347
vt 0.611413 0.268227
vt 0.609325 0.268010
vt 0.607466 0.265465
vt 0.607651 0.263056
vt 0.607741 0.260537
vt 0.607629 0.257875
vt 0.624650 0.266542
vt 0.643008 0.278364
vt 0.657407 0.286435
vt 0.654239 0.279406
vt 0.690770 0.310189
vt 0.741668 0.364693
vt 0.745833 0.360309
vt 0.692564 0.326714
vt 0.651761 0.295252
vt 0.859838 0.232892
vt 0.625000 0.516451
vt 0.862501 0.233549
vt 0.623754 0.516879
vt 0.622508 0.517316
vt 0.622320 0.514158
vt 0.623516 0.510332
vt 0.625000 0.493921
vt 0.625000 0.506079
vt 0.621258 0.494520
vt 0.619156 0.492456
vt 0.620325 0.489919
vt 0.620935 0.487504
vt 0.621291 0.485079
vt 0.623202 0.483392
vt 0.625067 0.484407
vt 0.860538 0.239567
vt 0.626963 0.485435
vt 0.858876 0.235861
vt 0.615984 0.494726
vt 0.614139 0.494354
vt 0.611969 0.494268
vt 0.609717 0.494381
vt 0.607377 0.492265
vt 0.607347 0.489751
vt 0.607313 0.487210
vt 0.607276 0.484691
vt 0.609001 0.482241
vt 0.610815 0.482241
vt 0.612645 0.482240
vt 0.614456 0.482239
vt 0.616287 0.484500
vt 0.616541 0.486912
vt 0.616905 0.489523
vt 0.617153 0.492402
vt 0.392730 0.507527
vt 0.392719 0.510088
vt 0.392727 0.512683
vt 0.392744 0.515257
vt 0.390977 0.517727
vt 0.389142 0.517704
vt 0.387302 0.517695
vt 0.385498 0.517710
vt 0.381414 0.513402
vt 0.378459 0.508553
vt 0.375000 0.496761
vt 0.375000 0.503239
vt 0.379009 0.496113
vt 0.382540 0.496513
vt 0.383667 0.498310
vt 0.386646 0.500924
vt 0.389778 0.503174
vt 0.392764 0.734717
vt 0.392763 0.737270
vt 0.392761 0.739856
vt 0.392761 0.742427
vt 0.390558 0.744671
vt 0.388232 0.744491
vt 0.385875 0.744429
vt 0.383972 0.744725
vt 0.382849 0.742438
vt 0.383153 0.739707
vt 0.383551 0.737214
vt 0.383840 0.734818
vt 0.385623 0.732386
vt 0.387406 0.732362
vt 0.389212 0.732330
vt 0.391009 0.732289
vt 0.614502 0.517710
vt 0.612700 0.517693
vt 0.610859 0.517702
vt 0.609025 0.517726
vt 0.607246 0.515258
vt 0.607257 0.512684
vt 0.607265 0.510089
vt 0.607260 0.507528
vt 0.610254 0.503165
vt 0.613379 0.500898
vt 0.616110 0.498453
vt 0.617371 0.496596
vt 0.620925 0.496120
vt 0.625000 0.503267
vt 0.625000 0.496733
vt 0.621411 0.508705
vt 0.618526 0.513471
vt 0.616012 0.744722
vt 0.614172 0.744348
vt 0.611991 0.744264
vt 0.609725 0.744381
vt 0.607377 0.742265
vt 0.607347 0.739751
vt 0.607313 0.737210
vt 0.607276 0.734691
vt 0.608999 0.732241
vt 0.610813 0.732241
vt 0.612642 0.732240
vt 0.614456 0.732239
vt 0.616288 0.734516
vt 0.616547 0.736943
vt 0.616911 0.739551
vt 0.617156 0.742419
vt 0.425244 0.868771
vt 0.388155 0.012499
vt 0.461433 0.762499
vt 0.388086 0.010713
vt 0.388851 0.008463
vt 0.385738 0.010108
vt 0.383131 0.010924
vt 0.380740 0.011198
vt 0.458548 0.762499
vt 0.379789 0.012499
vt 0.428425 0.743612
vt 0.406897 0.843910
vt 0.410028 0.812974
vt 0.421778 0.857335
vt 0.460732 0.762499
vt 0.386121 0.012499
vt 0.384054 0.012499
vt 0.460019 0.762499
vt 0.459288 0.762499
vt 0.381934 0.012499
vt 0.417849 0.546694
vt 0.368873 0.015745
vt 0.366277 0.015319
vt 0.363863 0.015214
vt 0.361541 0.015187
vt 0.452889 0.762499
vt 0.363377 0.012499
vt 0.426619 0.739090
vt 0.412817 0.812510
vt 0.427372 0.739142
vt 0.371813 0.012499
vt 0.455798 0.762499
vt 0.374508 0.012289
vt 0.372431 0.013070
vt 0.370472 0.013987
vt 0.454321 0.762499
vt 0.367530 0.012499
vt 0.453597 0.762499
vt 0.365430 0.012499
vt 0.412750 0.531239
vt 0.369661 0.012499
vt 0.455056 0.762499
vt 0.139843 0.014830
vt 0.375000 0.735493
vt 0.137499 0.014507
vt 0.375893 0.735679
vt 0.377280 0.735267
vt 0.377132 0.737903
vt 0.377337 0.740126
vt 0.377700 0.742196
vt 0.375000 0.757691
vt 0.375000 0.742309
vt 0.376081 0.760875
vt 0.377032 0.763645
vt 0.376393 0.763102
vt 0.139540 0.012499
vt 0.375704 0.762499
vt 0.375000 0.762499
vt 0.137499 0.012499
vt 0.375000 0.737501
vt 0.375000 0.739071
vt 0.375000 0.760929
vt 0.375000 0.759319
vt 0.375000 0.740681
vt 0.375691 0.761619
vt 0.389483 0.755972
vt 0.389739 0.759210
vt 0.390293 0.762371
vt 0.390665 0.765118
vt 0.388462 0.764948
vt 0.385891 0.764380
vt 0.383384 0.763709
vt 0.380106 0.758578
vt 0.375000 0.748366
vt 0.375000 0.751634
vt 0.379290 0.747600
vt 0.380567 0.749651
vt 0.385636 0.753616
vt 0.386089 0.758035
vt 0.387841 0.762274
vt 0.384189 0.760878
vt 0.375000 0.750000
vt 0.390343 0.016015
vt 0.387922 0.015970
vt 0.385391 0.015982
vt 0.382756 0.016083
vt 0.382824 0.014402
vt 0.382678 0.012895
vt 0.382354 0.011606
vt 0.385163 0.011521
vt 0.387824 0.011269
vt 0.390280 0.010967
vt 0.390405 0.012479
vt 0.390417 0.014199
vt 0.388183 0.014015
vt 0.385701 0.014008
vt 0.385561 0.012581
vt 0.388214 0.012329
vt 0.574266 0.873574
vt 0.575744 0.874078
vt 0.578334 0.877719
vt 0.584913 0.892238
vt 0.559296 0.814820
vt 0.620319 0.012499
vt 0.541489 0.762499
vt 0.619186 0.021213
vt 0.616733 0.033040
vt 0.613419 0.125935
vt 0.610714 0.082257
vt 0.611227 0.103503
vt 0.538612 0.762499
vt 0.611976 0.012499
vt 0.614017 0.012499
vt 0.539316 0.762499
vt 0.540029 0.762499
vt 0.616085 0.012499
vt 0.618205 0.012499
vt 0.540760 0.762499
vt 0.613184 0.350039
vt 0.617254 0.016585
vt 0.614591 0.016322
vt 0.612029 0.016208
vt 0.609595 0.016170
vt 0.609481 0.014595
vt 0.609452 0.013552
vt 0.609531 0.013415
vt 0.612001 0.015817
vt 0.614729 0.016558
vt 0.617621 0.015885
vt 0.617332 0.015404
vt 0.617197 0.015619
vt 0.614288 0.014680
vt 0.611749 0.014490
vt 0.611691 0.013920
vt 0.614388 0.014856
vt 0.389977 0.235050
vt 0.389631 0.237867
vt 0.388621 0.241313
vt 0.386741 0.245542
vt 0.379752 0.249495
vt 0.371378 0.254718
vt 0.362581 0.260475
vt 0.368403 0.252833
vt 0.374256 0.245071
vt 0.379044 0.238245
vt 0.383599 0.236326
vt 0.387115 0.235396
vt 0.386905 0.238038
vt 0.385068 0.242188
vt 0.377682 0.246592
vt 0.382462 0.239787
vt 0.314066 0.325233
vt 0.287863 0.350128
vt 0.247246 0.353023
vt 0.265253 0.371979
vt 0.305500 0.290521
vt 0.310864 0.287386
vt 0.334902 0.265154
vt 0.345103 0.257508
vt 0.324195 0.281557
vt 0.299726 0.309673
vt 0.296972 0.315706
vt 0.261147 0.367656
vt 0.251352 0.357346
vt 0.284935 0.349025
vt 0.249266 0.355150
vt 0.263233 0.369852
vt 0.248245 0.354075
vt 0.264254 0.370927
vt 0.321717 0.280625
vt 0.262197 0.368761
vt 0.250302 0.356241
vt 0.638454 0.015190
vt 0.636130 0.015227
vt 0.633750 0.015348
vt 0.631161 0.015818
vt 0.629592 0.014178
vt 0.627670 0.013352
vt 0.625586 0.012920
vt 0.544239 0.762499
vt 0.628293 0.012499
vt 0.572430 0.730653
vt 0.587131 0.808935
vt 0.573171 0.744350
vt 0.636650 0.012499
vt 0.547121 0.762499
vt 0.546418 0.762499
vt 0.634611 0.012499
vt 0.632544 0.012499
vt 0.545705 0.762499
vt 0.544975 0.762499
vt 0.630429 0.012499
vt 0.587331 0.531253
vt 0.609300 0.765060
vt 0.609622 0.762362
vt 0.610140 0.759258
vt 0.610461 0.756038
vt 0.614545 0.753569
vt 0.619304 0.749825
vt 0.620721 0.747653
vt 0.625000 0.751634
vt 0.625000 0.748366
vt 0.619835 0.758499
vt 0.616630 0.763473
vt 0.614105 0.764199
vt 0.611531 0.764815
vt 0.612103 0.762210
vt 0.613461 0.758361
vt 0.625000 0.750000
vt 0.616070 0.760533
vt 0.622275 0.742135
vt 0.622696 0.740069
vt 0.622896 0.737963
vt 0.622793 0.735386
vt 0.624118 0.735700
vt 0.862501 0.014514
vt 0.625000 0.735486
vt 0.860157 0.014829
vt 0.624299 0.762499
vt 0.860467 0.012499
vt 0.623573 0.763102
vt 0.622892 0.763769
vt 0.623851 0.761037
vt 0.625000 0.742288
vt 0.625000 0.757712
vt 0.625000 0.759323
vt 0.625000 0.740677
vt 0.625000 0.739084
vt 0.625000 0.760916
vt 0.625000 0.762499
vt 0.625000 0.737501
vt 0.862501 0.012499
vt 0.624305 0.761674
vt 0.694577 0.290922
vt 0.734798 0.371925
vt 0.752703 0.353077
vt 0.712855 0.350698
vt 0.685921 0.325186
vt 0.713906 0.347986
vt 0.748652 0.357341
vt 0.738849 0.367661
vt 0.703619 0.316620
vt 0.702454 0.312638
vt 0.673983 0.284211
vt 0.655012 0.260558
vt 0.666384 0.270373
vt 0.688443 0.287666
vt 0.751715 0.354118
vt 0.735786 0.370884
vt 0.736791 0.369826
vt 0.750710 0.355176
vt 0.749681 0.356258
vt 0.737820 0.368744
vt 0.674988 0.290431
vt 0.637231 0.260457
vt 0.628888 0.254970
vt 0.620570 0.249632
vt 0.613430 0.245427
vt 0.611443 0.241158
vt 0.610467 0.237779
vt 0.610091 0.234972
vt 0.612959 0.235283
vt 0.616528 0.236242
vt 0.620979 0.238057
vt 0.625423 0.244735
vt 0.631112 0.252489
vt 0.622277 0.246538
vt 0.615007 0.242140
vt 0.613161 0.237956
vt 0.617531 0.239691
vt 0.373626 0.270854
vt 0.377740 0.270529
vt 0.383786 0.268521
vt 0.387334 0.268266
vt 0.381343 0.271688
vt 0.370199 0.279274
vt 0.357377 0.288453
vt 0.317511 0.318136
vt 0.255202 0.361398
vt 0.257297 0.363604
vt 0.301326 0.320232
vt 0.307406 0.318315
vt 0.348201 0.288737
vt 0.358123 0.284467
vt 0.376484 0.273026
vt 0.353220 0.290262
vt 0.256250 0.362501
vt 0.390965 0.484644
vt 0.390874 0.487049
vt 0.390783 0.489546
vt 0.390704 0.492122
vt 0.388550 0.491905
vt 0.386420 0.491864
vt 0.384437 0.492010
vt 0.384873 0.489390
vt 0.385218 0.486908
vt 0.385480 0.484602
vt 0.387245 0.484537
vt 0.389092 0.484556
vt 0.388862 0.486774
vt 0.388667 0.489193
vt 0.386698 0.489184
vt 0.386935 0.486683
vt 0.376741 0.514237
vt 0.375784 0.514240
vt 0.137499 0.235471
vt 0.375000 0.514529
vt 0.139309 0.235703
vt 0.374003 0.486451
vt 0.138496 0.238551
vt 0.375445 0.485958
vt 0.377121 0.485313
vt 0.377295 0.487589
vt 0.377412 0.490039
vt 0.377772 0.492176
vt 0.375000 0.507644
vt 0.375000 0.492356
vt 0.375846 0.510867
vt 0.375000 0.489096
vt 0.375000 0.510904
vt 0.375000 0.487501
vt 0.375000 0.512499
vt 0.137499 0.237501
vt 0.375713 0.487861
vt 0.375000 0.509286
vt 0.375000 0.490714
vt 0.642796 0.288561
vt 0.629811 0.279226
vt 0.618773 0.271756
vt 0.612531 0.268151
vt 0.615587 0.268014
vt 0.621266 0.269720
vt 0.625570 0.270203
vt 0.652590 0.289336
vt 0.689529 0.315813
vt 0.697589 0.319353
vt 0.742699 0.363608
vt 0.744802 0.361394
vt 0.681681 0.317569
vt 0.649097 0.291969
vt 0.623031 0.272604
vt 0.637722 0.281171
vt 0.743751 0.362501
vt 0.860716 0.235728
vt 0.625000 0.514508
vt 0.862501 0.235492
vt 0.624238 0.514197
vt 0.623261 0.514238
vt 0.624117 0.510958
vt 0.625000 0.492309
vt 0.625000 0.507691
vt 0.622268 0.492134
vt 0.622695 0.490047
vt 0.622774 0.487660
vt 0.622963 0.485433
vt 0.624565 0.485986
vt 0.861510 0.238545
vt 0.625991 0.486457
vt 0.625000 0.487501
vt 0.862501 0.237501
vt 0.625000 0.512499
vt 0.625000 0.510921
vt 0.625000 0.489079
vt 0.625000 0.490694
vt 0.625000 0.509306
vt 0.624349 0.487890
vt 0.615559 0.492003
vt 0.613615 0.491814
vt 0.611548 0.491797
vt 0.609435 0.491964
vt 0.609327 0.489427
vt 0.609213 0.486946
vt 0.609089 0.484560
vt 0.610960 0.484444
vt 0.612812 0.484396
vt 0.614594 0.484434
vt 0.614828 0.486781
vt 0.615140 0.489332
vt 0.613336 0.489123
vt 0.611397 0.489118
vt 0.611195 0.486682
vt 0.613102 0.486592
vt 0.389479 0.505975
vt 0.389743 0.509208
vt 0.390296 0.512362
vt 0.390668 0.515106
vt 0.388462 0.514929
vt 0.385886 0.514359
vt 0.383372 0.513688
vt 0.380090 0.508556
vt 0.375000 0.498365
vt 0.375000 0.501635
vt 0.379284 0.497593
vt 0.380544 0.499642
vt 0.385626 0.503617
vt 0.386096 0.508037
vt 0.387842 0.512259
vt 0.384181 0.510858
vt 0.375000 0.500000
vt 0.390964 0.734644
vt 0.390873 0.737050
vt 0.390780 0.739548
vt 0.390701 0.742124
vt 0.388544 0.741911
vt 0.386413 0.741875
vt 0.384428 0.742030
vt 0.384863 0.739411
vt 0.385211 0.736922
vt 0.385477 0.734607
vt 0.387244 0.734538
vt 0.389092 0.734556
vt 0.388861 0.736775
vt 0.388663 0.739196
vt 0.386692 0.739194
vt 0.386932 0.736687
vt 0.616660 0.513664
vt 0.614137 0.514329
vt 0.611551 0.514905
vt 0.609314 0.515106
vt 0.609632 0.512388
vt 0.610147 0.509251
vt 0.610443 0.506022
vt 0.614477 0.503567
vt 0.619208 0.499838
vt 0.620635 0.497653
vt 0.625000 0.501651
vt 0.625000 0.498349
vt 0.619814 0.508658
vt 0.616072 0.510615
vt 0.612112 0.512264
vt 0.613493 0.508316
vt 0.625000 0.500000
vt 0.615577 0.742011
vt 0.613633 0.741819
vt 0.611559 0.741800
vt 0.609439 0.741966
vt 0.609328 0.739429
vt 0.609213 0.736948
vt 0.609088 0.734561
vt 0.610959 0.734445
vt 0.612812 0.734399
vt 0.614596 0.734441
vt 0.614834 0.736794
vt 0.615150 0.739345
vt 0.613344 0.739130
vt 0.611400 0.739121
vt 0.611196 0.736684
vt 0.613105 0.736598
vn -0.000105 -0.998797 0.049034
vn -0.000128 -0.999545 0.030155
vn 0.000115 -0.999545 0.030164
vn 0.000106 -0.998801 0.048944
vn -0.000122 -0.999696 0.024667
vn 0.000113 -0.999695 0.024682
vn -0.000115 -0.999806 0.019701
vn 0.000112 -0.999806 0.019723
vn -0.000109 -0.999888 0.014965
vn 0.000111 -0.999888 0.014995
vn -0.000110 -1.000000 0.000108
vn 0.000108 -1.000000 0.000110
vn -0.053992 -0.997087 0.053881
vn -0.031679 -0.998554 0.043425
vn -0.039607 -0.997018 0.066228
vn -0.026652 -0.998594 0.045816
vn -0.031767 -0.997553 0.062279
vn -0.021402 -0.998659 0.047140
vn -0.024812 -0.997850 0.060655
vn -0.015798 -0.998718 0.048096
vn -0.017953 -0.998042 0.059915
vn -0.000117 -0.998236 0.059379
vn -0.048944 -0.998802 0.000106
vn -0.048481 -0.998693 0.016159
vn -0.060462 -0.998013 0.017733
vn -0.059270 -0.998242 0.000115
vn -0.047871 -0.998610 0.022056
vn -0.061729 -0.997792 0.024524
vn -0.046607 -0.998535 0.027498
vn -0.063563 -0.997482 0.031445
vn -0.043808 -0.998520 0.032237
vn -0.067117 -0.996965 0.039452
vn -0.014995 -0.999888 0.000111
vn -0.014965 -0.999888 -0.000115
vn -0.000108 -1.000000 -0.000110
vn -0.019723 -0.999806 0.000112
vn -0.019701 -0.999806 -0.000121
vn -0.024683 -0.999695 0.000113
vn -0.024666 -0.999696 -0.000126
vn -0.030164 -0.999545 0.000115
vn -0.030154 -0.999545 -0.000130
vn -0.049034 -0.998797 -0.000105
vn -0.999309 -0.037120 0.002038
vn -0.962227 -0.037286 0.269683
vn -0.962261 0.036951 0.269606
vn -0.999286 0.037738 0.002032
vn -0.937555 -0.037449 0.345816
vn -0.937582 0.036937 0.345797
vn -0.907495 -0.037220 0.418412
vn -0.907502 0.036656 0.418446
vn -0.871115 -0.036232 0.489741
vn -0.871085 0.035818 0.489824
vn -0.740316 -0.025718 0.671767
vn -0.739883 0.026251 0.672223
vn -0.096175 -0.995364 0.000232
vn -0.096141 -0.995368 -0.000204
vn -0.059379 -0.998235 -0.000117
vn -0.117322 -0.993094 0.000275
vn -0.117243 -0.993103 -0.000246
vn -0.146336 -0.989235 0.000327
vn -0.146173 -0.989259 -0.000304
vn -0.191160 -0.981559 0.000406
vn -0.190802 -0.981629 -0.000392
vn -0.999287 -0.037700 -0.002031
vn -0.178228 -0.970995 0.159383
vn -0.159732 -0.970903 0.178416
vn -0.671734 -0.026299 0.740325
vn -0.133944 -0.983949 0.117915
vn -0.118269 -0.983891 0.134056
vn -0.108703 -0.989712 0.093028
vn -0.093398 -0.989669 0.108773
vn -0.091676 -0.993039 0.073952
vn -0.074304 -0.993011 0.091691
vn -0.739883 -0.026195 -0.672225
vn -0.871096 -0.035212 -0.489849
vn -0.871115 0.036241 -0.489740
vn -0.740316 0.025730 -0.671766
vn -0.907538 -0.035308 -0.418484
vn -0.907494 0.037238 -0.418412
vn -0.937641 -0.035098 -0.345829
vn -0.937554 0.037464 -0.345816
vn -0.962326 -0.035105 -0.269623
vn -0.962227 0.037290 -0.269683
vn -0.999290 0.037630 -0.002037
vn -0.053677 -0.997112 -0.053724
vn -0.091251 -0.993112 -0.073500
vn -0.072888 -0.993301 -0.089672
vn -0.108107 -0.989885 -0.091868
vn -0.090653 -0.990350 -0.104823
vn -0.133840 -0.984070 -0.117018
vn -0.115439 -0.984775 -0.129969
vn -0.178908 -0.970837 -0.159586
vn -0.157489 -0.971870 -0.175118
vn -0.671496 -0.027251 -0.740507
vn -0.059929 -0.998041 -0.017960
vn -0.048053 -0.998720 -0.015814
vn -0.060675 -0.997849 -0.024822
vn -0.047053 -0.998663 -0.021421
vn -0.062299 -0.997552 -0.031777
vn -0.045679 -0.998600 -0.026671
vn -0.066243 -0.997017 -0.039613
vn -0.043236 -0.998562 -0.031690
vn -0.000113 -0.999886 -0.015130
vn 0.000106 -0.999886 -0.015125
vn 0.000110 -1.000000 -0.000110
vn -0.000116 -0.999802 -0.019910
vn 0.000109 -0.999802 -0.019909
vn -0.000120 -0.999690 -0.024885
vn 0.000113 -0.999690 -0.024888
vn -0.000121 -0.999540 -0.030339
vn 0.000118 -0.999539 -0.030346
vn -0.000101 -0.998802 -0.048932
vn 0.000103 -0.998799 -0.048994
vn -0.015860 -0.998711 -0.048219
vn -0.017682 -0.998031 -0.060186
vn -0.000114 -0.998234 -0.059397
vn -0.021383 -0.998644 -0.047464
vn -0.024196 -0.997841 -0.061064
vn -0.026501 -0.998583 -0.046139
vn -0.030811 -0.997555 -0.062723
vn -0.031528 -0.998556 -0.043488
vn -0.038839 -0.997035 -0.066425
vn -0.487345 -0.038531 0.872359
vn -0.487620 0.034099 0.872390
vn -0.671496 0.027259 0.740507
vn -0.415356 -0.038169 0.908858
vn -0.415646 0.035045 0.908851
vn -0.342657 -0.037040 0.938730
vn -0.342985 0.035795 0.938658
vn -0.267030 -0.036088 0.963012
vn -0.267434 0.036329 0.962891
vn -0.002008 -0.037702 0.999287
vn -0.002035 0.037202 0.999306
vn -0.000389 -0.981628 0.190805
vn 0.000406 -0.981558 0.191162
vn 0.002038 -0.037120 0.999309
vn -0.000301 -0.989259 0.146173
vn 0.000327 -0.989235 0.146336
vn -0.000244 -0.993103 0.117242
vn 0.000275 -0.993094 0.117322
vn -0.000203 -0.995368 0.096141
vn 0.000232 -0.995364 0.096176
vn 0.000115 -0.998242 0.059270
vn 0.049034 -0.998797 0.000105
vn 0.030155 -0.999545 0.000128
vn 0.030164 -0.999545 -0.000115
vn 0.048944 -0.998802 -0.000106
vn 0.024667 -0.999696 0.000122
vn 0.024683 -0.999695 -0.000113
vn 0.019701 -0.999806 0.000115
vn 0.019723 -0.999806 -0.000112
vn 0.014965 -0.999888 0.000109
vn 0.014995 -0.999888 -0.000111
vn 0.053881 -0.997087 0.053992
vn 0.043425 -0.998554 0.031679
vn 0.066228 -0.997018 0.039607
vn 0.045815 -0.998594 0.026652
vn 0.062279 -0.997553 0.031767
vn 0.047140 -0.998659 0.021402
vn 0.060655 -0.997850 0.024812
vn 0.048097 -0.998718 0.015798
vn 0.059915 -0.998042 0.017953
vn 0.059379 -0.998235 0.000117
vn 0.016159 -0.998693 0.048481
vn 0.017733 -0.998013 0.060462
vn 0.022056 -0.998610 0.047871
vn 0.024524 -0.997792 0.061729
vn 0.027498 -0.998535 0.046606
vn 0.031445 -0.997482 0.063563
vn 0.032237 -0.998520 0.043808
vn 0.039452 -0.996965 0.067117
vn 0.269685 -0.037284 0.962227
vn 0.269624 0.035103 0.962326
vn 0.002031 0.037688 0.999287
vn 0.345815 -0.037448 0.937555
vn 0.345828 0.035095 0.937641
vn 0.418411 -0.037221 0.907495
vn 0.418482 0.035298 0.907539
vn 0.489741 -0.036233 0.871115
vn 0.489849 0.035197 0.871097
vn 0.671767 -0.025718 0.740315
vn 0.672226 0.026204 0.739882
vn 0.159383 -0.970995 0.178228
vn 0.178417 -0.970903 0.159733
vn 0.740325 -0.026299 0.671734
vn 0.117915 -0.983949 0.133945
vn 0.134056 -0.983891 0.118269
vn 0.093028 -0.989712 0.108703
vn 0.108773 -0.989669 0.093398
vn 0.073952 -0.993039 0.091677
vn 0.091691 -0.993011 0.074304
vn -0.000114 0.998234 0.059397
vn -0.000229 0.995363 0.096193
vn 0.000204 0.995367 0.096144
vn 0.000118 0.998232 0.059433
vn -0.000266 0.993094 0.117321
vn 0.000246 0.993104 0.117240
vn -0.000312 0.989238 0.146318
vn 0.000304 0.989259 0.146171
vn -0.000387 0.981567 0.191119
vn 0.000392 0.981626 0.190817
vn -0.053369 0.997146 0.053395
vn -0.038617 0.997061 0.066165
vn -0.031413 0.998564 0.043396
vn -0.030746 0.997567 0.062568
vn -0.026476 0.998586 0.046098
vn -0.024210 0.997845 0.060988
vn -0.021415 0.998644 0.047446
vn -0.017721 0.998031 0.060167
vn -0.015905 0.998710 0.048214
vn -0.000101 0.998802 0.048932
vn -0.157831 0.971739 0.175535
vn -0.179152 0.970772 0.159710
vn -0.115676 0.984694 0.130369
vn -0.133992 0.984050 0.117011
vn -0.090606 0.990339 0.104969
vn -0.108001 0.989926 0.091561
vn -0.072534 0.993346 0.089460
vn -0.090896 0.993185 0.072949
vn -0.189156 0.981947 0.000396
vn -0.189214 0.981936 -0.000392
vn -0.144830 0.989456 0.000312
vn -0.144841 0.989455 -0.000308
vn -0.116304 0.993214 0.000257
vn -0.116295 0.993215 -0.000254
vn -0.095593 0.995420 0.000214
vn -0.095574 0.995422 -0.000212
vn -0.059394 0.998235 0.000111
vn -0.059319 0.998239 -0.000114
vn -0.060226 0.998027 0.017721
vn -0.048205 0.998711 0.015875
vn -0.048928 0.998802 0.000104
vn -0.061107 0.997837 0.024251
vn -0.047414 0.998646 0.021388
vn -0.062755 0.997551 0.030876
vn -0.046037 0.998589 0.026474
vn -0.066417 0.997034 0.038872
vn -0.043307 0.998566 0.031465
vn 0.872358 -0.038531 0.487347
vn 0.872389 0.034081 0.487622
vn 0.740507 0.027254 0.671496
vn 0.908858 -0.038170 0.415355
vn 0.908852 0.035027 0.415646
vn 0.938730 -0.037041 0.342656
vn 0.938659 0.035784 0.342984
vn 0.963013 -0.036089 0.267029
vn 0.962892 0.036327 0.267433
vn 0.999287 -0.037702 0.002008
vn 0.999306 0.037202 0.002035
vn 0.190803 -0.981628 0.000389
vn 0.191161 -0.981559 -0.000386
vn 0.999309 -0.037108 -0.002035
vn 0.146172 -0.989259 0.000301
vn 0.146332 -0.989236 -0.000311
vn 0.117242 -0.993103 0.000244
vn 0.117316 -0.993095 -0.000265
vn 0.096140 -0.995368 0.000203
vn 0.096172 -0.995365 -0.000228
vn 0.059269 -0.998242 -0.000115
vn 0.053832 -0.997098 -0.053834
vn 0.031678 -0.998554 -0.043424
vn 0.039610 -0.997017 -0.066238
vn 0.026652 -0.998594 -0.045815
vn 0.031776 -0.997552 -0.062297
vn 0.021403 -0.998659 -0.047141
vn 0.024822 -0.997849 -0.060675
vn 0.015797 -0.998718 -0.048097
vn 0.017960 -0.998041 -0.059929
vn 0.000118 -0.998232 -0.059433
vn 0.048480 -0.998693 -0.016159
vn 0.060407 -0.998017 -0.017699
vn 0.047871 -0.998610 -0.022056
vn 0.061615 -0.997800 -0.024458
vn 0.046605 -0.998535 -0.027498
vn 0.063373 -0.997498 -0.031328
vn 0.043807 -0.998520 -0.032238
vn 0.066825 -0.996992 -0.039268
vn 0.740507 -0.027264 -0.671495
vn 0.175094 -0.971884 -0.157432
vn 0.159589 -0.970836 -0.178910
vn 0.672226 -0.026194 -0.739882
vn 0.129964 -0.984781 -0.115398
vn 0.117020 -0.984070 -0.133841
vn 0.104826 -0.990353 -0.090627
vn 0.091870 -0.989885 -0.108108
vn 0.089680 -0.993300 -0.072881
vn 0.073500 -0.993112 -0.091250
vn 0.962881 -0.036617 -0.267432
vn 0.963012 0.036091 -0.267029
vn 0.999287 0.037691 -0.002008
vn 0.938646 -0.036173 -0.342979
vn 0.938731 0.037036 -0.342656
vn 0.908843 -0.035381 -0.415636
vn 0.908860 0.038146 -0.415353
vn 0.872386 -0.034276 -0.487614
vn 0.872359 0.038495 -0.487347
vn 0.740325 0.026304 -0.671735
vn 0.059397 0.998234 0.000114
vn 0.096195 0.995363 0.000229
vn 0.096144 0.995367 -0.000202
vn 0.059433 0.998232 -0.000118
vn 0.117322 0.993094 0.000266
vn 0.117240 0.993104 -0.000244
vn 0.146317 0.989238 0.000312
vn 0.146169 0.989260 -0.000301
vn 0.191118 0.981567 0.000387
vn 0.190817 0.981625 -0.000389
vn 0.053440 0.997142 0.053397
vn 0.066190 0.997057 0.038685
vn 0.043370 0.998564 0.031454
vn 0.062587 0.997565 0.030760
vn 0.046068 0.998587 0.026480
vn 0.060996 0.997845 0.024193
vn 0.047424 0.998646 0.021398
vn 0.060167 0.998031 0.017697
vn 0.048204 0.998711 0.015886
vn 0.048932 0.998802 0.000101
vn 0.175444 0.971765 0.157775
vn 0.159862 0.970740 0.179186
vn 0.130309 0.984701 0.115686
vn 0.117239 0.984014 0.134056
vn 0.104944 0.990335 0.090680
vn 0.091869 0.989884 0.108118
vn 0.089480 0.993334 0.072675
vn 0.073281 0.993148 0.091030
vn 0.017974 0.998042 0.059909
vn 0.015838 0.998720 0.048039
vn 0.000103 0.998799 0.048993
vn 0.024819 0.997853 0.060607
vn 0.021436 0.998664 0.047016
vn 0.031724 0.997562 0.062163
vn 0.026649 0.998604 0.045612
vn 0.039456 0.997039 0.066011
vn 0.031612 0.998570 0.043120
vn -0.000109 1.000000 0.000110
vn -0.000112 0.999886 0.015130
vn 0.000112 0.999886 0.015125
vn 0.000110 1.000000 0.000110
vn -0.000115 0.999802 0.019910
vn 0.000115 0.999802 0.019909
vn -0.000119 0.999690 0.024886
vn 0.000118 0.999690 0.024887
vn -0.000121 0.999540 0.030339
vn 0.000120 0.999539 0.030345
vn -0.030147 0.999546 0.000131
vn -0.030164 0.999545 -0.000114
vn -0.048899 0.998804 -0.000107
vn -0.024665 0.999696 0.000127
vn -0.024684 0.999695 -0.000113
vn -0.019703 0.999806 0.000121
vn -0.019724 0.999805 -0.000111
vn -0.014969 0.999888 0.000115
vn -0.014993 0.999888 -0.000110
vn -0.000110 1.000000 -0.000109
vn -0.000103 0.998802 -0.048929
vn -0.000129 0.999545 -0.030149
vn 0.000115 0.999545 -0.030164
vn 0.000107 0.998804 -0.048900
vn -0.000122 0.999696 -0.024666
vn 0.000114 0.999695 -0.024684
vn -0.000115 0.999806 -0.019703
vn 0.000112 0.999805 -0.019724
vn -0.000109 0.999888 -0.014969
vn 0.000111 0.999888 -0.014993
vn 0.000110 1.000000 -0.000110
vn -0.053665 0.997121 -0.053568
vn -0.031455 0.998559 -0.043489
vn -0.038866 0.997036 -0.066400
vn -0.026455 0.998583 -0.046170
vn -0.030866 0.997553 -0.062731
vn -0.021370 0.998643 -0.047501
vn -0.024241 0.997838 -0.061085
vn -0.015859 0.998709 -0.048251
vn -0.017713 0.998028 -0.060213
vn -0.000111 0.998235 -0.059394
vn -0.048478 0.998693 -0.016187
vn -0.060458 0.998013 -0.017747
vn -0.047868 0.998609 -0.022123
vn -0.061703 0.997792 -0.024559
vn -0.046582 0.998535 -0.027535
vn -0.063459 0.997490 -0.031426
vn -0.043719 0.998526 -0.032149
vn -0.066884 0.996988 -0.039263
vn -0.178777 0.970818 -0.159850
vn -0.159983 0.970784 -0.178838
vn -0.671732 0.026353 -0.740325
vn -0.134222 0.983893 -0.118066
vn -0.118198 0.983879 -0.134207
vn -0.108698 0.989727 -0.092872
vn -0.093002 0.989723 -0.108620
vn -0.091408 0.993093 -0.073554
vn -0.073714 0.993091 -0.091305
vn 0.015130 0.999885 0.000113
vn 0.015125 0.999886 -0.000106
vn 0.019910 0.999802 0.000117
vn 0.019909 0.999802 -0.000109
vn 0.024885 0.999690 0.000120
vn 0.024888 0.999690 -0.000113
vn 0.030339 0.999540 0.000121
vn 0.030346 0.999539 -0.000118
vn 0.048994 0.998799 -0.000103
vn 0.053458 0.997125 -0.053712
vn 0.091337 0.993062 -0.074065
vn 0.073554 0.993093 -0.091407
vn 0.108697 0.989682 -0.093350
vn 0.092871 0.989727 -0.108697
vn 0.134318 0.983825 -0.118519
vn 0.118067 0.983893 -0.134222
vn 0.179011 0.970702 -0.160290
vn 0.159852 0.970817 -0.178779
vn 0.671767 0.025730 -0.740315
vn 0.059886 0.998044 -0.017956
vn 0.048079 0.998718 -0.015822
vn 0.060567 0.997856 -0.024780
vn 0.047089 0.998661 -0.021408
vn 0.062102 0.997567 -0.031682
vn 0.045709 0.998600 -0.026618
vn 0.065906 0.997046 -0.039432
vn 0.043233 0.998565 -0.031605
vn 0.016189 0.998694 -0.048466
vn 0.017746 0.998013 -0.060458
vn 0.000114 0.998239 -0.059319
vn 0.022125 0.998609 -0.047852
vn 0.024559 0.997792 -0.061703
vn 0.027533 0.998536 -0.046566
vn 0.031425 0.997490 -0.063459
vn 0.032147 0.998527 -0.043709
vn 0.039263 0.996988 -0.066884
vn -0.002009 0.037740 -0.999286
vn -0.000392 0.981947 -0.189158
vn 0.000392 0.981936 -0.189214
vn 0.002038 0.037629 -0.999290
vn -0.000309 0.989456 -0.144830
vn 0.000308 0.989455 -0.144842
vn -0.000255 0.993214 -0.116301
vn 0.000254 0.993215 -0.116294
vn -0.000213 0.995421 -0.095592
vn 0.000212 0.995422 -0.095574
vn -0.487320 0.039142 -0.872346
vn -0.487620 -0.034097 -0.872390
vn -0.415315 0.039527 -0.908818
vn -0.415645 -0.035039 -0.908852
vn -0.342624 0.038893 -0.938667
vn -0.342985 -0.035792 -0.938659
vn -0.267014 0.037947 -0.962945
vn -0.267436 -0.036330 -0.962891
vn -0.002035 -0.037202 -0.999306
vn -0.000229 -0.995362 -0.096195
vn 0.000204 -0.995367 -0.096145
vn -0.000266 -0.993094 -0.117321
vn 0.000246 -0.993104 -0.117241
vn -0.000312 -0.989238 -0.146317
vn 0.000304 -0.989260 -0.146169
vn -0.000387 -0.981567 -0.191119
vn 0.000392 -0.981626 -0.190816
vn 0.002031 -0.037688 -0.999287
vn 0.269685 0.037290 -0.962226
vn 0.269625 -0.035103 -0.962325
vn 0.345815 0.037464 -0.937555
vn 0.345829 -0.035097 -0.937641
vn 0.418410 0.037237 -0.907495
vn 0.418482 -0.035307 -0.907539
vn 0.489740 0.036240 -0.871115
vn 0.489849 -0.035211 -0.871096
vn -0.014859 -0.999768 0.015591
vn -0.015321 -0.999671 0.020558
vn -0.015945 -0.999545 0.025603
vn -0.016519 -0.999387 0.030879
vn -0.021928 -0.999259 0.031620
vn -0.027016 -0.999110 0.032378
vn -0.031980 -0.998943 0.033005
vn -0.031180 -0.999112 0.028350
vn -0.030344 -0.999276 0.022932
vn -0.029896 -0.999408 0.017004
vn -0.024609 -0.999558 0.016684
vn -0.019662 -0.999677 0.016129
vn -0.020310 -0.999565 0.021360
vn -0.021157 -0.999425 0.026515
vn -0.026216 -0.999279 0.027477
vn -0.025306 -0.999433 0.022223
vn -0.170714 -0.980546 0.096879
vn -0.174144 -0.981339 0.081531
vn -0.179104 -0.981517 0.067427
vn -0.184266 -0.981458 0.052776
vn -0.141577 -0.989050 0.041672
vn -0.114327 -0.992840 0.034614
vn -0.094634 -0.995082 0.029268
vn -0.092995 -0.994938 0.038075
vn -0.091236 -0.994769 0.045937
vn -0.089968 -0.994497 0.053673
vn -0.106290 -0.992367 0.062529
vn -0.130197 -0.988636 0.075146
vn -0.133407 -0.988995 0.063961
vn -0.137571 -0.989059 0.053265
vn -0.111551 -0.992760 0.044543
vn -0.108583 -0.992647 0.053488
vn -0.192170 -0.979791 -0.055506
vn -0.186393 -0.979907 -0.070992
vn -0.179125 -0.980149 -0.084981
vn -0.172845 -0.979970 -0.098915
vn -0.131283 -0.988355 -0.076942
vn -0.106952 -0.992189 -0.064197
vn -0.090536 -0.994351 -0.055405
vn -0.092887 -0.994479 -0.048818
vn -0.095474 -0.994604 -0.040582
vn -0.096940 -0.994821 -0.030550
vn -0.117493 -0.992409 -0.036322
vn -0.146462 -0.988248 -0.043768
vn -0.141779 -0.988307 -0.056113
vn -0.136099 -0.988436 -0.066873
vn -0.110249 -0.992317 -0.056149
vn -0.114234 -0.992339 -0.047045
vn -0.016732 -0.999391 -0.030620
vn -0.016418 -0.999546 -0.025265
vn -0.015968 -0.999666 -0.020319
vn -0.015522 -0.999760 -0.015460
vn -0.020356 -0.999667 -0.015886
vn -0.025302 -0.999546 -0.016339
vn -0.030631 -0.999391 -0.016688
vn -0.031163 -0.999270 -0.022089
vn -0.031754 -0.999127 -0.027160
vn -0.032187 -0.998964 -0.032176
vn -0.027191 -0.999126 -0.031733
vn -0.022117 -0.999270 -0.031139
vn -0.021597 -0.999432 -0.025870
vn -0.020947 -0.999562 -0.020895
vn -0.025926 -0.999432 -0.021546
vn -0.026628 -0.999292 -0.026576
vn -0.055290 -0.979804 0.192163
vn -0.070915 -0.979931 0.186298
vn -0.084965 -0.980189 0.178913
vn -0.098951 -0.980004 0.172630
vn -0.077005 -0.988367 0.131153
vn -0.064199 -0.992206 0.106802
vn -0.055384 -0.994360 0.090442
vn -0.048737 -0.994501 0.092694
vn -0.040469 -0.994632 0.095230
vn -0.030439 -0.994843 0.096753
vn -0.036103 -0.992450 0.117220
vn -0.043516 -0.988284 0.146289
vn -0.055985 -0.988348 0.141540
vn -0.066844 -0.988468 0.135879
vn -0.056049 -0.992355 0.109955
vn -0.046871 -0.992389 0.113875
vn 0.015591 -0.999768 0.014859
vn 0.020557 -0.999671 0.015320
vn 0.025603 -0.999545 0.015945
vn 0.030879 -0.999387 0.016519
vn 0.031620 -0.999259 0.021928
vn 0.032378 -0.999111 0.027016
vn 0.033005 -0.998943 0.031980
vn 0.028350 -0.999112 0.031180
vn 0.022932 -0.999276 0.030344
vn 0.017004 -0.999408 0.029896
vn 0.016684 -0.999558 0.024609
vn 0.016129 -0.999677 0.019661
vn 0.021360 -0.999566 0.020310
vn 0.026514 -0.999425 0.021157
vn 0.027477 -0.999279 0.026216
vn 0.022223 -0.999433 0.025306
vn 0.096877 -0.980547 0.170713
vn 0.081531 -0.981339 0.174144
vn 0.067427 -0.981517 0.179105
vn 0.052776 -0.981458 0.184268
vn 0.041670 -0.989050 0.141576
vn 0.034614 -0.992840 0.114328
vn 0.029268 -0.995082 0.094635
vn 0.038075 -0.994938 0.092995
vn 0.045937 -0.994769 0.091236
vn 0.053673 -0.994497 0.089968
vn 0.062529 -0.992367 0.106290
vn 0.075147 -0.988636 0.130198
vn 0.063962 -0.988995 0.133408
vn 0.053265 -0.989059 0.137570
vn 0.044544 -0.992760 0.111551
vn 0.053488 -0.992647 0.108583
vn -0.050708 0.981583 0.184182
vn -0.039855 0.989301 0.140336
vn -0.033391 0.993045 0.112903
vn -0.028722 0.995187 0.093695
vn -0.037180 0.995120 0.091401
vn -0.044706 0.995009 0.089209
vn -0.051819 0.994815 0.087505
vn -0.058987 0.993032 0.102018
vn -0.070928 0.989507 0.125879
vn -0.093520 0.981258 0.168481
vn -0.078678 0.981923 0.172153
vn -0.064996 0.981846 0.178198
vn -0.050926 0.989521 0.135109
vn -0.042792 0.993120 0.108999
vn -0.051214 0.993132 0.105199
vn -0.061080 0.989646 0.129887
vn -0.094629 0.995082 0.029277
vn -0.114484 0.992817 0.034749
vn -0.141895 0.988994 0.041906
vn -0.185135 0.981273 0.053189
vn -0.180311 0.981259 0.067961
vn -0.175404 0.981059 0.082202
vn -0.171744 0.980309 0.097461
vn -0.130606 0.988567 0.075351
vn -0.106385 0.992358 0.062517
vn -0.089790 0.994521 0.053527
vn -0.091187 0.994774 0.045922
vn -0.092998 0.994938 0.038063
vn -0.111784 0.992728 0.044663
vn -0.138031 0.988982 0.053505
vn -0.133887 0.988910 0.064270
vn -0.108783 0.992618 0.053628
vn 0.192164 -0.979804 0.055291
vn 0.186297 -0.979931 0.070915
vn 0.178912 -0.980190 0.084964
vn 0.172632 -0.980003 0.098952
vn 0.131153 -0.988367 0.077006
vn 0.106801 -0.992206 0.064199
vn 0.090442 -0.994360 0.055384
vn 0.092693 -0.994501 0.048737
vn 0.095230 -0.994632 0.040468
vn 0.096752 -0.994843 0.030439
vn 0.117220 -0.992450 0.036103
vn 0.146291 -0.988284 0.043517
vn 0.141541 -0.988348 0.055985
vn 0.135879 -0.988468 0.066844
vn 0.109955 -0.992355 0.056049
vn 0.113875 -0.992389 0.046871
vn 0.014858 -0.999768 -0.015590
vn 0.015319 -0.999671 -0.020556
vn 0.015943 -0.999545 -0.025602
vn 0.016516 -0.999387 -0.030878
vn 0.021928 -0.999259 -0.031619
vn 0.027017 -0.999111 -0.032378
vn 0.031980 -0.998943 -0.033005
vn 0.031180 -0.999112 -0.028350
vn 0.030344 -0.999276 -0.022932
vn 0.029895 -0.999408 -0.017004
vn 0.024610 -0.999558 -0.016683
vn 0.019662 -0.999677 -0.016129
vn 0.020310 -0.999566 -0.021359
vn 0.021157 -0.999425 -0.026513
vn 0.026217 -0.999279 -0.027477
vn 0.025307 -0.999433 -0.022222
vn 0.087763 -0.994781 -0.052041
vn 0.102011 -0.993034 -0.058966
vn 0.125690 -0.989547 -0.070694
vn 0.168125 -0.981355 -0.093150
vn 0.171510 -0.982073 -0.078211
vn 0.177411 -0.982012 -0.064629
vn 0.183493 -0.981722 -0.050512
vn 0.140231 -0.989318 -0.039806
vn 0.113003 -0.993034 -0.033388
vn 0.093882 -0.995168 -0.028741
vn 0.091664 -0.995093 -0.037256
vn 0.089493 -0.994978 -0.044821
vn 0.105278 -0.993126 -0.051157
vn 0.129740 -0.989679 -0.060847
vn 0.134980 -0.989545 -0.050798
vn 0.109116 -0.993108 -0.042784
vn 0.184213 0.981578 0.050707
vn 0.140357 0.989299 0.039846
vn 0.112921 0.993043 0.033375
vn 0.093715 0.995185 0.028699
vn 0.091451 0.995115 0.037181
vn 0.089278 0.995001 0.044748
vn 0.087566 0.994805 0.051908
vn 0.102054 0.993025 0.059047
vn 0.125926 0.989497 0.070986
vn 0.168550 0.981241 0.093578
vn 0.172239 0.981905 0.078720
vn 0.178264 0.981833 0.065012
vn 0.135155 0.989514 0.050934
vn 0.109036 0.993116 0.042793
vn 0.105243 0.993125 0.051242
vn 0.129946 0.989636 0.061113
vn 0.055211 0.994379 0.090348
vn 0.048715 0.994496 0.092757
vn 0.040512 0.994616 0.095385
vn 0.030509 0.994827 0.096896
vn 0.036276 0.992413 0.117475
vn 0.043735 0.988246 0.146485
vn 0.055504 0.979776 0.192247
vn 0.071026 0.979875 0.186547
vn 0.085064 0.980100 0.179356
vn 0.099075 0.979893 0.173188
vn 0.076944 0.988336 0.131421
vn 0.064074 0.992202 0.106911
vn 0.056081 0.992325 0.110208
vn 0.046988 0.992346 0.114202
vn 0.056094 0.988300 0.141831
vn 0.066870 0.988425 0.136180
vn -0.016768 0.999388 0.030688
vn -0.016402 0.999544 0.025336
vn -0.015923 0.999666 0.020356
vn -0.015473 0.999761 0.015472
vn -0.020355 0.999666 0.015923
vn -0.025332 0.999545 0.016403
vn -0.030675 0.999389 0.016761
vn -0.031216 0.999267 0.022161
vn -0.031790 0.999124 0.027222
vn -0.032156 0.998964 0.032212
vn -0.027209 0.999123 0.031837
vn -0.022165 0.999266 0.031247
vn -0.021624 0.999429 0.025978
vn -0.020960 0.999561 0.020961
vn -0.025969 0.999429 0.021626
vn -0.026667 0.999288 0.026680
vn -0.014866 0.999769 -0.015539
vn -0.015347 0.999671 -0.020561
vn -0.016000 0.999543 -0.025644
vn -0.016590 0.999384 -0.030930
vn -0.021999 0.999256 -0.031684
vn -0.027076 0.999107 -0.032428
vn -0.032011 0.998943 -0.032994
vn -0.031258 0.999107 -0.028420
vn -0.030412 0.999273 -0.023004
vn -0.029938 0.999407 -0.017015
vn -0.024672 0.999557 -0.016655
vn -0.019693 0.999677 -0.016077
vn -0.020366 0.999564 -0.021382
vn -0.021230 0.999421 -0.026578
vn -0.026312 0.999274 -0.027547
vn -0.025402 0.999429 -0.022265
vn -0.170964 0.980495 -0.096955
vn -0.174247 0.981320 -0.081541
vn -0.179145 0.981510 -0.067424
vn -0.184285 0.981455 -0.052774
vn -0.141583 0.989049 -0.041658
vn -0.114312 0.992842 -0.034595
vn -0.094588 0.995087 -0.029256
vn -0.092881 0.994951 -0.038020
vn -0.091053 0.994792 -0.045800
vn -0.089722 0.994535 -0.053393
vn -0.106222 0.992386 -0.062342
vn -0.130288 0.988630 -0.075077
vn -0.133433 0.988995 -0.063914
vn -0.137579 0.989059 -0.053239
vn -0.111510 0.992766 -0.044498
vn -0.108519 0.992659 -0.053394
vn 0.030620 0.999390 0.016781
vn 0.025272 0.999545 0.016457
vn 0.020330 0.999665 0.015994
vn 0.015471 0.999760 0.015533
vn 0.015911 0.999666 0.020366
vn 0.016375 0.999546 0.025307
vn 0.016733 0.999391 0.030631
vn 0.022130 0.999269 0.031172
vn 0.027172 0.999126 0.031764
vn 0.032156 0.998965 0.032167
vn 0.031744 0.999126 0.027201
vn 0.031148 0.999269 0.022158
vn 0.025885 0.999431 0.021629
vn 0.020919 0.999561 0.020969
vn 0.021580 0.999431 0.025939
vn 0.026595 0.999291 0.026644
vn 0.192263 0.979785 -0.055287
vn 0.186532 0.979883 -0.070959
vn 0.179303 0.980107 -0.085099
vn 0.173197 0.979876 -0.099227
vn 0.131411 0.988329 -0.077055
vn 0.106791 0.992215 -0.064075
vn 0.090223 0.994392 -0.055178
vn 0.092559 0.994521 -0.048594
vn 0.095123 0.994648 -0.040343
vn 0.096690 0.994851 -0.030365
vn 0.117218 0.992452 -0.036034
vn 0.146339 0.988279 -0.043473
vn 0.141652 0.988334 -0.055952
vn 0.136057 0.988443 -0.066852
vn 0.109958 0.992359 -0.055965
vn 0.113876 0.992393 -0.046783
vn 0.032973 0.998944 -0.031980
vn 0.028407 0.999110 -0.031195
vn 0.023008 0.999275 -0.030335
vn 0.017043 0.999408 -0.029879
vn 0.016717 0.999557 -0.024614
vn 0.016150 0.999676 -0.019669
vn 0.015599 0.999768 -0.014865
vn 0.020572 0.999671 -0.015338
vn 0.025618 0.999544 -0.015980
vn 0.030881 0.999386 -0.016569
vn 0.031629 0.999258 -0.021976
vn 0.032384 0.999110 -0.027039
vn 0.027522 0.999277 -0.026243
vn 0.022277 0.999431 -0.025322
vn 0.021394 0.999564 -0.020331
vn 0.026547 0.999423 -0.021195
vn -0.029172 0.995102 -0.094451
vn -0.034539 0.992854 -0.114231
vn -0.041665 0.989026 -0.141745
vn -0.052979 0.981284 -0.185136
vn -0.067886 0.981280 -0.180223
vn -0.082188 0.981096 -0.175203
vn -0.097498 0.980342 -0.171535
vn -0.075417 0.988578 -0.130482
vn -0.062524 0.992373 -0.106236
vn -0.053508 0.994531 -0.089693
vn -0.045847 0.994795 -0.090995
vn -0.037958 0.994964 -0.092764
vn -0.044501 0.992774 -0.111443
vn -0.053383 0.989019 -0.137809
vn -0.064246 0.988940 -0.133678
vn -0.053538 0.992654 -0.108499
vn -0.050703 -0.981583 -0.184186
vn -0.039848 -0.989305 -0.140316
vn -0.033393 -0.993045 -0.112898
vn -0.028729 -0.995182 -0.093736
vn -0.037229 -0.995109 -0.091502
vn -0.044824 -0.994990 -0.089366
vn -0.052061 -0.994785 -0.087706
vn -0.059065 -0.993033 -0.101968
vn -0.070892 -0.989530 -0.125717
vn -0.093484 -0.981276 -0.168398
vn -0.078681 -0.981927 -0.172129
vn -0.064996 -0.981845 -0.178202
vn -0.050920 -0.989527 -0.135068
vn -0.042807 -0.993120 -0.108993
vn -0.051254 -0.993131 -0.105187
vn -0.061078 -0.989656 -0.129813
vn 0.096955 0.980495 -0.170966
vn 0.081541 0.981320 -0.174249
vn 0.067424 0.981510 -0.179145
vn 0.052775 0.981455 -0.184285
vn 0.041658 0.989049 -0.141584
vn 0.034595 0.992842 -0.114311
vn 0.029256 0.995086 -0.094589
vn 0.038020 0.994951 -0.092881
vn 0.045800 0.994792 -0.091052
vn 0.053393 0.994535 -0.089722
vn 0.062342 0.992386 -0.106222
vn 0.075077 0.988630 -0.130288
vn 0.063914 0.988995 -0.133431
vn 0.053239 0.989059 -0.137579
vn 0.044499 0.992767 -0.111509
vn 0.053394 0.992660 -0.108518
vn 0.055405 -0.994351 -0.090536
vn 0.048818 -0.994479 -0.092887
vn 0.040581 -0.994604 -0.095474
vn 0.030550 -0.994821 -0.096940
vn 0.036322 -0.992409 -0.117493
vn 0.043767 -0.988248 -0.146461
vn 0.055507 -0.979791 -0.192169
vn 0.070991 -0.979907 -0.186393
vn 0.084980 -0.980149 -0.179127
vn 0.098918 -0.979969 -0.172848
vn 0.076943 -0.988355 -0.131282
vn 0.064198 -0.992189 -0.106952
vn 0.056148 -0.992317 -0.110248
vn 0.047045 -0.992339 -0.114233
vn 0.056113 -0.988307 -0.141779
vn 0.066873 -0.988436 -0.136099
s 1
g pCube1
usemtl initialShadingGroup
f 853/943/849 852/1027/850 961/1124/851 960/996/852
f 852/1027/850 851/1026/853 962/1125/854 961/1124/851
f 851/1026/853 850/1024/855 963/1127/856 962/1125/854
f 850/1025/855 849/1023/857 964/1128/858 963/1126/856
f 849/1023/857 868/1019/859 965/952/860 964/1128/858
f 858/944/861 857/1031/862 936/1103/863
f 857/1031/862 856/1030/864 937/1104/865 936/1103/863
f 856/1030/864 855/1029/866 938/1105/867 937/1104/865
f 855/1029/866 854/1028/868 939/1106/869 938/1105/867
f 854/1028/868 853/943/849 940/951/870 939/1106/869
f 863/945/871 862/1036/872 879/1050/873 878/994/874
f 862/1036/872 861/1035/875 880/1051/876 879/1050/873
f 861/1035/875 860/1033/877 881/1053/878 880/1051/876
f 860/1034/877 859/1032/879 882/1054/880 881/1052/878
f 859/1032/879 858/944/861 882/1054/880
f 868/1019/859 867/1040/881 913/1082/882 912/1018/883
f 867/1040/881 866/1039/884 914/1083/885 913/1082/882
f 866/1039/884 865/1038/886 915/1084/887 914/1083/885
f 865/1038/886 864/1037/888 916/1085/889 915/1084/887
f 864/1037/888 863/945/871 917/949/890 916/1085/889
f 873/946/891 872/1044/892 1010/1166/893 1009/1022/894
f 872/1044/892 871/1043/895 1011/1167/896 1010/1166/893
f 871/1043/895 870/1042/897 1012/1168/898 1011/1167/896
f 870/1042/897 869/1041/899 1013/1169/900 1012/1168/898
f 869/1041/899 887/997/901 1014/960/902 1013/1169/900
f 878/994/874 877/1049/903 903/1073/904 902/995/905
f 877/1049/903 876/1048/906 904/1074/907 903/1073/904
f 876/1048/906 875/1046/908 905/1076/909 904/1074/907
f 875/1047/908 874/1045/910 906/1077/911 905/1075/909
f 874/1045/910 873/946/891 907/947/912 906/1077/911
f 887/997/901 886/1058/913 932/1099/914 931/998/915
f 886/1058/913 885/1057/916 933/1100/917 932/1099/914
f 885/1057/916 884/1056/918 934/1101/919 933/1100/917
f 884/1056/918 883/1055/920 935/1102/921 934/1101/919
f 883/1055/920 858/944/861 935/1102/921
f 892/948/922 891/1063/923 1160/1300/924 1178/1009/925
f 891/1063/923 890/1062/926 1161/1301/927 1160/1300/924
f 890/1062/926 889/1060/928 1162/1303/929 1161/1301/927
f 889/1061/928 888/1059/930 1163/1304/931 1162/1302/929
f 888/1059/930 907/947/912 1164/962/932 1163/1304/931
f 897/950/933 896/1067/934 1265/1396/935
f 896/1067/934 895/1066/936 1266/1397/937 1265/1396/935
f 895/1066/936 894/1065/938 1267/1398/939 1266/1397/937
f 894/1065/938 893/1064/940 1268/1399/941 1267/1398/939
f 893/1064/940 892/948/922 1269/987/942 1268/1399/941
f 902/995/905 901/1072/943 918/1086/944 917/949/890
f 901/1072/943 900/1071/945 919/1087/946 918/1086/944
f 900/1071/945 899/1069/947 920/1089/948 919/1087/946
f 899/1070/947 898/1068/949 921/1090/950 920/1088/948
f 898/1068/949 897/950/933 921/1090/950
f 912/1018/883 911/1081/951 1043/1197/952 1062/953/953
f 911/1081/951 910/1080/954 1044/1198/955 1043/1197/952
f 910/1080/954 909/1079/956 1045/1199/957 1044/1198/955
f 909/1079/956 908/1078/958 1046/1200/959 1045/1199/957
f 908/1078/958 926/1012/960 1047/964/961 1046/1200/959
f 926/1012/960 925/1094/962 1261/1392/963 1260/1013/964
f 925/1094/962 924/1093/965 1262/1393/966 1261/1392/963
f 924/1093/965 923/1092/967 1263/1394/968 1262/1393/966
f 923/1092/967 922/1091/969 1264/1395/970 1263/1394/968
f 922/1091/969 897/950/933 1264/1395/970
f 931/998/915 930/1098/971 1000/1157/972 999/999/973
f 930/1098/971 929/1097/974 1001/1158/975 1000/1157/972
f 929/1097/974 928/1096/976 1002/1159/977 1001/1158/975
f 928/1096/976 927/1095/978 1003/1160/979 1002/1159/977
f 927/1095/978 945/1014/980 1004/957/981 1003/1160/979
f 945/1014/980 944/1110/982 971/1133/983 970/1015/984
f 944/1110/982 943/1109/985 972/1134/986 971/1133/983
f 943/1109/985 942/1108/987 973/1135/988 972/1134/986
f 942/1108/987 941/1107/989 974/1136/990 973/1135/988
f 941/1107/989 940/951/870 975/955/991 974/1136/990
f 950/954/992 949/1114/993 1058/1210/994 1057/1000/995
f 949/1114/993 948/1113/996 1059/1211/997 1058/1210/994
f 948/1113/996 947/1112/998 1060/1212/999 1059/1211/997
f 947/1112/998 946/1111/1000 1061/1213/1001 1060/1212/999
f 946/1111/1000 965/952/860 1062/953/953 1061/1213/1001
f 955/956/1002 954/1119/1003 1033/1187/1004
f 954/1119/1003 953/1117/1005 1034/1189/1006 1033/1187/1004
f 953/1118/1005 952/1116/1007 1035/1190/1008 1034/1188/1006
f 952/1116/1007 951/1115/1009 1036/1191/1010 1035/1190/1008
f 951/1115/1009 950/954/992 1037/963/1011 1036/1191/1010
f 960/996/852 959/1123/1012 976/1137/1013 975/955/991
f 959/1123/1012 958/1122/1014 977/1138/1015 976/1137/1013
f 958/1122/1014 957/1121/1016 978/1139/1017 977/1138/1015
f 957/1121/1016 956/1120/1018 979/1140/1019 978/1139/1017
f 956/1120/1018 955/956/1002 979/1140/1019
f 970/1015/984 969/1132/1020 1112/1259/1021 1111/958/1022
f 969/1132/1020 968/1131/1023 1113/1260/1024 1112/1259/1021
f 968/1131/1023 967/1130/1025 1114/1261/1026 1113/1260/1024
f 967/1130/1025 966/1129/1027 1115/1262/1028 1114/1261/1026
f 966/1129/1027 984/1001/1029 1116/971/1030 1115/1262/1028
f 984/1001/1029 983/1144/1031 1029/1183/1032 1028/1002/1033
f 983/1144/1031 982/1143/1034 1030/1184/1035 1029/1183/1032
f 982/1143/1034 981/1142/1036 1031/1185/1037 1030/1184/1035
f 981/1142/1036 980/1141/1038 1032/1186/1039 1031/1185/1037
f 980/1141/1038 955/956/1002 1032/1186/1039
f 989/959/1040 988/1148/1041 1107/1255/1042 1106/1007/1043
f 988/1148/1041 987/1147/1044 1108/1256/1045 1107/1255/1042
f 987/1147/1044 986/1146/1046 1109/1257/1047 1108/1256/1045
f 986/1146/1046 985/1145/1048 1110/1258/1049 1109/1257/1047
f 985/1145/1048 1004/957/981 1111/958/1022 1110/1258/1049
f 994/961/1050 993/1152/1051 1135/1280/1052
f 993/1152/1051 992/1151/1053 1136/1281/1054 1135/1280/1052
f 992/1151/1053 991/1150/1055 1137/1282/1056 1136/1281/1054
f 991/1150/1055 990/1149/1057 1138/1283/1058 1137/1282/1056
f 990/1149/1057 989/959/1040 1139/973/1059 1138/1283/1058
f 999/999/973 998/1156/1060 1015/1170/1061 1014/960/902
f 998/1156/1060 997/1155/1062 1016/1171/1063 1015/1170/1061
f 997/1155/1062 996/1154/1064 1017/1172/1065 1016/1171/1063
f 996/1154/1064 995/1153/1066 1018/1173/1067 1017/1172/1065
f 995/1153/1066 994/961/1050 1018/1173/1067
f 1009/1022/894 1008/1165/1068 1165/1305/1069 1164/962/932
f 1008/1165/1068 1007/1163/1070 1166/1307/1071 1165/1305/1069
f 1007/1164/1070 1006/1162/1072 1167/1308/1073 1166/1306/1071
f 1006/1162/1072 1005/1161/1074 1168/1309/1075 1167/1308/1073
f 1005/1161/1074 1023/1004/1076 1169/978/1077 1168/1309/1075
f 1023/1004/1076 1022/1178/1078 1131/1275/1079 1130/1005/1080
f 1022/1178/1078 1021/1177/1081 1132/1276/1082 1131/1275/1079
f 1021/1177/1081 1020/1175/1083 1133/1278/1084 1132/1276/1082
f 1020/1176/1083 1019/1174/1085 1134/1279/1086 1133/1277/1084
f 1019/1174/1085 994/961/1050 1134/1279/1086
f 1028/1002/1033 1027/1182/1087 1097/1247/1088 1096/1003/1089
f 1027/1182/1087 1026/1181/1090 1098/1248/1091 1097/1247/1088
f 1026/1181/1090 1025/1180/1092 1099/1249/1093 1098/1248/1091
f 1025/1180/1092 1024/1179/1094 1100/1250/1095 1099/1249/1093
f 1024/1179/1094 1042/1020/1096 1101/968/1097 1100/1250/1095
f 1042/1020/1096 1041/1196/1098 1073/1223/1099 1072/1021/1100
f 1041/1196/1098 1040/1194/1101 1074/1225/1102 1073/1223/1099
f 1040/1195/1101 1039/1193/1103 1075/1226/1104 1074/1224/1102
f 1039/1193/1103 1038/1192/1105 1076/1227/1106 1075/1226/1104
f 1038/1192/1105 1037/963/1011 1077/965/1107 1076/1227/1106
f 1052/966/1108 1051/1204/1109 1294/1421/1110
f 1051/1204/1109 1050/1203/1111 1295/1422/1112 1294/1421/1110
f 1050/1203/1111 1049/1202/1113 1296/1423/1114 1295/1422/1112
f 1049/1202/1113 1048/1201/1115 1297/1424/1116 1296/1423/1114
f 1048/1201/1115 1047/964/961 1298/989/1117 1297/1424/1116
f 1057/1000/995 1056/1209/1118 1078/1228/1119 1077/965/1107
f 1056/1209/1118 1055/1208/1120 1079/1229/1121 1078/1228/1119
f 1055/1208/1120 1054/1206/1122 1080/1231/1123 1079/1229/1121
f 1054/1207/1122 1053/1205/1124 1081/1232/1125 1080/1230/1123
f 1053/1205/1124 1052/966/1108 1081/1232/1125
f 1067/967/1126 1066/1217/1127 1309/1433/1128 1308/993/1129
f 1066/1217/1127 1065/1216/1130 1310/1434/1131 1309/1433/1128
f 1065/1216/1130 1064/1215/1132 1311/1435/1133 1310/1434/1131
f 1064/1215/1132 1063/1214/1134 1312/1436/1135 1311/1435/1133
f 1063/1214/1134 1052/966/1108 1312/1436/1135
f 1072/1021/1100 1071/1222/1136 1198/1336/1137 1217/969/1138
f 1071/1222/1136 1070/1220/1139 1199/1338/1140 1198/1336/1137
f 1070/1221/1139 1069/1219/1141 1200/1339/1142 1199/1337/1140
f 1069/1219/1141 1068/1218/1143 1201/1340/1144 1200/1339/1142
f 1068/1218/1143 1067/967/1126 1202/982/1145 1201/1340/1144
f 1086/970/1146 1085/1237/1147 1213/1350/1148 1212/1008/1149
f 1085/1237/1147 1084/1236/1150 1214/1351/1151 1213/1350/1148
f 1084/1236/1150 1083/1234/1152 1215/1353/1153 1214/1351/1151
f 1083/1235/1152 1082/1233/1154 1216/1354/1155 1215/1352/1153
f 1082/1233/1154 1101/968/1097 1217/969/1138 1216/1354/1155
f 1091/972/1156 1090/1242/1157 1193/1331/1158
f 1090/1242/1157 1089/1240/1159 1194/1333/1160 1193/1331/1158
f 1089/1241/1159 1088/1239/1161 1195/1334/1162 1194/1332/1160
f 1088/1239/1161 1087/1238/1163 1196/1335/1164 1195/1334/1162
f 1087/1238/1163 1086/970/1146 1197/981/1165 1196/1335/1164
f 1096/1003/1089 1095/1246/1166 1117/1263/1167 1116/971/1030
f 1095/1246/1166 1094/1245/1168 1118/1264/1169 1117/1263/1167
f 1094/1245/1168 1093/1244/1170 1119/1265/1171 1118/1264/1169
f 1093/1244/1170 1092/1243/1172 1120/1266/1173 1119/1265/1171
f 1092/1243/1172 1091/972/1156 1120/1266/1173
f 1106/1007/1043 1105/1254/1174 1189/1327/1175 1188/974/1176
f 1105/1254/1174 1104/1253/1177 1190/1328/1178 1189/1327/1175
f 1104/1253/1177 1103/1252/1179 1191/1329/1180 1190/1328/1178
f 1103/1252/1179 1102/1251/1181 1192/1330/1182 1191/1329/1180
f 1102/1251/1181 1091/972/1156 1192/1330/1182
f 1125/975/1183 1124/1270/1184 1184/1323/1185 1183/1016/1186
f 1124/1270/1184 1123/1269/1187 1185/1324/1188 1184/1323/1185
f 1123/1269/1187 1122/1268/1189 1186/1325/1190 1185/1324/1188
f 1122/1268/1189 1121/1267/1191 1187/1326/1192 1186/1325/1190
f 1121/1267/1191 1139/973/1059 1188/974/1176 1187/1326/1192
f 1130/1005/1080 1129/1274/1193 1155/1296/1194 1154/1006/1195
f 1129/1274/1193 1128/1273/1196 1156/1297/1197 1155/1296/1194
f 1128/1273/1196 1127/1272/1198 1157/1298/1199 1156/1297/1197
f 1127/1272/1198 1126/1271/1200 1158/1299/1201 1157/1298/1199
f 1126/1271/1200 1125/975/1183 1159/976/1202 1158/1299/1201
f 1144/977/1203 1143/1287/1204 1223/1359/1205 1222/1011/1206
f 1143/1287/1204 1142/1286/1207 1224/1360/1208 1223/1359/1205
f 1142/1286/1207 1141/1285/1209 1225/1361/1210 1224/1360/1208
f 1141/1285/1209 1140/1284/1211 1226/1362/1212 1225/1361/1210
f 1140/1284/1211 1159/976/1202 1227/980/1213 1226/1362/1212
f 1149/979/1214 1148/1291/1215 1251/1384/1216
f 1148/1291/1215 1147/1290/1217 1252/1385/1218 1251/1384/1216
f 1147/1290/1217 1146/1289/1219 1253/1386/1220 1252/1385/1218
f 1146/1289/1219 1145/1288/1221 1254/1387/1222 1253/1386/1220
f 1145/1288/1221 1144/977/1203 1255/985/1223 1254/1387/1222
f 1154/1006/1195 1153/1295/1224 1170/1310/1225 1169/978/1077
f 1153/1295/1224 1152/1294/1226 1171/1311/1227 1170/1310/1225
f 1152/1294/1226 1151/1293/1228 1172/1312/1229 1171/1311/1227
f 1151/1293/1228 1150/1292/1230 1173/1313/1231 1172/1312/1229
f 1150/1292/1230 1149/979/1214 1173/1313/1231
f 1178/1009/925 1177/1318/1232 1247/1379/1233 1246/1010/1234
f 1177/1318/1232 1176/1317/1235 1248/1380/1236 1247/1379/1233
f 1176/1317/1235 1175/1315/1237 1249/1382/1238 1248/1380/1236
f 1175/1316/1237 1174/1314/1239 1250/1383/1240 1249/1381/1238
f 1174/1314/1239 1149/979/1214 1250/1383/1240
f 1183/1016/1186 1182/1322/1241 1228/1363/1242 1227/980/1213
f 1182/1322/1241 1181/1321/1243 1229/1364/1244 1228/1363/1242
f 1181/1321/1243 1180/1320/1245 1230/1365/1246 1229/1364/1244
f 1180/1320/1245 1179/1319/1247 1231/1366/1248 1230/1365/1246
f 1179/1319/1247 1197/981/1165 1232/983/1249 1231/1366/1248
f 1207/984/1250 1206/1345/1251 1289/1416/1252
f 1206/1345/1251 1205/1343/1253 1290/1418/1254 1289/1416/1252
f 1205/1344/1253 1204/1342/1255 1291/1419/1256 1290/1417/1254
f 1204/1342/1255 1203/1341/1257 1292/1420/1258 1291/1419/1256
f 1203/1341/1257 1202/982/1145 1293/992/1259 1292/1420/1258
f 1212/1008/1149 1211/1349/1260 1233/1367/1261 1232/983/1249
f 1211/1349/1260 1210/1348/1262 1234/1368/1263 1233/1367/1261
f 1210/1348/1262 1209/1347/1264 1235/1369/1265 1234/1368/1263
f 1209/1347/1264 1208/1346/1266 1236/1370/1267 1235/1369/1265
f 1208/1346/1266 1207/984/1250 1236/1370/1267
f 1222/1011/1206 1221/1358/1268 1285/1412/1269 1284/986/1270
f 1221/1358/1268 1220/1357/1271 1286/1413/1272 1285/1412/1269
f 1220/1357/1271 1219/1356/1273 1287/1414/1274 1286/1413/1272
f 1219/1356/1273 1218/1355/1275 1288/1415/1276 1287/1414/1274
f 1218/1355/1275 1207/984/1250 1288/1415/1276
f 1241/988/1277 1240/1374/1278 1280/1408/1279 1279/1017/1280
f 1240/1374/1278 1239/1373/1281 1281/1409/1282 1280/1408/1279
f 1239/1373/1281 1238/1372/1283 1282/1410/1284 1281/1409/1282
f 1238/1372/1283 1237/1371/1285 1283/1411/1286 1282/1410/1284
f 1237/1371/1285 1255/985/1223 1284/986/1270 1283/1411/1286
f 1246/1010/1234 1245/1378/1287 1270/1400/1288 1269/987/942
f 1245/1378/1287 1244/1377/1289 1271/1401/1290 1270/1400/1288
f 1244/1377/1289 1243/1376/1291 1272/1402/1292 1271/1401/1290
f 1243/1376/1291 1242/1375/1293 1273/1403/1294 1272/1402/1292
f 1242/1375/1293 1241/988/1277 1274/990/1295 1273/1403/1294
f 1260/1013/964 1259/1391/1296 1299/1425/1297 1298/989/1117
f 1259/1391/1296 1258/1390/1298 1300/1426/1299 1299/1425/1297
f 1258/1390/1298 1257/1389/1300 1301/1427/1301 1300/1426/1299
f 1257/1389/1300 1256/1388/1302 1302/1428/1303 1301/1427/1301
f 1256/1388/1302 1274/990/1295 1303/991/1304 1302/1428/1303
f 1279/1017/1280 1278/1407/1305 1304/1429/1306 1303/991/1304
f 1278/1407/1305 1277/1406/1307 1305/1430/1308 1304/1429/1306
f 1277/1406/1307 1276/1405/1309 1306/1431/1310 1305/1430/1308
f 1276/1405/1309 1275/1404/1311 1307/1432/1312 1306/1431/1310
f 1275/1404/1311 1293/992/1259 1308/993/1129 1307/1432/1312
f 863/945/871 878/994/874 902/995/905 917/949/890
f 940/951/870 853/943/849 960/996/852 975/955/991
f 887/997/901 931/998/915 999/999/973 1014/960/902
f 1037/963/1011 950/954/992 1057/1000/995 1077/965/1107
f 984/1001/1029 1028/1002/1033 1096/1003/1089 1116/971/1030
f 1023/1004/1076 1130/1005/1080 1154/1006/1195 1169/978/1077
f 1139/973/1059 989/959/1040 1106/1007/1043 1188/974/1176
f 1197/981/1165 1086/970/1146 1212/1008/1149 1232/983/1249
f 1178/1009/925 1246/1010/1234 1269/987/942 892/948/922
f 1255/985/1223 1144/977/1203 1222/1011/1206 1284/986/1270
f 1293/992/1259 1202/982/1145 1067/967/1126 1308/993/1129
f 926/1012/960 1260/1013/964 1298/989/1117 1047/964/961
f 945/1014/980 970/1015/984 1111/958/1022 1004/957/981
f 1125/975/1183 1183/1016/1186 1227/980/1213 1159/976/1202
f 1241/988/1277 1279/1017/1280 1303/991/1304 1274/990/1295
f 912/1018/883 1062/953/953 965/952/860 868/1019/859
f 1042/1020/1096 1072/1021/1100 1217/969/1138 1101/968/1097
f 907/947/912 873/946/891 1009/1022/894 1164/962/932
f 867/1040/881 868/1019/859 849/1023/857 1313/1437/1313
f 1313/1437/1313 849/1023/857 850/1025/855 1314/1439/1314
f 1314/1438/1314 850/1024/855 851/1026/853 1315/1440/1315
f 1315/1440/1315 851/1026/853 852/1027/850 1316/1441/1316
f 852/1027/850 853/943/849 854/1028/868 1316/1441/1316
f 1316/1441/1316 854/1028/868 855/1029/866 1317/1442/1317
f 1317/1442/1317 855/1029/866 856/1030/864 1318/1443/1318
f 1318/1443/1318 856/1030/864 857/1031/862 1319/1444/1319
f 857/1031/862 858/944/861 859/1032/879 1319/1444/1319
f 1319/1444/1319 859/1032/879 860/1034/877 1320/1446/1320
f 1320/1445/1320 860/1033/877 861/1035/875 1321/1447/1321
f 1321/1447/1321 861/1035/875 862/1036/872 1322/1448/1322
f 862/1036/872 863/945/871 864/1037/888 1322/1448/1322
f 1322/1448/1322 864/1037/888 865/1038/886 1323/1449/1323
f 1323/1449/1323 865/1038/886 866/1039/884 1324/1450/1324
f 1324/1450/1324 866/1039/884 867/1040/881 1313/1437/1313
f 1324/1450/1324 1313/1437/1313 1314/1439/1314 1325/1451/1325
f 1325/1452/1325 1314/1438/1314 1315/1440/1315 1326/1453/1326
f 1315/1440/1315 1316/1441/1316 1317/1442/1317 1326/1453/1326
f 1326/1453/1326 1317/1442/1317 1318/1443/1318 1327/1456/1327
f 1318/1443/1318 1319/1444/1319 1320/1446/1320 1327/1456/1327
f 1327/1455/1327 1320/1445/1320 1321/1447/1321 1328/1457/1328
f 1321/1447/1321 1322/1448/1322 1323/1449/1323 1328/1457/1328
f 1328/1457/1328 1323/1449/1323 1324/1450/1324 1325/1451/1325
f 1325/1451/1325 1326/1454/1326 1327/1455/1327 1328/1457/1328
f 886/1058/913 887/997/901 869/1041/899 1329/1458/1329
f 1329/1458/1329 869/1041/899 870/1042/897 1330/1459/1330
f 1330/1459/1330 870/1042/897 871/1043/895 1331/1460/1331
f 1331/1460/1331 871/1043/895 872/1044/892 1332/1461/1332
f 872/1044/892 873/946/891 874/1045/910 1332/1461/1332
f 1332/1461/1332 874/1045/910 875/1047/908 1333/1463/1333
f 1333/1462/1333 875/1046/908 876/1048/906 1334/1464/1334
f 1334/1464/1334 876/1048/906 877/1049/903 1335/1465/1335
f 877/1049/903 878/994/874 879/1050/873 1335/1465/1335
f 1335/1465/1335 879/1050/873 880/1051/876 1336/1466/1336
f 1336/1466/1336 880/1051/876 881/1053/878 1337/1468/1337
f 1337/1467/1337 881/1052/878 882/1054/880 1338/1469/1338
f 882/1054/880 858/944/861 883/1055/920 1338/1469/1338
f 1338/1469/1338 883/1055/920 884/1056/918 1339/1470/1339
f 1339/1470/1339 884/1056/918 885/1057/916 1340/1471/1340
f 1340/1471/1340 885/1057/916 886/1058/913 1329/1458/1329
f 1340/1471/1340 1329/1458/1329 1330/1459/1330 1341/1473/1341
f 1341/1473/1341 1330/1459/1330 1331/1460/1331 1342/1475/1342
f 1331/1460/1331 1332/1461/1332 1333/1463/1333 1342/1475/1342
f 1342/1474/1342 1333/1462/1333 1334/1464/1334 1343/1476/1343
f 1334/1464/1334 1335/1465/1335 1336/1466/1336 1343/1476/1343
f 1343/1476/1343 1336/1466/1336 1337/1468/1337 1344/1478/1344
f 1337/1467/1337 1338/1469/1338 1339/1470/1339 1344/1477/1344
f 1344/1477/1344 1339/1470/1339 1340/1471/1340 1341/1473/1341
f 1341/1472/1341 1342/1474/1342 1343/1476/1343 1344/1478/1344
f 906/1077/911 907/947/912 888/1059/930 1345/1479/1345
f 1345/1479/1345 888/1059/930 889/1061/928 1346/1481/1346
f 1346/1480/1346 889/1060/928 890/1062/926 1347/1482/1347
f 1347/1482/1347 890/1062/926 891/1063/923 1348/1483/1348
f 891/1063/923 892/948/922 893/1064/940 1348/1483/1348
f 1348/1483/1348 893/1064/940 894/1065/938 1349/1484/1349
f 1349/1484/1349 894/1065/938 895/1066/936 1350/1485/1350
f 1350/1485/1350 895/1066/936 896/1067/934 1351/1486/1351
f 896/1067/934 897/950/933 898/1068/949 1351/1486/1351
f 1351/1486/1351 898/1068/949 899/1070/947 1352/1488/1352
f 1352/1487/1352 899/1069/947 900/1071/945 1353/1489/1353
f 1353/1489/1353 900/1071/945 901/1072/943 1354/1490/1354
f 901/1072/943 902/995/905 903/1073/904 1354/1490/1354
f 1354/1490/1354 903/1073/904 904/1074/907 1355/1491/1355
f 1355/1491/1355 904/1074/907 905/1076/909 1356/1493/1356
f 1356/1492/1356 905/1075/909 906/1077/911 1345/1479/1345
f 1356/1492/1356 1345/1479/1345 1346/1481/1346 1357/1495/1357
f 1357/1496/1357 1346/1480/1346 1347/1482/1347 1358/1497/1358
f 1347/1482/1347 1348/1483/1348 1349/1484/1349 1358/1497/1358
f 1358/1497/1358 1349/1484/1349 1350/1485/1350 1359/1500/1359
f 1350/1485/1350 1351/1486/1351 1352/1488/1352 1359/1500/1359
f 1359/1499/1359 1352/1487/1352 1353/1489/1353 1360/1501/1360
f 1353/1489/1353 1354/1490/1354 1355/1491/1355 1360/1501/1360
f 1360/1501/1360 1355/1491/1355 1356/1493/1356 1357/1494/1357
f 1357/1494/1357 1358/1498/1358 1359/1499/1359 1360/1501/1360
f 925/1094/962 926/1012/960 908/1078/958 1361/1502/1361
f 1361/1502/1361 908/1078/958 909/1079/956 1362/1503/1362
f 1362/1503/1362 909/1079/956 910/1080/954 1363/1504/1363
f 1363/1504/1363 910/1080/954 911/1081/951 1364/1505/1364
f 911/1081/951 912/1018/883 913/1082/882 1364/1505/1364
f 1364/1505/1364 913/1082/882 914/1083/885 1365/1506/1365
f 1365/1506/1365 914/1083/885 915/1084/887 1366/1507/1366
f 1366/1507/1366 915/1084/887 916/1085/889 1367/1508/1367
f 916/1085/889 917/949/890 918/1086/944 1367/1508/1367
f 1367/1508/1367 918/1086/944 919/1087/946 1368/1509/1368
f 1368/1509/1368 919/1087/946 920/1089/948 1369/1511/1369
f 1369/1510/1369 920/1088/948 921/1090/950 1370/1512/1370
f 921/1090/950 897/950/933 922/1091/969 1370/1512/1370
f 1370/1512/1370 922/1091/969 923/1092/967 1371/1513/1371
f 1371/1513/1371 923/1092/967 924/1093/965 1372/1514/1372
f 1372/1514/1372 924/1093/965 925/1094/962 1361/1502/1361
f 1372/1514/1372 1361/1502/1361 1362/1503/1362 1373/1515/1373
f 1373/1515/1373 1362/1503/1362 1363/1504/1363 1374/1516/1374
f 1363/1504/1363 1364/1505/1364 1365/1506/1365 1374/1516/1374
f 1374/1516/1374 1365/1506/1365 1366/1507/1366 1375/1517/1375
f 1366/1507/1366 1367/1508/1367 1368/1509/1368 1375/1517/1375
f 1375/1517/1375 1368/1509/1368 1369/1511/1369 1376/1518/1376
f 1369/1510/1369 1370/1512/1370 1371/1513/1371 1376/1518/1376
f 1376/1518/1376 1371/1513/1371 1372/1514/1372 1373/1515/1373
f 1373/1515/1373 1374/1516/1374 1375/1517/1375 1376/1518/1376
f 944/1110/982 945/1014/980 927/1095/978 1377/1519/1377
f 1377/1519/1377 927/1095/978 928/1096/976 1378/1520/1378
f 1378/1520/1378 928/1096/976 929/1097/974 1379/1521/1379
f 1379/1521/1379 929/1097/974 930/1098/971 1380/1522/1380
f 930/1098/971 931/998/915 932/1099/914 1380/1522/1380
f 1380/1522/1380 932/1099/914 933/1100/917 1381/1523/1381
f 1381/1523/1381 933/1100/917 934/1101/919 1382/1524/1382
f 1382/1524/1382 934/1101/919 935/1102/921 1383/1525/1383
f 935/1102/921 858/944/861 936/1103/863 1383/1525/1383
f 1383/1525/1383 936/1103/863 937/1104/865 1384/1526/1384
f 1384/1526/1384 937/1104/865 938/1105/867 1385/1527/1385
f 1385/1527/1385 938/1105/867 939/1106/869 1386/1528/1386
f 939/1106/869 940/951/870 941/1107/989 1386/1528/1386
f 1386/1528/1386 941/1107/989 942/1108/987 1387/1529/1387
f 1387/1529/1387 942/1108/987 943/1109/985 1388/1530/1388
f 1388/1530/1388 943/1109/985 944/1110/982 1377/1519/1377
f 1388/1530/1388 1377/1519/1377 1378/1520/1378 1389/1531/1389
f 1389/1531/1389 1378/1520/1378 1379/1521/1379 1390/1532/1390
f 1379/1521/1379 1380/1522/1380 1381/1523/1381 1390/1532/1390
f 1390/1532/1390 1381/1523/1381 1382/1524/1382 1391/1533/1391
f 1382/1524/1382 1383/1525/1383 1384/1526/1384 1391/1533/1391
f 1391/1533/1391 1384/1526/1384 1385/1527/1385 1392/1534/1392
f 1385/1527/1385 1386/1528/1386 1387/1529/1387 1392/1534/1392
f 1392/1534/1392 1387/1529/1387 1388/1530/1388 1389/1531/1389
f 1389/1531/1389 1390/1532/1390 1391/1533/1391 1392/1534/1392
f 964/1128/858 965/952/860 946/1111/1000 1393/1535/1393
f 1393/1535/1393 946/1111/1000 947/1112/998 1394/1536/1394
f 1394/1536/1394 947/1112/998 948/1113/996 1395/1537/1395
f 1395/1537/1395 948/1113/996 949/1114/993 1396/1538/1396
f 949/1114/993 950/954/992 951/1115/1009 1396/1538/1396
f 1396/1538/1396 951/1115/1009 952/1116/1007 1397/1539/1397
f 1397/1539/1397 952/1116/1007 953/1118/1005 1398/1541/1398
f 1398/1540/1398 953/1117/1005 954/1119/1003 1399/1542/1399
f 954/1119/1003 955/956/1002 956/1120/1018 1399/1542/1399
f 1399/1542/1399 956/1120/1018 957/1121/1016 1400/1543/1400
f 1400/1543/1400 957/1121/1016 958/1122/1014 1401/1544/1401
f 1401/1544/1401 958/1122/1014 959/1123/1012 1402/1545/1402
f 959/1123/1012 960/996/852 961/1124/851 1402/1545/1402
f 1402/1545/1402 961/1124/851 962/1125/854 1403/1546/1403
f 1403/1546/1403 962/1125/854 963/1127/856 1404/1548/1404
f 1404/1547/1404 963/1126/856 964/1128/858 1393/1535/1393
f 1404/1547/1404 1393/1535/1393 1394/1536/1394 1405/1550/1405
f 1405/1550/1405 1394/1536/1394 1395/1537/1395 1406/1551/1406
f 1395/1537/1395 1396/1538/1396 1397/1539/1397 1406/1551/1406
f 1406/1551/1406 1397/1539/1397 1398/1541/1398 1407/1554/1407
f 1398/1540/1398 1399/1542/1399 1400/1543/1400 1407/1553/1407
f 1407/1553/1407 1400/1543/1400 1401/1544/1401 1408/1555/1408
f 1401/1544/1401 1402/1545/1402 1403/1546/1403 1408/1555/1408
f 1408/1555/1408 1403/1546/1403 1404/1548/1404 1405/1549/1405
f 1405/1549/1405 1406/1552/1406 1407/1553/1407 1408/1555/1408
f 983/1144/1031 984/1001/1029 966/1129/1027 1409/1556/1409
f 1409/1556/1409 966/1129/1027 967/1130/1025 1410/1557/1410
f 1410/1557/1410 967/1130/1025 968/1131/1023 1411/1558/1411
f 1411/1558/1411 968/1131/1023 969/1132/1020 1412/1559/1412
f 969/1132/1020 970/1015/984 971/1133/983 1412/1559/1412
f 1412/1559/1412 971/1133/983 972/1134/986 1413/1560/1413
f 1413/1560/1413 972/1134/986 973/1135/988 1414/1561/1414
f 1414/1561/1414 973/1135/988 974/1136/990 1415/1562/1415
f 974/1136/990 975/955/991 976/1137/1013 1415/1562/1415
f 1415/1562/1415 976/1137/1013 977/1138/1015 1416/1563/1416
f 1416/1563/1416 977/1138/1015 978/1139/1017 1417/1564/1417
f 1417/1564/1417 978/1139/1017 979/1140/1019 1418/1565/1418
f 979/1140/1019 955/956/1002 980/1141/1038 1418/1565/1418
f 1418/1565/1418 980/1141/1038 981/1142/1036 1419/1566/1419
f 1419/1566/1419 981/1142/1036 982/1143/1034 1420/1567/1420
f 1420/1567/1420 982/1143/1034 983/1144/1031 1409/1556/1409
f 1420/1567/1420 1409/1556/1409 1410/1557/1410 1421/1568/1421
f 1421/1568/1421 1410/1557/1410 1411/1558/1411 1422/1569/1422
f 1411/1558/1411 1412/1559/1412 1413/1560/1413 1422/1569/1422
f 1422/1569/1422 1413/1560/1413 1414/1561/1414 1423/1570/1423
f 1414/1561/1414 1415/1562/1415 1416/1563/1416 1423/1570/1423
f 1423/1570/1423 1416/1563/1416 1417/1564/1417 1424/1571/1424
f 1417/1564/1417 1418/1565/1418 1419/1566/1419 1424/1571/1424
f 1424/1571/1424 1419/1566/1419 1420/1567/1420 1421/1568/1421
f 1421/1568/1421 1422/1569/1422 1423/1570/1423 1424/1571/1424
f 1003/1160/979 1004/957/981 985/1145/1048 1425/1572/1425
f 1425/1572/1425 985/1145/1048 986/1146/1046 1426/1573/1426
f 1426/1573/1426 986/1146/1046 987/1147/1044 1427/1574/1427
f 1427/1574/1427 987/1147/1044 988/1148/1041 1428/1575/1428
f 988/1148/1041 989/959/1040 990/1149/1057 1428/1575/1428
f 1428/1575/1428 990/1149/1057 991/1150/1055 1429/1576/1429
f 1429/1576/1429 991/1150/1055 992/1151/1053 1430/1577/1430
f 1430/1577/1430 992/1151/1053 993/1152/1051 1431/1578/1431
f 993/1152/1051 994/961/1050 995/1153/1066 1431/1578/1431
f 1431/1578/1431 995/1153/1066 996/1154/1064 1432/1579/1432
f 1432/1579/1432 996/1154/1064 997/1155/1062 1433/1580/1433
f 1433/1580/1433 997/1155/1062 998/1156/1060 1434/1581/1434
f 998/1156/1060 999/999/973 1000/1157/972 1434/1581/1434
f 1434/1581/1434 1000/1157/972 1001/1158/975 1435/1582/1435
f 1435/1582/1435 1001/1158/975 1002/1159/977 1436/1583/1436
f 1436/1583/1436 1002/1159/977 1003/1160/979 1425/1572/1425
f 1436/1583/1436 1425/1572/1425 1426/1573/1426 1437/1584/1437
f 1437/1584/1437 1426/1573/1426 1427/1574/1427 1438/1585/1438
f 1427/1574/1427 1428/1575/1428 1429/1576/1429 1438/1585/1438
f 1438/1585/1438 1429/1576/1429 1430/1577/1430 1439/1586/1439
f 1430/1577/1430 1431/1578/1431 1432/1579/1432 1439/1586/1439
f 1439/1586/1439 1432/1579/1432 1433/1580/1433 1440/1587/1440
f 1433/1580/1433 1434/1581/1434 1435/1582/1435 1440/1587/1440
f 1440/1587/1440 1435/1582/1435 1436/1583/1436 1437/1584/1437
f 1437/1584/1437 1438/1585/1438 1439/1586/1439 1440/1587/1440
f 1022/1178/1078 1023/1004/1076 1005/1161/1074 1441/1588/1441
f 1441/1588/1441 1005/1161/1074 1006/1162/1072 1442/1589/1442
f 1442/1589/1442 1006/1162/1072 1007/1164/1070 1443/1591/1443
f 1443/1590/1443 1007/1163/1070 1008/1165/1068 1444/1592/1444
f 1008/1165/1068 1009/1022/894 1010/1166/893 1444/1592/1444
f 1444/1592/1444 1010/1166/893 1011/1167/896 1445/1593/1445
f 1445/1593/1445 1011/1167/896 1012/1168/898 1446/1594/1446
f 1446/1594/1446 1012/1168/898 1013/1169/900 1447/1595/1447
f 1013/1169/900 1014/960/902 1015/1170/1061 1447/1595/1447
f 1447/1595/1447 1015/1170/1061 1016/1171/1063 1448/1596/1448
f 1448/1596/1448 1016/1171/1063 1017/1172/1065 1449/1597/1449
f 1449/1597/1449 1017/1172/1065 1018/1173/1067 1450/1598/1450
f 1018/1173/1067 994/961/1050 1019/1174/1085 1450/1598/1450
f 1450/1598/1450 1019/1174/1085 1020/1176/1083 1451/1600/1451
f 1451/1599/1451 1020/1175/1083 1021/1177/1081 1452/1601/1452
f 1452/1601/1452 1021/1177/1081 1022/1178/1078 1441/1588/1441
f 1452/1601/1452 1441/1588/1441 1442/1589/1442 1453/1603/1453
f 1453/1603/1453 1442/1589/1442 1443/1591/1443 1454/1605/1454
f 1443/1590/1443 1444/1592/1444 1445/1593/1445 1454/1604/1454
f 1454/1604/1454 1445/1593/1445 1446/1594/1446 1455/1606/1455
f 1446/1594/1446 1447/1595/1447 1448/1596/1448 1455/1606/1455
f 1455/1606/1455 1448/1596/1448 1449/1597/1449 1456/1608/1456
f 1449/1597/1449 1450/1598/1450 1451/1600/1451 1456/1608/1456
f 1456/1607/1456 1451/1599/1451 1452/1601/1452 1453/1603/1453
f 1453/1602/1453 1454/1604/1454 1455/1606/1455 1456/1608/1456
f 1041/1196/1098 1042/1020/1096 1024/1179/1094 1457/1609/1457
f 1457/1609/1457 1024/1179/1094 1025/1180/1092 1458/1610/1458
f 1458/1610/1458 1025/1180/1092 1026/1181/1090 1459/1611/1459
f 1459/1611/1459 1026/1181/1090 1027/1182/1087 1460/1612/1460
f 1027/1182/1087 1028/1002/1033 1029/1183/1032 1460/1612/1460
f 1460/1612/1460 1029/1183/1032 1030/1184/1035 1461/1613/1461
f 1461/1613/1461 1030/1184/1035 1031/1185/1037 1462/1614/1462
f 1462/1614/1462 1031/1185/1037 1032/1186/1039 1463/1615/1463
f 1032/1186/1039 955/956/1002 1033/1187/1004 1463/1615/1463
f 1463/1615/1463 1033/1187/1004 1034/1189/1006 1464/1617/1464
f 1464/1616/1464 1034/1188/1006 1035/1190/1008 1465/1618/1465
f 1465/1618/1465 1035/1190/1008 1036/1191/1010 1466/1619/1466
f 1036/1191/1010 1037/963/1011 1038/1192/1105 1466/1619/1466
f 1466/1619/1466 1038/1192/1105 1039/1193/1103 1467/1620/1467
f 1467/1620/1467 1039/1193/1103 1040/1195/1101 1468/1622/1468
f 1468/1621/1468 1040/1194/1101 1041/1196/1098 1457/1609/1457
f 1468/1621/1468 1457/1609/1457 1458/1610/1458 1469/1624/1469
f 1469/1624/1469 1458/1610/1458 1459/1611/1459 1470/1625/1470
f 1459/1611/1459 1460/1612/1460 1461/1613/1461 1470/1625/1470
f 1470/1625/1470 1461/1613/1461 1462/1614/1462 1471/1628/1471
f 1462/1614/1462 1463/1615/1463 1464/1617/1464 1471/1628/1471
f 1471/1627/1471 1464/1616/1464 1465/1618/1465 1472/1629/1472
f 1465/1618/1465 1466/1619/1466 1467/1620/1467 1472/1629/1472
f 1472/1629/1472 1467/1620/1467 1468/1622/1468 1469/1623/1469
f 1469/1623/1469 1470/1626/1470 1471/1627/1471 1472/1629/1472
f 1061/1213/1001 1062/953/953 1043/1197/952 1473/1630/1473
f 1473/1630/1473 1043/1197/952 1044/1198/955 1474/1631/1474
f 1474/1631/1474 1044/1198/955 1045/1199/957 1475/1632/1475
f 1475/1632/1475 1045/1199/957 1046/1200/959 1476/1633/1476
f 1046/1200/959 1047/964/961 1048/1201/1115 1476/1633/1476
f 1476/1633/1476 1048/1201/1115 1049/1202/1113 1477/1634/1477
f 1477/1634/1477 1049/1202/1113 1050/1203/1111 1478/1635/1478
f 1478/1635/1478 1050/1203/1111 1051/1204/1109 1479/1636/1479
f 1051/1204/1109 1052/966/1108 1053/1205/1124 1479/1636/1479
f 1479/1636/1479 1053/1205/1124 1054/1207/1122 1480/1638/1480
f 1480/1637/1480 1054/1206/1122 1055/1208/1120 1481/1639/1481
f 1481/1639/1481 1055/1208/1120 1056/1209/1118 1482/1640/1482
f 1056/1209/1118 1057/1000/995 1058/1210/994 1482/1640/1482
f 1482/1640/1482 1058/1210/994 1059/1211/997 1483/1641/1483
f 1483/1641/1483 1059/1211/997 1060/1212/999 1484/1642/1484
f 1484/1642/1484 1060/1212/999 1061/1213/1001 1473/1630/1473
f 1484/1642/1484 1473/1630/1473 1474/1631/1474 1485/1643/1485
f 1485/1643/1485 1474/1631/1474 1475/1632/1475 1486/1644/1486
f 1475/1632/1475 1476/1633/1476 1477/1634/1477 1486/1644/1486
f 1486/1644/1486 1477/1634/1477 1478/1635/1478 1487/1645/1487
f 1478/1635/1478 1479/1636/1479 1480/1638/1480 1487/1645/1487
f 1487/1645/1487 1480/1637/1480 1481/1639/1481 1488/1646/1488
f 1481/1639/1481 1482/1640/1482 1483/1641/1483 1488/1646/1488
f 1488/1646/1488 1483/1641/1483 1484/1642/1484 1485/1643/1485
f 1485/1643/1485 1486/1644/1486 1487/1645/1487 1488/1646/1488
f 1081/1232/1125 1052/966/1108 1063/1214/1134 1489/1647/1489
f 1489/1647/1489 1063/1214/1134 1064/1215/1132 1490/1648/1490
f 1490/1648/1490 1064/1215/1132 1065/1216/1130 1491/1649/1491
f 1491/1649/1491 1065/1216/1130 1066/1217/1127 1492/1650/1492
f 1066/1217/1127 1067/967/1126 1068/1218/1143 1492/1650/1492
f 1492/1650/1492 1068/1218/1143 1069/1219/1141 1493/1651/1493
f 1493/1651/1493 1069/1219/1141 1070/1221/1139 1494/1653/1494
f 1494/1652/1494 1070/1220/1139 1071/1222/1136 1495/1654/1495
f 1071/1222/1136 1072/1021/1100 1073/1223/1099 1495/1654/1495
f 1495/1654/1495 1073/1223/1099 1074/1225/1102 1496/1656/1496
f 1496/1655/1496 1074/1224/1102 1075/1226/1104 1497/1657/1497
f 1497/1657/1497 1075/1226/1104 1076/1227/1106 1498/1658/1498
f 1076/1227/1106 1077/965/1107 1078/1228/1119 1498/1658/1498
f 1498/1658/1498 1078/1228/1119 1079/1229/1121 1499/1659/1499
f 1499/1659/1499 1079/1229/1121 1080/1231/1123 1500/1661/1500
f 1500/1660/1500 1080/1230/1123 1081/1232/1125 1489/1647/1489
f 1500/1660/1500 1489/1647/1489 1490/1648/1490 1501/1663/1501
f 1501/1663/1501 1490/1648/1490 1491/1649/1491 1502/1664/1502
f 1491/1649/1491 1492/1650/1492 1493/1651/1493 1502/1664/1502
f 1502/1664/1502 1493/1651/1493 1494/1653/1494 1503/1667/1503
f 1494/1652/1494 1495/1654/1495 1496/1656/1496 1503/1668/1503
f 1503/1666/1503 1496/1655/1496 1497/1657/1497 1504/1669/1504
f 1497/1657/1497 1498/1658/1498 1499/1659/1499 1504/1669/1504
f 1504/1669/1504 1499/1659/1499 1500/1661/1500 1501/1662/1501
f 1501/1662/1501 1502/1665/1502 1503/1666/1503 1504/1669/1504
f 1100/1250/1095 1101/968/1097 1082/1233/1154 1505/1670/1505
f 1505/1670/1505 1082/1233/1154 1083/1235/1152 1506/1672/1506
f 1506/1671/1506 1083/1234/1152 1084/1236/1150 1507/1673/1507
f 1507/1673/1507 1084/1236/1150 1085/1237/1147 1508/1674/1508
f 1085/1237/1147 1086/970/1146 1087/1238/1163 1508/1674/1508
f 1508/1674/1508 1087/1238/1163 1088/1239/1161 1509/1675/1509
f 1509/1675/1509 1088/1239/1161 1089/1241/1159 1510/1677/1510
f 1510/1676/1510 1089/1240/1159 1090/1242/1157 1511/1678/1511
f 1090/1242/1157 1091/972/1156 1092/1243/1172 1511/1678/1511
f 1511/1678/1511 1092/1243/1172 1093/1244/1170 1512/1679/1512
f 1512/1679/1512 1093/1244/1170 1094/1245/1168 1513/1680/1513
f 1513/1680/1513 1094/1245/1168 1095/1246/1166 1514/1681/1514
f 1095/1246/1166 1096/1003/1089 1097/1247/1088 1514/1681/1514
f 1514/1681/1514 1097/1247/1088 1098/1248/1091 1515/1682/1515
f 1515/1682/1515 1098/1248/1091 1099/1249/1093 1516/1683/1516
f 1516/1683/1516 1099/1249/1093 1100/1250/1095 1505/1670/1505
f 1516/1683/1516 1505/1670/1505 1506/1672/1506 1517/1684/1517
f 1517/1685/1517 1506/1671/1506 1507/1673/1507 1518/1686/1518
f 1507/1673/1507 1508/1674/1508 1509/1675/1509 1518/1686/1518
f 1518/1686/1518 1509/1675/1509 1510/1677/1510 1519/1689/1519
f 1510/1676/1510 1511/1678/1511 1512/1679/1512 1519/1688/1519
f 1519/1688/1519 1512/1679/1512 1513/1680/1513 1520/1690/1520
f 1513/1680/1513 1514/1681/1514 1515/1682/1515 1520/1690/1520
f 1520/1690/1520 1515/1682/1515 1516/1683/1516 1517/1684/1517
f 1517/1684/1517 1518/1687/1518 1519/1688/1519 1520/1690/1520
f 1120/1266/1173 1091/972/1156 1102/1251/1181 1521/1691/1521
f 1521/1691/1521 1102/1251/1181 1103/1252/1179 1522/1692/1522
f 1522/1692/1522 1103/1252/1179 1104/1253/1177 1523/1693/1523
f 1523/1693/1523 1104/1253/1177 1105/1254/1174 1524/1694/1524
f 1105/1254/1174 1106/1007/1043 1107/1255/1042 1524/1694/1524
f 1524/1694/1524 1107/1255/1042 1108/1256/1045 1525/1695/1525
f 1525/1695/1525 1108/1256/1045 1109/1257/1047 1526/1696/1526
f 1526/1696/1526 1109/1257/1047 1110/1258/1049 1527/1697/1527
f 1110/1258/1049 1111/958/1022 1112/1259/1021 1527/1697/1527
f 1527/1697/1527 1112/1259/1021 1113/1260/1024 1528/1698/1528
f 1528/1698/1528 1113/1260/1024 1114/1261/1026 1529/1699/1529
f 1529/1699/1529 1114/1261/1026 1115/1262/1028 1530/1700/1530
f 1115/1262/1028 1116/971/1030 1117/1263/1167 1530/1700/1530
f 1530/1700/1530 1117/1263/1167 1118/1264/1169 1531/1701/1531
f 1531/1701/1531 1118/1264/1169 1119/1265/1171 1532/1702/1532
f 1532/1702/1532 1119/1265/1171 1120/1266/1173 1521/1691/1521
f 1532/1702/1532 1521/1691/1521 1522/1692/1522 1533/1703/1533
f 1533/1703/1533 1522/1692/1522 1523/1693/1523 1534/1704/1534
f 1523/1693/1523 1524/1694/1524 1525/1695/1525 1534/1704/1534
f 1534/1704/1534 1525/1695/1525 1526/1696/1526 1535/1705/1535
f 1526/1696/1526 1527/1697/1527 1528/1698/1528 1535/1705/1535
f 1535/1705/1535 1528/1698/1528 1529/1699/1529 1536/1706/1536
f 1529/1699/1529 1530/1700/1530 1531/1701/1531 1536/1706/1536
f 1536/1706/1536 1531/1701/1531 1532/1702/1532 1533/1703/1533
f 1533/1703/1533 1534/1704/1534 1535/1705/1535 1536/1706/1536
f 1138/1283/1058 1139/973/1059 1121/1267/1191 1537/1707/1537
f 1537/1707/1537 1121/1267/1191 1122/1268/1189 1538/1708/1538
f 1538/1708/1538 1122/1268/1189 1123/1269/1187 1539/1709/1539
f 1539/1709/1539 1123/1269/1187 1124/1270/1184 1540/1710/1540
f 1124/1270/1184 1125/975/1183 1126/1271/1200 1540/1710/1540
f 1540/1710/1540 1126/1271/1200 1127/1272/1198 1541/1711/1541
f 1541/1711/1541 1127/1272/1198 1128/1273/1196 1542/1712/1542
f 1542/1712/1542 1128/1273/1196 1129/1274/1193 1543/1713/1543
f 1129/1274/1193 1130/1005/1080 1131/1275/1079 1543/1713/1543
f 1543/1713/1543 1131/1275/1079 1132/1276/1082 1544/1714/1544
f 1544/1714/1544 1132/1276/1082 1133/1278/1084 1545/1716/1545
f 1545/1715/1545 1133/1277/1084 1134/1279/1086 1546/1717/1546
f 1134/1279/1086 994/961/1050 1135/1280/1052 1546/1717/1546
f 1546/1717/1546 1135/1280/1052 1136/1281/1054 1547/1718/1547
f 1547/1718/1547 1136/1281/1054 1137/1282/1056 1548/1719/1548
f 1548/1719/1548 1137/1282/1056 1138/1283/1058 1537/1707/1537
f 1548/1719/1548 1537/1707/1537 1538/1708/1538 1549/1720/1549
f 1549/1720/1549 1538/1708/1538 1539/1709/1539 1550/1721/1550
f 1539/1709/1539 1540/1710/1540 1541/1711/1541 1550/1721/1550
f 1550/1721/1550 1541/1711/1541 1542/1712/1542 1551/1722/1551
f 1542/1712/1542 1543/1713/1543 1544/1714/1544 1551/1722/1551
f 1551/1722/1551 1544/1714/1544 1545/1716/1545 1552/1723/1552
f 1545/1715/1545 1546/1717/1546 1547/1718/1547 1552/1723/1552
f 1552/1723/1552 1547/1718/1547 1548/1719/1548 1549/1720/1549
f 1549/1720/1549 1550/1721/1550 1551/1722/1551 1552/1723/1552
f 1158/1299/1201 1159/976/1202 1140/1284/1211 1553/1724/1553
f 1553/1724/1553 1140/1284/1211 1141/1285/1209 1554/1725/1554
f 1554/1725/1554 1141/1285/1209 1142/1286/1207 1555/1726/1555
f 1555/1726/1555 1142/1286/1207 1143/1287/1204 1556/1727/1556
f 1143/1287/1204 1144/977/1203 1145/1288/1221 1556/1727/1556
f 1556/1727/1556 1145/1288/1221 1146/1289/1219 1557/1728/1557
f 1557/1728/1557 1146/1289/1219 1147/1290/1217 1558/1729/1558
f 1558/1729/1558 1147/1290/1217 1148/1291/1215 1559/1730/1559
f 1148/1291/1215 1149/979/1214 1150/1292/1230 1559/1730/1559
f 1559/1730/1559 1150/1292/1230 1151/1293/1228 1560/1731/1560
f 1560/1731/1560 1151/1293/1228 1152/1294/1226 1561/1732/1561
f 1561/1732/1561 1152/1294/1226 1153/1295/1224 1562/1733/1562
f 1153/1295/1224 1154/1006/1195 1155/1296/1194 1562/1733/1562
f 1562/1733/1562 1155/1296/1194 1156/1297/1197 1563/1734/1563
f 1563/1734/1563 1156/1297/1197 1157/1298/1199 1564/1735/1564
f 1564/1735/1564 1157/1298/1199 1158/1299/1201 1553/1724/1553
f 1564/1735/1564 1553/1724/1553 1554/1725/1554 1565/1736/1565
f 1565/1736/1565 1554/1725/1554 1555/1726/1555 1566/1737/1566
f 1555/1726/1555 1556/1727/1556 1557/1728/1557 1566/1737/1566
f 1566/1737/1566 1557/1728/1557 1558/1729/1558 1567/1738/1567
f 1558/1729/1558 1559/1730/1559 1560/1731/1560 1567/1738/1567
f 1567/1738/1567 1560/1731/1560 1561/1732/1561 1568/1739/1568
f 1561/1732/1561 1562/1733/1562 1563/1734/1563 1568/1739/1568
f 1568/1739/1568 1563/1734/1563 1564/1735/1564 1565/1736/1565
f 1565/1736/1565 1566/1737/1566 1567/1738/1567 1568/1739/1568
f 1177/1318/1232 1178/1009/925 1160/1300/924 1569/1740/1569
f 1569/1740/1569 1160/1300/924 1161/1301/927 1570/1741/1570
f 1570/1741/1570 1161/1301/927 1162/1303/929 1571/1743/1571
f 1571/1742/1571 1162/1302/929 1163/1304/931 1572/1744/1572
f 1163/1304/931 1164/962/932 1165/1305/1069 1572/1744/1572
f 1572/1744/1572 1165/1305/1069 1166/1307/1071 1573/1746/1573
f 1573/1745/1573 1166/1306/1071 1167/1308/1073 1574/1747/1574
f 1574/1747/1574 1167/1308/1073 1168/1309/1075 1575/1748/1575
f 1168/1309/1075 1169/978/1077 1170/1310/1225 1575/1748/1575
f 1575/1748/1575 1170/1310/1225 1171/1311/1227 1576/1749/1576
f 1576/1749/1576 1171/1311/1227 1172/1312/1229 1577/1750/1577
f 1577/1750/1577 1172/1312/1229 1173/1313/1231 1578/1751/1578
f 1173/1313/1231 1149/979/1214 1174/1314/1239 1578/1751/1578
f 1578/1751/1578 1174/1314/1239 1175/1316/1237 1579/1753/1579
f 1579/1752/1579 1175/1315/1237 1176/1317/1235 1580/1754/1580
f 1580/1754/1580 1176/1317/1235 1177/1318/1232 1569/1740/1569
f 1580/1754/1580 1569/1740/1569 1570/1741/1570 1581/1756/1581
f 1581/1756/1581 1570/1741/1570 1571/1743/1571 1582/1758/1582
f 1571/1742/1571 1572/1744/1572 1573/1746/1573 1582/1759/1582
f 1582/1757/1582 1573/1745/1573 1574/1747/1574 1583/1760/1583
f 1574/1747/1574 1575/1748/1575 1576/1749/1576 1583/1760/1583
f 1583/1760/1583 1576/1749/1576 1577/1750/1577 1584/1762/1584
f 1577/1750/1577 1578/1751/1578 1579/1753/1579 1584/1762/1584
f 1584/1761/1584 1579/1752/1579 1580/1754/1580 1581/1756/1581
f 1581/1755/1581 1582/1757/1582 1583/1760/1583 1584/1762/1584
f 1196/1335/1164 1197/981/1165 1179/1319/1247 1585/1763/1585
f 1585/1763/1585 1179/1319/1247 1180/1320/1245 1586/1764/1586
f 1586/1764/1586 1180/1320/1245 1181/1321/1243 1587/1765/1587
f 1587/1765/1587 1181/1321/1243 1182/1322/1241 1588/1766/1588
f 1182/1322/1241 1183/1016/1186 1184/1323/1185 1588/1766/1588
f 1588/1766/1588 1184/1323/1185 1185/1324/1188 1589/1767/1589
f 1589/1767/1589 1185/1324/1188 1186/1325/1190 1590/1768/1590
f 1590/1768/1590 1186/1325/1190 1187/1326/1192 1591/1769/1591
f 1187/1326/1192 1188/974/1176 1189/1327/1175 1591/1769/1591
f 1591/1769/1591 1189/1327/1175 1190/1328/1178 1592/1770/1592
f 1592/1770/1592 1190/1328/1178 1191/1329/1180 1593/1771/1593
f 1593/1771/1593 1191/1329/1180 1192/1330/1182 1594/1772/1594
f 1192/1330/1182 1091/972/1156 1193/1331/1158 1594/1772/1594
f 1594/1772/1594 1193/1331/1158 1194/1333/1160 1595/1774/1595
f 1595/1773/1595 1194/1332/1160 1195/1334/1162 1596/1775/1596
f 1596/1775/1596 1195/1334/1162 1196/1335/1164 1585/1763/1585
f 1596/1775/1596 1585/1763/1585 1586/1764/1586 1597/1776/1597
f 1597/1776/1597 1586/1764/1586 1587/1765/1587 1598/1777/1598
f 1587/1765/1587 1588/1766/1588 1589/1767/1589 1598/1777/1598
f 1598/1777/1598 1589/1767/1589 1590/1768/1590 1599/1778/1599
f 1590/1768/1590 1591/1769/1591 1592/1770/1592 1599/1778/1599
f 1599/1778/1599 1592/1770/1592 1593/1771/1593 1600/1779/1600
f 1593/1771/1593 1594/1772/1594 1595/1774/1595 1600/1779/1600
f 1600/1779/1600 1595/1773/1595 1596/1775/1596 1597/1776/1597
f 1597/1776/1597 1598/1777/1598 1599/1778/1599 1600/1779/1600
f 1216/1354/1155 1217/969/1138 1198/1336/1137 1601/1780/1601
f 1601/1780/1601 1198/1336/1137 1199/1338/1140 1602/1782/1602
f 1602/1781/1602 1199/1337/1140 1200/1339/1142 1603/1783/1603
f 1603/1783/1603 1200/1339/1142 1201/1340/1144 1604/1784/1604
f 1201/1340/1144 1202/982/1145 1203/1341/1257 1604/1784/1604
f 1604/1784/1604 1203/1341/1257 1204/1342/1255 1605/1785/1605
f 1605/1785/1605 1204/1342/1255 1205/1344/1253 1606/1787/1606
f 1606/1786/1606 1205/1343/1253 1206/1345/1251 1607/1788/1607
f 1206/1345/1251 1207/984/1250 1208/1346/1266 1607/1788/1607
f 1607/1788/1607 1208/1346/1266 1209/1347/1264 1608/1789/1608
f 1608/1789/1608 1209/1347/1264 1210/1348/1262 1609/1790/1609
f 1609/1790/1609 1210/1348/1262 1211/1349/1260 1610/1791/1610
f 1211/1349/1260 1212/1008/1149 1213/1350/1148 1610/1791/1610
f 1610/1791/1610 1213/1350/1148 1214/1351/1151 1611/1792/1611
f 1611/1792/1611 1214/1351/1151 1215/1353/1153 1612/1794/1612
f 1612/1793/1612 1215/1352/1153 1216/1354/1155 1601/1780/1601
f 1612/1793/1612 1601/1780/1601 1602/1782/1602 1613/1796/1613
f 1613/1797/1613 1602/1781/1602 1603/1783/1603 1614/1798/1614
f 1603/1783/1603 1604/1784/1604 1605/1785/1605 1614/1798/1614
f 1614/1798/1614 1605/1785/1605 1606/1787/1606 1615/1801/1615
f 1606/1786/1606 1607/1788/1607 1608/1789/1608 1615/1800/1615
f 1615/1800/1615 1608/1789/1608 1609/1790/1609 1616/1802/1616
f 1609/1790/1609 1610/1791/1610 1611/1792/1611 1616/1802/1616
f 1616/1802/1616 1611/1792/1611 1612/1794/1612 1613/1795/1613
f 1613/1795/1613 1614/1799/1614 1615/1800/1615 1616/1802/1616
f 1236/1370/1267 1207/984/1250 1218/1355/1275 1617/1803/1617
f 1617/1803/1617 1218/1355/1275 1219/1356/1273 1618/1804/1618
f 1618/1804/1618 1219/1356/1273 1220/1357/1271 1619/1805/1619
f 1619/1805/1619 1220/1357/1271 1221/1358/1268 1620/1806/1620
f 1221/1358/1268 1222/1011/1206 1223/1359/1205 1620/1806/1620
f 1620/1806/1620 1223/1359/1205 1224/1360/1208 1621/1807/1621
f 1621/1807/1621 1224/1360/1208 1225/1361/1210 1622/1808/1622
f 1622/1808/1622 1225/1361/1210 1226/1362/1212 1623/1809/1623
f 1226/1362/1212 1227/980/1213 1228/1363/1242 1623/1809/1623
f 1623/1809/1623 1228/1363/1242 1229/1364/1244 1624/1810/1624
f 1624/1810/1624 1229/1364/1244 1230/1365/1246 1625/1811/1625
f 1625/1811/1625 1230/1365/1246 1231/1366/1248 1626/1812/1626
f 1231/1366/1248 1232/983/1249 1233/1367/1261 1626/1812/1626
f 1626/1812/1626 1233/1367/1261 1234/1368/1263 1627/1813/1627
f 1627/1813/1627 1234/1368/1263 1235/1369/1265 1628/1814/1628
f 1628/1814/1628 1235/1369/1265 1236/1370/1267 1617/1803/1617
f 1628/1814/1628 1617/1803/1617 1618/1804/1618 1629/1815/1629
f 1629/1815/1629 1618/1804/1618 1619/1805/1619 1630/1816/1630
f 1619/1805/1619 1620/1806/1620 1621/1807/1621 1630/1816/1630
f 1630/1816/1630 1621/1807/1621 1622/1808/1622 1631/1817/1631
f 1622/1808/1622 1623/1809/1623 1624/1810/1624 1631/1817/1631
f 1631/1817/1631 1624/1810/1624 1625/1811/1625 1632/1818/1632
f 1625/1811/1625 1626/1812/1626 1627/1813/1627 1632/1818/1632
f 1632/1818/1632 1627/1813/1627 1628/1814/1628 1629/1815/1629
f 1629/1815/1629 1630/1816/1630 1631/1817/1631 1632/1818/1632
f 1254/1387/1222 1255/985/1223 1237/1371/1285 1633/1819/1633
f 1633/1819/1633 1237/1371/1285 1238/1372/1283 1634/1820/1634
f 1634/1820/1634 1238/1372/1283 1239/1373/1281 1635/1821/1635
f 1635/1821/1635 1239/1373/1281 1240/1374/1278 1636/1822/1636
f 1240/1374/1278 1241/988/1277 1242/1375/1293 1636/1822/1636
f 1636/1822/1636 1242/1375/1293 1243/1376/1291 1637/1823/1637
f 1637/1823/1637 1243/1376/1291 1244/1377/1289 1638/1824/1638
f 1638/1824/1638 1244/1377/1289 1245/1378/1287 1639/1825/1639
f 1245/1378/1287 1246/1010/1234 1247/1379/1233 1639/1825/1639
f 1639/1825/1639 1247/1379/1233 1248/1380/1236 1640/1826/1640
f 1640/1826/1640 1248/1380/1236 1249/1382/1238 1641/1828/1641
f 1641/1827/1641 1249/1381/1238 1250/1383/1240 1642/1829/1642
f 1250/1383/1240 1149/979/1214 1251/1384/1216 1642/1829/1642
f 1642/1829/1642 1251/1384/1216 1252/1385/1218 1643/1830/1643
f 1643/1830/1643 1252/1385/1218 1253/1386/1220 1644/1831/1644
f 1644/1831/1644 1253/1386/1220 1254/1387/1222 1633/1819/1633
f 1644/1831/1644 1633/1819/1633 1634/1820/1634 1645/1832/1645
f 1645/1832/1645 1634/1820/1634 1635/1821/1635 1646/1833/1646
f 1635/1821/1635 1636/1822/1636 1637/1823/1637 1646/1833/1646
f 1646/1833/1646 1637/1823/1637 1638/1824/1638 1647/1834/1647
f 1638/1824/1638 1639/1825/1639 1640/1826/1640 1647/1834/1647
f 1647/1834/1647 1640/1826/1640 1641/1828/1641 1648/1835/1648
f 1641/1827/1641 1642/1829/1642 1643/1830/1643 1648/1835/1648
f 1648/1835/1648 1643/1830/1643 1644/1831/1644 1645/1832/1645
f 1645/1832/1645 1646/1833/1646 1647/1834/1647 1648/1835/1648
f 1273/1403/1294 1274/990/1295 1256/1388/1302 1649/1836/1649
f 1649/1836/1649 1256/1388/1302 1257/1389/1300 1650/1837/1650
f 1650/1837/1650 1257/1389/1300 1258/1390/1298 1651/1838/1651
f 1651/1838/1651 1258/1390/1298 1259/1391/1296 1652/1839/1652
f 1259/1391/1296 1260/1013/964 1261/1392/963 1652/1839/1652
f 1652/1839/1652 1261/1392/963 1262/1393/966 1653/1840/1653
f 1653/1840/1653 1262/1393/966 1263/1394/968 1654/1841/1654
f 1654/1841/1654 1263/1394/968 1264/1395/970 1655/1842/1655
f 1264/1395/970 897/950/933 1265/1396/935 1655/1842/1655
f 1655/1842/1655 1265/1396/935 1266/1397/937 1656/1843/1656
f 1656/1843/1656 1266/1397/937 1267/1398/939 1657/1844/1657
f 1657/1844/1657 1267/1398/939 1268/1399/941 1658/1845/1658
f 1268/1399/941 1269/987/942 1270/1400/1288 1658/1845/1658
f 1658/1845/1658 1270/1400/1288 1271/1401/1290 1659/1846/1659
f 1659/1846/1659 1271/1401/1290 1272/1402/1292 1660/1847/1660
f 1660/1847/1660 1272/1402/1292 1273/1403/1294 1649/1836/1649
f 1660/1847/1660 1649/1836/1649 1650/1837/1650 1661/1848/1661
f 1661/1848/1661 1650/1837/1650 1651/1838/1651 1662/1849/1662
f 1651/1838/1651 1652/1839/1652 1653/1840/1653 1662/1849/1662
f 1662/1849/1662 1653/1840/1653 1654/1841/1654 1663/1850/1663
f 1654/1841/1654 1655/1842/1655 1656/1843/1656 1663/1850/1663
f 1663/1850/1663 1656/1843/1656 1657/1844/1657 1664/1851/1664
f 1657/1844/1657 1658/1845/1658 1659/1846/1659 1664/1851/1664
f 1664/1851/1664 1659/1846/1659 1660/1847/1660 1661/1848/1661
f 1661/1848/1661 1662/1849/1662 1663/1850/1663 1664/1851/1664
f 1292/1420/1258 1293/992/1259 1275/1404/1311 1665/1852/1665
f 1665/1852/1665 1275/1404/1311 1276/1405/1309 1666/1853/1666
f 1666/1853/1666 1276/1405/1309 1277/1406/1307 1667/1854/1667
f 1667/1854/1667 1277/1406/1307 1278/1407/1305 1668/1855/1668
f 1278/1407/1305 1279/1017/1280 1280/1408/1279 1668/1855/1668
f 1668/1855/1668 1280/1408/1279 1281/1409/1282 1669/1856/1669
f 1669/1856/1669 1281/1409/1282 1282/1410/1284 1670/1857/1670
f 1670/1857/1670 1282/1410/1284 1283/1411/1286 1671/1858/1671
f 1283/1411/1286 1284/986/1270 1285/1412/1269 1671/1858/1671
f 1671/1858/1671 1285/1412/1269 1286/1413/1272 1672/1859/1672
f 1672/1859/1672 1286/1413/1272 1287/1414/1274 1673/1860/1673
f 1673/1860/1673 1287/1414/1274 1288/1415/1276 1674/1861/1674
f 1288/1415/1276 1207/984/1250 1289/1416/1252 1674/1861/1674
f 1674/1861/1674 1289/1416/1252 1290/1418/1254 1675/1863/1675
f 1675/1862/1675 1290/1417/1254 1291/1419/1256 1676/1864/1676
f 1676/1864/1676 1291/1419/1256 1292/1420/1258 1665/1852/1665
f 1676/1864/1676 1665/1852/1665 1666/1853/1666 1677/1865/1677
f 1677/1865/1677 1666/1853/1666 1667/1854/1667 1678/1866/1678
f 1667/1854/1667 1668/1855/1668 1669/1856/1669 1678/1866/1678
f 1678/1866/1678 1669/1856/1669 1670/1857/1670 1679/1867/1679
f 1670/1857/1670 1671/1858/1671 1672/1859/1672 1679/1867/1679
f 1679/1867/1679 1672/1859/1672 1673/1860/1673 1680/1868/1680
f 1673/1860/1673 1674/1861/1674 1675/1863/1675 1680/1868/1680
f 1680/1868/1680 1675/1862/1675 1676/1864/1676 1677/1865/1677
f 1677/1865/1677 1678/1866/1678 1679/1867/1679 1680/1868/1680
f 1312/1436/1135 1052/966/1108 1294/1421/1110 1681/1869/1681
f 1681/1869/1681 1294/1421/1110 1295/1422/1112 1682/1870/1682
f 1682/1870/1682 1295/1422/1112 1296/1423/1114 1683/1871/1683
f 1683/1871/1683 1296/1423/1114 1297/1424/1116 1684/1872/1684
f 1297/1424/1116 1298/989/1117 1299/1425/1297 1684/1872/1684
f 1684/1872/1684 1299/1425/1297 1300/1426/1299 1685/1873/1685
f 1685/1873/1685 1300/1426/1299 1301/1427/1301 1686/1874/1686
f 1686/1874/1686 1301/1427/1301 1302/1428/1303 1687/1875/1687
f 1302/1428/1303 1303/991/1304 1304/1429/1306 1687/1875/1687
f 1687/1875/1687 1304/1429/1306 1305/1430/1308 1688/1876/1688
f 1688/1876/1688 1305/1430/1308 1306/1431/1310 1689/1877/1689
f 1689/1877/1689 1306/1431/1310 1307/1432/1312 1690/1878/1690
f 1307/1432/1312 1308/993/1129 1309/1433/1128 1690/1878/1690
f 1690/1878/1690 1309/1433/1128 1310/1434/1131 1691/1879/1691
f 1691/1879/1691 1310/1434/1131 1311/1435/1133 1692/1880/1692
f 1692/1880/1692 1311/1435/1133 1312/1436/1135 1681/1869/1681
f 1692/1880/1692 1681/1869/1681 1682/1870/1682 1693/1881/1693
f 1693/1881/1693 1682/1870/1682 1683/1871/1683 1694/1882/1694
f 1683/1871/1683 1684/1872/1684 1685/1873/1685 1694/1882/1694
f 1694/1882/1694 1685/1873/1685 1686/1874/1686 1695/1883/1695
f 1686/1874/1686 1687/1875/1687 1688/1876/1688 1695/1883/1695
f 1695/1883/1695 1688/1876/1688 1689/1877/1689 1696/1884/1696
f 1689/1877/1689 1690/1878/1690 1691/1879/1691 1696/1884/1696
f 1696/1884/1696 1691/1879/1691 1692/1880/1692 1693/1881/1693
f 1693/1881/1693 1694/1882/1694 1695/1883/1695 1696/1884/1696
