# This file uses centimeters as units for non-parametric coordinates.

mtllib ro.mtl
g default
v 0.019645 3.360295 -1.938595
v 0.646141 4.096205 -1.848701
v 1.434982 4.273215 -1.795488
v 1.890107 4.667456 -1.628923
v -0.014176 3.360295 -1.938595
v 0.627047 4.121058 -1.848701
v 1.414079 4.296561 -1.795488
v 1.858769 4.667456 -1.628923
v 0.019644 3.360295 -2.053774
v 0.646141 4.096205 -1.963881
v 0.627047 4.121058 -1.963881
v -0.014175 3.360295 -2.053774
v 1.434982 4.273215 -1.910667
v 1.414079 4.296561 -1.910667
v 1.890107 4.667456 -1.744102
v 1.858769 4.667456 -1.744102
vt 0.375000 0.312500
vt 0.391667 0.312500
vt 0.391667 0.687500
vt 0.375000 0.687500
vt 0.408333 0.312500
vt 0.408333 0.687500
vt 0.425000 0.312500
vt 0.425000 0.687500
vt 0.375000 0.312500
vt 0.391667 0.312500
vt 0.391667 0.687500
vt 0.375000 0.687500
vt 0.408333 0.312500
vt 0.408333 0.687500
vt 0.425000 0.312500
vt 0.425000 0.687500
vt 0.375000 0.312500
vt 0.391667 0.312500
vt 0.391667 0.687500
vt 0.375000 0.687500
vt 0.408333 0.312500
vt 0.408333 0.687500
vt 0.425000 0.312500
vt 0.425000 0.687500
vn -0.040180 -0.085550 0.995523
vn -0.040180 -0.085550 0.995523
vn -0.040180 -0.085550 0.995523
vn -0.040180 -0.085550 0.995523
vn 0.048134 0.067221 -0.996576
vn 0.090807 0.164033 -0.982266
vn 0.079605 0.125274 -0.988923
vn 0.046924 0.070016 -0.996442
vn 0.090807 0.164033 -0.982266
vn 0.121728 0.272398 -0.954454
vn 0.121728 0.272398 -0.954454
vn 0.079605 0.125274 -0.988923
vn 0.040184 0.085552 -0.995523
vn 0.048132 0.067222 -0.996576
vn 0.046923 0.070016 -0.996442
vn 0.040184 0.085552 -0.995523
vn 0.048132 0.067222 -0.996576
vn 0.090806 0.164033 -0.982266
vn 0.079605 0.125274 -0.988923
vn 0.046923 0.070016 -0.996442
vn 0.090806 0.164033 -0.982266
vn 0.121729 0.272398 -0.954453
vn 0.121729 0.272398 -0.954453
vn 0.079605 0.125274 -0.988923
vn 0.761443 -0.648232 -0.000003
vn 0.761443 -0.648232 -0.000003
vn 0.761443 -0.648232 -0.000003
vn 0.761443 -0.648232 -0.000003
vn -0.764624 0.644477 -0.000002
vn -0.764624 0.644477 -0.000002
vn -0.764624 0.644477 -0.000002
vn -0.764624 0.644477 -0.000002
vn 0.000000 -1.000000 0.000000
vn 0.000000 -1.000000 0.000000
vn 0.000000 -1.000000 0.000000
vn 0.000000 -1.000000 0.000000
vn 0.218947 -0.975737 0.000000
vn 0.218947 -0.975737 0.000000
vn 0.218947 -0.975737 0.000000
vn 0.218947 -0.975737 0.000000
vn -0.217648 0.976027 0.000000
vn -0.217648 0.976027 0.000000
vn -0.217648 0.976027 0.000000
vn -0.217648 0.976027 0.000000
vn 0.654740 -0.755854 0.000000
vn 0.654740 -0.755854 0.000000
vn 0.654740 -0.755854 0.000000
vn 0.654740 -0.755854 0.000000
vn -0.640511 0.767949 0.000000
vn -0.640511 0.767949 0.000000
vn -0.640511 0.767949 0.000000
vn -0.640511 0.767949 0.000000
s off
g robot:robotpCylinder14 group1
usemtl robot:aiStandardSurface1SG
f 9/1/1 10/2/2 11/3/3 12/4/4
f 10/2/5 13/5/6 14/6/7 11/3/8
f 13/5/9 15/7/10 16/8/11 14/6/12
f 1/9/13 2/10/14 6/11/15 5/12/16
f 2/10/17 3/13/18 7/14/19 6/11/20
f 3/13/21 4/15/22 8/16/23 7/14/24
f 1/17/25 2/18/26 10/2/27 9/1/28
f 6/19/29 5/20/30 12/4/31 11/3/32
f 5/20/33 1/17/34 9/1/35 12/4/36
f 2/18/37 3/21/38 13/5/39 10/2/40
f 7/22/41 6/19/42 11/3/43 14/6/44
f 3/21/45 4/23/46 15/7/47 13/5/48
f 8/24/49 7/22/50 14/6/51 16/8/52
g default
v 1.850769 4.662141 -1.715001
v 1.845592 4.929357 -0.262999
v 1.845592 5.126101 0.951827
v 1.845592 5.150682 1.822830
v 1.881514 4.662141 -1.714997
v 1.876931 4.929357 -0.263000
v 1.876931 5.126101 0.951832
v 1.876931 5.150682 1.822840
v 1.845592 4.703672 -1.697816
v 1.845592 5.044537 -0.262999
v 1.876931 5.044537 -0.263000
v 1.876931 4.703672 -1.697812
v 1.845592 5.241280 0.951827
v 1.876931 5.241280 0.951832
v 1.845592 5.265862 1.822830
v 1.876931 5.265862 1.822840
vt 0.375000 0.312500
vt 0.391667 0.312500
vt 0.391667 0.687500
vt 0.375000 0.687500
vt 0.408333 0.312500
vt 0.408333 0.687500
vt 0.425000 0.312500
vt 0.425000 0.687500
vt 0.375000 0.312500
vt 0.391667 0.312500
vt 0.391667 0.687500
vt 0.375000 0.687500
vt 0.408333 0.312500
vt 0.408333 0.687500
vt 0.425000 0.312500
vt 0.425000 0.687500
vt 0.375000 0.312500
vt 0.391667 0.312500
vt 0.391667 0.687500
vt 0.375000 0.687500
vt 0.408333 0.312500
vt 0.408333 0.687500
vt 0.425000 0.312500
vt 0.425000 0.687500
vn 0.000011 0.972922 -0.231135
vn 0.000011 0.972922 -0.231135
vn 0.000011 0.972922 -0.231135
vn 0.000011 0.972922 -0.231135
vn 0.000012 0.980031 -0.198846
vn 0.000010 0.994417 -0.105523
vn 0.000010 0.994418 -0.105510
vn 0.000012 0.980031 -0.198847
vn 0.000010 0.994417 -0.105523
vn 0.000008 0.999602 -0.028211
vn 0.000008 0.999602 -0.028211
vn 0.000010 0.994418 -0.105510
vn 0.000011 0.983484 -0.180993
vn 0.000011 0.985212 -0.171338
vn 0.000011 0.985208 -0.171360
vn 0.000011 0.983484 -0.180993
vn 0.000011 0.985212 -0.171338
vn 0.000008 0.994417 -0.105523
vn 0.000008 0.994418 -0.105510
vn 0.000011 0.985208 -0.171360
vn 0.000008 0.994417 -0.105523
vn 0.000004 0.999602 -0.028211
vn 0.000004 0.999602 -0.028211
vn 0.000008 0.994418 -0.105510
vn -0.999422 -0.033593 0.005284
vn -0.999422 -0.033593 0.005284
vn -0.999422 -0.033593 0.005284
vn -0.999422 -0.033593 0.005284
vn 0.999547 0.029746 -0.004679
vn 0.999547 0.029746 -0.004679
vn 0.999547 0.029746 -0.004679
vn 0.999547 0.029746 -0.004679
vn 0.000135 0.382369 -0.924010
vn 0.000135 0.382369 -0.924010
vn 0.000135 0.382369 -0.924010
vn 0.000135 0.382369 -0.924010
vn -1.000000 0.000000 0.000000
vn -1.000000 0.000000 0.000000
vn -1.000000 0.000000 0.000000
vn -1.000000 0.000000 0.000000
vn 1.000000 0.000000 0.000000
vn 1.000000 0.000000 0.000000
vn 1.000000 0.000000 0.000000
vn 1.000000 0.000000 0.000000
vn -1.000000 0.000000 -0.000000
vn -1.000000 0.000000 -0.000000
vn -1.000000 0.000000 -0.000000
vn -1.000000 0.000000 -0.000000
vn 1.000000 0.000000 0.000000
vn 1.000000 0.000000 0.000000
vn 1.000000 0.000000 0.000000
vn 1.000000 0.000000 0.000000
s off
g group1 robot:robotpCylinder15
usemtl robot:aiStandardSurface1SG
f 25/25/53 26/26/54 27/27/55 28/28/56
f 26/26/57 29/29/58 30/30/59 27/27/60
f 29/29/61 31/31/62 32/32/63 30/30/64
f 17/33/65 18/34/66 22/35/67 21/36/68
f 18/34/69 19/37/70 23/38/71 22/35/72
f 19/37/73 20/39/74 24/40/75 23/38/76
f 17/41/77 18/42/78 26/26/79 25/25/80
f 22/43/81 21/44/82 28/28/83 27/27/84
f 21/44/85 17/41/86 25/25/87 28/28/88
f 18/42/89 19/45/90 29/29/91 26/26/92
f 23/46/93 22/43/94 27/27/95 30/30/96
f 19/45/97 20/47/98 31/31/99 29/29/100
f 24/48/101 23/46/102 30/30/103 32/32/104
g default
v 0.216377 -0.016864 -0.026608
v 0.211381 -0.016864 -0.052797
v 0.203143 -0.016864 -0.078153
v 0.191791 -0.016864 -0.102276
v 0.177506 -0.016864 -0.124786
v 0.160511 -0.016864 -0.145329
v 0.141077 -0.016864 -0.163579
v 0.119508 -0.016864 -0.179250
v 0.096145 -0.016864 -0.192094
v 0.071356 -0.016864 -0.201908
v 0.045533 -0.016864 -0.208539
v 0.019082 -0.016864 -0.211880
v -0.007578 -0.016864 -0.211880
v -0.034029 -0.016864 -0.208539
v -0.059852 -0.016864 -0.201908
v -0.084641 -0.016864 -0.192094
v -0.108004 -0.016864 -0.179250
v -0.129573 -0.016864 -0.163579
v -0.149007 -0.016864 -0.145329
v -0.166002 -0.016864 -0.124786
v -0.180287 -0.016864 -0.102276
v -0.191639 -0.016864 -0.078152
v -0.199877 -0.016864 -0.052797
v -0.204873 -0.016864 -0.026608
v -0.206547 -0.016864 0.000000
v -0.204873 -0.016864 0.026608
v -0.199877 -0.016864 0.052797
v -0.191639 -0.016864 0.078153
v -0.180287 -0.016864 0.102276
v -0.166002 -0.016864 0.124786
v -0.149007 -0.016864 0.145329
v -0.129572 -0.016864 0.163579
v -0.108003 -0.016864 0.179250
v -0.084641 -0.016864 0.192094
v -0.059852 -0.016864 0.201908
v -0.034029 -0.016864 0.208539
v -0.007578 -0.016864 0.211880
v 0.019082 -0.016864 0.211880
v 0.045533 -0.016864 0.208539
v 0.071356 -0.016864 0.201908
v 0.096144 -0.016864 0.192094
v 0.119507 -0.016864 0.179250
v 0.141076 -0.016864 0.163579
v 0.160511 -0.016864 0.145329
v 0.177505 -0.016864 0.124786
v 0.191791 -0.016864 0.102276
v 0.203143 -0.016864 0.078152
v 0.211381 -0.016864 0.052797
v 0.216377 -0.016864 0.026608
v 0.218051 -0.016864 0.000000
v 0.421816 0.032849 -0.052561
v 0.411947 0.032849 -0.104293
v 0.395673 0.032849 -0.154381
v 0.373249 0.032849 -0.202033
v 0.345030 0.032849 -0.246500
v 0.311460 0.032849 -0.287079
v 0.273069 0.032849 -0.323131
v 0.230462 0.032849 -0.354086
v 0.184311 0.032849 -0.379458
v 0.135345 0.032849 -0.398845
v 0.084334 0.032849 -0.411942
v 0.032084 0.032849 -0.418543
v -0.020581 0.032849 -0.418543
v -0.072830 0.032849 -0.411942
v -0.123841 0.032849 -0.398845
v -0.172807 0.032849 -0.379458
v -0.218958 0.032849 -0.354086
v -0.261565 0.032849 -0.323131
v -0.299956 0.032849 -0.287079
v -0.333526 0.032849 -0.246500
v -0.361745 0.032849 -0.202033
v -0.384169 0.032849 -0.154381
v -0.400443 0.032849 -0.104293
v -0.410312 0.032849 -0.052561
v -0.413619 0.032849 0.000000
v -0.410312 0.032849 0.052561
v -0.400443 0.032849 0.104293
v -0.384169 0.032849 0.154381
v -0.361745 0.032849 0.202033
v -0.333526 0.032849 0.246500
v -0.299956 0.032849 0.287079
v -0.261565 0.032849 0.323131
v -0.218958 0.032849 0.354086
v -0.172807 0.032849 0.379458
v -0.123841 0.032849 0.398845
v -0.072830 0.032849 0.411942
v -0.020580 0.032849 0.418543
v 0.032084 0.032849 0.418543
v 0.084334 0.032849 0.411942
v 0.135345 0.032849 0.398845
v 0.184311 0.032849 0.379458
v 0.230462 0.032849 0.354086
v 0.273069 0.032849 0.323130
v 0.311460 0.032849 0.287079
v 0.345030 0.032849 0.246500
v 0.373249 0.032849 0.202033
v 0.395673 0.032849 0.154381
v 0.411947 0.032849 0.104293
v 0.421815 0.032849 0.052561
v 0.425122 0.032849 0.000000
v 0.617010 0.114343 -0.077220
v 0.602512 0.114343 -0.153222
v 0.578602 0.114343 -0.226807
v 0.545659 0.114343 -0.296816
v 0.504200 0.114343 -0.362144
v 0.454881 0.114343 -0.421760
v 0.398479 0.114343 -0.474726
v 0.335883 0.114343 -0.520204
v 0.268081 0.114343 -0.557478
v 0.196142 0.114343 -0.585961
v 0.121201 0.114343 -0.605203
v 0.044438 0.114343 -0.614900
v -0.032934 0.114343 -0.614900
v -0.109697 0.114343 -0.605203
v -0.184638 0.114343 -0.585961
v -0.256577 0.114343 -0.557478
v -0.324379 0.114343 -0.520204
v -0.386975 0.114343 -0.474725
v -0.443377 0.114343 -0.421760
v -0.492696 0.114343 -0.362144
v -0.534154 0.114343 -0.296816
v -0.567098 0.114343 -0.226807
v -0.591007 0.114343 -0.153222
v -0.605506 0.114343 -0.077220
v -0.610364 0.114343 0.000000
v -0.605506 0.114343 0.077220
v -0.591007 0.114343 0.153222
v -0.567098 0.114343 0.226807
v -0.534154 0.114343 0.296816
v -0.492696 0.114343 0.362144
v -0.443377 0.114343 0.421760
v -0.386975 0.114343 0.474725
v -0.324379 0.114343 0.520204
v -0.256577 0.114343 0.557478
v -0.184638 0.114343 0.585961
v -0.109697 0.114343 0.605203
v -0.032934 0.114343 0.614900
v 0.044438 0.114343 0.614900
v 0.121201 0.114343 0.605202
v 0.196142 0.114343 0.585961
v 0.268081 0.114343 0.557478
v 0.335883 0.114343 0.520203
v 0.398479 0.114343 0.474725
v 0.454881 0.114343 0.421760
v 0.504200 0.114343 0.362144
v 0.545658 0.114343 0.296816
v 0.578602 0.114343 0.226807
v 0.602511 0.114343 0.153222
v 0.617009 0.114343 0.077220
v 0.621867 0.114343 0.000000
v 0.797152 0.225612 -0.099977
v 0.778381 0.225612 -0.198378
v 0.747426 0.225612 -0.293649
v 0.704773 0.225612 -0.384290
v 0.651097 0.225612 -0.468871
v 0.587243 0.225612 -0.546057
v 0.514219 0.225612 -0.614631
v 0.433176 0.225612 -0.673512
v 0.345392 0.225612 -0.721772
v 0.252252 0.225612 -0.758649
v 0.155224 0.225612 -0.783561
v 0.055839 0.225612 -0.796116
v -0.044335 0.225612 -0.796116
v -0.143720 0.225612 -0.783561
v -0.240748 0.225612 -0.758648
v -0.333888 0.225612 -0.721772
v -0.421672 0.225612 -0.673512
v -0.502715 0.225612 -0.614631
v -0.575739 0.225612 -0.546056
v -0.639593 0.225612 -0.468870
v -0.693269 0.225612 -0.384290
v -0.735922 0.225612 -0.293649
v -0.766877 0.225612 -0.198377
v -0.785648 0.225612 -0.099977
v -0.791938 0.225612 0.000000
v -0.785648 0.225612 0.099977
v -0.766877 0.225612 0.198378
v -0.735922 0.225612 0.293649
v -0.693269 0.225612 0.384290
v -0.639593 0.225612 0.468871
v -0.575739 0.225612 0.546056
v -0.502715 0.225612 0.614631
v -0.421672 0.225612 0.673512
v -0.333888 0.225612 0.721771
v -0.240748 0.225612 0.758648
v -0.143720 0.225612 0.783561
v -0.044335 0.225612 0.796116
v 0.055839 0.225612 0.796116
v 0.155224 0.225612 0.783561
v 0.252252 0.225612 0.758648
v 0.345392 0.225612 0.721771
v 0.433176 0.225612 0.673512
v 0.514219 0.225612 0.614631
v 0.587243 0.225612 0.546056
v 0.651097 0.225612 0.468870
v 0.704773 0.225612 0.384290
v 0.747425 0.225612 0.293649
v 0.778381 0.225612 0.198377
v 0.797152 0.225612 0.099977
v 0.803442 0.225612 0.000000
v 0.957808 0.363916 -0.120273
v 0.935227 0.363916 -0.238649
v 0.897987 0.363916 -0.353261
v 0.846676 0.363916 -0.462302
v 0.782103 0.363916 -0.564052
v 0.705287 0.363916 -0.656907
v 0.617439 0.363916 -0.739402
v 0.519944 0.363916 -0.810237
v 0.414339 0.363916 -0.868293
v 0.302292 0.363916 -0.912656
v 0.185567 0.363916 -0.942625
v 0.066007 0.363916 -0.957729
v -0.054503 0.363916 -0.957729
v -0.174064 0.363916 -0.942625
v -0.290788 0.363916 -0.912656
v -0.402836 0.363916 -0.868293
v -0.508440 0.363916 -0.810236
v -0.605935 0.363916 -0.739402
v -0.693783 0.363916 -0.656907
v -0.770599 0.363916 -0.564052
v -0.835172 0.363916 -0.462302
v -0.886483 0.363916 -0.353261
v -0.923722 0.363916 -0.238648
v -0.946304 0.363916 -0.120273
v -0.953871 0.363916 0.000000
v -0.946304 0.363916 0.120273
v -0.923722 0.363916 0.238649
v -0.886483 0.363916 0.353261
v -0.835172 0.363916 0.462302
v -0.770599 0.363916 0.564052
v -0.693783 0.363916 0.656907
v -0.605934 0.363916 0.739402
v -0.508439 0.363916 0.810236
v -0.402835 0.363916 0.868292
v -0.290788 0.363916 0.912655
v -0.174063 0.363916 0.942625
v -0.054503 0.363916 0.957729
v 0.066007 0.363916 0.957729
v 0.185567 0.363916 0.942625
v 0.302292 0.363916 0.912655
v 0.414339 0.363916 0.868292
v 0.519943 0.363916 0.810236
v 0.617438 0.363916 0.739402
v 0.705287 0.363916 0.656907
v 0.782103 0.363916 0.564052
v 0.846675 0.363916 0.462301
v 0.897986 0.363916 0.353260
v 0.935226 0.363916 0.238648
v 0.957807 0.363916 0.120273
v 0.965374 0.363916 0.000000
v 1.095021 0.525848 -0.137607
v 1.069185 0.525848 -0.273043
v 1.026578 0.525848 -0.404174
v 0.967872 0.525848 -0.528930
v 0.893993 0.525848 -0.645345
v 0.806106 0.525848 -0.751583
v 0.705597 0.525848 -0.845967
v 0.594050 0.525848 -0.927010
v 0.473226 0.525848 -0.993434
v 0.345030 0.525848 -1.044190
v 0.211483 0.525848 -1.078479
v 0.074691 0.525848 -1.095760
v -0.063187 0.525848 -1.095760
v -0.199979 0.525848 -1.078479
v -0.333526 0.525848 -1.044190
v -0.461722 0.525848 -0.993434
v -0.582546 0.525848 -0.927010
v -0.694093 0.525848 -0.845967
v -0.794602 0.525848 -0.751582
v -0.882489 0.525848 -0.645345
v -0.956368 0.525848 -0.528930
v -1.015074 0.525848 -0.404174
v -1.057681 0.525848 -0.273043
v -1.083517 0.525848 -0.137607
v -1.092174 0.525848 0.000000
v -1.083517 0.525848 0.137607
v -1.057681 0.525848 0.273043
v -1.015074 0.525848 0.404174
v -0.956368 0.525848 0.528930
v -0.882489 0.525848 0.645345
v -0.794602 0.525848 0.751582
v -0.694092 0.525848 0.845967
v -0.582546 0.525848 0.927010
v -0.461722 0.525848 0.993433
v -0.333526 0.525848 1.044190
v -0.199979 0.525848 1.078479
v -0.063187 0.525848 1.095759
v 0.074691 0.525848 1.095759
v 0.211483 0.525848 1.078479
v 0.345030 0.525848 1.044189
v 0.473226 0.525848 0.993433
v 0.594050 0.525848 0.927009
v 0.705596 0.525848 0.845966
v 0.806105 0.525848 0.751582
v 0.893993 0.525848 0.645345
v 0.967872 0.525848 0.528930
v 1.026577 0.525848 0.404173
v 1.069184 0.525848 0.273043
v 1.095020 0.525848 0.137607
v 1.103678 0.525848 0.000000
v 1.205413 0.707423 -0.151552
v 1.176959 0.707423 -0.300715
v 1.130034 0.707423 -0.445135
v 1.065378 0.707423 -0.582535
v 0.984012 0.707423 -0.710747
v 0.887218 0.707423 -0.827751
v 0.776522 0.707423 -0.931701
v 0.653671 0.707423 -1.020958
v 0.520602 0.707423 -1.094113
v 0.379414 0.707423 -1.150013
v 0.232333 0.707423 -1.187777
v 0.081678 0.707423 -1.206809
v -0.070174 0.707423 -1.206809
v -0.220829 0.707423 -1.187777
v -0.367910 0.707423 -1.150013
v -0.509098 0.707423 -1.094113
v -0.642167 0.707423 -1.020957
v -0.765018 0.707423 -0.931701
v -0.875714 0.707423 -0.827751
v -0.972508 0.707423 -0.710747
v -1.053874 0.707423 -0.582534
v -1.118529 0.707423 -0.445134
v -1.165454 0.707423 -0.300715
v -1.193908 0.707423 -0.151552
v -1.203443 0.707423 0.000000
v -1.193908 0.707423 0.151552
v -1.165454 0.707423 0.300715
v -1.118529 0.707423 0.445135
v -1.053874 0.707423 0.582534
v -0.972507 0.707423 0.710747
v -0.875713 0.707423 0.827751
v -0.765018 0.707423 0.931701
v -0.642167 0.707423 1.020957
v -0.509098 0.707423 1.094112
v -0.367910 0.707423 1.150013
v -0.220828 0.707423 1.187777
v -0.070174 0.707423 1.206809
v 0.081678 0.707423 1.206809
v 0.232333 0.707423 1.187777
v 0.379414 0.707423 1.150012
v 0.520602 0.707423 1.094112
v 0.653671 0.707423 1.020957
v 0.776522 0.707423 0.931700
v 0.887217 0.707423 0.827751
v 0.984011 0.707423 0.710747
v 1.065377 0.707423 0.582534
v 1.130033 0.707423 0.445134
v 1.176957 0.707423 0.300714
v 1.205412 0.707423 0.151552
v 1.214946 0.707423 0.000000
v 1.286265 0.904168 -0.161766
v 1.255893 0.904168 -0.320982
v 1.205805 0.904168 -0.475135
v 1.136792 0.904168 -0.621795
v 1.049942 0.904168 -0.758649
v 0.946625 0.904168 -0.883538
v 0.828469 0.904168 -0.994494
v 0.697338 0.904168 -1.089766
v 0.555301 0.904168 -1.167851
v 0.404597 0.904168 -1.227519
v 0.247603 0.904168 -1.267829
v 0.086795 0.904168 -1.288143
v -0.075291 0.904168 -1.288143
v -0.236099 0.904168 -1.267828
v -0.393093 0.904168 -1.227519
v -0.543797 0.904168 -1.167851
v -0.685834 0.904168 -1.089765
v -0.816965 0.904168 -0.994494
v -0.935121 0.904168 -0.883538
v -1.038438 0.904168 -0.758648
v -1.125288 0.904168 -0.621794
v -1.194301 0.904168 -0.475135
v -1.244388 0.904168 -0.320981
v -1.274760 0.904168 -0.161766
v -1.284938 0.904168 0.000000
v -1.274760 0.904168 0.161766
v -1.244388 0.904168 0.320982
v -1.194301 0.904168 0.475135
v -1.125288 0.904168 0.621795
v -1.038438 0.904168 0.758648
v -0.935120 0.904168 0.883538
v -0.816964 0.904168 0.994494
v -0.685834 0.904168 1.089765
v -0.543797 0.904168 1.167851
v -0.393093 0.904168 1.227519
v -0.236099 0.904168 1.267828
v -0.075291 0.904168 1.288143
v 0.086795 0.904168 1.288142
v 0.247603 0.904168 1.267828
v 0.404597 0.904168 1.227518
v 0.555301 0.904168 1.167850
v 0.697338 0.904168 1.089765
v 0.828468 0.904168 0.994493
v 0.946624 0.904168 0.883537
v 1.049941 0.904168 0.758648
v 1.136791 0.904168 0.621794
v 1.205804 0.904168 0.475134
v 1.255892 0.904168 0.320981
v 1.286264 0.904168 0.161766
v 1.296441 0.904168 0.000000
v 1.335586 1.111239 -0.167997
v 1.304045 1.111239 -0.333345
v 1.252028 1.111239 -0.493436
v 1.180357 1.111239 -0.645745
v 1.090161 1.111239 -0.787870
v 0.982864 1.111239 -0.917570
v 0.860157 1.111239 -1.032799
v 0.723976 1.111239 -1.131740
v 0.576468 1.111239 -1.212834
v 0.419959 1.111239 -1.274800
v 0.256918 1.111239 -1.316661
v 0.089916 1.111239 -1.337759
v -0.078413 1.111239 -1.337759
v -0.245415 1.111239 -1.316661
v -0.408456 1.111239 -1.274799
v -0.564964 1.111239 -1.212833
v -0.712472 1.111239 -1.131740
v -0.848653 1.111239 -1.032799
v -0.971360 1.111239 -0.917569
v -1.078657 1.111239 -0.787869
v -1.168852 1.111239 -0.645744
v -1.240524 1.111239 -0.493435
v -1.292540 1.111239 -0.333345
v -1.324082 1.111239 -0.167997
v -1.334651 1.111239 0.000000
v -1.324082 1.111239 0.167997
v -1.292540 1.111239 0.333345
v -1.240523 1.111239 0.493435
v -1.168852 1.111239 0.645744
v -1.078657 1.111239 0.787869
v -0.971360 1.111239 0.917569
v -0.848653 1.111239 1.032798
v -0.712472 1.111239 1.131740
v -0.564964 1.111239 1.212833
v -0.408455 1.111239 1.274799
v -0.245414 1.111239 1.316661
v -0.078412 1.111239 1.337758
v 0.089917 1.111239 1.337758
v 0.256919 1.111239 1.316661
v 0.419959 1.111239 1.274799
v 0.576468 1.111239 1.212832
v 0.723976 1.111239 1.131739
v 0.860157 1.111239 1.032798
v 0.982863 1.111239 0.917569
v 1.090160 1.111239 0.787869
v 1.180356 1.111239 0.645744
v 1.252027 1.111239 0.493435
v 1.304043 1.111239 0.333345
v 1.335585 1.111239 0.167997
v 1.346154 1.111239 0.000000
v 1.352163 1.323538 -0.170091
v 1.320228 1.323538 -0.337500
v 1.267563 1.323538 -0.499586
v 1.194998 1.323538 -0.653794
v 1.103679 1.323538 -0.797690
v 0.995044 1.323538 -0.929007
v 0.870808 1.323538 -1.045673
v 0.732929 1.323538 -1.145848
v 0.583582 1.323538 -1.227952
v 0.425123 1.323538 -1.290690
v 0.260049 1.323538 -1.333074
v 0.090966 1.323538 -1.354434
v -0.079462 1.323538 -1.354434
v -0.248546 1.323538 -1.333074
v -0.413619 1.323538 -1.290690
v -0.572078 1.323538 -1.227951
v -0.721425 1.323538 -1.145847
v -0.859304 1.323538 -1.045672
v -0.983540 1.323538 -0.929007
v -1.092174 1.323538 -0.797690
v -1.183494 1.323538 -0.653793
v -1.256058 1.323538 -0.499586
v -1.308723 1.323538 -0.337500
v -1.340658 1.323538 -0.170091
v -1.351360 1.323538 0.000000
v -1.340658 1.323538 0.170091
v -1.308723 1.323538 0.337500
v -1.256058 1.323538 0.499586
v -1.183494 1.323538 0.653794
v -1.092174 1.323538 0.797690
v -0.983539 1.323538 0.929007
v -0.859303 1.323538 1.045672
v -0.721424 1.323538 1.145847
v -0.572078 1.323538 1.227951
v -0.413618 1.323538 1.290689
v -0.248545 1.323538 1.333073
v -0.079462 1.323538 1.354433
v 0.090966 1.323538 1.354433
v 0.260049 1.323538 1.333073
v 0.425122 1.323538 1.290689
v 0.583582 1.323538 1.227951
v 0.732928 1.323538 1.145847
v 0.870807 1.323538 1.045672
v 0.995043 1.323538 0.929006
v 1.103678 1.323538 0.797690
v 1.194997 1.323538 0.653793
v 1.267562 1.323538 0.499586
v 1.320227 1.323538 0.337500
v 1.352162 1.323538 0.170091
v 1.362863 1.323538 0.000000
v 1.335586 1.535837 -0.167997
v 1.304045 1.535837 -0.333345
v 1.252028 1.535837 -0.493436
v 1.180357 1.535837 -0.645745
v 1.090161 1.535837 -0.787870
v 0.982864 1.535837 -0.917570
v 0.860157 1.535837 -1.032799
v 0.723976 1.535837 -1.131740
v 0.576468 1.535837 -1.212834
v 0.419959 1.535837 -1.274800
v 0.256918 1.535837 -1.316661
v 0.089916 1.535837 -1.337759
v -0.078413 1.535837 -1.337759
v -0.245415 1.535837 -1.316661
v -0.408456 1.535837 -1.274799
v -0.564964 1.535837 -1.212833
v -0.712472 1.535837 -1.131740
v -0.848653 1.535837 -1.032799
v -0.971360 1.535837 -0.917569
v -1.078657 1.535837 -0.787869
v -1.168852 1.535837 -0.645744
v -1.240524 1.535837 -0.493435
v -1.292540 1.535837 -0.333345
v -1.324082 1.535837 -0.167997
v -1.334651 1.535837 0.000000
v -1.324082 1.535837 0.167997
v -1.292540 1.535837 0.333345
v -1.240523 1.535837 0.493435
v -1.168852 1.535837 0.645744
v -1.078657 1.535837 0.787869
v -0.971360 1.535837 0.917569
v -0.848653 1.535837 1.032798
v -0.712472 1.535837 1.131740
v -0.564964 1.535837 1.212833
v -0.408455 1.535837 1.274799
v -0.245414 1.535837 1.316661
v -0.078412 1.535837 1.337758
v 0.089917 1.535837 1.337758
v 0.256919 1.535837 1.316661
v 0.419959 1.535837 1.274799
v 0.576468 1.535837 1.212832
v 0.723976 1.535837 1.131739
v 0.860157 1.535837 1.032798
v 0.982863 1.535837 0.917569
v 1.090160 1.535837 0.787869
v 1.180356 1.535837 0.645744
v 1.252027 1.535837 0.493435
v 1.304043 1.535837 0.333345
v 1.335585 1.535837 0.167997
v 1.346154 1.535837 0.000000
v 1.286265 1.742908 -0.161766
v 1.255893 1.742908 -0.320982
v 1.205805 1.742908 -0.475135
v 1.136792 1.742908 -0.621795
v 1.049942 1.742908 -0.758649
v 0.946625 1.742908 -0.883538
v 0.828469 1.742908 -0.994494
v 0.697338 1.742908 -1.089766
v 0.555301 1.742908 -1.167851
v 0.404597 1.742908 -1.227519
v 0.247603 1.742908 -1.267829
v 0.086795 1.742908 -1.288143
v -0.075291 1.742908 -1.288143
v -0.236099 1.742908 -1.267828
v -0.393093 1.742908 -1.227519
v -0.543797 1.742908 -1.167851
v -0.685834 1.742908 -1.089765
v -0.816965 1.742908 -0.994494
v -0.935121 1.742908 -0.883538
v -1.038438 1.742908 -0.758648
v -1.125288 1.742908 -0.621794
v -1.194301 1.742908 -0.475135
v -1.244388 1.742908 -0.320981
v -1.274760 1.742908 -0.161766
v -1.284938 1.742908 0.000000
v -1.274760 1.742908 0.161766
v -1.244388 1.742908 0.320982
v -1.194301 1.742908 0.475135
v -1.125288 1.742908 0.621795
v -1.038438 1.742908 0.758648
v -0.935120 1.742908 0.883538
v -0.816964 1.742908 0.994494
v -0.685834 1.742908 1.089765
v -0.543797 1.742908 1.167851
v -0.393093 1.742908 1.227519
v -0.236099 1.742908 1.267828
v -0.075291 1.742908 1.288143
v 0.086795 1.742908 1.288142
v 0.247603 1.742908 1.267828
v 0.404597 1.742908 1.227518
v 0.555301 1.742908 1.167850
v 0.697338 1.742908 1.089765
v 0.828468 1.742908 0.994493
v 0.946624 1.742908 0.883537
v 1.049941 1.742908 0.758648
v 1.136791 1.742908 0.621794
v 1.205804 1.742908 0.475134
v 1.255892 1.742908 0.320981
v 1.286264 1.742908 0.161766
v 1.296441 1.742908 0.000000
v 1.205413 1.939653 -0.151552
v 1.176959 1.939653 -0.300715
v 1.130034 1.939653 -0.445135
v 1.065378 1.939653 -0.582535
v 0.984012 1.939653 -0.710747
v 0.887218 1.939653 -0.827751
v 0.776522 1.939653 -0.931701
v 0.653671 1.939653 -1.020958
v 0.520602 1.939653 -1.094113
v 0.379414 1.939653 -1.150013
v 0.232333 1.939653 -1.187777
v 0.081678 1.939653 -1.206809
v -0.070174 1.939653 -1.206809
v -0.220829 1.939653 -1.187777
v -0.367910 1.939653 -1.150013
v -0.509098 1.939653 -1.094113
v -0.642167 1.939653 -1.020957
v -0.765018 1.939653 -0.931701
v -0.875714 1.939653 -0.827751
v -0.972508 1.939653 -0.710747
v -1.053874 1.939653 -0.582534
v -1.118529 1.939653 -0.445134
v -1.165454 1.939653 -0.300715
v -1.193908 1.939653 -0.151552
v -1.203443 1.939653 0.000000
v -1.193908 1.939653 0.151552
v -1.165454 1.939653 0.300715
v -1.118529 1.939653 0.445135
v -1.053874 1.939653 0.582534
v -0.972507 1.939653 0.710747
v -0.875713 1.939653 0.827751
v -0.765018 1.939653 0.931701
v -0.642167 1.939653 1.020957
v -0.509098 1.939653 1.094112
v -0.367910 1.939653 1.150013
v -0.220828 1.939653 1.187777
v -0.070174 1.939653 1.206809
v 0.081678 1.939653 1.206809
v 0.232333 1.939653 1.187777
v 0.379414 1.939653 1.150012
v 0.520602 1.939653 1.094112
v 0.653671 1.939653 1.020957
v 0.776522 1.939653 0.931700
v 0.887217 1.939653 0.827751
v 0.984011 1.939653 0.710747
v 1.065377 1.939653 0.582534
v 1.130033 1.939653 0.445134
v 1.176957 1.939653 0.300714
v 1.205412 1.939653 0.151552
v 1.214946 1.939653 0.000000
v 1.095021 2.121228 -0.137607
v 1.069185 2.121228 -0.273043
v 1.026578 2.121228 -0.404174
v 0.967872 2.121228 -0.528930
v 0.893993 2.121228 -0.645345
v 0.806106 2.121228 -0.751583
v 0.705597 2.121228 -0.845967
v 0.594050 2.121228 -0.927010
v 0.473226 2.121228 -0.993434
v 0.345030 2.121228 -1.044190
v 0.211483 2.121228 -1.078479
v 0.074691 2.121228 -1.095760
v -0.063187 2.121228 -1.095760
v -0.199979 2.121228 -1.078479
v -0.333526 2.121228 -1.044190
v -0.461722 2.121228 -0.993434
v -0.582546 2.121228 -0.927010
v -0.694093 2.121228 -0.845967
v -0.794602 2.121228 -0.751582
v -0.882489 2.121228 -0.645345
v -0.956368 2.121228 -0.528930
v -1.015074 2.121228 -0.404174
v -1.057681 2.121228 -0.273043
v -1.083517 2.121228 -0.137607
v -1.092174 2.121228 0.000000
v -1.083517 2.121228 0.137607
v -1.057681 2.121228 0.273043
v -1.015074 2.121228 0.404174
v -0.956368 2.121228 0.528930
v -0.882489 2.121228 0.645345
v -0.794602 2.121228 0.751582
v -0.694092 2.121228 0.845967
v -0.582546 2.121228 0.927010
v -0.461722 2.121228 0.993433
v -0.333526 2.121228 1.044190
v -0.199979 2.121228 1.078479
v -0.063187 2.121228 1.095759
v 0.074691 2.121228 1.095759
v 0.211483 2.121228 1.078479
v 0.345030 2.121228 1.044189
v 0.473226 2.121228 0.993433
v 0.594050 2.121228 0.927009
v 0.705596 2.121228 0.845966
v 0.806105 2.121228 0.751582
v 0.893993 2.121228 0.645345
v 0.967872 2.121228 0.528930
v 1.026577 2.121228 0.404173
v 1.069184 2.121228 0.273043
v 1.095020 2.121228 0.137607
v 1.103678 2.121228 0.000000
v 0.957808 2.283160 -0.120273
v 0.935227 2.283160 -0.238649
v 0.897987 2.283160 -0.353261
v 0.846676 2.283160 -0.462302
v 0.782103 2.283160 -0.564052
v 0.705287 2.283160 -0.656907
v 0.617439 2.283160 -0.739402
v 0.519944 2.283160 -0.810237
v 0.414339 2.283160 -0.868293
v 0.302292 2.283160 -0.912656
v 0.185567 2.283160 -0.942625
v 0.066007 2.283160 -0.957729
v -0.054503 2.283160 -0.957729
v -0.174064 2.283160 -0.942625
v -0.290788 2.283160 -0.912656
v -0.402836 2.283160 -0.868293
v -0.508440 2.283160 -0.810236
v -0.605935 2.283160 -0.739402
v -0.693783 2.283160 -0.656907
v -0.770599 2.283160 -0.564052
v -0.835172 2.283160 -0.462302
v -0.886483 2.283160 -0.353261
v -0.923722 2.283160 -0.238648
v -0.946304 2.283160 -0.120273
v -0.953871 2.283160 0.000000
v -0.946304 2.283160 0.120273
v -0.923722 2.283160 0.238649
v -0.886483 2.283160 0.353261
v -0.835172 2.283160 0.462302
v -0.770599 2.283160 0.564052
v -0.693783 2.283160 0.656907
v -0.605934 2.283160 0.739402
v -0.508439 2.283160 0.810236
v -0.402835 2.283160 0.868292
v -0.290788 2.283160 0.912655
v -0.174063 2.283160 0.942625
v -0.054503 2.283160 0.957729
v 0.066007 2.283160 0.957729
v 0.185567 2.283160 0.942625
v 0.302292 2.283160 0.912655
v 0.414339 2.283160 0.868292
v 0.519943 2.283160 0.810236
v 0.617438 2.283160 0.739402
v 0.705287 2.283160 0.656907
v 0.782103 2.283160 0.564052
v 0.846675 2.283160 0.462301
v 0.897986 2.283160 0.353260
v 0.935226 2.283160 0.238648
v 0.957807 2.283160 0.120273
v 0.965374 2.283160 0.000000
v 0.797152 2.421464 -0.099977
v 0.778381 2.421464 -0.198378
v 0.747426 2.421464 -0.293649
v 0.704773 2.421464 -0.384290
v 0.651097 2.421464 -0.468871
v 0.587243 2.421464 -0.546057
v 0.514219 2.421464 -0.614631
v 0.433176 2.421464 -0.673512
v 0.345392 2.421464 -0.721772
v 0.252252 2.421464 -0.758649
v 0.155224 2.421464 -0.783561
v 0.055839 2.421464 -0.796116
v -0.044335 2.421464 -0.796116
v -0.143720 2.421464 -0.783561
v -0.240748 2.421464 -0.758648
v -0.333888 2.421464 -0.721772
v -0.421672 2.421464 -0.673512
v -0.502715 2.421464 -0.614631
v -0.575739 2.421464 -0.546056
v -0.639593 2.421464 -0.468870
v -0.693269 2.421464 -0.384290
v -0.735922 2.421464 -0.293649
v -0.766877 2.421464 -0.198377
v -0.785648 2.421464 -0.099977
v -0.791938 2.421464 0.000000
v -0.785648 2.421464 0.099977
v -0.766877 2.421464 0.198378
v -0.735922 2.421464 0.293649
v -0.693269 2.421464 0.384290
v -0.639593 2.421464 0.468871
v -0.575739 2.421464 0.546056
v -0.502715 2.421464 0.614631
v -0.421672 2.421464 0.673512
v -0.333888 2.421464 0.721771
v -0.240748 2.421464 0.758648
v -0.143720 2.421464 0.783561
v -0.044335 2.421464 0.796116
v 0.055839 2.421464 0.796116
v 0.155224 2.421464 0.783561
v 0.252252 2.421464 0.758648
v 0.345392 2.421464 0.721771
v 0.433176 2.421464 0.673512
v 0.514219 2.421464 0.614631
v 0.587243 2.421464 0.546056
v 0.651097 2.421464 0.468870
v 0.704773 2.421464 0.384290
v 0.747425 2.421464 0.293649
v 0.778381 2.421464 0.198377
v 0.797152 2.421464 0.099977
v 0.803442 2.421464 0.000000
v 0.617010 2.532733 -0.077220
v 0.602512 2.532733 -0.153222
v 0.578602 2.532733 -0.226807
v 0.545659 2.532733 -0.296816
v 0.504200 2.532733 -0.362144
v 0.454881 2.532733 -0.421760
v 0.398479 2.532733 -0.474726
v 0.335883 2.532733 -0.520204
v 0.268081 2.532733 -0.557478
v 0.196142 2.532733 -0.585961
v 0.121201 2.532733 -0.605203
v 0.044438 2.532733 -0.614900
v -0.032934 2.532733 -0.614900
v -0.109697 2.532733 -0.605203
v -0.184638 2.532733 -0.585961
v -0.256577 2.532733 -0.557478
v -0.324379 2.532733 -0.520204
v -0.386975 2.532733 -0.474725
v -0.443377 2.532733 -0.421760
v -0.492696 2.532733 -0.362144
v -0.534154 2.532733 -0.296816
v -0.567098 2.532733 -0.226807
v -0.591007 2.532733 -0.153222
v -0.605506 2.532733 -0.077220
v -0.610364 2.532733 0.000000
v -0.605506 2.532733 0.077220
v -0.591007 2.532733 0.153222
v -0.567098 2.532733 0.226807
v -0.534154 2.532733 0.296816
v -0.492696 2.532733 0.362144
v -0.443377 2.532733 0.421760
v -0.386975 2.532733 0.474725
v -0.324379 2.532733 0.520204
v -0.256577 2.532733 0.557478
v -0.184638 2.532733 0.585961
v -0.109697 2.532733 0.605203
v -0.032934 2.532733 0.614900
v 0.044438 2.532733 0.614900
v 0.121201 2.532733 0.605202
v 0.196142 2.532733 0.585961
v 0.268081 2.532733 0.557478
v 0.335883 2.532733 0.520203
v 0.398479 2.532733 0.474725
v 0.454881 2.532733 0.421760
v 0.504200 2.532733 0.362144
v 0.545658 2.532733 0.296816
v 0.578602 2.532733 0.226807
v 0.602511 2.532733 0.153222
v 0.617009 2.532733 0.077220
v 0.621867 2.532733 0.000000
v 0.421816 2.614227 -0.052561
v 0.411947 2.614227 -0.104293
v 0.395673 2.614227 -0.154381
v 0.373249 2.614227 -0.202033
v 0.345030 2.614227 -0.246500
v 0.311460 2.614227 -0.287079
v 0.273069 2.614227 -0.323131
v 0.230462 2.614227 -0.354086
v 0.184311 2.614227 -0.379458
v 0.135345 2.614227 -0.398845
v 0.084334 2.614227 -0.411942
v 0.032084 2.614227 -0.418543
v -0.020581 2.614227 -0.418543
v -0.072830 2.614227 -0.411942
v -0.123841 2.614227 -0.398845
v -0.172807 2.614227 -0.379458
v -0.218958 2.614227 -0.354086
v -0.261565 2.614227 -0.323131
v -0.299956 2.614227 -0.287079
v -0.333526 2.614227 -0.246500
v -0.361745 2.614227 -0.202033
v -0.384169 2.614227 -0.154381
v -0.400443 2.614227 -0.104293
v -0.410312 2.614227 -0.052561
v -0.413619 2.614227 0.000000
v -0.410312 2.614227 0.052561
v -0.400443 2.614227 0.104293
v -0.384169 2.614227 0.154381
v -0.361745 2.614227 0.202033
v -0.333526 2.614227 0.246500
v -0.299956 2.614227 0.287079
v -0.261565 2.614227 0.323131
v -0.218958 2.614227 0.354086
v -0.172807 2.614227 0.379458
v -0.123841 2.614227 0.398845
v -0.072830 2.614227 0.411942
v -0.020580 2.614227 0.418543
v 0.032084 2.614227 0.418543
v 0.084334 2.614227 0.411942
v 0.135345 2.614227 0.398845
v 0.184311 2.614227 0.379458
v 0.230462 2.614227 0.354086
v 0.273069 2.614227 0.323130
v 0.311460 2.614227 0.287079
v 0.345030 2.614227 0.246500
v 0.373249 2.614227 0.202033
v 0.395673 2.614227 0.154381
v 0.411947 2.614227 0.104293
v 0.421815 2.614227 0.052561
v 0.425122 2.614227 0.000000
v 0.216377 2.663940 -0.026608
v 0.211381 2.663940 -0.052797
v 0.203143 2.663940 -0.078153
v 0.191791 2.663940 -0.102276
v 0.177506 2.663940 -0.124786
v 0.160511 2.663940 -0.145329
v 0.141077 2.663940 -0.163579
v 0.119508 2.663940 -0.179250
v 0.096145 2.663940 -0.192094
v 0.071356 2.663940 -0.201908
v 0.045533 2.663940 -0.208539
v 0.019082 2.663940 -0.211880
v -0.007578 2.663940 -0.211880
v -0.034029 2.663940 -0.208539
v -0.059852 2.663940 -0.201908
v -0.084641 2.663940 -0.192094
v -0.108004 2.663940 -0.179250
v -0.129573 2.663940 -0.163579
v -0.149007 2.663940 -0.145329
v -0.166002 2.663940 -0.124786
v -0.180287 2.663940 -0.102276
v -0.191639 2.663940 -0.078152
v -0.199877 2.663940 -0.052797
v -0.204873 2.663940 -0.026608
v -0.206547 2.663940 0.000000
v -0.204873 2.663940 0.026608
v -0.199877 2.663940 0.052797
v -0.191639 2.663940 0.078153
v -0.180287 2.663940 0.102276
v -0.166002 2.663940 0.124786
v -0.149007 2.663940 0.145329
v -0.129572 2.663940 0.163579
v -0.108003 2.663940 0.179250
v -0.084641 2.663940 0.192094
v -0.059852 2.663940 0.201908
v -0.034029 2.663940 0.208539
v -0.007578 2.663940 0.211880
v 0.019082 2.663940 0.211880
v 0.045533 2.663940 0.208539
v 0.071356 2.663940 0.201908
v 0.096144 2.663940 0.192094
v 0.119507 2.663940 0.179250
v 0.141076 2.663940 0.163579
v 0.160511 2.663940 0.145329
v 0.177505 2.663940 0.124786
v 0.191791 2.663940 0.102276
v 0.203143 2.663940 0.078152
v 0.211381 2.663940 0.052797
v 0.216377 2.663940 0.026608
v 0.218051 2.663940 0.000000
v 0.005752 -0.033573 0.000000
v 0.005752 2.680649 0.000000
vt 0.000000 0.050000
vt 0.020000 0.050000
vt 0.020000 0.100000
vt 0.000000 0.100000
vt 0.040000 0.050000
vt 0.040000 0.100000
vt 0.060000 0.050000
vt 0.060000 0.100000
vt 0.080000 0.050000
vt 0.080000 0.100000
vt 0.100000 0.050000
vt 0.100000 0.100000
vt 0.120000 0.050000
vt 0.120000 0.100000
vt 0.140000 0.050000
vt 0.140000 0.100000
vt 0.160000 0.050000
vt 0.160000 0.100000
vt 0.180000 0.050000
vt 0.180000 0.100000
vt 0.200000 0.050000
vt 0.200000 0.100000
vt 0.220000 0.050000
vt 0.220000 0.100000
vt 0.240000 0.050000
vt 0.240000 0.100000
vt 0.260000 0.050000
vt 0.260000 0.100000
vt 0.280000 0.050000
vt 0.280000 0.100000
vt 0.300000 0.050000
vt 0.300000 0.100000
vt 0.320000 0.050000
vt 0.320000 0.100000
vt 0.340000 0.050000
vt 0.340000 0.100000
vt 0.360000 0.050000
vt 0.360000 0.100000
vt 0.380000 0.050000
vt 0.380000 0.100000
vt 0.400000 0.050000
vt 0.400000 0.100000
vt 0.420000 0.050000
vt 0.420000 0.100000
vt 0.440000 0.050000
vt 0.440000 0.100000
vt 0.460000 0.050000
vt 0.460000 0.100000
vt 0.480000 0.050000
vt 0.480000 0.100000
vt 0.500000 0.050000
vt 0.500000 0.100000
vt 0.520000 0.050000
vt 0.520000 0.100000
vt 0.540000 0.050000
vt 0.540000 0.100000
vt 0.560000 0.050000
vt 0.560000 0.100000
vt 0.580000 0.050000
vt 0.580000 0.100000
vt 0.600000 0.050000
vt 0.600000 0.100000
vt 0.620000 0.050000
vt 0.620000 0.100000
vt 0.640000 0.050000
vt 0.640000 0.100000
vt 0.660000 0.050000
vt 0.660000 0.100000
vt 0.680000 0.050000
vt 0.680000 0.100000
vt 0.700000 0.050000
vt 0.700000 0.100000
vt 0.720000 0.050000
vt 0.720000 0.100000
vt 0.740000 0.050000
vt 0.740000 0.100000
vt 0.760000 0.050000
vt 0.760000 0.100000
vt 0.780000 0.050000
vt 0.780000 0.100000
vt 0.800000 0.050000
vt 0.800000 0.100000
vt 0.820000 0.050000
vt 0.820000 0.100000
vt 0.840000 0.050000
vt 0.840000 0.100000
vt 0.860000 0.050000
vt 0.860000 0.100000
vt 0.880000 0.050000
vt 0.880000 0.100000
vt 0.900000 0.050000
vt 0.900000 0.100000
vt 0.920000 0.050000
vt 0.920000 0.100000
vt 0.940000 0.050000
vt 0.940000 0.100000
vt 0.960000 0.050000
vt 0.960000 0.100000
vt 0.980000 0.050000
vt 0.980000 0.100000
vt 1.000000 0.050000
vt 1.000000 0.100000
vt 0.020000 0.150000
vt 0.000000 0.150000
vt 0.040000 0.150000
vt 0.060000 0.150000
vt 0.080000 0.150000
vt 0.100000 0.150000
vt 0.120000 0.150000
vt 0.140000 0.150000
vt 0.160000 0.150000
vt 0.180000 0.150000
vt 0.200000 0.150000
vt 0.220000 0.150000
vt 0.240000 0.150000
vt 0.260000 0.150000
vt 0.280000 0.150000
vt 0.300000 0.150000
vt 0.320000 0.150000
vt 0.340000 0.150000
vt 0.360000 0.150000
vt 0.380000 0.150000
vt 0.400000 0.150000
vt 0.420000 0.150000
vt 0.440000 0.150000
vt 0.460000 0.150000
vt 0.480000 0.150000
vt 0.500000 0.150000
vt 0.520000 0.150000
vt 0.540000 0.150000
vt 0.560000 0.150000
vt 0.580000 0.150000
vt 0.600000 0.150000
vt 0.620000 0.150000
vt 0.640000 0.150000
vt 0.660000 0.150000
vt 0.680000 0.150000
vt 0.700000 0.150000
vt 0.720000 0.150000
vt 0.740000 0.150000
vt 0.760000 0.150000
vt 0.780000 0.150000
vt 0.800000 0.150000
vt 0.820000 0.150000
vt 0.840000 0.150000
vt 0.860000 0.150000
vt 0.880000 0.150000
vt 0.900000 0.150000
vt 0.920000 0.150000
vt 0.940000 0.150000
vt 0.960000 0.150000
vt 0.980000 0.150000
vt 1.000000 0.150000
vt 0.020000 0.200000
vt 0.000000 0.200000
vt 0.040000 0.200000
vt 0.060000 0.200000
vt 0.080000 0.200000
vt 0.100000 0.200000
vt 0.120000 0.200000
vt 0.140000 0.200000
vt 0.160000 0.200000
vt 0.180000 0.200000
vt 0.200000 0.200000
vt 0.220000 0.200000
vt 0.240000 0.200000
vt 0.260000 0.200000
vt 0.280000 0.200000
vt 0.300000 0.200000
vt 0.320000 0.200000
vt 0.340000 0.200000
vt 0.360000 0.200000
vt 0.380000 0.200000
vt 0.400000 0.200000
vt 0.420000 0.200000
vt 0.440000 0.200000
vt 0.460000 0.200000
vt 0.480000 0.200000
vt 0.500000 0.200000
vt 0.520000 0.200000
vt 0.540000 0.200000
vt 0.560000 0.200000
vt 0.580000 0.200000
vt 0.600000 0.200000
vt 0.620000 0.200000
vt 0.640000 0.200000
vt 0.660000 0.200000
vt 0.680000 0.200000
vt 0.700000 0.200000
vt 0.720000 0.200000
vt 0.740000 0.200000
vt 0.760000 0.200000
vt 0.780000 0.200000
vt 0.800000 0.200000
vt 0.820000 0.200000
vt 0.840000 0.200000
vt 0.860000 0.200000
vt 0.880000 0.200000
vt 0.900000 0.200000
vt 0.920000 0.200000
vt 0.940000 0.200000
vt 0.960000 0.200000
vt 0.980000 0.200000
vt 1.000000 0.200000
vt 0.020000 0.250000
vt 0.000000 0.250000
vt 0.040000 0.250000
vt 0.060000 0.250000
vt 0.080000 0.250000
vt 0.100000 0.250000
vt 0.120000 0.250000
vt 0.140000 0.250000
vt 0.160000 0.250000
vt 0.180000 0.250000
vt 0.200000 0.250000
vt 0.220000 0.250000
vt 0.240000 0.250000
vt 0.260000 0.250000
vt 0.280000 0.250000
vt 0.300000 0.250000
vt 0.320000 0.250000
vt 0.340000 0.250000
vt 0.360000 0.250000
vt 0.380000 0.250000
vt 0.400000 0.250000
vt 0.420000 0.250000
vt 0.440000 0.250000
vt 0.460000 0.250000
vt 0.480000 0.250000
vt 0.500000 0.250000
vt 0.520000 0.250000
vt 0.540000 0.250000
vt 0.560000 0.250000
vt 0.580000 0.250000
vt 0.600000 0.250000
vt 0.620000 0.250000
vt 0.640000 0.250000
vt 0.660000 0.250000
vt 0.680000 0.250000
vt 0.700000 0.250000
vt 0.720000 0.250000
vt 0.740000 0.250000
vt 0.760000 0.250000
vt 0.780000 0.250000
vt 0.800000 0.250000
vt 0.820000 0.250000
vt 0.840000 0.250000
vt 0.860000 0.250000
vt 0.880000 0.250000
vt 0.900000 0.250000
vt 0.920000 0.250000
vt 0.940000 0.250000
vt 0.960000 0.250000
vt 0.980000 0.250000
vt 1.000000 0.250000
vt 0.020000 0.300000
vt 0.000000 0.300000
vt 0.040000 0.300000
vt 0.060000 0.300000
vt 0.080000 0.300000
vt 0.100000 0.300000
vt 0.120000 0.300000
vt 0.140000 0.300000
vt 0.160000 0.300000
vt 0.180000 0.300000
vt 0.200000 0.300000
vt 0.220000 0.300000
vt 0.240000 0.300000
vt 0.260000 0.300000
vt 0.280000 0.300000
vt 0.300000 0.300000
vt 0.320000 0.300000
vt 0.340000 0.300000
vt 0.360000 0.300000
vt 0.380000 0.300000
vt 0.400000 0.300000
vt 0.420000 0.300000
vt 0.440000 0.300000
vt 0.460000 0.300000
vt 0.480000 0.300000
vt 0.500000 0.300000
vt 0.520000 0.300000
vt 0.540000 0.300000
vt 0.560000 0.300000
vt 0.580000 0.300000
vt 0.600000 0.300000
vt 0.620000 0.300000
vt 0.640000 0.300000
vt 0.660000 0.300000
vt 0.680000 0.300000
vt 0.700000 0.300000
vt 0.720000 0.300000
vt 0.740000 0.300000
vt 0.760000 0.300000
vt 0.780000 0.300000
vt 0.800000 0.300000
vt 0.820000 0.300000
vt 0.840000 0.300000
vt 0.860000 0.300000
vt 0.880000 0.300000
vt 0.900000 0.300000
vt 0.920000 0.300000
vt 0.940000 0.300000
vt 0.960000 0.300000
vt 0.980000 0.300000
vt 1.000000 0.300000
vt 0.020000 0.350000
vt 0.000000 0.350000
vt 0.040000 0.350000
vt 0.060000 0.350000
vt 0.080000 0.350000
vt 0.100000 0.350000
vt 0.120000 0.350000
vt 0.140000 0.350000
vt 0.160000 0.350000
vt 0.180000 0.350000
vt 0.200000 0.350000
vt 0.220000 0.350000
vt 0.240000 0.350000
vt 0.260000 0.350000
vt 0.280000 0.350000
vt 0.300000 0.350000
vt 0.320000 0.350000
vt 0.340000 0.350000
vt 0.360000 0.350000
vt 0.380000 0.350000
vt 0.400000 0.350000
vt 0.420000 0.350000
vt 0.440000 0.350000
vt 0.460000 0.350000
vt 0.480000 0.350000
vt 0.500000 0.350000
vt 0.520000 0.350000
vt 0.540000 0.350000
vt 0.560000 0.350000
vt 0.580000 0.350000
vt 0.600000 0.350000
vt 0.620000 0.350000
vt 0.640000 0.350000
vt 0.660000 0.350000
vt 0.680000 0.350000
vt 0.700000 0.350000
vt 0.720000 0.350000
vt 0.740000 0.350000
vt 0.760000 0.350000
vt 0.780000 0.350000
vt 0.800000 0.350000
vt 0.820000 0.350000
vt 0.840000 0.350000
vt 0.860000 0.350000
vt 0.880000 0.350000
vt 0.900000 0.350000
vt 0.920000 0.350000
vt 0.940000 0.350000
vt 0.960000 0.350000
vt 0.980000 0.350000
vt 1.000000 0.350000
vt 0.020000 0.400000
vt 0.000000 0.400000
vt 0.040000 0.400000
vt 0.060000 0.400000
vt 0.080000 0.400000
vt 0.100000 0.400000
vt 0.120000 0.400000
vt 0.140000 0.400000
vt 0.160000 0.400000
vt 0.180000 0.400000
vt 0.200000 0.400000
vt 0.220000 0.400000
vt 0.240000 0.400000
vt 0.260000 0.400000
vt 0.280000 0.400000
vt 0.300000 0.400000
vt 0.320000 0.400000
vt 0.340000 0.400000
vt 0.360000 0.400000
vt 0.380000 0.400000
vt 0.400000 0.400000
vt 0.420000 0.400000
vt 0.440000 0.400000
vt 0.460000 0.400000
vt 0.480000 0.400000
vt 0.500000 0.400000
vt 0.520000 0.400000
vt 0.540000 0.400000
vt 0.560000 0.400000
vt 0.580000 0.400000
vt 0.600000 0.400000
vt 0.620000 0.400000
vt 0.640000 0.400000
vt 0.660000 0.400000
vt 0.680000 0.400000
vt 0.700000 0.400000
vt 0.720000 0.400000
vt 0.740000 0.400000
vt 0.760000 0.400000
vt 0.780000 0.400000
vt 0.800000 0.400000
vt 0.820000 0.400000
vt 0.840000 0.400000
vt 0.860000 0.400000
vt 0.880000 0.400000
vt 0.900000 0.400000
vt 0.920000 0.400000
vt 0.940000 0.400000
vt 0.960000 0.400000
vt 0.980000 0.400000
vt 1.000000 0.400000
vt 0.020000 0.450000
vt 0.000000 0.450000
vt 0.040000 0.450000
vt 0.060000 0.450000
vt 0.080000 0.450000
vt 0.100000 0.450000
vt 0.120000 0.450000
vt 0.140000 0.450000
vt 0.160000 0.450000
vt 0.180000 0.450000
vt 0.200000 0.450000
vt 0.220000 0.450000
vt 0.240000 0.450000
vt 0.260000 0.450000
vt 0.280000 0.450000
vt 0.300000 0.450000
vt 0.320000 0.450000
vt 0.340000 0.450000
vt 0.360000 0.450000
vt 0.380000 0.450000
vt 0.400000 0.450000
vt 0.420000 0.450000
vt 0.440000 0.450000
vt 0.460000 0.450000
vt 0.480000 0.450000
vt 0.500000 0.450000
vt 0.520000 0.450000
vt 0.540000 0.450000
vt 0.560000 0.450000
vt 0.580000 0.450000
vt 0.600000 0.450000
vt 0.620000 0.450000
vt 0.640000 0.450000
vt 0.660000 0.450000
vt 0.680000 0.450000
vt 0.700000 0.450000
vt 0.720000 0.450000
vt 0.740000 0.450000
vt 0.760000 0.450000
vt 0.780000 0.450000
vt 0.800000 0.450000
vt 0.820000 0.450000
vt 0.840000 0.450000
vt 0.860000 0.450000
vt 0.880000 0.450000
vt 0.900000 0.450000
vt 0.920000 0.450000
vt 0.940000 0.450000
vt 0.960000 0.450000
vt 0.980000 0.450000
vt 1.000000 0.450000
vt 0.020000 0.500000
vt 0.000000 0.500000
vt 0.040000 0.500000
vt 0.060000 0.500000
vt 0.080000 0.500000
vt 0.100000 0.500000
vt 0.120000 0.500000
vt 0.140000 0.500000
vt 0.160000 0.500000
vt 0.180000 0.500000
vt 0.200000 0.500000
vt 0.220000 0.500000
vt 0.240000 0.500000
vt 0.260000 0.500000
vt 0.280000 0.500000
vt 0.300000 0.500000
vt 0.320000 0.500000
vt 0.340000 0.500000
vt 0.360000 0.500000
vt 0.380000 0.500000
vt 0.400000 0.500000
vt 0.420000 0.500000
vt 0.440000 0.500000
vt 0.460000 0.500000
vt 0.480000 0.500000
vt 0.500000 0.500000
vt 0.520000 0.500000
vt 0.540000 0.500000
vt 0.560000 0.500000
vt 0.580000 0.500000
vt 0.600000 0.500000
vt 0.620000 0.500000
vt 0.640000 0.500000
vt 0.660000 0.500000
vt 0.680000 0.500000
vt 0.700000 0.500000
vt 0.720000 0.500000
vt 0.740000 0.500000
vt 0.760000 0.500000
vt 0.780000 0.500000
vt 0.800000 0.500000
vt 0.820000 0.500000
vt 0.840000 0.500000
vt 0.860000 0.500000
vt 0.880000 0.500000
vt 0.900000 0.500000
vt 0.920000 0.500000
vt 0.940000 0.500000
vt 0.960000 0.500000
vt 0.980000 0.500000
vt 1.000000 0.500000
vt 0.020000 0.550000
vt 0.000000 0.550000
vt 0.040000 0.550000
vt 0.060000 0.550000
vt 0.080000 0.550000
vt 0.100000 0.550000
vt 0.120000 0.550000
vt 0.140000 0.550000
vt 0.160000 0.550000
vt 0.180000 0.550000
vt 0.200000 0.550000
vt 0.220000 0.550000
vt 0.240000 0.550000
vt 0.260000 0.550000
vt 0.280000 0.550000
vt 0.300000 0.550000
vt 0.320000 0.550000
vt 0.340000 0.550000
vt 0.360000 0.550000
vt 0.380000 0.550000
vt 0.400000 0.550000
vt 0.420000 0.550000
vt 0.440000 0.550000
vt 0.460000 0.550000
vt 0.480000 0.550000
vt 0.500000 0.550000
vt 0.520000 0.550000
vt 0.540000 0.550000
vt 0.560000 0.550000
vt 0.580000 0.550000
vt 0.600000 0.550000
vt 0.620000 0.550000
vt 0.640000 0.550000
vt 0.660000 0.550000
vt 0.680000 0.550000
vt 0.700000 0.550000
vt 0.720000 0.550000
vt 0.740000 0.550000
vt 0.760000 0.550000
vt 0.780000 0.550000
vt 0.800000 0.550000
vt 0.820000 0.550000
vt 0.840000 0.550000
vt 0.860000 0.550000
vt 0.880000 0.550000
vt 0.900000 0.550000
vt 0.920000 0.550000
vt 0.940000 0.550000
vt 0.960000 0.550000
vt 0.980000 0.550000
vt 1.000000 0.550000
vt 0.020000 0.600000
vt 0.000000 0.600000
vt 0.040000 0.600000
vt 0.060000 0.600000
vt 0.080000 0.600000
vt 0.100000 0.600000
vt 0.120000 0.600000
vt 0.140000 0.600000
vt 0.160000 0.600000
vt 0.180000 0.600000
vt 0.200000 0.600000
vt 0.220000 0.600000
vt 0.240000 0.600000
vt 0.260000 0.600000
vt 0.280000 0.600000
vt 0.300000 0.600000
vt 0.320000 0.600000
vt 0.340000 0.600000
vt 0.360000 0.600000
vt 0.380000 0.600000
vt 0.400000 0.600000
vt 0.420000 0.600000
vt 0.440000 0.600000
vt 0.460000 0.600000
vt 0.480000 0.600000
vt 0.500000 0.600000
vt 0.520000 0.600000
vt 0.540000 0.600000
vt 0.560000 0.600000
vt 0.580000 0.600000
vt 0.600000 0.600000
vt 0.620000 0.600000
vt 0.640000 0.600000
vt 0.660000 0.600000
vt 0.680000 0.600000
vt 0.700000 0.600000
vt 0.720000 0.600000
vt 0.740000 0.600000
vt 0.760000 0.600000
vt 0.780000 0.600000
vt 0.800000 0.600000
vt 0.820000 0.600000
vt 0.840000 0.600000
vt 0.860000 0.600000
vt 0.880000 0.600000
vt 0.900000 0.600000
vt 0.920000 0.600000
vt 0.940000 0.600000
vt 0.960000 0.600000
vt 0.980000 0.600000
vt 1.000000 0.600000
vt 0.020000 0.650000
vt 0.000000 0.650000
vt 0.040000 0.650000
vt 0.060000 0.650000
vt 0.080000 0.650000
vt 0.100000 0.650000
vt 0.120000 0.650000
vt 0.140000 0.650000
vt 0.160000 0.650000
vt 0.180000 0.650000
vt 0.200000 0.650000
vt 0.220000 0.650000
vt 0.240000 0.650000
vt 0.260000 0.650000
vt 0.280000 0.650000
vt 0.300000 0.650000
vt 0.320000 0.650000
vt 0.340000 0.650000
vt 0.360000 0.650000
vt 0.380000 0.650000
vt 0.400000 0.650000
vt 0.420000 0.650000
vt 0.440000 0.650000
vt 0.460000 0.650000
vt 0.480000 0.650000
vt 0.500000 0.650000
vt 0.520000 0.650000
vt 0.540000 0.650000
vt 0.560000 0.650000
vt 0.580000 0.650000
vt 0.600000 0.650000
vt 0.620000 0.650000
vt 0.640000 0.650000
vt 0.660000 0.650000
vt 0.680000 0.650000
vt 0.700000 0.650000
vt 0.720000 0.650000
vt 0.740000 0.650000
vt 0.760000 0.650000
vt 0.780000 0.650000
vt 0.800000 0.650000
vt 0.820000 0.650000
vt 0.840000 0.650000
vt 0.860000 0.650000
vt 0.880000 0.650000
vt 0.900000 0.650000
vt 0.920000 0.650000
vt 0.940000 0.650000
vt 0.960000 0.650000
vt 0.980000 0.650000
vt 1.000000 0.650000
vt 0.020000 0.700000
vt 0.000000 0.700000
vt 0.040000 0.700000
vt 0.060000 0.700000
vt 0.080000 0.700000
vt 0.100000 0.700000
vt 0.120000 0.700000
vt 0.140000 0.700000
vt 0.160000 0.700000
vt 0.180000 0.700000
vt 0.200000 0.700000
vt 0.220000 0.700000
vt 0.240000 0.700000
vt 0.260000 0.700000
vt 0.280000 0.700000
vt 0.300000 0.700000
vt 0.320000 0.700000
vt 0.340000 0.700000
vt 0.360000 0.700000
vt 0.380000 0.700000
vt 0.400000 0.700000
vt 0.420000 0.700000
vt 0.440000 0.700000
vt 0.460000 0.700000
vt 0.480000 0.700000
vt 0.500000 0.700000
vt 0.520000 0.700000
vt 0.540000 0.700000
vt 0.560000 0.700000
vt 0.580000 0.700000
vt 0.600000 0.700000
vt 0.620000 0.700000
vt 0.640000 0.700000
vt 0.660000 0.700000
vt 0.680000 0.700000
vt 0.700000 0.700000
vt 0.720000 0.700000
vt 0.740000 0.700000
vt 0.760000 0.700000
vt 0.780000 0.700000
vt 0.800000 0.700000
vt 0.820000 0.700000
vt 0.840000 0.700000
vt 0.860000 0.700000
vt 0.880000 0.700000
vt 0.900000 0.700000
vt 0.920000 0.700000
vt 0.940000 0.700000
vt 0.960000 0.700000
vt 0.980000 0.700000
vt 1.000000 0.700000
vt 0.020000 0.750000
vt 0.000000 0.750000
vt 0.040000 0.750000
vt 0.060000 0.750000
vt 0.080000 0.750000
vt 0.100000 0.750000
vt 0.120000 0.750000
vt 0.140000 0.750000
vt 0.160000 0.750000
vt 0.180000 0.750000
vt 0.200000 0.750000
vt 0.220000 0.750000
vt 0.240000 0.750000
vt 0.260000 0.750000
vt 0.280000 0.750000
vt 0.300000 0.750000
vt 0.320000 0.750000
vt 0.340000 0.750000
vt 0.360000 0.750000
vt 0.380000 0.750000
vt 0.400000 0.750000
vt 0.420000 0.750000
vt 0.440000 0.750000
vt 0.460000 0.750000
vt 0.480000 0.750000
vt 0.500000 0.750000
vt 0.520000 0.750000
vt 0.540000 0.750000
vt 0.560000 0.750000
vt 0.580000 0.750000
vt 0.600000 0.750000
vt 0.620000 0.750000
vt 0.640000 0.750000
vt 0.660000 0.750000
vt 0.680000 0.750000
vt 0.700000 0.750000
vt 0.720000 0.750000
vt 0.740000 0.750000
vt 0.760000 0.750000
vt 0.780000 0.750000
vt 0.800000 0.750000
vt 0.820000 0.750000
vt 0.840000 0.750000
vt 0.860000 0.750000
vt 0.880000 0.750000
vt 0.900000 0.750000
vt 0.920000 0.750000
vt 0.940000 0.750000
vt 0.960000 0.750000
vt 0.980000 0.750000
vt 1.000000 0.750000
vt 0.020000 0.800000
vt 0.000000 0.800000
vt 0.040000 0.800000
vt 0.060000 0.800000
vt 0.080000 0.800000
vt 0.100000 0.800000
vt 0.120000 0.800000
vt 0.140000 0.800000
vt 0.160000 0.800000
vt 0.180000 0.800000
vt 0.200000 0.800000
vt 0.220000 0.800000
vt 0.240000 0.800000
vt 0.260000 0.800000
vt 0.280000 0.800000
vt 0.300000 0.800000
vt 0.320000 0.800000
vt 0.340000 0.800000
vt 0.360000 0.800000
vt 0.380000 0.800000
vt 0.400000 0.800000
vt 0.420000 0.800000
vt 0.440000 0.800000
vt 0.460000 0.800000
vt 0.480000 0.800000
vt 0.500000 0.800000
vt 0.520000 0.800000
vt 0.540000 0.800000
vt 0.560000 0.800000
vt 0.580000 0.800000
vt 0.600000 0.800000
vt 0.620000 0.800000
vt 0.640000 0.800000
vt 0.660000 0.800000
vt 0.680000 0.800000
vt 0.700000 0.800000
vt 0.720000 0.800000
vt 0.740000 0.800000
vt 0.760000 0.800000
vt 0.780000 0.800000
vt 0.800000 0.800000
vt 0.820000 0.800000
vt 0.840000 0.800000
vt 0.860000 0.800000
vt 0.880000 0.800000
vt 0.900000 0.800000
vt 0.920000 0.800000
vt 0.940000 0.800000
vt 0.960000 0.800000
vt 0.980000 0.800000
vt 1.000000 0.800000
vt 0.020000 0.850000
vt 0.000000 0.850000
vt 0.040000 0.850000
vt 0.060000 0.850000
vt 0.080000 0.850000
vt 0.100000 0.850000
vt 0.120000 0.850000
vt 0.140000 0.850000
vt 0.160000 0.850000
vt 0.180000 0.850000
vt 0.200000 0.850000
vt 0.220000 0.850000
vt 0.240000 0.850000
vt 0.260000 0.850000
vt 0.280000 0.850000
vt 0.300000 0.850000
vt 0.320000 0.850000
vt 0.340000 0.850000
vt 0.360000 0.850000
vt 0.380000 0.850000
vt 0.400000 0.850000
vt 0.420000 0.850000
vt 0.440000 0.850000
vt 0.460000 0.850000
vt 0.480000 0.850000
vt 0.500000 0.850000
vt 0.520000 0.850000
vt 0.540000 0.850000
vt 0.560000 0.850000
vt 0.580000 0.850000
vt 0.600000 0.850000
vt 0.620000 0.850000
vt 0.640000 0.850000
vt 0.660000 0.850000
vt 0.680000 0.850000
vt 0.700000 0.850000
vt 0.720000 0.850000
vt 0.740000 0.850000
vt 0.760000 0.850000
vt 0.780000 0.850000
vt 0.800000 0.850000
vt 0.820000 0.850000
vt 0.840000 0.850000
vt 0.860000 0.850000
vt 0.880000 0.850000
vt 0.900000 0.850000
vt 0.920000 0.850000
vt 0.940000 0.850000
vt 0.960000 0.850000
vt 0.980000 0.850000
vt 1.000000 0.850000
vt 0.020000 0.900000
vt 0.000000 0.900000
vt 0.040000 0.900000
vt 0.060000 0.900000
vt 0.080000 0.900000
vt 0.100000 0.900000
vt 0.120000 0.900000
vt 0.140000 0.900000
vt 0.160000 0.900000
vt 0.180000 0.900000
vt 0.200000 0.900000
vt 0.220000 0.900000
vt 0.240000 0.900000
vt 0.260000 0.900000
vt 0.280000 0.900000
vt 0.300000 0.900000
vt 0.320000 0.900000
vt 0.340000 0.900000
vt 0.360000 0.900000
vt 0.380000 0.900000
vt 0.400000 0.900000
vt 0.420000 0.900000
vt 0.440000 0.900000
vt 0.460000 0.900000
vt 0.480000 0.900000
vt 0.500000 0.900000
vt 0.520000 0.900000
vt 0.540000 0.900000
vt 0.560000 0.900000
vt 0.580000 0.900000
vt 0.600000 0.900000
vt 0.620000 0.900000
vt 0.640000 0.900000
vt 0.660000 0.900000
vt 0.680000 0.900000
vt 0.700000 0.900000
vt 0.720000 0.900000
vt 0.740000 0.900000
vt 0.760000 0.900000
vt 0.780000 0.900000
vt 0.800000 0.900000
vt 0.820000 0.900000
vt 0.840000 0.900000
vt 0.860000 0.900000
vt 0.880000 0.900000
vt 0.900000 0.900000
vt 0.920000 0.900000
vt 0.940000 0.900000
vt 0.960000 0.900000
vt 0.980000 0.900000
vt 1.000000 0.900000
vt 0.020000 0.950000
vt 0.000000 0.950000
vt 0.040000 0.950000
vt 0.060000 0.950000
vt 0.080000 0.950000
vt 0.100000 0.950000
vt 0.120000 0.950000
vt 0.140000 0.950000
vt 0.160000 0.950000
vt 0.180000 0.950000
vt 0.200000 0.950000
vt 0.220000 0.950000
vt 0.240000 0.950000
vt 0.260000 0.950000
vt 0.280000 0.950000
vt 0.300000 0.950000
vt 0.320000 0.950000
vt 0.340000 0.950000
vt 0.360000 0.950000
vt 0.380000 0.950000
vt 0.400000 0.950000
vt 0.420000 0.950000
vt 0.440000 0.950000
vt 0.460000 0.950000
vt 0.480000 0.950000
vt 0.500000 0.950000
vt 0.520000 0.950000
vt 0.540000 0.950000
vt 0.560000 0.950000
vt 0.580000 0.950000
vt 0.600000 0.950000
vt 0.620000 0.950000
vt 0.640000 0.950000
vt 0.660000 0.950000
vt 0.680000 0.950000
vt 0.700000 0.950000
vt 0.720000 0.950000
vt 0.740000 0.950000
vt 0.760000 0.950000
vt 0.780000 0.950000
vt 0.800000 0.950000
vt 0.820000 0.950000
vt 0.840000 0.950000
vt 0.860000 0.950000
vt 0.880000 0.950000
vt 0.900000 0.950000
vt 0.920000 0.950000
vt 0.940000 0.950000
vt 0.960000 0.950000
vt 0.980000 0.950000
vt 1.000000 0.950000
vt 0.010000 0.000000
vt 0.030000 0.000000
vt 0.050000 0.000000
vt 0.070000 0.000000
vt 0.090000 0.000000
vt 0.110000 0.000000
vt 0.130000 0.000000
vt 0.150000 0.000000
vt 0.170000 0.000000
vt 0.190000 0.000000
vt 0.210000 0.000000
vt 0.230000 0.000000
vt 0.250000 0.000000
vt 0.270000 0.000000
vt 0.290000 0.000000
vt 0.310000 0.000000
vt 0.330000 0.000000
vt 0.350000 0.000000
vt 0.370000 0.000000
vt 0.390000 0.000000
vt 0.410000 0.000000
vt 0.430000 0.000000
vt 0.450000 0.000000
vt 0.470000 0.000000
vt 0.490000 0.000000
vt 0.510000 0.000000
vt 0.530000 0.000000
vt 0.550000 0.000000
vt 0.570000 0.000000
vt 0.590000 0.000000
vt 0.610000 0.000000
vt 0.630000 0.000000
vt 0.650000 0.000000
vt 0.670000 0.000000
vt 0.690000 0.000000
vt 0.710000 0.000000
vt 0.730000 0.000000
vt 0.750000 0.000000
vt 0.770000 0.000000
vt 0.790000 0.000000
vt 0.810000 0.000000
vt 0.830000 0.000000
vt 0.850000 0.000000
vt 0.870000 0.000000
vt 0.890000 0.000000
vt 0.910000 0.000000
vt 0.930000 0.000000
vt 0.950000 0.000000
vt 0.970000 0.000000
vt 0.990000 0.000000
vt 0.010000 1.000000
vt 0.030000 1.000000
vt 0.050000 1.000000
vt 0.070000 1.000000
vt 0.090000 1.000000
vt 0.110000 1.000000
vt 0.130000 1.000000
vt 0.150000 1.000000
vt 0.170000 1.000000
vt 0.190000 1.000000
vt 0.210000 1.000000
vt 0.230000 1.000000
vt 0.250000 1.000000
vt 0.270000 1.000000
vt 0.290000 1.000000
vt 0.310000 1.000000
vt 0.330000 1.000000
vt 0.350000 1.000000
vt 0.370000 1.000000
vt 0.390000 1.000000
vt 0.410000 1.000000
vt 0.430000 1.000000
vt 0.450000 1.000000
vt 0.470000 1.000000
vt 0.490000 1.000000
vt 0.510000 1.000000
vt 0.530000 1.000000
vt 0.550000 1.000000
vt 0.570000 1.000000
vt 0.590000 1.000000
vt 0.610000 1.000000
vt 0.630000 1.000000
vt 0.650000 1.000000
vt 0.670000 1.000000
vt 0.690000 1.000000
vt 0.710000 1.000000
vt 0.730000 1.000000
vt 0.750000 1.000000
vt 0.770000 1.000000
vt 0.790000 1.000000
vt 0.810000 1.000000
vt 0.830000 1.000000
vt 0.850000 1.000000
vt 0.870000 1.000000
vt 0.890000 1.000000
vt 0.910000 1.000000
vt 0.930000 1.000000
vt 0.950000 1.000000
vt 0.970000 1.000000
vt 0.990000 1.000000
vn 0.229736 -0.972266 -0.043827
vn 0.229736 -0.972266 -0.043827
vn 0.229736 -0.972266 -0.043827
vn 0.229736 -0.972266 -0.043827
vn 0.190960 -0.980373 -0.049031
vn 0.183309 -0.980373 -0.072576
vn 0.306564 -0.944080 -0.121377
vn 0.319360 -0.944079 -0.081998
vn 0.183309 -0.980373 -0.072576
vn 0.172767 -0.980373 -0.094980
vn 0.288934 -0.944079 -0.158843
vn 0.306564 -0.944080 -0.121377
vn 0.172767 -0.980373 -0.094980
vn 0.159500 -0.980373 -0.115885
vn 0.266748 -0.944079 -0.193804
vn 0.288934 -0.944079 -0.158843
vn 0.159500 -0.980373 -0.115885
vn 0.143719 -0.980373 -0.134961
vn 0.240354 -0.944079 -0.225708
vn 0.266748 -0.944079 -0.193804
vn 0.143719 -0.980373 -0.134961
vn 0.125670 -0.980373 -0.151910
vn 0.210170 -0.944080 -0.254052
vn 0.240354 -0.944079 -0.225708
vn 0.125670 -0.980373 -0.151910
vn 0.105640 -0.980373 -0.166462
vn 0.176672 -0.944079 -0.278390
vn 0.210170 -0.944080 -0.254052
vn 0.105640 -0.980373 -0.166462
vn 0.083944 -0.980373 -0.178390
vn 0.140387 -0.944079 -0.298338
vn 0.176672 -0.944079 -0.278390
vn 0.083944 -0.980373 -0.178390
vn 0.060924 -0.980373 -0.187504
vn 0.101889 -0.944079 -0.313581
vn 0.140387 -0.944079 -0.298338
vn 0.060924 -0.980373 -0.187504
vn 0.036943 -0.980373 -0.193661
vn 0.061783 -0.944079 -0.323878
vn 0.101889 -0.944079 -0.313581
vn 0.036943 -0.980373 -0.193661
vn 0.012379 -0.980373 -0.196764
vn 0.020703 -0.944079 -0.329068
vn 0.061783 -0.944079 -0.323878
vn 0.012379 -0.980373 -0.196764
vn -0.012379 -0.980373 -0.196764
vn -0.020703 -0.944079 -0.329068
vn 0.020703 -0.944079 -0.329068
vn -0.012379 -0.980373 -0.196764
vn -0.036943 -0.980373 -0.193661
vn -0.061783 -0.944079 -0.323878
vn -0.020703 -0.944079 -0.329068
vn -0.036943 -0.980373 -0.193661
vn -0.060924 -0.980373 -0.187504
vn -0.101889 -0.944079 -0.313581
vn -0.061783 -0.944079 -0.323878
vn -0.060924 -0.980373 -0.187504
vn -0.083944 -0.980373 -0.178389
vn -0.140387 -0.944079 -0.298338
vn -0.101889 -0.944079 -0.313581
vn -0.083944 -0.980373 -0.178389
vn -0.105640 -0.980373 -0.166462
vn -0.176672 -0.944079 -0.278390
vn -0.140387 -0.944079 -0.298338
vn -0.105640 -0.980373 -0.166462
vn -0.125670 -0.980373 -0.151910
vn -0.210170 -0.944079 -0.254053
vn -0.176672 -0.944079 -0.278390
vn -0.125670 -0.980373 -0.151910
vn -0.143719 -0.980373 -0.134961
vn -0.240354 -0.944079 -0.225708
vn -0.210170 -0.944079 -0.254053
vn -0.143719 -0.980373 -0.134961
vn -0.159501 -0.980373 -0.115884
vn -0.266748 -0.944079 -0.193804
vn -0.240354 -0.944079 -0.225708
vn -0.159501 -0.980373 -0.115884
vn -0.172767 -0.980373 -0.094980
vn -0.288934 -0.944079 -0.158844
vn -0.266748 -0.944079 -0.193804
vn -0.172767 -0.980373 -0.094980
vn -0.183309 -0.980373 -0.072577
vn -0.306564 -0.944080 -0.121377
vn -0.288934 -0.944079 -0.158844
vn -0.183309 -0.980373 -0.072577
vn -0.190960 -0.980373 -0.049031
vn -0.319360 -0.944079 -0.081998
vn -0.306564 -0.944080 -0.121377
vn -0.190960 -0.980373 -0.049031
vn -0.195599 -0.980373 -0.024709
vn -0.327118 -0.944079 -0.041325
vn -0.319360 -0.944079 -0.081998
vn -0.195599 -0.980373 -0.024709
vn -0.197154 -0.980373 0.000000
vn -0.329718 -0.944079 0.000001
vn -0.327118 -0.944079 -0.041325
vn -0.197154 -0.980373 0.000000
vn -0.195599 -0.980373 0.024709
vn -0.327118 -0.944079 0.041325
vn -0.329718 -0.944079 0.000001
vn -0.195599 -0.980373 0.024709
vn -0.190960 -0.980373 0.049031
vn -0.319360 -0.944079 0.081998
vn -0.327118 -0.944079 0.041325
vn -0.190960 -0.980373 0.049031
vn -0.183309 -0.980373 0.072577
vn -0.306564 -0.944079 0.121378
vn -0.319360 -0.944079 0.081998
vn -0.183309 -0.980373 0.072577
vn -0.172767 -0.980373 0.094980
vn -0.288934 -0.944079 0.158844
vn -0.306564 -0.944079 0.121378
vn -0.172767 -0.980373 0.094980
vn -0.159500 -0.980373 0.115885
vn -0.266748 -0.944079 0.193804
vn -0.288934 -0.944079 0.158844
vn -0.159500 -0.980373 0.115885
vn -0.143719 -0.980373 0.134961
vn -0.240354 -0.944079 0.225708
vn -0.266748 -0.944079 0.193804
vn -0.143719 -0.980373 0.134961
vn -0.125670 -0.980373 0.151910
vn -0.210170 -0.944079 0.254053
vn -0.240354 -0.944079 0.225708
vn -0.125670 -0.980373 0.151910
vn -0.105640 -0.980373 0.166462
vn -0.176672 -0.944079 0.278391
vn -0.210170 -0.944079 0.254053
vn -0.105640 -0.980373 0.166462
vn -0.083944 -0.980373 0.178390
vn -0.140387 -0.944079 0.298338
vn -0.176672 -0.944079 0.278391
vn -0.083944 -0.980373 0.178390
vn -0.060924 -0.980373 0.187504
vn -0.101889 -0.944079 0.313581
vn -0.140387 -0.944079 0.298338
vn -0.060924 -0.980373 0.187504
vn -0.036943 -0.980373 0.193661
vn -0.061783 -0.944079 0.323878
vn -0.101889 -0.944079 0.313581
vn -0.036943 -0.980373 0.193661
vn -0.012379 -0.980373 0.196764
vn -0.020703 -0.944079 0.329068
vn -0.061783 -0.944079 0.323878
vn -0.012379 -0.980373 0.196764
vn 0.012379 -0.980373 0.196765
vn 0.020703 -0.944079 0.329068
vn -0.020703 -0.944079 0.329068
vn 0.012379 -0.980373 0.196765
vn 0.036943 -0.980373 0.193661
vn 0.061783 -0.944079 0.323878
vn 0.020703 -0.944079 0.329068
vn 0.036943 -0.980373 0.193661
vn 0.060924 -0.980373 0.187504
vn 0.101889 -0.944080 0.313580
vn 0.061783 -0.944079 0.323878
vn 0.060924 -0.980373 0.187504
vn 0.083944 -0.980373 0.178390
vn 0.140388 -0.944079 0.298338
vn 0.101889 -0.944080 0.313580
vn 0.083944 -0.980373 0.178390
vn 0.105640 -0.980373 0.166462
vn 0.176672 -0.944079 0.278390
vn 0.140388 -0.944079 0.298338
vn 0.105640 -0.980373 0.166462
vn 0.125670 -0.980373 0.151910
vn 0.210171 -0.944079 0.254053
vn 0.176672 -0.944079 0.278390
vn 0.125670 -0.980373 0.151910
vn 0.143719 -0.980373 0.134962
vn 0.240355 -0.944079 0.225708
vn 0.210171 -0.944079 0.254053
vn 0.143719 -0.980373 0.134962
vn 0.159501 -0.980373 0.115885
vn 0.266748 -0.944079 0.193803
vn 0.240355 -0.944079 0.225708
vn 0.159501 -0.980373 0.115885
vn 0.172767 -0.980373 0.094980
vn 0.288935 -0.944079 0.158843
vn 0.266748 -0.944079 0.193803
vn 0.172767 -0.980373 0.094980
vn 0.183309 -0.980373 0.072577
vn 0.306565 -0.944079 0.121377
vn 0.288935 -0.944079 0.158843
vn 0.183309 -0.980373 0.072577
vn 0.190960 -0.980373 0.049031
vn 0.319360 -0.944079 0.081998
vn 0.306565 -0.944079 0.121377
vn 0.190960 -0.980373 0.049031
vn 0.195599 -0.980373 0.024710
vn 0.327119 -0.944079 0.041325
vn 0.319360 -0.944079 0.081998
vn 0.195599 -0.980373 0.024710
vn 0.197154 -0.980373 0.000001
vn 0.329718 -0.944079 0.000003
vn 0.327119 -0.944079 0.041325
vn 0.197154 -0.980373 0.000001
vn 0.195599 -0.980373 -0.024709
vn 0.327119 -0.944079 -0.041324
vn 0.329718 -0.944079 0.000003
vn 0.327119 -0.944079 -0.041324
vn 0.319360 -0.944079 -0.081998
vn 0.452514 -0.884156 -0.116186
vn 0.463508 -0.884156 -0.058553
vn 0.319360 -0.944079 -0.081998
vn 0.306564 -0.944080 -0.121377
vn 0.434384 -0.884156 -0.171985
vn 0.452514 -0.884156 -0.116186
vn 0.306564 -0.944080 -0.121377
vn 0.288934 -0.944079 -0.158843
vn 0.409403 -0.884156 -0.225071
vn 0.434384 -0.884156 -0.171985
vn 0.288934 -0.944079 -0.158843
vn 0.266748 -0.944079 -0.193804
vn 0.377966 -0.884156 -0.274608
vn 0.409403 -0.884156 -0.225071
vn 0.266748 -0.944079 -0.193804
vn 0.240354 -0.944079 -0.225708
vn 0.340568 -0.884156 -0.319815
vn 0.377966 -0.884156 -0.274608
vn 0.240354 -0.944079 -0.225708
vn 0.210170 -0.944080 -0.254052
vn 0.297799 -0.884156 -0.359978
vn 0.340568 -0.884156 -0.319815
vn 0.210170 -0.944080 -0.254052
vn 0.176672 -0.944079 -0.278390
vn 0.250334 -0.884156 -0.394463
vn 0.297799 -0.884156 -0.359978
vn 0.176672 -0.944079 -0.278390
vn 0.140387 -0.944079 -0.298338
vn 0.198920 -0.884156 -0.422728
vn 0.250334 -0.884156 -0.394463
vn 0.140387 -0.944079 -0.298338
vn 0.101889 -0.944079 -0.313581
vn 0.144370 -0.884156 -0.444326
vn 0.198920 -0.884156 -0.422728
vn 0.101889 -0.944079 -0.313581
vn 0.061783 -0.944079 -0.323878
vn 0.087543 -0.884156 -0.458916
vn 0.144370 -0.884156 -0.444326
vn 0.061783 -0.944079 -0.323878
vn 0.020703 -0.944079 -0.329068
vn 0.029335 -0.884156 -0.466270
vn 0.087543 -0.884156 -0.458916
vn 0.020703 -0.944079 -0.329068
vn -0.020703 -0.944079 -0.329068
vn -0.029335 -0.884156 -0.466270
vn 0.029335 -0.884156 -0.466270
vn -0.020703 -0.944079 -0.329068
vn -0.061783 -0.944079 -0.323878
vn -0.087543 -0.884156 -0.458917
vn -0.029335 -0.884156 -0.466270
vn -0.061783 -0.944079 -0.323878
vn -0.101889 -0.944079 -0.313581
vn -0.144370 -0.884156 -0.444326
vn -0.087543 -0.884156 -0.458917
vn -0.101889 -0.944079 -0.313581
vn -0.140387 -0.944079 -0.298338
vn -0.198921 -0.884156 -0.422728
vn -0.144370 -0.884156 -0.444326
vn -0.140387 -0.944079 -0.298338
vn -0.176672 -0.944079 -0.278390
vn -0.250334 -0.884156 -0.394463
vn -0.198921 -0.884156 -0.422728
vn -0.176672 -0.944079 -0.278390
vn -0.210170 -0.944079 -0.254053
vn -0.297799 -0.884156 -0.359978
vn -0.250334 -0.884156 -0.394463
vn -0.210170 -0.944079 -0.254053
vn -0.240354 -0.944079 -0.225708
vn -0.340568 -0.884156 -0.319815
vn -0.297799 -0.884156 -0.359978
vn -0.240354 -0.944079 -0.225708
vn -0.266748 -0.944079 -0.193804
vn -0.377966 -0.884156 -0.274609
vn -0.340568 -0.884156 -0.319815
vn -0.266748 -0.944079 -0.193804
vn -0.288934 -0.944079 -0.158844
vn -0.409403 -0.884156 -0.225072
vn -0.377966 -0.884156 -0.274609
vn -0.288934 -0.944079 -0.158844
vn -0.306564 -0.944080 -0.121377
vn -0.434384 -0.884156 -0.171985
vn -0.409403 -0.884156 -0.225072
vn -0.306564 -0.944080 -0.121377
vn -0.319360 -0.944079 -0.081998
vn -0.452514 -0.884156 -0.116186
vn -0.434384 -0.884156 -0.171985
vn -0.319360 -0.944079 -0.081998
vn -0.327118 -0.944079 -0.041325
vn -0.463508 -0.884156 -0.058555
vn -0.452514 -0.884156 -0.116186
vn -0.327118 -0.944079 -0.041325
vn -0.329718 -0.944079 0.000001
vn -0.467192 -0.884156 0.000001
vn -0.463508 -0.884156 -0.058555
vn -0.329718 -0.944079 0.000001
vn -0.327118 -0.944079 0.041325
vn -0.463508 -0.884156 0.058555
vn -0.467192 -0.884156 0.000001
vn -0.327118 -0.944079 0.041325
vn -0.319360 -0.944079 0.081998
vn -0.452514 -0.884156 0.116186
vn -0.463508 -0.884156 0.058555
vn -0.319360 -0.944079 0.081998
vn -0.306564 -0.944079 0.121378
vn -0.434384 -0.884156 0.171985
vn -0.452514 -0.884156 0.116186
vn -0.306564 -0.944079 0.121378
vn -0.288934 -0.944079 0.158844
vn -0.409403 -0.884156 0.225072
vn -0.434384 -0.884156 0.171985
vn -0.288934 -0.944079 0.158844
vn -0.266748 -0.944079 0.193804
vn -0.377966 -0.884156 0.274609
vn -0.409403 -0.884156 0.225072
vn -0.266748 -0.944079 0.193804
vn -0.240354 -0.944079 0.225708
vn -0.340568 -0.884156 0.319815
vn -0.377966 -0.884156 0.274609
vn -0.240354 -0.944079 0.225708
vn -0.210170 -0.944079 0.254053
vn -0.297799 -0.884156 0.359978
vn -0.340568 -0.884156 0.319815
vn -0.210170 -0.944079 0.254053
vn -0.176672 -0.944079 0.278391
vn -0.250334 -0.884156 0.394463
vn -0.297799 -0.884156 0.359978
vn -0.176672 -0.944079 0.278391
vn -0.140387 -0.944079 0.298338
vn -0.198920 -0.884156 0.422728
vn -0.250334 -0.884156 0.394463
vn -0.140387 -0.944079 0.298338
vn -0.101889 -0.944079 0.313581
vn -0.144370 -0.884156 0.444326
vn -0.198920 -0.884156 0.422728
vn -0.101889 -0.944079 0.313581
vn -0.061783 -0.944079 0.323878
vn -0.087543 -0.884156 0.458917
vn -0.144370 -0.884156 0.444326
vn -0.061783 -0.944079 0.323878
vn -0.020703 -0.944079 0.329068
vn -0.029335 -0.884156 0.466270
vn -0.087543 -0.884156 0.458917
vn -0.020703 -0.944079 0.329068
vn 0.020703 -0.944079 0.329068
vn 0.029335 -0.884156 0.466270
vn -0.029335 -0.884156 0.466270
vn 0.020703 -0.944079 0.329068
vn 0.061783 -0.944079 0.323878
vn 0.087543 -0.884156 0.458917
vn 0.029335 -0.884156 0.466270
vn 0.061783 -0.944079 0.323878
vn 0.101889 -0.944080 0.313580
vn 0.144371 -0.884156 0.444326
vn 0.087543 -0.884156 0.458917
vn 0.101889 -0.944080 0.313580
vn 0.140388 -0.944079 0.298338
vn 0.198921 -0.884156 0.422728
vn 0.144371 -0.884156 0.444326
vn 0.140388 -0.944079 0.298338
vn 0.176672 -0.944079 0.278390
vn 0.250334 -0.884156 0.394463
vn 0.198921 -0.884156 0.422728
vn 0.176672 -0.944079 0.278390
vn 0.210171 -0.944079 0.254053
vn 0.297800 -0.884156 0.359978
vn 0.250334 -0.884156 0.394463
vn 0.210171 -0.944079 0.254053
vn 0.240355 -0.944079 0.225708
vn 0.340568 -0.884156 0.319815
vn 0.297800 -0.884156 0.359978
vn 0.240355 -0.944079 0.225708
vn 0.266748 -0.944079 0.193803
vn 0.377966 -0.884156 0.274608
vn 0.340568 -0.884156 0.319815
vn 0.266748 -0.944079 0.193803
vn 0.288935 -0.944079 0.158843
vn 0.409404 -0.884156 0.225071
vn 0.377966 -0.884156 0.274608
vn 0.288935 -0.944079 0.158843
vn 0.306565 -0.944079 0.121377
vn 0.434384 -0.884156 0.171985
vn 0.409404 -0.884156 0.225071
vn 0.306565 -0.944079 0.121377
vn 0.319360 -0.944079 0.081998
vn 0.452514 -0.884156 0.116186
vn 0.434384 -0.884156 0.171985
vn 0.319360 -0.944079 0.081998
vn 0.327119 -0.944079 0.041325
vn 0.463508 -0.884156 0.058555
vn 0.452514 -0.884156 0.116186
vn 0.327119 -0.944079 0.041325
vn 0.329718 -0.944079 0.000003
vn 0.467192 -0.884156 0.000003
vn 0.463508 -0.884156 0.058555
vn 0.329718 -0.944079 0.000003
vn 0.327119 -0.944079 -0.041324
vn 0.463508 -0.884156 -0.058553
vn 0.467192 -0.884156 0.000003
vn 0.463508 -0.884156 -0.058553
vn 0.452514 -0.884156 -0.116186
vn 0.577926 -0.802485 -0.148387
vn 0.591967 -0.802485 -0.074781
vn 0.452514 -0.884156 -0.116186
vn 0.434384 -0.884156 -0.171985
vn 0.554771 -0.802485 -0.219650
vn 0.577926 -0.802485 -0.148387
vn 0.434384 -0.884156 -0.171985
vn 0.409403 -0.884156 -0.225071
vn 0.522868 -0.802485 -0.287449
vn 0.554771 -0.802485 -0.219650
vn 0.409403 -0.884156 -0.225071
vn 0.377966 -0.884156 -0.274608
vn 0.482718 -0.802485 -0.350715
vn 0.522868 -0.802485 -0.287449
vn 0.377966 -0.884156 -0.274608
vn 0.340568 -0.884156 -0.319815
vn 0.434955 -0.802485 -0.408450
vn 0.482718 -0.802485 -0.350715
vn 0.340568 -0.884156 -0.319815
vn 0.297799 -0.884156 -0.359978
vn 0.380333 -0.802485 -0.459744
vn 0.434955 -0.802485 -0.408450
vn 0.297799 -0.884156 -0.359978
vn 0.250334 -0.884156 -0.394463
vn 0.319713 -0.802485 -0.503787
vn 0.380333 -0.802485 -0.459744
vn 0.250334 -0.884156 -0.394463
vn 0.198920 -0.884156 -0.422728
vn 0.254051 -0.802485 -0.539885
vn 0.319713 -0.802485 -0.503787
vn 0.198920 -0.884156 -0.422728
vn 0.144370 -0.884156 -0.444326
vn 0.184382 -0.802485 -0.567469
vn 0.254051 -0.802485 -0.539885
vn 0.144370 -0.884156 -0.444326
vn 0.087543 -0.884156 -0.458916
vn 0.111805 -0.802485 -0.586103
vn 0.184382 -0.802485 -0.567469
vn 0.087543 -0.884156 -0.458916
vn 0.029335 -0.884156 -0.466270
vn 0.037465 -0.802485 -0.595494
vn 0.111805 -0.802485 -0.586103
vn 0.029335 -0.884156 -0.466270
vn -0.029335 -0.884156 -0.466270
vn -0.037466 -0.802485 -0.595494
vn 0.037465 -0.802485 -0.595494
vn -0.029335 -0.884156 -0.466270
vn -0.087543 -0.884156 -0.458917
vn -0.111805 -0.802485 -0.586103
vn -0.037466 -0.802485 -0.595494
vn -0.087543 -0.884156 -0.458917
vn -0.144370 -0.884156 -0.444326
vn -0.184382 -0.802485 -0.567469
vn -0.111805 -0.802485 -0.586103
vn -0.144370 -0.884156 -0.444326
vn -0.198921 -0.884156 -0.422728
vn -0.254051 -0.802485 -0.539885
vn -0.184382 -0.802485 -0.567469
vn -0.198921 -0.884156 -0.422728
vn -0.250334 -0.884156 -0.394463
vn -0.319713 -0.802485 -0.503787
vn -0.254051 -0.802485 -0.539885
vn -0.250334 -0.884156 -0.394463
vn -0.297799 -0.884156 -0.359978
vn -0.380333 -0.802485 -0.459744
vn -0.319713 -0.802485 -0.503787
vn -0.297799 -0.884156 -0.359978
vn -0.340568 -0.884156 -0.319815
vn -0.434955 -0.802485 -0.408450
vn -0.380333 -0.802485 -0.459744
vn -0.340568 -0.884156 -0.319815
vn -0.377966 -0.884156 -0.274609
vn -0.482718 -0.802485 -0.350715
vn -0.434955 -0.802485 -0.408450
vn -0.377966 -0.884156 -0.274609
vn -0.409403 -0.884156 -0.225072
vn -0.522868 -0.802485 -0.287449
vn -0.482718 -0.802485 -0.350715
vn -0.409403 -0.884156 -0.225072
vn -0.434384 -0.884156 -0.171985
vn -0.554772 -0.802485 -0.219650
vn -0.522868 -0.802485 -0.287449
vn -0.434384 -0.884156 -0.171985
vn -0.452514 -0.884156 -0.116186
vn -0.577927 -0.802485 -0.148386
vn -0.554772 -0.802485 -0.219650
vn -0.452514 -0.884156 -0.116186
vn -0.463508 -0.884156 -0.058555
vn -0.591967 -0.802485 -0.074783
vn -0.577927 -0.802485 -0.148386
vn -0.463508 -0.884156 -0.058555
vn -0.467192 -0.884156 0.000001
vn -0.596672 -0.802485 0.000000
vn -0.591967 -0.802485 -0.074783
vn -0.467192 -0.884156 0.000001
vn -0.463508 -0.884156 0.058555
vn -0.591967 -0.802485 0.074783
vn -0.596672 -0.802485 0.000000
vn -0.463508 -0.884156 0.058555
vn -0.452514 -0.884156 0.116186
vn -0.577926 -0.802485 0.148386
vn -0.591967 -0.802485 0.074783
vn -0.452514 -0.884156 0.116186
vn -0.434384 -0.884156 0.171985
vn -0.554772 -0.802485 0.219650
vn -0.577926 -0.802485 0.148386
vn -0.434384 -0.884156 0.171985
vn -0.409403 -0.884156 0.225072
vn -0.522868 -0.802485 0.287449
vn -0.554772 -0.802485 0.219650
vn -0.409403 -0.884156 0.225072
vn -0.377966 -0.884156 0.274609
vn -0.482718 -0.802485 0.350715
vn -0.522868 -0.802485 0.287449
vn -0.377966 -0.884156 0.274609
vn -0.340568 -0.884156 0.319815
vn -0.434955 -0.802485 0.408450
vn -0.482718 -0.802485 0.350715
vn -0.340568 -0.884156 0.319815
vn -0.297799 -0.884156 0.359978
vn -0.380333 -0.802485 0.459744
vn -0.434955 -0.802485 0.408450
vn -0.297799 -0.884156 0.359978
vn -0.250334 -0.884156 0.394463
vn -0.319712 -0.802485 0.503787
vn -0.380333 -0.802485 0.459744
vn -0.250334 -0.884156 0.394463
vn -0.198920 -0.884156 0.422728
vn -0.254050 -0.802485 0.539885
vn -0.319712 -0.802485 0.503787
vn -0.198920 -0.884156 0.422728
vn -0.144370 -0.884156 0.444326
vn -0.184382 -0.802485 0.567469
vn -0.254050 -0.802485 0.539885
vn -0.144370 -0.884156 0.444326
vn -0.087543 -0.884156 0.458917
vn -0.111805 -0.802485 0.586103
vn -0.184382 -0.802485 0.567469
vn -0.087543 -0.884156 0.458917
vn -0.029335 -0.884156 0.466270
vn -0.037465 -0.802485 0.595495
vn -0.111805 -0.802485 0.586103
vn -0.029335 -0.884156 0.466270
vn 0.029335 -0.884156 0.466270
vn 0.037465 -0.802485 0.595495
vn -0.037465 -0.802485 0.595495
vn 0.029335 -0.884156 0.466270
vn 0.087543 -0.884156 0.458917
vn 0.111805 -0.802485 0.586104
vn 0.037465 -0.802485 0.595495
vn 0.087543 -0.884156 0.458917
vn 0.144371 -0.884156 0.444326
vn 0.184382 -0.802485 0.567469
vn 0.111805 -0.802485 0.586104
vn 0.144371 -0.884156 0.444326
vn 0.198921 -0.884156 0.422728
vn 0.254051 -0.802485 0.539885
vn 0.184382 -0.802485 0.567469
vn 0.198921 -0.884156 0.422728
vn 0.250334 -0.884156 0.394463
vn 0.319713 -0.802485 0.503787
vn 0.254051 -0.802485 0.539885
vn 0.250334 -0.884156 0.394463
vn 0.297800 -0.884156 0.359978
vn 0.380333 -0.802485 0.459744
vn 0.319713 -0.802485 0.503787
vn 0.297800 -0.884156 0.359978
vn 0.340568 -0.884156 0.319815
vn 0.434956 -0.802485 0.408450
vn 0.380333 -0.802485 0.459744
vn 0.340568 -0.884156 0.319815
vn 0.377966 -0.884156 0.274608
vn 0.482718 -0.802485 0.350715
vn 0.434956 -0.802485 0.408450
vn 0.377966 -0.884156 0.274608
vn 0.409404 -0.884156 0.225071
vn 0.522868 -0.802485 0.287449
vn 0.482718 -0.802485 0.350715
vn 0.409404 -0.884156 0.225071
vn 0.434384 -0.884156 0.171985
vn 0.554772 -0.802485 0.219650
vn 0.522868 -0.802485 0.287449
vn 0.434384 -0.884156 0.171985
vn 0.452514 -0.884156 0.116186
vn 0.577927 -0.802485 0.148387
vn 0.554772 -0.802485 0.219650
vn 0.452514 -0.884156 0.116186
vn 0.463508 -0.884156 0.058555
vn 0.591967 -0.802485 0.074783
vn 0.577927 -0.802485 0.148387
vn 0.463508 -0.884156 0.058555
vn 0.467192 -0.884156 0.000003
vn 0.596672 -0.802485 0.000003
vn 0.591967 -0.802485 0.074783
vn 0.467192 -0.884156 0.000003
vn 0.463508 -0.884156 -0.058553
vn 0.591967 -0.802485 -0.074781
vn 0.596672 -0.802485 0.000003
vn 0.591967 -0.802485 -0.074781
vn 0.577926 -0.802485 -0.148387
vn 0.690619 -0.701144 -0.177321
vn 0.707398 -0.701144 -0.089362
vn 0.577926 -0.802485 -0.148387
vn 0.554771 -0.802485 -0.219650
vn 0.662949 -0.701144 -0.262480
vn 0.690619 -0.701144 -0.177321
vn 0.554771 -0.802485 -0.219650
vn 0.522868 -0.802485 -0.287449
vn 0.624824 -0.701144 -0.343500
vn 0.662949 -0.701144 -0.262480
vn 0.522868 -0.802485 -0.287449
vn 0.482718 -0.802485 -0.350715
vn 0.576845 -0.701144 -0.419103
vn 0.624824 -0.701144 -0.343500
vn 0.482718 -0.802485 -0.350715
vn 0.434955 -0.802485 -0.408450
vn 0.519769 -0.701144 -0.488096
vn 0.576845 -0.701144 -0.419103
vn 0.434955 -0.802485 -0.408450
vn 0.380333 -0.802485 -0.459744
vn 0.454496 -0.701144 -0.549391
vn 0.519769 -0.701144 -0.488096
vn 0.380333 -0.802485 -0.459744
vn 0.319713 -0.802485 -0.503787
vn 0.382055 -0.701144 -0.602023
vn 0.454496 -0.701144 -0.549391
vn 0.319713 -0.802485 -0.503787
vn 0.254051 -0.802485 -0.539885
vn 0.303589 -0.701144 -0.645160
vn 0.382055 -0.701144 -0.602023
vn 0.254051 -0.802485 -0.539885
vn 0.184382 -0.802485 -0.567469
vn 0.220335 -0.701144 -0.678122
vn 0.303589 -0.701144 -0.645160
vn 0.184382 -0.802485 -0.567469
vn 0.111805 -0.802485 -0.586103
vn 0.133606 -0.701144 -0.700391
vn 0.220335 -0.701144 -0.678122
vn 0.111805 -0.802485 -0.586103
vn 0.037465 -0.802485 -0.595494
vn 0.044771 -0.701144 -0.711613
vn 0.133606 -0.701144 -0.700391
vn 0.037465 -0.802485 -0.595494
vn -0.037466 -0.802485 -0.595494
vn -0.044771 -0.701144 -0.711613
vn 0.044771 -0.701144 -0.711613
vn -0.037466 -0.802485 -0.595494
vn -0.111805 -0.802485 -0.586103
vn -0.133607 -0.701144 -0.700391
vn -0.044771 -0.701144 -0.711613
vn -0.111805 -0.802485 -0.586103
vn -0.184382 -0.802485 -0.567469
vn -0.220336 -0.701144 -0.678122
vn -0.133607 -0.701144 -0.700391
vn -0.184382 -0.802485 -0.567469
vn -0.254051 -0.802485 -0.539885
vn -0.303589 -0.701144 -0.645160
vn -0.220336 -0.701144 -0.678122
vn -0.254051 -0.802485 -0.539885
vn -0.319713 -0.802485 -0.503787
vn -0.382055 -0.701143 -0.602023
vn -0.303589 -0.701144 -0.645160
vn -0.319713 -0.802485 -0.503787
vn -0.380333 -0.802485 -0.459744
vn -0.454496 -0.701144 -0.549391
vn -0.382055 -0.701143 -0.602023
vn -0.380333 -0.802485 -0.459744
vn -0.434955 -0.802485 -0.408450
vn -0.519769 -0.701144 -0.488096
vn -0.454496 -0.701144 -0.549391
vn -0.434955 -0.802485 -0.408450
vn -0.482718 -0.802485 -0.350715
vn -0.576845 -0.701144 -0.419103
vn -0.519769 -0.701144 -0.488096
vn -0.482718 -0.802485 -0.350715
vn -0.522868 -0.802485 -0.287449
vn -0.624824 -0.701144 -0.343500
vn -0.576845 -0.701144 -0.419103
vn -0.522868 -0.802485 -0.287449
vn -0.554772 -0.802485 -0.219650
vn -0.662949 -0.701144 -0.262480
vn -0.624824 -0.701144 -0.343500
vn -0.554772 -0.802485 -0.219650
vn -0.577927 -0.802485 -0.148386
vn -0.690619 -0.701144 -0.177321
vn -0.662949 -0.701144 -0.262480
vn -0.577927 -0.802485 -0.148386
vn -0.591967 -0.802485 -0.074783
vn -0.707398 -0.701144 -0.089365
vn -0.690619 -0.701144 -0.177321
vn -0.591967 -0.802485 -0.074783
vn -0.596672 -0.802485 0.000000
vn -0.713020 -0.701144 0.000000
vn -0.707398 -0.701144 -0.089365
vn -0.596672 -0.802485 0.000000
vn -0.591967 -0.802485 0.074783
vn -0.707398 -0.701144 0.089365
vn -0.713020 -0.701144 0.000000
vn -0.591967 -0.802485 0.074783
vn -0.577926 -0.802485 0.148386
vn -0.690619 -0.701144 0.177321
vn -0.707398 -0.701144 0.089365
vn -0.577926 -0.802485 0.148386
vn -0.554772 -0.802485 0.219650
vn -0.662949 -0.701144 0.262481
vn -0.690619 -0.701144 0.177321
vn -0.554772 -0.802485 0.219650
vn -0.522868 -0.802485 0.287449
vn -0.624824 -0.701144 0.343500
vn -0.662949 -0.701144 0.262481
vn -0.522868 -0.802485 0.287449
vn -0.482718 -0.802485 0.350715
vn -0.576845 -0.701144 0.419103
vn -0.624824 -0.701144 0.343500
vn -0.482718 -0.802485 0.350715
vn -0.434955 -0.802485 0.408450
vn -0.519769 -0.701144 0.488096
vn -0.576845 -0.701144 0.419103
vn -0.434955 -0.802485 0.408450
vn -0.380333 -0.802485 0.459744
vn -0.454496 -0.701143 0.549392
vn -0.519769 -0.701144 0.488096
vn -0.380333 -0.802485 0.459744
vn -0.319712 -0.802485 0.503787
vn -0.382055 -0.701143 0.602023
vn -0.454496 -0.701143 0.549392
vn -0.319712 -0.802485 0.503787
vn -0.254050 -0.802485 0.539885
vn -0.303589 -0.701143 0.645160
vn -0.382055 -0.701143 0.602023
vn -0.254050 -0.802485 0.539885
vn -0.184382 -0.802485 0.567469
vn -0.220335 -0.701143 0.678123
vn -0.303589 -0.701143 0.645160
vn -0.184382 -0.802485 0.567469
vn -0.111805 -0.802485 0.586103
vn -0.133607 -0.701143 0.700391
vn -0.220335 -0.701143 0.678123
vn -0.111805 -0.802485 0.586103
vn -0.037465 -0.802485 0.595495
vn -0.044771 -0.701143 0.711613
vn -0.133607 -0.701143 0.700391
vn -0.037465 -0.802485 0.595495
vn 0.037465 -0.802485 0.595495
vn 0.044771 -0.701143 0.711613
vn -0.044771 -0.701143 0.711613
vn 0.037465 -0.802485 0.595495
vn 0.111805 -0.802485 0.586104
vn 0.133607 -0.701143 0.700391
vn 0.044771 -0.701143 0.711613
vn 0.111805 -0.802485 0.586104
vn 0.184382 -0.802485 0.567469
vn 0.220336 -0.701143 0.678123
vn 0.133607 -0.701143 0.700391
vn 0.184382 -0.802485 0.567469
vn 0.254051 -0.802485 0.539885
vn 0.303589 -0.701143 0.645160
vn 0.220336 -0.701143 0.678123
vn 0.254051 -0.802485 0.539885
vn 0.319713 -0.802485 0.503787
vn 0.382055 -0.701143 0.602023
vn 0.303589 -0.701143 0.645160
vn 0.319713 -0.802485 0.503787
vn 0.380333 -0.802485 0.459744
vn 0.454496 -0.701143 0.549392
vn 0.382055 -0.701143 0.602023
vn 0.380333 -0.802485 0.459744
vn 0.434956 -0.802485 0.408450
vn 0.519770 -0.701143 0.488096
vn 0.454496 -0.701143 0.549392
vn 0.434956 -0.802485 0.408450
vn 0.482718 -0.802485 0.350715
vn 0.576846 -0.701143 0.419103
vn 0.519770 -0.701143 0.488096
vn 0.482718 -0.802485 0.350715
vn 0.522868 -0.802485 0.287449
vn 0.624824 -0.701143 0.343500
vn 0.576846 -0.701143 0.419103
vn 0.522868 -0.802485 0.287449
vn 0.554772 -0.802485 0.219650
vn 0.662950 -0.701143 0.262480
vn 0.624824 -0.701143 0.343500
vn 0.554772 -0.802485 0.219650
vn 0.577927 -0.802485 0.148387
vn 0.690620 -0.701143 0.177321
vn 0.662950 -0.701143 0.262480
vn 0.577927 -0.802485 0.148387
vn 0.591967 -0.802485 0.074783
vn 0.707398 -0.701143 0.089365
vn 0.690620 -0.701143 0.177321
vn 0.591967 -0.802485 0.074783
vn 0.596672 -0.802485 0.000003
vn 0.713020 -0.701143 0.000003
vn 0.707398 -0.701143 0.089365
vn 0.596672 -0.802485 0.000003
vn 0.591967 -0.802485 -0.074781
vn 0.707398 -0.701144 -0.089362
vn 0.713020 -0.701143 0.000003
vn 0.707398 -0.701144 -0.089362
vn 0.690619 -0.701144 -0.177321
vn 0.787194 -0.582645 -0.202117
vn 0.806319 -0.582645 -0.101859
vn 0.690619 -0.701144 -0.177321
vn 0.662949 -0.701144 -0.262480
vn 0.755654 -0.582645 -0.299185
vn 0.787194 -0.582645 -0.202117
vn 0.662949 -0.701144 -0.262480
vn 0.624824 -0.701144 -0.343500
vn 0.712198 -0.582645 -0.391534
vn 0.755654 -0.582645 -0.299185
vn 0.624824 -0.701144 -0.343500
vn 0.576845 -0.701144 -0.419103
vn 0.657510 -0.582645 -0.477709
vn 0.712198 -0.582645 -0.391534
vn 0.576845 -0.701144 -0.419103
vn 0.519769 -0.701144 -0.488096
vn 0.592452 -0.582645 -0.556350
vn 0.657510 -0.582645 -0.477709
vn 0.519769 -0.701144 -0.488096
vn 0.454496 -0.701144 -0.549391
vn 0.518052 -0.582645 -0.626217
vn 0.592452 -0.582645 -0.556350
vn 0.454496 -0.701144 -0.549391
vn 0.382055 -0.701144 -0.602023
vn 0.435481 -0.582645 -0.686208
vn 0.518052 -0.582645 -0.626217
vn 0.382055 -0.701144 -0.602023
vn 0.303589 -0.701144 -0.645160
vn 0.346042 -0.582645 -0.735378
vn 0.435481 -0.582645 -0.686208
vn 0.303589 -0.701144 -0.645160
vn 0.220335 -0.701144 -0.678122
vn 0.251146 -0.582645 -0.772949
vn 0.346042 -0.582645 -0.735378
vn 0.220335 -0.701144 -0.678122
vn 0.133606 -0.701144 -0.700391
vn 0.152290 -0.582645 -0.798331
vn 0.251146 -0.582645 -0.772949
vn 0.133606 -0.701144 -0.700391
vn 0.044771 -0.701144 -0.711613
vn 0.051031 -0.582645 -0.811123
vn 0.152290 -0.582645 -0.798331
vn 0.044771 -0.701144 -0.711613
vn -0.044771 -0.701144 -0.711613
vn -0.051032 -0.582645 -0.811123
vn 0.051031 -0.582645 -0.811123
vn -0.044771 -0.701144 -0.711613
vn -0.133607 -0.701144 -0.700391
vn -0.152290 -0.582645 -0.798331
vn -0.051032 -0.582645 -0.811123
vn -0.133607 -0.701144 -0.700391
vn -0.220336 -0.701144 -0.678122
vn -0.251147 -0.582644 -0.772949
vn -0.152290 -0.582645 -0.798331
vn -0.220336 -0.701144 -0.678122
vn -0.303589 -0.701144 -0.645160
vn -0.346043 -0.582644 -0.735377
vn -0.251147 -0.582644 -0.772949
vn -0.303589 -0.701144 -0.645160
vn -0.382055 -0.701143 -0.602023
vn -0.435481 -0.582644 -0.686208
vn -0.346043 -0.582644 -0.735377
vn -0.382055 -0.701143 -0.602023
vn -0.454496 -0.701144 -0.549391
vn -0.518052 -0.582644 -0.626217
vn -0.435481 -0.582644 -0.686208
vn -0.454496 -0.701144 -0.549391
vn -0.519769 -0.701144 -0.488096
vn -0.592453 -0.582644 -0.556350
vn -0.518052 -0.582644 -0.626217
vn -0.519769 -0.701144 -0.488096
vn -0.576845 -0.701144 -0.419103
vn -0.657510 -0.582645 -0.477709
vn -0.592453 -0.582644 -0.556350
vn -0.576845 -0.701144 -0.419103
vn -0.624824 -0.701144 -0.343500
vn -0.712198 -0.582644 -0.391534
vn -0.657510 -0.582645 -0.477709
vn -0.624824 -0.701144 -0.343500
vn -0.662949 -0.701144 -0.262480
vn -0.755655 -0.582644 -0.299185
vn -0.712198 -0.582644 -0.391534
vn -0.662949 -0.701144 -0.262480
vn -0.690619 -0.701144 -0.177321
vn -0.787194 -0.582644 -0.202117
vn -0.755655 -0.582644 -0.299185
vn -0.690619 -0.701144 -0.177321
vn -0.707398 -0.701144 -0.089365
vn -0.806318 -0.582645 -0.101862
vn -0.787194 -0.582644 -0.202117
vn -0.707398 -0.701144 -0.089365
vn -0.713020 -0.701144 0.000000
vn -0.812727 -0.582644 0.000000
vn -0.806318 -0.582645 -0.101862
vn -0.713020 -0.701144 0.000000
vn -0.707398 -0.701144 0.089365
vn -0.806319 -0.582644 0.101862
vn -0.812727 -0.582644 0.000000
vn -0.707398 -0.701144 0.089365
vn -0.690619 -0.701144 0.177321
vn -0.787194 -0.582644 0.202117
vn -0.806319 -0.582644 0.101862
vn -0.690619 -0.701144 0.177321
vn -0.662949 -0.701144 0.262481
vn -0.755655 -0.582644 0.299185
vn -0.787194 -0.582644 0.202117
vn -0.662949 -0.701144 0.262481
vn -0.624824 -0.701144 0.343500
vn -0.712198 -0.582645 0.391535
vn -0.755655 -0.582644 0.299185
vn -0.624824 -0.701144 0.343500
vn -0.576845 -0.701144 0.419103
vn -0.657510 -0.582645 0.477709
vn -0.712198 -0.582645 0.391535
vn -0.576845 -0.701144 0.419103
vn -0.519769 -0.701144 0.488096
vn -0.592452 -0.582645 0.556350
vn -0.657510 -0.582645 0.477709
vn -0.519769 -0.701144 0.488096
vn -0.454496 -0.701143 0.549392
vn -0.518052 -0.582644 0.626217
vn -0.592452 -0.582645 0.556350
vn -0.454496 -0.701143 0.549392
vn -0.382055 -0.701143 0.602023
vn -0.435481 -0.582644 0.686209
vn -0.518052 -0.582644 0.626217
vn -0.382055 -0.701143 0.602023
vn -0.303589 -0.701143 0.645160
vn -0.346042 -0.582645 0.735378
vn -0.435481 -0.582644 0.686209
vn -0.303589 -0.701143 0.645160
vn -0.220335 -0.701143 0.678123
vn -0.251146 -0.582644 0.772950
vn -0.346042 -0.582645 0.735378
vn -0.220335 -0.701143 0.678123
vn -0.133607 -0.701143 0.700391
vn -0.152290 -0.582644 0.798332
vn -0.251146 -0.582644 0.772950
vn -0.133607 -0.701143 0.700391
vn -0.044771 -0.701143 0.711613
vn -0.051031 -0.582644 0.811124
vn -0.152290 -0.582644 0.798332
vn -0.044771 -0.701143 0.711613
vn 0.044771 -0.701143 0.711613
vn 0.051032 -0.582644 0.811124
vn -0.051031 -0.582644 0.811124
vn 0.044771 -0.701143 0.711613
vn 0.133607 -0.701143 0.700391
vn 0.152290 -0.582644 0.798332
vn 0.051032 -0.582644 0.811124
vn 0.133607 -0.701143 0.700391
vn 0.220336 -0.701143 0.678123
vn 0.251147 -0.582644 0.772949
vn 0.152290 -0.582644 0.798332
vn 0.220336 -0.701143 0.678123
vn 0.303589 -0.701143 0.645160
vn 0.346043 -0.582644 0.735377
vn 0.251147 -0.582644 0.772949
vn 0.303589 -0.701143 0.645160
vn 0.382055 -0.701143 0.602023
vn 0.435481 -0.582644 0.686208
vn 0.346043 -0.582644 0.735377
vn 0.382055 -0.701143 0.602023
vn 0.454496 -0.701143 0.549392
vn 0.518052 -0.582644 0.626217
vn 0.435481 -0.582644 0.686208
vn 0.454496 -0.701143 0.549392
vn 0.519770 -0.701143 0.488096
vn 0.592453 -0.582644 0.556350
vn 0.518052 -0.582644 0.626217
vn 0.519770 -0.701143 0.488096
vn 0.576846 -0.701143 0.419103
vn 0.657510 -0.582644 0.477709
vn 0.592453 -0.582644 0.556350
vn 0.576846 -0.701143 0.419103
vn 0.624824 -0.701143 0.343500
vn 0.712198 -0.582644 0.391534
vn 0.657510 -0.582644 0.477709
vn 0.624824 -0.701143 0.343500
vn 0.662950 -0.701143 0.262480
vn 0.755655 -0.582644 0.299185
vn 0.712198 -0.582644 0.391534
vn 0.662950 -0.701143 0.262480
vn 0.690620 -0.701143 0.177321
vn 0.787194 -0.582644 0.202117
vn 0.755655 -0.582644 0.299185
vn 0.690620 -0.701143 0.177321
vn 0.707398 -0.701143 0.089365
vn 0.806319 -0.582644 0.101862
vn 0.787194 -0.582644 0.202117
vn 0.707398 -0.701143 0.089365
vn 0.713020 -0.701143 0.000003
vn 0.812727 -0.582644 0.000003
vn 0.806319 -0.582644 0.101862
vn 0.713020 -0.701143 0.000003
vn 0.707398 -0.701144 -0.089362
vn 0.806319 -0.582645 -0.101859
vn 0.812727 -0.582644 0.000003
vn 0.806319 -0.582645 -0.101859
vn 0.787194 -0.582645 -0.202117
vn 0.865019 -0.449905 -0.222099
vn 0.886035 -0.449905 -0.111929
vn 0.787194 -0.582645 -0.202117
vn 0.755654 -0.582645 -0.299185
vn 0.830362 -0.449905 -0.328764
vn 0.865019 -0.449905 -0.222099
vn 0.755654 -0.582645 -0.299185
vn 0.712198 -0.582645 -0.391534
vn 0.782609 -0.449905 -0.430243
vn 0.830362 -0.449905 -0.328764
vn 0.712198 -0.582645 -0.391534
vn 0.657510 -0.582645 -0.477709
vn 0.722514 -0.449905 -0.524937
vn 0.782609 -0.449905 -0.430243
vn 0.657510 -0.582645 -0.477709
vn 0.592452 -0.582645 -0.556350
vn 0.651025 -0.449905 -0.611353
vn 0.722514 -0.449905 -0.524937
vn 0.592452 -0.582645 -0.556350
vn 0.518052 -0.582645 -0.626217
vn 0.569268 -0.449905 -0.688127
vn 0.651025 -0.449905 -0.611353
vn 0.518052 -0.582645 -0.626217
vn 0.435481 -0.582645 -0.686208
vn 0.478534 -0.449905 -0.754050
vn 0.569268 -0.449905 -0.688127
vn 0.435481 -0.582645 -0.686208
vn 0.346042 -0.582645 -0.735378
vn 0.380253 -0.449905 -0.808080
vn 0.478534 -0.449905 -0.754050
vn 0.346042 -0.582645 -0.735378
vn 0.251146 -0.582645 -0.772949
vn 0.275976 -0.449905 -0.849366
vn 0.380253 -0.449905 -0.808080
vn 0.251146 -0.582645 -0.772949
vn 0.152290 -0.582645 -0.798331
vn 0.167345 -0.449905 -0.877258
vn 0.275976 -0.449905 -0.849366
vn 0.152290 -0.582645 -0.798331
vn 0.051031 -0.582645 -0.811123
vn 0.056076 -0.449905 -0.891314
vn 0.167345 -0.449905 -0.877258
vn 0.051031 -0.582645 -0.811123
vn -0.051032 -0.582645 -0.811123
vn -0.056077 -0.449905 -0.891314
vn 0.056076 -0.449905 -0.891314
vn -0.051032 -0.582645 -0.811123
vn -0.152290 -0.582645 -0.798331
vn -0.167346 -0.449905 -0.877258
vn -0.056077 -0.449905 -0.891314
vn -0.152290 -0.582645 -0.798331
vn -0.251147 -0.582644 -0.772949
vn -0.275976 -0.449905 -0.849366
vn -0.167346 -0.449905 -0.877258
vn -0.251147 -0.582644 -0.772949
vn -0.346043 -0.582644 -0.735377
vn -0.380254 -0.449905 -0.808080
vn -0.275976 -0.449905 -0.849366
vn -0.346043 -0.582644 -0.735377
vn -0.435481 -0.582644 -0.686208
vn -0.478535 -0.449905 -0.754049
vn -0.380254 -0.449905 -0.808080
vn -0.435481 -0.582644 -0.686208
vn -0.518052 -0.582644 -0.626217
vn -0.569269 -0.449905 -0.688127
vn -0.478535 -0.449905 -0.754049
vn -0.518052 -0.582644 -0.626217
vn -0.592453 -0.582644 -0.556350
vn -0.651025 -0.449905 -0.611353
vn -0.569269 -0.449905 -0.688127
vn -0.592453 -0.582644 -0.556350
vn -0.657510 -0.582645 -0.477709
vn -0.722514 -0.449905 -0.524937
vn -0.651025 -0.449905 -0.611353
vn -0.657510 -0.582645 -0.477709
vn -0.712198 -0.582644 -0.391534
vn -0.782609 -0.449904 -0.430243
vn -0.722514 -0.449905 -0.524937
vn -0.712198 -0.582644 -0.391534
vn -0.755655 -0.582644 -0.299185
vn -0.830362 -0.449905 -0.328763
vn -0.782609 -0.449904 -0.430243
vn -0.755655 -0.582644 -0.299185
vn -0.787194 -0.582644 -0.202117
vn -0.865019 -0.449905 -0.222099
vn -0.830362 -0.449905 -0.328763
vn -0.787194 -0.582644 -0.202117
vn -0.806318 -0.582645 -0.101862
vn -0.886035 -0.449904 -0.111932
vn -0.865019 -0.449905 -0.222099
vn -0.806318 -0.582645 -0.101862
vn -0.812727 -0.582644 0.000000
vn -0.893077 -0.449905 0.000000
vn -0.886035 -0.449904 -0.111932
vn -0.812727 -0.582644 0.000000
vn -0.806319 -0.582644 0.101862
vn -0.886034 -0.449905 0.111932
vn -0.893077 -0.449905 0.000000
vn -0.806319 -0.582644 0.101862
vn -0.787194 -0.582644 0.202117
vn -0.865019 -0.449905 0.222099
vn -0.886034 -0.449905 0.111932
vn -0.787194 -0.582644 0.202117
vn -0.755655 -0.582644 0.299185
vn -0.830361 -0.449905 0.328764
vn -0.865019 -0.449905 0.222099
vn -0.755655 -0.582644 0.299185
vn -0.712198 -0.582645 0.391535
vn -0.782609 -0.449905 0.430243
vn -0.830361 -0.449905 0.328764
vn -0.712198 -0.582645 0.391535
vn -0.657510 -0.582645 0.477709
vn -0.722514 -0.449905 0.524938
vn -0.782609 -0.449905 0.430243
vn -0.657510 -0.582645 0.477709
vn -0.592452 -0.582645 0.556350
vn -0.651025 -0.449905 0.611353
vn -0.722514 -0.449905 0.524938
vn -0.592452 -0.582645 0.556350
vn -0.518052 -0.582644 0.626217
vn -0.569268 -0.449905 0.688128
vn -0.651025 -0.449905 0.611353
vn -0.518052 -0.582644 0.626217
vn -0.435481 -0.582644 0.686209
vn -0.478534 -0.449905 0.754050
vn -0.569268 -0.449905 0.688128
vn -0.435481 -0.582644 0.686209
vn -0.346042 -0.582645 0.735378
vn -0.380253 -0.449905 0.808080
vn -0.478534 -0.449905 0.754050
vn -0.346042 -0.582645 0.735378
vn -0.251146 -0.582644 0.772950
vn -0.275976 -0.449905 0.849366
vn -0.380253 -0.449905 0.808080
vn -0.251146 -0.582644 0.772950
vn -0.152290 -0.582644 0.798332
vn -0.167346 -0.449904 0.877258
vn -0.275976 -0.449905 0.849366
vn -0.152290 -0.582644 0.798332
vn -0.051031 -0.582644 0.811124
vn -0.056076 -0.449904 0.891315
vn -0.167346 -0.449904 0.877258
vn -0.051031 -0.582644 0.811124
vn 0.051032 -0.582644 0.811124
vn 0.056077 -0.449904 0.891315
vn -0.056076 -0.449904 0.891315
vn 0.051032 -0.582644 0.811124
vn 0.152290 -0.582644 0.798332
vn 0.167346 -0.449904 0.877258
vn 0.056077 -0.449904 0.891315
vn 0.152290 -0.582644 0.798332
vn 0.251147 -0.582644 0.772949
vn 0.275976 -0.449905 0.849366
vn 0.167346 -0.449904 0.877258
vn 0.251147 -0.582644 0.772949
vn 0.346043 -0.582644 0.735377
vn 0.380254 -0.449905 0.808080
vn 0.275976 -0.449905 0.849366
vn 0.346043 -0.582644 0.735377
vn 0.435481 -0.582644 0.686208
vn 0.478534 -0.449905 0.754050
vn 0.380254 -0.449905 0.808080
vn 0.435481 -0.582644 0.686208
vn 0.518052 -0.582644 0.626217
vn 0.569269 -0.449904 0.688127
vn 0.478534 -0.449905 0.754050
vn 0.518052 -0.582644 0.626217
vn 0.592453 -0.582644 0.556350
vn 0.651025 -0.449904 0.611353
vn 0.569269 -0.449904 0.688127
vn 0.592453 -0.582644 0.556350
vn 0.657510 -0.582644 0.477709
vn 0.722514 -0.449905 0.524937
vn 0.651025 -0.449904 0.611353
vn 0.657510 -0.582644 0.477709
vn 0.712198 -0.582644 0.391534
vn 0.782609 -0.449904 0.430243
vn 0.722514 -0.449905 0.524937
vn 0.712198 -0.582644 0.391534
vn 0.755655 -0.582644 0.299185
vn 0.830362 -0.449904 0.328764
vn 0.782609 -0.449904 0.430243
vn 0.755655 -0.582644 0.299185
vn 0.787194 -0.582644 0.202117
vn 0.865019 -0.449904 0.222099
vn 0.830362 -0.449904 0.328764
vn 0.787194 -0.582644 0.202117
vn 0.806319 -0.582644 0.101862
vn 0.886035 -0.449904 0.111932
vn 0.865019 -0.449904 0.222099
vn 0.806319 -0.582644 0.101862
vn 0.812727 -0.582644 0.000003
vn 0.893077 -0.449904 0.000004
vn 0.886035 -0.449904 0.111932
vn 0.812727 -0.582644 0.000003
vn 0.806319 -0.582645 -0.101859
vn 0.886035 -0.449905 -0.111929
vn 0.893077 -0.449904 0.000004
vn 0.886035 -0.449905 -0.111929
vn 0.865019 -0.449905 -0.222099
vn 0.922066 -0.306178 -0.236747
vn 0.944468 -0.306178 -0.119310
vn 0.865019 -0.449905 -0.222099
vn 0.830362 -0.449905 -0.328764
vn 0.885123 -0.306178 -0.350445
vn 0.922066 -0.306178 -0.236747
vn 0.830362 -0.449905 -0.328764
vn 0.782609 -0.449905 -0.430243
vn 0.834221 -0.306178 -0.458617
vn 0.885123 -0.306178 -0.350445
vn 0.782609 -0.449905 -0.430243
vn 0.722514 -0.449905 -0.524937
vn 0.770163 -0.306178 -0.559557
vn 0.834221 -0.306178 -0.458617
vn 0.722514 -0.449905 -0.524937
vn 0.651025 -0.449905 -0.611353
vn 0.693959 -0.306178 -0.651671
vn 0.770163 -0.306178 -0.559557
vn 0.651025 -0.449905 -0.611353
vn 0.569268 -0.449905 -0.688127
vn 0.606811 -0.306178 -0.733509
vn 0.693959 -0.306178 -0.651671
vn 0.569268 -0.449905 -0.688127
vn 0.478534 -0.449905 -0.754050
vn 0.510093 -0.306178 -0.803779
vn 0.606811 -0.306178 -0.733509
vn 0.478534 -0.449905 -0.754050
vn 0.380253 -0.449905 -0.808080
vn 0.405331 -0.306178 -0.861372
vn 0.510093 -0.306178 -0.803779
vn 0.380253 -0.449905 -0.808080
vn 0.275976 -0.449905 -0.849366
vn 0.294176 -0.306178 -0.905381
vn 0.405331 -0.306178 -0.861372
vn 0.275976 -0.449905 -0.849366
vn 0.167345 -0.449905 -0.877258
vn 0.178382 -0.306178 -0.935112
vn 0.294176 -0.306178 -0.905381
vn 0.167345 -0.449905 -0.877258
vn 0.056076 -0.449905 -0.891314
vn 0.059775 -0.306178 -0.950096
vn 0.178382 -0.306178 -0.935112
vn 0.056076 -0.449905 -0.891314
vn -0.056077 -0.449905 -0.891314
vn -0.059775 -0.306178 -0.950096
vn 0.059775 -0.306178 -0.950096
vn -0.056077 -0.449905 -0.891314
vn -0.167346 -0.449905 -0.877258
vn -0.178382 -0.306178 -0.935112
vn -0.059775 -0.306178 -0.950096
vn -0.167346 -0.449905 -0.877258
vn -0.275976 -0.449905 -0.849366
vn -0.294177 -0.306178 -0.905381
vn -0.178382 -0.306178 -0.935112
vn -0.275976 -0.449905 -0.849366
vn -0.380254 -0.449905 -0.808080
vn -0.405331 -0.306178 -0.861372
vn -0.294177 -0.306178 -0.905381
vn -0.380254 -0.449905 -0.808080
vn -0.478535 -0.449905 -0.754049
vn -0.510093 -0.306178 -0.803778
vn -0.405331 -0.306178 -0.861372
vn -0.478535 -0.449905 -0.754049
vn -0.569269 -0.449905 -0.688127
vn -0.606811 -0.306178 -0.733509
vn -0.510093 -0.306178 -0.803778
vn -0.569269 -0.449905 -0.688127
vn -0.651025 -0.449905 -0.611353
vn -0.693960 -0.306178 -0.651671
vn -0.606811 -0.306178 -0.733509
vn -0.651025 -0.449905 -0.611353
vn -0.722514 -0.449905 -0.524937
vn -0.770164 -0.306178 -0.559556
vn -0.693960 -0.306178 -0.651671
vn -0.722514 -0.449905 -0.524937
vn -0.782609 -0.449904 -0.430243
vn -0.834221 -0.306178 -0.458617
vn -0.770164 -0.306178 -0.559556
vn -0.782609 -0.449904 -0.430243
vn -0.830362 -0.449905 -0.328763
vn -0.885123 -0.306178 -0.350445
vn -0.834221 -0.306178 -0.458617
vn -0.830362 -0.449905 -0.328763
vn -0.865019 -0.449905 -0.222099
vn -0.922066 -0.306178 -0.236746
vn -0.885123 -0.306178 -0.350445
vn -0.865019 -0.449905 -0.222099
vn -0.886035 -0.449904 -0.111932
vn -0.944468 -0.306178 -0.119314
vn -0.922066 -0.306178 -0.236746
vn -0.886035 -0.449904 -0.111932
vn -0.893077 -0.449905 0.000000
vn -0.951974 -0.306178 0.000000
vn -0.944468 -0.306178 -0.119314
vn -0.893077 -0.449905 0.000000
vn -0.886034 -0.449905 0.111932
vn -0.944468 -0.306178 0.119314
vn -0.951974 -0.306178 0.000000
vn -0.886034 -0.449905 0.111932
vn -0.865019 -0.449905 0.222099
vn -0.922066 -0.306178 0.236746
vn -0.944468 -0.306178 0.119314
vn -0.865019 -0.449905 0.222099
vn -0.830361 -0.449905 0.328764
vn -0.885123 -0.306178 0.350445
vn -0.922066 -0.306178 0.236746
vn -0.830361 -0.449905 0.328764
vn -0.782609 -0.449905 0.430243
vn -0.834221 -0.306178 0.458618
vn -0.885123 -0.306178 0.350445
vn -0.782609 -0.449905 0.430243
vn -0.722514 -0.449905 0.524938
vn -0.770163 -0.306178 0.559557
vn -0.834221 -0.306178 0.458618
vn -0.722514 -0.449905 0.524938
vn -0.651025 -0.449905 0.611353
vn -0.693959 -0.306178 0.651671
vn -0.770163 -0.306178 0.559557
vn -0.651025 -0.449905 0.611353
vn -0.569268 -0.449905 0.688128
vn -0.606811 -0.306178 0.733509
vn -0.693959 -0.306178 0.651671
vn -0.569268 -0.449905 0.688128
vn -0.478534 -0.449905 0.754050
vn -0.510093 -0.306178 0.803779
vn -0.606811 -0.306178 0.733509
vn -0.478534 -0.449905 0.754050
vn -0.380253 -0.449905 0.808080
vn -0.405331 -0.306178 0.861372
vn -0.510093 -0.306178 0.803779
vn -0.380253 -0.449905 0.808080
vn -0.275976 -0.449905 0.849366
vn -0.294176 -0.306178 0.905382
vn -0.405331 -0.306178 0.861372
vn -0.275976 -0.449905 0.849366
vn -0.167346 -0.449904 0.877258
vn -0.178382 -0.306178 0.935112
vn -0.294176 -0.306178 0.905382
vn -0.167346 -0.449904 0.877258
vn -0.056076 -0.449904 0.891315
vn -0.059774 -0.306178 0.950096
vn -0.178382 -0.306178 0.935112
vn -0.056076 -0.449904 0.891315
vn 0.056077 -0.449904 0.891315
vn 0.059775 -0.306178 0.950096
vn -0.059774 -0.306178 0.950096
vn 0.056077 -0.449904 0.891315
vn 0.167346 -0.449904 0.877258
vn 0.178382 -0.306178 0.935112
vn 0.059775 -0.306178 0.950096
vn 0.167346 -0.449904 0.877258
vn 0.275976 -0.449905 0.849366
vn 0.294177 -0.306178 0.905381
vn 0.178382 -0.306178 0.935112
vn 0.275976 -0.449905 0.849366
vn 0.380254 -0.449905 0.808080
vn 0.405331 -0.306178 0.861372
vn 0.294177 -0.306178 0.905381
vn 0.380254 -0.449905 0.808080
vn 0.478534 -0.449905 0.754050
vn 0.510093 -0.306178 0.803778
vn 0.405331 -0.306178 0.861372
vn 0.478534 -0.449905 0.754050
vn 0.569269 -0.449904 0.688127
vn 0.606812 -0.306178 0.733509
vn 0.510093 -0.306178 0.803778
vn 0.569269 -0.449904 0.688127
vn 0.651025 -0.449904 0.611353
vn 0.693960 -0.306178 0.651671
vn 0.606812 -0.306178 0.733509
vn 0.651025 -0.449904 0.611353
vn 0.722514 -0.449905 0.524937
vn 0.770164 -0.306178 0.559556
vn 0.693960 -0.306178 0.651671
vn 0.722514 -0.449905 0.524937
vn 0.782609 -0.449904 0.430243
vn 0.834222 -0.306178 0.458617
vn 0.770164 -0.306178 0.559556
vn 0.782609 -0.449904 0.430243
vn 0.830362 -0.449904 0.328764
vn 0.885123 -0.306178 0.350445
vn 0.834222 -0.306178 0.458617
vn 0.830362 -0.449904 0.328764
vn 0.865019 -0.449904 0.222099
vn 0.922066 -0.306178 0.236746
vn 0.885123 -0.306178 0.350445
vn 0.865019 -0.449904 0.222099
vn 0.886035 -0.449904 0.111932
vn 0.944468 -0.306178 0.119314
vn 0.922066 -0.306178 0.236746
vn 0.886035 -0.449904 0.111932
vn 0.893077 -0.449904 0.000004
vn 0.951974 -0.306178 0.000004
vn 0.944468 -0.306178 0.119314
vn 0.893077 -0.449904 0.000004
vn 0.886035 -0.449905 -0.111929
vn 0.944468 -0.306178 -0.119310
vn 0.951974 -0.306178 0.000004
vn 0.944468 -0.306178 -0.119310
vn 0.922066 -0.306178 -0.236747
vn 0.956881 -0.154979 -0.245685
vn 0.980128 -0.154979 -0.123815
vn 0.922066 -0.306178 -0.236747
vn 0.885123 -0.306178 -0.350445
vn 0.918543 -0.154979 -0.363677
vn 0.956881 -0.154979 -0.245685
vn 0.885123 -0.306178 -0.350445
vn 0.834221 -0.306178 -0.458617
vn 0.865719 -0.154979 -0.475933
vn 0.918543 -0.154979 -0.363677
vn 0.834221 -0.306178 -0.458617
vn 0.770163 -0.306178 -0.559557
vn 0.799242 -0.154979 -0.580684
vn 0.865719 -0.154979 -0.475933
vn 0.770163 -0.306178 -0.559557
vn 0.693959 -0.306178 -0.651671
vn 0.720161 -0.154979 -0.676276
vn 0.799242 -0.154979 -0.580684
vn 0.693959 -0.306178 -0.651671
vn 0.606811 -0.306178 -0.733509
vn 0.629722 -0.154979 -0.761204
vn 0.720161 -0.154979 -0.676276
vn 0.606811 -0.306178 -0.733509
vn 0.510093 -0.306178 -0.803779
vn 0.529352 -0.154980 -0.834127
vn 0.629722 -0.154979 -0.761204
vn 0.510093 -0.306178 -0.803779
vn 0.405331 -0.306178 -0.861372
vn 0.420635 -0.154979 -0.893895
vn 0.529352 -0.154980 -0.834127
vn 0.405331 -0.306178 -0.861372
vn 0.294176 -0.306178 -0.905381
vn 0.305283 -0.154979 -0.939566
vn 0.420635 -0.154979 -0.893895
vn 0.294176 -0.306178 -0.905381
vn 0.178382 -0.306178 -0.935112
vn 0.185117 -0.154979 -0.970419
vn 0.305283 -0.154979 -0.939566
vn 0.178382 -0.306178 -0.935112
vn 0.059775 -0.306178 -0.950096
vn 0.062031 -0.154979 -0.985968
vn 0.185117 -0.154979 -0.970419
vn 0.059775 -0.306178 -0.950096
vn -0.059775 -0.306178 -0.950096
vn -0.062032 -0.154979 -0.985968
vn 0.062031 -0.154979 -0.985968
vn -0.059775 -0.306178 -0.950096
vn -0.178382 -0.306178 -0.935112
vn -0.185118 -0.154979 -0.970419
vn -0.062032 -0.154979 -0.985968
vn -0.178382 -0.306178 -0.935112
vn -0.294177 -0.306178 -0.905381
vn -0.305284 -0.154979 -0.939565
vn -0.185118 -0.154979 -0.970419
vn -0.294177 -0.306178 -0.905381
vn -0.405331 -0.306178 -0.861372
vn -0.420635 -0.154979 -0.893895
vn -0.305284 -0.154979 -0.939565
vn -0.405331 -0.306178 -0.861372
vn -0.510093 -0.306178 -0.803778
vn -0.529353 -0.154979 -0.834126
vn -0.420635 -0.154979 -0.893895
vn -0.510093 -0.306178 -0.803778
vn -0.606811 -0.306178 -0.733509
vn -0.629723 -0.154979 -0.761204
vn -0.529353 -0.154979 -0.834126
vn -0.606811 -0.306178 -0.733509
vn -0.693960 -0.306178 -0.651671
vn -0.720161 -0.154979 -0.676276
vn -0.629723 -0.154979 -0.761204
vn -0.693960 -0.306178 -0.651671
vn -0.770164 -0.306178 -0.559556
vn -0.799242 -0.154979 -0.580683
vn -0.720161 -0.154979 -0.676276
vn -0.770164 -0.306178 -0.559556
vn -0.834221 -0.306178 -0.458617
vn -0.865719 -0.154980 -0.475933
vn -0.799242 -0.154979 -0.580683
vn -0.834221 -0.306178 -0.458617
vn -0.885123 -0.306178 -0.350445
vn -0.918543 -0.154980 -0.363677
vn -0.865719 -0.154980 -0.475933
vn -0.885123 -0.306178 -0.350445
vn -0.922066 -0.306178 -0.236746
vn -0.956881 -0.154979 -0.245685
vn -0.918543 -0.154980 -0.363677
vn -0.922066 -0.306178 -0.236746
vn -0.944468 -0.306178 -0.119314
vn -0.980128 -0.154979 -0.123819
vn -0.956881 -0.154979 -0.245685
vn -0.944468 -0.306178 -0.119314
vn -0.951974 -0.306178 0.000000
vn -0.987918 -0.154979 0.000000
vn -0.980128 -0.154979 -0.123819
vn -0.951974 -0.306178 0.000000
vn -0.944468 -0.306178 0.119314
vn -0.980128 -0.154979 0.123819
vn -0.987918 -0.154979 0.000000
vn -0.944468 -0.306178 0.119314
vn -0.922066 -0.306178 0.236746
vn -0.956881 -0.154979 0.245685
vn -0.980128 -0.154979 0.123819
vn -0.922066 -0.306178 0.236746
vn -0.885123 -0.306178 0.350445
vn -0.918543 -0.154979 0.363677
vn -0.956881 -0.154979 0.245685
vn -0.885123 -0.306178 0.350445
vn -0.834221 -0.306178 0.458618
vn -0.865719 -0.154979 0.475933
vn -0.918543 -0.154979 0.363677
vn -0.834221 -0.306178 0.458618
vn -0.770163 -0.306178 0.559557
vn -0.799242 -0.154979 0.580684
vn -0.865719 -0.154979 0.475933
vn -0.770163 -0.306178 0.559557
vn -0.693959 -0.306178 0.651671
vn -0.720161 -0.154979 0.676276
vn -0.799242 -0.154979 0.580684
vn -0.693959 -0.306178 0.651671
vn -0.606811 -0.306178 0.733509
vn -0.629722 -0.154979 0.761204
vn -0.720161 -0.154979 0.676276
vn -0.606811 -0.306178 0.733509
vn -0.510093 -0.306178 0.803779
vn -0.529352 -0.154979 0.834127
vn -0.629722 -0.154979 0.761204
vn -0.510093 -0.306178 0.803779
vn -0.405331 -0.306178 0.861372
vn -0.420634 -0.154979 0.893895
vn -0.529352 -0.154979 0.834127
vn -0.405331 -0.306178 0.861372
vn -0.294176 -0.306178 0.905382
vn -0.305283 -0.154979 0.939566
vn -0.420634 -0.154979 0.893895
vn -0.294176 -0.306178 0.905382
vn -0.178382 -0.306178 0.935112
vn -0.185117 -0.154979 0.970419
vn -0.305283 -0.154979 0.939566
vn -0.178382 -0.306178 0.935112
vn -0.059774 -0.306178 0.950096
vn -0.062031 -0.154979 0.985968
vn -0.185117 -0.154979 0.970419
vn -0.059774 -0.306178 0.950096
vn 0.059775 -0.306178 0.950096
vn 0.062032 -0.154979 0.985968
vn -0.062031 -0.154979 0.985968
vn 0.059775 -0.306178 0.950096
vn 0.178382 -0.306178 0.935112
vn 0.185118 -0.154979 0.970419
vn 0.062032 -0.154979 0.985968
vn 0.178382 -0.306178 0.935112
vn 0.294177 -0.306178 0.905381
vn 0.305284 -0.154979 0.939565
vn 0.185118 -0.154979 0.970419
vn 0.294177 -0.306178 0.905381
vn 0.405331 -0.306178 0.861372
vn 0.420635 -0.154979 0.893895
vn 0.305284 -0.154979 0.939565
vn 0.405331 -0.306178 0.861372
vn 0.510093 -0.306178 0.803778
vn 0.529353 -0.154979 0.834126
vn 0.420635 -0.154979 0.893895
vn 0.510093 -0.306178 0.803778
vn 0.606812 -0.306178 0.733509
vn 0.629723 -0.154979 0.761204
vn 0.529353 -0.154979 0.834126
vn 0.606812 -0.306178 0.733509
vn 0.693960 -0.306178 0.651671
vn 0.720161 -0.154979 0.676276
vn 0.629723 -0.154979 0.761204
vn 0.693960 -0.306178 0.651671
vn 0.770164 -0.306178 0.559556
vn 0.799242 -0.154979 0.580683
vn 0.720161 -0.154979 0.676276
vn 0.770164 -0.306178 0.559556
vn 0.834222 -0.306178 0.458617
vn 0.865719 -0.154979 0.475933
vn 0.799242 -0.154979 0.580683
vn 0.834222 -0.306178 0.458617
vn 0.885123 -0.306178 0.350445
vn 0.918543 -0.154979 0.363677
vn 0.865719 -0.154979 0.475933
vn 0.885123 -0.306178 0.350445
vn 0.922066 -0.306178 0.236746
vn 0.956881 -0.154979 0.245685
vn 0.918543 -0.154979 0.363677
vn 0.922066 -0.306178 0.236746
vn 0.944468 -0.306178 0.119314
vn 0.980128 -0.154979 0.123819
vn 0.956881 -0.154979 0.245685
vn 0.944468 -0.306178 0.119314
vn 0.951974 -0.306178 0.000004
vn 0.987918 -0.154979 0.000004
vn 0.980128 -0.154979 0.123819
vn 0.951974 -0.306178 0.000004
vn 0.944468 -0.306178 -0.119310
vn 0.980128 -0.154979 -0.123815
vn 0.987918 -0.154979 0.000004
vn 0.980128 -0.154979 -0.123815
vn 0.956881 -0.154979 -0.245685
vn 0.968583 0.000000 -0.248690
vn 0.992115 0.000000 -0.125329
vn 0.956881 -0.154979 -0.245685
vn 0.918543 -0.154979 -0.363677
vn 0.929776 0.000000 -0.368125
vn 0.968583 0.000000 -0.248690
vn 0.918543 -0.154979 -0.363677
vn 0.865719 -0.154979 -0.475933
vn 0.876307 0.000000 -0.481754
vn 0.929776 0.000000 -0.368125
vn 0.865719 -0.154979 -0.475933
vn 0.799242 -0.154979 -0.580684
vn 0.809017 0.000000 -0.587785
vn 0.876307 0.000000 -0.481754
vn 0.799242 -0.154979 -0.580684
vn 0.720161 -0.154979 -0.676276
vn 0.728969 0.000000 -0.684547
vn 0.809017 0.000000 -0.587785
vn 0.720161 -0.154979 -0.676276
vn 0.629722 -0.154979 -0.761204
vn 0.637424 0.000000 -0.770513
vn 0.728969 0.000000 -0.684547
vn 0.629722 -0.154979 -0.761204
vn 0.529352 -0.154980 -0.834127
vn 0.535826 0.000000 -0.844328
vn 0.637424 0.000000 -0.770513
vn 0.529352 -0.154980 -0.834127
vn 0.420635 -0.154979 -0.893895
vn 0.425779 0.000000 -0.904827
vn 0.535826 0.000000 -0.844328
vn 0.420635 -0.154979 -0.893895
vn 0.305283 -0.154979 -0.939566
vn 0.309017 0.000000 -0.951056
vn 0.425779 0.000000 -0.904827
vn 0.305283 -0.154979 -0.939566
vn 0.185117 -0.154979 -0.970419
vn 0.187381 0.000000 -0.982287
vn 0.309017 0.000000 -0.951056
vn 0.185117 -0.154979 -0.970419
vn 0.062031 -0.154979 -0.985968
vn 0.062790 0.000000 -0.998027
vn 0.187381 0.000000 -0.982287
vn 0.062031 -0.154979 -0.985968
vn -0.062032 -0.154979 -0.985968
vn -0.062791 0.000000 -0.998027
vn 0.062790 0.000000 -0.998027
vn -0.062032 -0.154979 -0.985968
vn -0.185118 -0.154979 -0.970419
vn -0.187382 0.000000 -0.982287
vn -0.062791 0.000000 -0.998027
vn -0.185118 -0.154979 -0.970419
vn -0.305284 -0.154979 -0.939565
vn -0.309017 0.000000 -0.951056
vn -0.187382 0.000000 -0.982287
vn -0.305284 -0.154979 -0.939565
vn -0.420635 -0.154979 -0.893895
vn -0.425780 0.000000 -0.904827
vn -0.309017 0.000000 -0.951056
vn -0.420635 -0.154979 -0.893895
vn -0.529353 -0.154979 -0.834126
vn -0.535827 0.000000 -0.844328
vn -0.425780 0.000000 -0.904827
vn -0.529353 -0.154979 -0.834126
vn -0.629723 -0.154979 -0.761204
vn -0.637424 0.000000 -0.770513
vn -0.535827 0.000000 -0.844328
vn -0.629723 -0.154979 -0.761204
vn -0.720161 -0.154979 -0.676276
vn -0.728969 0.000000 -0.684547
vn -0.637424 0.000000 -0.770513
vn -0.720161 -0.154979 -0.676276
vn -0.799242 -0.154979 -0.580683
vn -0.809017 0.000000 -0.587785
vn -0.728969 0.000000 -0.684547
vn -0.799242 -0.154979 -0.580683
vn -0.865719 -0.154980 -0.475933
vn -0.876307 0.000000 -0.481754
vn -0.809017 0.000000 -0.587785
vn -0.865719 -0.154980 -0.475933
vn -0.918543 -0.154980 -0.363677
vn -0.929777 0.000000 -0.368124
vn -0.876307 0.000000 -0.481754
vn -0.918543 -0.154980 -0.363677
vn -0.956881 -0.154979 -0.245685
vn -0.968583 0.000000 -0.248690
vn -0.929777 0.000000 -0.368124
vn -0.956881 -0.154979 -0.245685
vn -0.980128 -0.154979 -0.123819
vn -0.992115 0.000000 -0.125333
vn -0.968583 0.000000 -0.248690
vn -0.980128 -0.154979 -0.123819
vn -0.987918 -0.154979 0.000000
vn -1.000000 0.000000 0.000000
vn -0.992115 0.000000 -0.125333
vn -0.987918 -0.154979 0.000000
vn -0.980128 -0.154979 0.123819
vn -0.992115 0.000000 0.125333
vn -1.000000 0.000000 0.000000
vn -0.980128 -0.154979 0.123819
vn -0.956881 -0.154979 0.245685
vn -0.968583 0.000000 0.248690
vn -0.992115 0.000000 0.125333
vn -0.956881 -0.154979 0.245685
vn -0.918543 -0.154979 0.363677
vn -0.929776 0.000000 0.368125
vn -0.968583 0.000000 0.248690
vn -0.918543 -0.154979 0.363677
vn -0.865719 -0.154979 0.475933
vn -0.876306 0.000000 0.481754
vn -0.929776 0.000000 0.368125
vn -0.865719 -0.154979 0.475933
vn -0.799242 -0.154979 0.580684
vn -0.809017 0.000000 0.587786
vn -0.876306 0.000000 0.481754
vn -0.799242 -0.154979 0.580684
vn -0.720161 -0.154979 0.676276
vn -0.728969 0.000000 0.684547
vn -0.809017 0.000000 0.587786
vn -0.720161 -0.154979 0.676276
vn -0.629722 -0.154979 0.761204
vn -0.637424 0.000000 0.770513
vn -0.728969 0.000000 0.684547
vn -0.629722 -0.154979 0.761204
vn -0.529352 -0.154979 0.834127
vn -0.535826 0.000000 0.844328
vn -0.637424 0.000000 0.770513
vn -0.529352 -0.154979 0.834127
vn -0.420634 -0.154979 0.893895
vn -0.425779 0.000000 0.904827
vn -0.535826 0.000000 0.844328
vn -0.420634 -0.154979 0.893895
vn -0.305283 -0.154979 0.939566
vn -0.309017 0.000000 0.951056
vn -0.425779 0.000000 0.904827
vn -0.305283 -0.154979 0.939566
vn -0.185117 -0.154979 0.970419
vn -0.187382 0.000000 0.982287
vn -0.309017 0.000000 0.951056
vn -0.185117 -0.154979 0.970419
vn -0.062031 -0.154979 0.985968
vn -0.062790 0.000000 0.998027
vn -0.187382 0.000000 0.982287
vn -0.062031 -0.154979 0.985968
vn 0.062032 -0.154979 0.985968
vn 0.062791 0.000000 0.998027
vn -0.062790 0.000000 0.998027
vn 0.062032 -0.154979 0.985968
vn 0.185118 -0.154979 0.970419
vn 0.187382 0.000000 0.982287
vn 0.062791 0.000000 0.998027
vn 0.185118 -0.154979 0.970419
vn 0.305284 -0.154979 0.939565
vn 0.309017 -0.000000 0.951056
vn 0.187382 0.000000 0.982287
vn 0.305284 -0.154979 0.939565
vn 0.420635 -0.154979 0.893895
vn 0.425779 0.000000 0.904827
vn 0.309017 -0.000000 0.951056
vn 0.420635 -0.154979 0.893895
vn 0.529353 -0.154979 0.834126
vn 0.535827 0.000000 0.844328
vn 0.425779 0.000000 0.904827
vn 0.529353 -0.154979 0.834126
vn 0.629723 -0.154979 0.761204
vn 0.637424 0.000000 0.770513
vn 0.535827 0.000000 0.844328
vn 0.629723 -0.154979 0.761204
vn 0.720161 -0.154979 0.676276
vn 0.728969 0.000000 0.684547
vn 0.637424 0.000000 0.770513
vn 0.720161 -0.154979 0.676276
vn 0.799242 -0.154979 0.580683
vn 0.809017 0.000000 0.587785
vn 0.728969 0.000000 0.684547
vn 0.799242 -0.154979 0.580683
vn 0.865719 -0.154979 0.475933
vn 0.876307 0.000000 0.481753
vn 0.809017 0.000000 0.587785
vn 0.865719 -0.154979 0.475933
vn 0.918543 -0.154979 0.363677
vn 0.929776 0.000000 0.368125
vn 0.876307 0.000000 0.481753
vn 0.918543 -0.154979 0.363677
vn 0.956881 -0.154979 0.245685
vn 0.968583 0.000000 0.248690
vn 0.929776 0.000000 0.368125
vn 0.956881 -0.154979 0.245685
vn 0.980128 -0.154979 0.123819
vn 0.992115 0.000000 0.125333
vn 0.968583 0.000000 0.248690
vn 0.980128 -0.154979 0.123819
vn 0.987918 -0.154979 0.000004
vn 1.000000 0.000000 0.000004
vn 0.992115 0.000000 0.125333
vn 0.987918 -0.154979 0.000004
vn 0.980128 -0.154979 -0.123815
vn 0.992115 0.000000 -0.125329
vn 1.000000 0.000000 0.000004
vn 0.992115 0.000000 -0.125329
vn 0.968583 0.000000 -0.248690
vn 0.956881 0.154979 -0.245685
vn 0.980128 0.154979 -0.123815
vn 0.968583 0.000000 -0.248690
vn 0.929776 0.000000 -0.368125
vn 0.918543 0.154979 -0.363677
vn 0.956881 0.154979 -0.245685
vn 0.929776 0.000000 -0.368125
vn 0.876307 0.000000 -0.481754
vn 0.865719 0.154979 -0.475933
vn 0.918543 0.154979 -0.363677
vn 0.876307 0.000000 -0.481754
vn 0.809017 0.000000 -0.587785
vn 0.799242 0.154980 -0.580684
vn 0.865719 0.154979 -0.475933
vn 0.809017 0.000000 -0.587785
vn 0.728969 0.000000 -0.684547
vn 0.720161 0.154980 -0.676276
vn 0.799242 0.154980 -0.580684
vn 0.728969 0.000000 -0.684547
vn 0.637424 0.000000 -0.770513
vn 0.629722 0.154979 -0.761204
vn 0.720161 0.154980 -0.676276
vn 0.637424 0.000000 -0.770513
vn 0.535826 0.000000 -0.844328
vn 0.529352 0.154979 -0.834127
vn 0.629722 0.154979 -0.761204
vn 0.535826 0.000000 -0.844328
vn 0.425779 0.000000 -0.904827
vn 0.420635 0.154979 -0.893895
vn 0.529352 0.154979 -0.834127
vn 0.425779 0.000000 -0.904827
vn 0.309017 0.000000 -0.951056
vn 0.305283 0.154979 -0.939566
vn 0.420635 0.154979 -0.893895
vn 0.309017 0.000000 -0.951056
vn 0.187381 0.000000 -0.982287
vn 0.185117 0.154979 -0.970419
vn 0.305283 0.154979 -0.939566
vn 0.187381 0.000000 -0.982287
vn 0.062790 0.000000 -0.998027
vn 0.062031 0.154979 -0.985968
vn 0.185117 0.154979 -0.970419
vn 0.062790 0.000000 -0.998027
vn -0.062791 0.000000 -0.998027
vn -0.062032 0.154979 -0.985968
vn 0.062031 0.154979 -0.985968
vn -0.062791 0.000000 -0.998027
vn -0.187382 0.000000 -0.982287
vn -0.185118 0.154979 -0.970419
vn -0.062032 0.154979 -0.985968
vn -0.187382 0.000000 -0.982287
vn -0.309017 0.000000 -0.951056
vn -0.305284 0.154979 -0.939565
vn -0.185118 0.154979 -0.970419
vn -0.309017 0.000000 -0.951056
vn -0.425780 0.000000 -0.904827
vn -0.420635 0.154979 -0.893895
vn -0.305284 0.154979 -0.939565
vn -0.425780 0.000000 -0.904827
vn -0.535827 0.000000 -0.844328
vn -0.529353 0.154979 -0.834126
vn -0.420635 0.154979 -0.893895
vn -0.535827 0.000000 -0.844328
vn -0.637424 0.000000 -0.770513
vn -0.629723 0.154979 -0.761204
vn -0.529353 0.154979 -0.834126
vn -0.637424 0.000000 -0.770513
vn -0.728969 0.000000 -0.684547
vn -0.720161 0.154979 -0.676276
vn -0.629723 0.154979 -0.761204
vn -0.728969 0.000000 -0.684547
vn -0.809017 0.000000 -0.587785
vn -0.799242 0.154979 -0.580683
vn -0.720161 0.154979 -0.676276
vn -0.809017 0.000000 -0.587785
vn -0.876307 0.000000 -0.481754
vn -0.865719 0.154980 -0.475933
vn -0.799242 0.154979 -0.580683
vn -0.876307 0.000000 -0.481754
vn -0.929777 0.000000 -0.368124
vn -0.918543 0.154979 -0.363677
vn -0.865719 0.154980 -0.475933
vn -0.929777 0.000000 -0.368124
vn -0.968583 0.000000 -0.248690
vn -0.956881 0.154979 -0.245685
vn -0.918543 0.154979 -0.363677
vn -0.968583 0.000000 -0.248690
vn -0.992115 0.000000 -0.125333
vn -0.980128 0.154979 -0.123819
vn -0.956881 0.154979 -0.245685
vn -0.992115 0.000000 -0.125333
vn -1.000000 0.000000 0.000000
vn -0.987918 0.154979 0.000000
vn -0.980128 0.154979 -0.123819
vn -1.000000 0.000000 0.000000
vn -0.992115 0.000000 0.125333
vn -0.980128 0.154979 0.123819
vn -0.987918 0.154979 0.000000
vn -0.992115 0.000000 0.125333
vn -0.968583 0.000000 0.248690
vn -0.956881 0.154979 0.245685
vn -0.980128 0.154979 0.123819
vn -0.968583 0.000000 0.248690
vn -0.929776 0.000000 0.368125
vn -0.918543 0.154979 0.363677
vn -0.956881 0.154979 0.245685
vn -0.929776 0.000000 0.368125
vn -0.876306 0.000000 0.481754
vn -0.865719 0.154979 0.475933
vn -0.918543 0.154979 0.363677
vn -0.876306 0.000000 0.481754
vn -0.809017 0.000000 0.587786
vn -0.799242 0.154979 0.580684
vn -0.865719 0.154979 0.475933
vn -0.809017 0.000000 0.587786
vn -0.728969 0.000000 0.684547
vn -0.720161 0.154979 0.676276
vn -0.799242 0.154979 0.580684
vn -0.728969 0.000000 0.684547
vn -0.637424 0.000000 0.770513
vn -0.629722 0.154979 0.761204
vn -0.720161 0.154979 0.676276
vn -0.637424 0.000000 0.770513
vn -0.535826 0.000000 0.844328
vn -0.529352 0.154979 0.834127
vn -0.629722 0.154979 0.761204
vn -0.535826 0.000000 0.844328
vn -0.425779 0.000000 0.904827
vn -0.420634 0.154979 0.893895
vn -0.529352 0.154979 0.834127
vn -0.425779 0.000000 0.904827
vn -0.309017 0.000000 0.951056
vn -0.305283 0.154979 0.939566
vn -0.420634 0.154979 0.893895
vn -0.309017 0.000000 0.951056
vn -0.187382 0.000000 0.982287
vn -0.185117 0.154979 0.970419
vn -0.305283 0.154979 0.939566
vn -0.187382 0.000000 0.982287
vn -0.062790 0.000000 0.998027
vn -0.062031 0.154979 0.985968
vn -0.185117 0.154979 0.970419
vn -0.062790 0.000000 0.998027
vn 0.062791 0.000000 0.998027
vn 0.062032 0.154979 0.985968
vn -0.062031 0.154979 0.985968
vn 0.062791 0.000000 0.998027
vn 0.187382 0.000000 0.982287
vn 0.185118 0.154979 0.970419
vn 0.062032 0.154979 0.985968
vn 0.187382 0.000000 0.982287
vn 0.309017 -0.000000 0.951056
vn 0.305284 0.154979 0.939565
vn 0.185118 0.154979 0.970419
vn 0.309017 -0.000000 0.951056
vn 0.425779 0.000000 0.904827
vn 0.420635 0.154979 0.893895
vn 0.305284 0.154979 0.939565
vn 0.425779 0.000000 0.904827
vn 0.535827 0.000000 0.844328
vn 0.529353 0.154979 0.834127
vn 0.420635 0.154979 0.893895
vn 0.535827 0.000000 0.844328
vn 0.637424 0.000000 0.770513
vn 0.629723 0.154979 0.761204
vn 0.529353 0.154979 0.834127
vn 0.637424 0.000000 0.770513
vn 0.728969 0.000000 0.684547
vn 0.720161 0.154979 0.676276
vn 0.629723 0.154979 0.761204
vn 0.728969 0.000000 0.684547
vn 0.809017 0.000000 0.587785
vn 0.799242 0.154979 0.580683
vn 0.720161 0.154979 0.676276
vn 0.809017 0.000000 0.587785
vn 0.876307 0.000000 0.481753
vn 0.865719 0.154979 0.475933
vn 0.799242 0.154979 0.580683
vn 0.876307 0.000000 0.481753
vn 0.929776 0.000000 0.368125
vn 0.918543 0.154979 0.363677
vn 0.865719 0.154979 0.475933
vn 0.929776 0.000000 0.368125
vn 0.968583 0.000000 0.248690
vn 0.956881 0.154979 0.245685
vn 0.918543 0.154979 0.363677
vn 0.968583 0.000000 0.248690
vn 0.992115 0.000000 0.125333
vn 0.980128 0.154979 0.123819
vn 0.956881 0.154979 0.245685
vn 0.992115 0.000000 0.125333
vn 1.000000 0.000000 0.000004
vn 0.987918 0.154979 0.000004
vn 0.980128 0.154979 0.123819
vn 1.000000 0.000000 0.000004
vn 0.992115 0.000000 -0.125329
vn 0.980128 0.154979 -0.123815
vn 0.987918 0.154979 0.000004
vn 0.980128 0.154979 -0.123815
vn 0.956881 0.154979 -0.245685
vn 0.922066 0.306178 -0.236747
vn 0.944468 0.306178 -0.119310
vn 0.956881 0.154979 -0.245685
vn 0.918543 0.154979 -0.363677
vn 0.885123 0.306178 -0.350445
vn 0.922066 0.306178 -0.236747
vn 0.918543 0.154979 -0.363677
vn 0.865719 0.154979 -0.475933
vn 0.834221 0.306178 -0.458617
vn 0.885123 0.306178 -0.350445
vn 0.865719 0.154979 -0.475933
vn 0.799242 0.154980 -0.580684
vn 0.770163 0.306178 -0.559557
vn 0.834221 0.306178 -0.458617
vn 0.799242 0.154980 -0.580684
vn 0.720161 0.154980 -0.676276
vn 0.693959 0.306178 -0.651671
vn 0.770163 0.306178 -0.559557
vn 0.720161 0.154980 -0.676276
vn 0.629722 0.154979 -0.761204
vn 0.606811 0.306178 -0.733509
vn 0.693959 0.306178 -0.651671
vn 0.629722 0.154979 -0.761204
vn 0.529352 0.154979 -0.834127
vn 0.510093 0.306178 -0.803779
vn 0.606811 0.306178 -0.733509
vn 0.529352 0.154979 -0.834127
vn 0.420635 0.154979 -0.893895
vn 0.405331 0.306178 -0.861372
vn 0.510093 0.306178 -0.803779
vn 0.420635 0.154979 -0.893895
vn 0.305283 0.154979 -0.939566
vn 0.294176 0.306178 -0.905381
vn 0.405331 0.306178 -0.861372
vn 0.305283 0.154979 -0.939566
vn 0.185117 0.154979 -0.970419
vn 0.178382 0.306178 -0.935112
vn 0.294176 0.306178 -0.905381
vn 0.185117 0.154979 -0.970419
vn 0.062031 0.154979 -0.985968
vn 0.059775 0.306178 -0.950096
vn 0.178382 0.306178 -0.935112
vn 0.062031 0.154979 -0.985968
vn -0.062032 0.154979 -0.985968
vn -0.059775 0.306178 -0.950096
vn 0.059775 0.306178 -0.950096
vn -0.062032 0.154979 -0.985968
vn -0.185118 0.154979 -0.970419
vn -0.178382 0.306178 -0.935112
vn -0.059775 0.306178 -0.950096
vn -0.185118 0.154979 -0.970419
vn -0.305284 0.154979 -0.939565
vn -0.294177 0.306178 -0.905381
vn -0.178382 0.306178 -0.935112
vn -0.305284 0.154979 -0.939565
vn -0.420635 0.154979 -0.893895
vn -0.405331 0.306178 -0.861372
vn -0.294177 0.306178 -0.905381
vn -0.420635 0.154979 -0.893895
vn -0.529353 0.154979 -0.834126
vn -0.510094 0.306178 -0.803778
vn -0.405331 0.306178 -0.861372
vn -0.529353 0.154979 -0.834126
vn -0.629723 0.154979 -0.761204
vn -0.606811 0.306178 -0.733509
vn -0.510094 0.306178 -0.803778
vn -0.629723 0.154979 -0.761204
vn -0.720161 0.154979 -0.676276
vn -0.693960 0.306178 -0.651671
vn -0.606811 0.306178 -0.733509
vn -0.720161 0.154979 -0.676276
vn -0.799242 0.154979 -0.580683
vn -0.770164 0.306178 -0.559556
vn -0.693960 0.306178 -0.651671
vn -0.799242 0.154979 -0.580683
vn -0.865719 0.154980 -0.475933
vn -0.834221 0.306178 -0.458617
vn -0.770164 0.306178 -0.559556
vn -0.865719 0.154980 -0.475933
vn -0.918543 0.154979 -0.363677
vn -0.885123 0.306178 -0.350445
vn -0.834221 0.306178 -0.458617
vn -0.918543 0.154979 -0.363677
vn -0.956881 0.154979 -0.245685
vn -0.922066 0.306178 -0.236746
vn -0.885123 0.306178 -0.350445
vn -0.956881 0.154979 -0.245685
vn -0.980128 0.154979 -0.123819
vn -0.944468 0.306178 -0.119314
vn -0.922066 0.306178 -0.236746
vn -0.980128 0.154979 -0.123819
vn -0.987918 0.154979 0.000000
vn -0.951974 0.306178 0.000000
vn -0.944468 0.306178 -0.119314
vn -0.987918 0.154979 0.000000
vn -0.980128 0.154979 0.123819
vn -0.944468 0.306178 0.119314
vn -0.951974 0.306178 0.000000
vn -0.980128 0.154979 0.123819
vn -0.956881 0.154979 0.245685
vn -0.922066 0.306178 0.236746
vn -0.944468 0.306178 0.119314
vn -0.956881 0.154979 0.245685
vn -0.918543 0.154979 0.363677
vn -0.885123 0.306178 0.350445
vn -0.922066 0.306178 0.236746
vn -0.918543 0.154979 0.363677
vn -0.865719 0.154979 0.475933
vn -0.834221 0.306178 0.458618
vn -0.885123 0.306178 0.350445
vn -0.865719 0.154979 0.475933
vn -0.799242 0.154979 0.580684
vn -0.770163 0.306178 0.559557
vn -0.834221 0.306178 0.458618
vn -0.799242 0.154979 0.580684
vn -0.720161 0.154979 0.676276
vn -0.693959 0.306178 0.651671
vn -0.770163 0.306178 0.559557
vn -0.720161 0.154979 0.676276
vn -0.629722 0.154979 0.761204
vn -0.606811 0.306178 0.733509
vn -0.693959 0.306178 0.651671
vn -0.629722 0.154979 0.761204
vn -0.529352 0.154979 0.834127
vn -0.510093 0.306178 0.803779
vn -0.606811 0.306178 0.733509
vn -0.529352 0.154979 0.834127
vn -0.420634 0.154979 0.893895
vn -0.405331 0.306178 0.861372
vn -0.510093 0.306178 0.803779
vn -0.420634 0.154979 0.893895
vn -0.305283 0.154979 0.939566
vn -0.294176 0.306178 0.905381
vn -0.405331 0.306178 0.861372
vn -0.305283 0.154979 0.939566
vn -0.185117 0.154979 0.970419
vn -0.178382 0.306178 0.935112
vn -0.294176 0.306178 0.905381
vn -0.185117 0.154979 0.970419
vn -0.062031 0.154979 0.985968
vn -0.059774 0.306178 0.950096
vn -0.178382 0.306178 0.935112
vn -0.062031 0.154979 0.985968
vn 0.062032 0.154979 0.985968
vn 0.059775 0.306178 0.950096
vn -0.059774 0.306178 0.950096
vn 0.062032 0.154979 0.985968
vn 0.185118 0.154979 0.970419
vn 0.178382 0.306178 0.935112
vn 0.059775 0.306178 0.950096
vn 0.185118 0.154979 0.970419
vn 0.305284 0.154979 0.939565
vn 0.294177 0.306178 0.905381
vn 0.178382 0.306178 0.935112
vn 0.305284 0.154979 0.939565
vn 0.420635 0.154979 0.893895
vn 0.405331 0.306178 0.861372
vn 0.294177 0.306178 0.905381
vn 0.420635 0.154979 0.893895
vn 0.529353 0.154979 0.834127
vn 0.510093 0.306178 0.803778
vn 0.405331 0.306178 0.861372
vn 0.529353 0.154979 0.834127
vn 0.629723 0.154979 0.761204
vn 0.606812 0.306178 0.733509
vn 0.510093 0.306178 0.803778
vn 0.629723 0.154979 0.761204
vn 0.720161 0.154979 0.676276
vn 0.693960 0.306178 0.651671
vn 0.606812 0.306178 0.733509
vn 0.720161 0.154979 0.676276
vn 0.799242 0.154979 0.580683
vn 0.770164 0.306178 0.559556
vn 0.693960 0.306178 0.651671
vn 0.799242 0.154979 0.580683
vn 0.865719 0.154979 0.475933
vn 0.834222 0.306178 0.458617
vn 0.770164 0.306178 0.559556
vn 0.865719 0.154979 0.475933
vn 0.918543 0.154979 0.363677
vn 0.885123 0.306178 0.350445
vn 0.834222 0.306178 0.458617
vn 0.918543 0.154979 0.363677
vn 0.956881 0.154979 0.245685
vn 0.922066 0.306178 0.236747
vn 0.885123 0.306178 0.350445
vn 0.956881 0.154979 0.245685
vn 0.980128 0.154979 0.123819
vn 0.944468 0.306178 0.119314
vn 0.922066 0.306178 0.236747
vn 0.980128 0.154979 0.123819
vn 0.987918 0.154979 0.000004
vn 0.951974 0.306178 0.000004
vn 0.944468 0.306178 0.119314
vn 0.987918 0.154979 0.000004
vn 0.980128 0.154979 -0.123815
vn 0.944468 0.306178 -0.119310
vn 0.951974 0.306178 0.000004
vn 0.944468 0.306178 -0.119310
vn 0.922066 0.306178 -0.236747
vn 0.865019 0.449905 -0.222099
vn 0.886035 0.449905 -0.111929
vn 0.922066 0.306178 -0.236747
vn 0.885123 0.306178 -0.350445
vn 0.830362 0.449905 -0.328764
vn 0.865019 0.449905 -0.222099
vn 0.885123 0.306178 -0.350445
vn 0.834221 0.306178 -0.458617
vn 0.782609 0.449905 -0.430243
vn 0.830362 0.449905 -0.328764
vn 0.834221 0.306178 -0.458617
vn 0.770163 0.306178 -0.559557
vn 0.722514 0.449905 -0.524937
vn 0.782609 0.449905 -0.430243
vn 0.770163 0.306178 -0.559557
vn 0.693959 0.306178 -0.651671
vn 0.651025 0.449905 -0.611353
vn 0.722514 0.449905 -0.524937
vn 0.693959 0.306178 -0.651671
vn 0.606811 0.306178 -0.733509
vn 0.569268 0.449905 -0.688127
vn 0.651025 0.449905 -0.611353
vn 0.606811 0.306178 -0.733509
vn 0.510093 0.306178 -0.803779
vn 0.478534 0.449905 -0.754050
vn 0.569268 0.449905 -0.688127
vn 0.510093 0.306178 -0.803779
vn 0.405331 0.306178 -0.861372
vn 0.380253 0.449905 -0.808080
vn 0.478534 0.449905 -0.754050
vn 0.405331 0.306178 -0.861372
vn 0.294176 0.306178 -0.905381
vn 0.275976 0.449905 -0.849366
vn 0.380253 0.449905 -0.808080
vn 0.294176 0.306178 -0.905381
vn 0.178382 0.306178 -0.935112
vn 0.167345 0.449905 -0.877258
vn 0.275976 0.449905 -0.849366
vn 0.178382 0.306178 -0.935112
vn 0.059775 0.306178 -0.950096
vn 0.056076 0.449905 -0.891314
vn 0.167345 0.449905 -0.877258
vn 0.059775 0.306178 -0.950096
vn -0.059775 0.306178 -0.950096
vn -0.056077 0.449905 -0.891314
vn 0.056076 0.449905 -0.891314
vn -0.059775 0.306178 -0.950096
vn -0.178382 0.306178 -0.935112
vn -0.167346 0.449905 -0.877258
vn -0.056077 0.449905 -0.891314
vn -0.178382 0.306178 -0.935112
vn -0.294177 0.306178 -0.905381
vn -0.275976 0.449905 -0.849366
vn -0.167346 0.449905 -0.877258
vn -0.294177 0.306178 -0.905381
vn -0.405331 0.306178 -0.861372
vn -0.380254 0.449905 -0.808080
vn -0.275976 0.449905 -0.849366
vn -0.405331 0.306178 -0.861372
vn -0.510094 0.306178 -0.803778
vn -0.478534 0.449905 -0.754049
vn -0.380254 0.449905 -0.808080
vn -0.510094 0.306178 -0.803778
vn -0.606811 0.306178 -0.733509
vn -0.569269 0.449905 -0.688127
vn -0.478534 0.449905 -0.754049
vn -0.606811 0.306178 -0.733509
vn -0.693960 0.306178 -0.651671
vn -0.651025 0.449905 -0.611353
vn -0.569269 0.449905 -0.688127
vn -0.693960 0.306178 -0.651671
vn -0.770164 0.306178 -0.559556
vn -0.722514 0.449905 -0.524937
vn -0.651025 0.449905 -0.611353
vn -0.770164 0.306178 -0.559556
vn -0.834221 0.306178 -0.458617
vn -0.782609 0.449904 -0.430243
vn -0.722514 0.449905 -0.524937
vn -0.834221 0.306178 -0.458617
vn -0.885123 0.306178 -0.350445
vn -0.830362 0.449905 -0.328763
vn -0.782609 0.449904 -0.430243
vn -0.885123 0.306178 -0.350445
vn -0.922066 0.306178 -0.236746
vn -0.865019 0.449905 -0.222099
vn -0.830362 0.449905 -0.328763
vn -0.922066 0.306178 -0.236746
vn -0.944468 0.306178 -0.119314
vn -0.886034 0.449905 -0.111932
vn -0.865019 0.449905 -0.222099
vn -0.944468 0.306178 -0.119314
vn -0.951974 0.306178 0.000000
vn -0.893077 0.449905 0.000000
vn -0.886034 0.449905 -0.111932
vn -0.951974 0.306178 0.000000
vn -0.944468 0.306178 0.119314
vn -0.886034 0.449905 0.111932
vn -0.893077 0.449905 0.000000
vn -0.944468 0.306178 0.119314
vn -0.922066 0.306178 0.236746
vn -0.865019 0.449905 0.222099
vn -0.886034 0.449905 0.111932
vn -0.922066 0.306178 0.236746
vn -0.885123 0.306178 0.350445
vn -0.830361 0.449905 0.328764
vn -0.865019 0.449905 0.222099
vn -0.885123 0.306178 0.350445
vn -0.834221 0.306178 0.458618
vn -0.782609 0.449905 0.430243
vn -0.830361 0.449905 0.328764
vn -0.834221 0.306178 0.458618
vn -0.770163 0.306178 0.559557
vn -0.722514 0.449905 0.524938
vn -0.782609 0.449905 0.430243
vn -0.770163 0.306178 0.559557
vn -0.693959 0.306178 0.651671
vn -0.651025 0.449905 0.611353
vn -0.722514 0.449905 0.524938
vn -0.693959 0.306178 0.651671
vn -0.606811 0.306178 0.733509
vn -0.569268 0.449905 0.688128
vn -0.651025 0.449905 0.611353
vn -0.606811 0.306178 0.733509
vn -0.510093 0.306178 0.803779
vn -0.478534 0.449905 0.754050
vn -0.569268 0.449905 0.688128
vn -0.510093 0.306178 0.803779
vn -0.405331 0.306178 0.861372
vn -0.380253 0.449905 0.808080
vn -0.478534 0.449905 0.754050
vn -0.405331 0.306178 0.861372
vn -0.294176 0.306178 0.905381
vn -0.275976 0.449905 0.849366
vn -0.380253 0.449905 0.808080
vn -0.294176 0.306178 0.905381
vn -0.178382 0.306178 0.935112
vn -0.167346 0.449904 0.877258
vn -0.275976 0.449905 0.849366
vn -0.178382 0.306178 0.935112
vn -0.059774 0.306178 0.950096
vn -0.056076 0.449905 0.891314
vn -0.167346 0.449904 0.877258
vn -0.059774 0.306178 0.950096
vn 0.059775 0.306178 0.950096
vn 0.056077 0.449904 0.891315
vn -0.056076 0.449905 0.891314
vn 0.059775 0.306178 0.950096
vn 0.178382 0.306178 0.935112
vn 0.167346 0.449904 0.877258
vn 0.056077 0.449904 0.891315
vn 0.178382 0.306178 0.935112
vn 0.294177 0.306178 0.905381
vn 0.275976 0.449905 0.849366
vn 0.167346 0.449904 0.877258
vn 0.294177 0.306178 0.905381
vn 0.405331 0.306178 0.861372
vn 0.380254 0.449905 0.808080
vn 0.275976 0.449905 0.849366
vn 0.405331 0.306178 0.861372
vn 0.510093 0.306178 0.803778
vn 0.478534 0.449905 0.754050
vn 0.380254 0.449905 0.808080
vn 0.510093 0.306178 0.803778
vn 0.606812 0.306178 0.733509
vn 0.569269 0.449904 0.688127
vn 0.478534 0.449905 0.754050
vn 0.606812 0.306178 0.733509
vn 0.693960 0.306178 0.651671
vn 0.651025 0.449904 0.611353
vn 0.569269 0.449904 0.688127
vn 0.693960 0.306178 0.651671
vn 0.770164 0.306178 0.559556
vn 0.722514 0.449904 0.524937
vn 0.651025 0.449904 0.611353
vn 0.770164 0.306178 0.559556
vn 0.834222 0.306178 0.458617
vn 0.782609 0.449904 0.430243
vn 0.722514 0.449904 0.524937
vn 0.834222 0.306178 0.458617
vn 0.885123 0.306178 0.350445
vn 0.830362 0.449904 0.328764
vn 0.782609 0.449904 0.430243
vn 0.885123 0.306178 0.350445
vn 0.922066 0.306178 0.236747
vn 0.865019 0.449904 0.222099
vn 0.830362 0.449904 0.328764
vn 0.922066 0.306178 0.236747
vn 0.944468 0.306178 0.119314
vn 0.886035 0.449904 0.111932
vn 0.865019 0.449904 0.222099
vn 0.944468 0.306178 0.119314
vn 0.951974 0.306178 0.000004
vn 0.893077 0.449904 0.000004
vn 0.886035 0.449904 0.111932
vn 0.951974 0.306178 0.000004
vn 0.944468 0.306178 -0.119310
vn 0.886035 0.449905 -0.111929
vn 0.893077 0.449904 0.000004
vn 0.886035 0.449905 -0.111929
vn 0.865019 0.449905 -0.222099
vn 0.787194 0.582645 -0.202117
vn 0.806319 0.582645 -0.101859
vn 0.865019 0.449905 -0.222099
vn 0.830362 0.449905 -0.328764
vn 0.755654 0.582645 -0.299185
vn 0.787194 0.582645 -0.202117
vn 0.830362 0.449905 -0.328764
vn 0.782609 0.449905 -0.430243
vn 0.712198 0.582645 -0.391534
vn 0.755654 0.582645 -0.299185
vn 0.782609 0.449905 -0.430243
vn 0.722514 0.449905 -0.524937
vn 0.657510 0.582645 -0.477709
vn 0.712198 0.582645 -0.391534
vn 0.722514 0.449905 -0.524937
vn 0.651025 0.449905 -0.611353
vn 0.592452 0.582645 -0.556350
vn 0.657510 0.582645 -0.477709
vn 0.651025 0.449905 -0.611353
vn 0.569268 0.449905 -0.688127
vn 0.518052 0.582645 -0.626217
vn 0.592452 0.582645 -0.556350
vn 0.569268 0.449905 -0.688127
vn 0.478534 0.449905 -0.754050
vn 0.435481 0.582645 -0.686208
vn 0.518052 0.582645 -0.626217
vn 0.478534 0.449905 -0.754050
vn 0.380253 0.449905 -0.808080
vn 0.346042 0.582645 -0.735378
vn 0.435481 0.582645 -0.686208
vn 0.380253 0.449905 -0.808080
vn 0.275976 0.449905 -0.849366
vn 0.251146 0.582645 -0.772949
vn 0.346042 0.582645 -0.735378
vn 0.275976 0.449905 -0.849366
vn 0.167345 0.449905 -0.877258
vn 0.152290 0.582645 -0.798331
vn 0.251146 0.582645 -0.772949
vn 0.167345 0.449905 -0.877258
vn 0.056076 0.449905 -0.891314
vn 0.051031 0.582645 -0.811123
vn 0.152290 0.582645 -0.798331
vn 0.056076 0.449905 -0.891314
vn -0.056077 0.449905 -0.891314
vn -0.051032 0.582645 -0.811123
vn 0.051031 0.582645 -0.811123
vn -0.056077 0.449905 -0.891314
vn -0.167346 0.449905 -0.877258
vn -0.152290 0.582645 -0.798331
vn -0.051032 0.582645 -0.811123
vn -0.167346 0.449905 -0.877258
vn -0.275976 0.449905 -0.849366
vn -0.251147 0.582644 -0.772949
vn -0.152290 0.582645 -0.798331
vn -0.275976 0.449905 -0.849366
vn -0.380254 0.449905 -0.808080
vn -0.346043 0.582645 -0.735377
vn -0.251147 0.582644 -0.772949
vn -0.380254 0.449905 -0.808080
vn -0.478534 0.449905 -0.754049
vn -0.435481 0.582644 -0.686208
vn -0.346043 0.582645 -0.735377
vn -0.478534 0.449905 -0.754049
vn -0.569269 0.449905 -0.688127
vn -0.518052 0.582644 -0.626217
vn -0.435481 0.582644 -0.686208
vn -0.569269 0.449905 -0.688127
vn -0.651025 0.449905 -0.611353
vn -0.592453 0.582645 -0.556350
vn -0.518052 0.582644 -0.626217
vn -0.651025 0.449905 -0.611353
vn -0.722514 0.449905 -0.524937
vn -0.657510 0.582644 -0.477709
vn -0.592453 0.582645 -0.556350
vn -0.722514 0.449905 -0.524937
vn -0.782609 0.449904 -0.430243
vn -0.712198 0.582644 -0.391534
vn -0.657510 0.582644 -0.477709
vn -0.782609 0.449904 -0.430243
vn -0.830362 0.449905 -0.328763
vn -0.755655 0.582644 -0.299185
vn -0.712198 0.582644 -0.391534
vn -0.830362 0.449905 -0.328763
vn -0.865019 0.449905 -0.222099
vn -0.787194 0.582645 -0.202117
vn -0.755655 0.582644 -0.299185
vn -0.865019 0.449905 -0.222099
vn -0.886034 0.449905 -0.111932
vn -0.806319 0.582644 -0.101862
vn -0.787194 0.582645 -0.202117
vn -0.886034 0.449905 -0.111932
vn -0.893077 0.449905 0.000000
vn -0.812727 0.582644 0.000000
vn -0.806319 0.582644 -0.101862
vn -0.893077 0.449905 0.000000
vn -0.886034 0.449905 0.111932
vn -0.806319 0.582644 0.101862
vn -0.812727 0.582644 0.000000
vn -0.886034 0.449905 0.111932
vn -0.865019 0.449905 0.222099
vn -0.787194 0.582644 0.202117
vn -0.806319 0.582644 0.101862
vn -0.865019 0.449905 0.222099
vn -0.830361 0.449905 0.328764
vn -0.755654 0.582645 0.299185
vn -0.787194 0.582644 0.202117
vn -0.830361 0.449905 0.328764
vn -0.782609 0.449905 0.430243
vn -0.712198 0.582644 0.391535
vn -0.755654 0.582645 0.299185
vn -0.782609 0.449905 0.430243
vn -0.722514 0.449905 0.524938
vn -0.657510 0.582644 0.477709
vn -0.712198 0.582644 0.391535
vn -0.722514 0.449905 0.524938
vn -0.651025 0.449905 0.611353
vn -0.592452 0.582645 0.556350
vn -0.657510 0.582644 0.477709
vn -0.651025 0.449905 0.611353
vn -0.569268 0.449905 0.688128
vn -0.518052 0.582644 0.626217
vn -0.592452 0.582645 0.556350
vn -0.569268 0.449905 0.688128
vn -0.478534 0.449905 0.754050
vn -0.435481 0.582644 0.686208
vn -0.518052 0.582644 0.626217
vn -0.478534 0.449905 0.754050
vn -0.380253 0.449905 0.808080
vn -0.346042 0.582644 0.735378
vn -0.435481 0.582644 0.686208
vn -0.380253 0.449905 0.808080
vn -0.275976 0.449905 0.849366
vn -0.251146 0.582644 0.772950
vn -0.346042 0.582644 0.735378
vn -0.275976 0.449905 0.849366
vn -0.167346 0.449904 0.877258
vn -0.152290 0.582644 0.798332
vn -0.251146 0.582644 0.772950
vn -0.167346 0.449904 0.877258
vn -0.056076 0.449905 0.891314
vn -0.051031 0.582644 0.811124
vn -0.152290 0.582644 0.798332
vn -0.056076 0.449905 0.891314
vn 0.056077 0.449904 0.891315
vn 0.051032 0.582644 0.811124
vn -0.051031 0.582644 0.811124
vn 0.056077 0.449904 0.891315
vn 0.167346 0.449904 0.877258
vn 0.152290 0.582644 0.798332
vn 0.051032 0.582644 0.811124
vn 0.167346 0.449904 0.877258
vn 0.275976 0.449905 0.849366
vn 0.251147 0.582644 0.772949
vn 0.152290 0.582644 0.798332
vn 0.275976 0.449905 0.849366
vn 0.380254 0.449905 0.808080
vn 0.346043 0.582644 0.735378
vn 0.251147 0.582644 0.772949
vn 0.380254 0.449905 0.808080
vn 0.478534 0.449905 0.754050
vn 0.435481 0.582644 0.686208
vn 0.346043 0.582644 0.735378
vn 0.478534 0.449905 0.754050
vn 0.569269 0.449904 0.688127
vn 0.518052 0.582644 0.626217
vn 0.435481 0.582644 0.686208
vn 0.569269 0.449904 0.688127
vn 0.651025 0.449904 0.611353
vn 0.592453 0.582644 0.556350
vn 0.518052 0.582644 0.626217
vn 0.651025 0.449904 0.611353
vn 0.722514 0.449904 0.524937
vn 0.657510 0.582644 0.477709
vn 0.592453 0.582644 0.556350
vn 0.722514 0.449904 0.524937
vn 0.782609 0.449904 0.430243
vn 0.712198 0.582644 0.391534
vn 0.657510 0.582644 0.477709
vn 0.782609 0.449904 0.430243
vn 0.830362 0.449904 0.328764
vn 0.755655 0.582644 0.299185
vn 0.712198 0.582644 0.391534
vn 0.830362 0.449904 0.328764
vn 0.865019 0.449904 0.222099
vn 0.787194 0.582644 0.202117
vn 0.755655 0.582644 0.299185
vn 0.865019 0.449904 0.222099
vn 0.886035 0.449904 0.111932
vn 0.806319 0.582644 0.101862
vn 0.787194 0.582644 0.202117
vn 0.886035 0.449904 0.111932
vn 0.893077 0.449904 0.000004
vn 0.812727 0.582644 0.000003
vn 0.806319 0.582644 0.101862
vn 0.893077 0.449904 0.000004
vn 0.886035 0.449905 -0.111929
vn 0.806319 0.582645 -0.101859
vn 0.812727 0.582644 0.000003
vn 0.806319 0.582645 -0.101859
vn 0.787194 0.582645 -0.202117
vn 0.690619 0.701144 -0.177321
vn 0.707398 0.701144 -0.089362
vn 0.787194 0.582645 -0.202117
vn 0.755654 0.582645 -0.299185
vn 0.662949 0.701144 -0.262480
vn 0.690619 0.701144 -0.177321
vn 0.755654 0.582645 -0.299185
vn 0.712198 0.582645 -0.391534
vn 0.624824 0.701144 -0.343500
vn 0.662949 0.701144 -0.262480
vn 0.712198 0.582645 -0.391534
vn 0.657510 0.582645 -0.477709
vn 0.576845 0.701144 -0.419103
vn 0.624824 0.701144 -0.343500
vn 0.657510 0.582645 -0.477709
vn 0.592452 0.582645 -0.556350
vn 0.519769 0.701144 -0.488096
vn 0.576845 0.701144 -0.419103
vn 0.592452 0.582645 -0.556350
vn 0.518052 0.582645 -0.626217
vn 0.454496 0.701144 -0.549391
vn 0.519769 0.701144 -0.488096
vn 0.518052 0.582645 -0.626217
vn 0.435481 0.582645 -0.686208
vn 0.382055 0.701144 -0.602023
vn 0.454496 0.701144 -0.549391
vn 0.435481 0.582645 -0.686208
vn 0.346042 0.582645 -0.735378
vn 0.303589 0.701144 -0.645160
vn 0.382055 0.701144 -0.602023
vn 0.346042 0.582645 -0.735378
vn 0.251146 0.582645 -0.772949
vn 0.220335 0.701143 -0.678123
vn 0.303589 0.701144 -0.645160
vn 0.251146 0.582645 -0.772949
vn 0.152290 0.582645 -0.798331
vn 0.133606 0.701144 -0.700391
vn 0.220335 0.701143 -0.678123
vn 0.152290 0.582645 -0.798331
vn 0.051031 0.582645 -0.811123
vn 0.044771 0.701144 -0.711613
vn 0.133606 0.701144 -0.700391
vn 0.051031 0.582645 -0.811123
vn -0.051032 0.582645 -0.811123
vn -0.044771 0.701144 -0.711613
vn 0.044771 0.701144 -0.711613
vn -0.051032 0.582645 -0.811123
vn -0.152290 0.582645 -0.798331
vn -0.133607 0.701144 -0.700391
vn -0.044771 0.701144 -0.711613
vn -0.152290 0.582645 -0.798331
vn -0.251147 0.582644 -0.772949
vn -0.220336 0.701144 -0.678122
vn -0.133607 0.701144 -0.700391
vn -0.251147 0.582644 -0.772949
vn -0.346043 0.582645 -0.735377
vn -0.303589 0.701143 -0.645160
vn -0.220336 0.701144 -0.678122
vn -0.346043 0.582645 -0.735377
vn -0.435481 0.582644 -0.686208
vn -0.382055 0.701144 -0.602023
vn -0.303589 0.701143 -0.645160
vn -0.435481 0.582644 -0.686208
vn -0.518052 0.582644 -0.626217
vn -0.454496 0.701144 -0.549391
vn -0.382055 0.701144 -0.602023
vn -0.518052 0.582644 -0.626217
vn -0.592453 0.582645 -0.556350
vn -0.519769 0.701144 -0.488096
vn -0.454496 0.701144 -0.549391
vn -0.592453 0.582645 -0.556350
vn -0.657510 0.582644 -0.477709
vn -0.576845 0.701144 -0.419103
vn -0.519769 0.701144 -0.488096
vn -0.657510 0.582644 -0.477709
vn -0.712198 0.582644 -0.391534
vn -0.624824 0.701144 -0.343500
vn -0.576845 0.701144 -0.419103
vn -0.712198 0.582644 -0.391534
vn -0.755655 0.582644 -0.299185
vn -0.662949 0.701144 -0.262480
vn -0.624824 0.701144 -0.343500
vn -0.755655 0.582644 -0.299185
vn -0.787194 0.582645 -0.202117
vn -0.690619 0.701143 -0.177321
vn -0.662949 0.701144 -0.262480
vn -0.787194 0.582645 -0.202117
vn -0.806319 0.582644 -0.101862
vn -0.707398 0.701144 -0.089365
vn -0.690619 0.701143 -0.177321
vn -0.806319 0.582644 -0.101862
vn -0.812727 0.582644 0.000000
vn -0.713020 0.701144 0.000000
vn -0.707398 0.701144 -0.089365
vn -0.812727 0.582644 0.000000
vn -0.806319 0.582644 0.101862
vn -0.707398 0.701144 0.089365
vn -0.713020 0.701144 0.000000
vn -0.806319 0.582644 0.101862
vn -0.787194 0.582644 0.202117
vn -0.690619 0.701144 0.177321
vn -0.707398 0.701144 0.089365
vn -0.787194 0.582644 0.202117
vn -0.755654 0.582645 0.299185
vn -0.662949 0.701144 0.262481
vn -0.690619 0.701144 0.177321
vn -0.755654 0.582645 0.299185
vn -0.712198 0.582644 0.391535
vn -0.624824 0.701143 0.343500
vn -0.662949 0.701144 0.262481
vn -0.712198 0.582644 0.391535
vn -0.657510 0.582644 0.477709
vn -0.576845 0.701144 0.419103
vn -0.624824 0.701143 0.343500
vn -0.657510 0.582644 0.477709
vn -0.592452 0.582645 0.556350
vn -0.519769 0.701143 0.488096
vn -0.576845 0.701144 0.419103
vn -0.592452 0.582645 0.556350
vn -0.518052 0.582644 0.626217
vn -0.454496 0.701143 0.549392
vn -0.519769 0.701143 0.488096
vn -0.518052 0.582644 0.626217
vn -0.435481 0.582644 0.686208
vn -0.382055 0.701144 0.602023
vn -0.454496 0.701143 0.549392
vn -0.435481 0.582644 0.686208
vn -0.346042 0.582644 0.735378
vn -0.303589 0.701143 0.645160
vn -0.382055 0.701144 0.602023
vn -0.346042 0.582644 0.735378
vn -0.251146 0.582644 0.772950
vn -0.220335 0.701143 0.678123
vn -0.303589 0.701143 0.645160
vn -0.251146 0.582644 0.772950
vn -0.152290 0.582644 0.798332
vn -0.133607 0.701143 0.700391
vn -0.220335 0.701143 0.678123
vn -0.152290 0.582644 0.798332
vn -0.051031 0.582644 0.811124
vn -0.044771 0.701143 0.711613
vn -0.133607 0.701143 0.700391
vn -0.051031 0.582644 0.811124
vn 0.051032 0.582644 0.811124
vn 0.044771 0.701143 0.711613
vn -0.044771 0.701143 0.711613
vn 0.051032 0.582644 0.811124
vn 0.152290 0.582644 0.798332
vn 0.133607 0.701143 0.700391
vn 0.044771 0.701143 0.711613
vn 0.152290 0.582644 0.798332
vn 0.251147 0.582644 0.772949
vn 0.220336 0.701143 0.678123
vn 0.133607 0.701143 0.700391
vn 0.251147 0.582644 0.772949
vn 0.346043 0.582644 0.735378
vn 0.303589 0.701143 0.645160
vn 0.220336 0.701143 0.678123
vn 0.346043 0.582644 0.735378
vn 0.435481 0.582644 0.686208
vn 0.382056 0.701143 0.602023
vn 0.303589 0.701143 0.645160
vn 0.435481 0.582644 0.686208
vn 0.518052 0.582644 0.626217
vn 0.454497 0.701143 0.549391
vn 0.382056 0.701143 0.602023
vn 0.518052 0.582644 0.626217
vn 0.592453 0.582644 0.556350
vn 0.519770 0.701143 0.488096
vn 0.454497 0.701143 0.549391
vn 0.592453 0.582644 0.556350
vn 0.657510 0.582644 0.477709
vn 0.576846 0.701143 0.419103
vn 0.519770 0.701143 0.488096
vn 0.657510 0.582644 0.477709
vn 0.712198 0.582644 0.391534
vn 0.624824 0.701143 0.343500
vn 0.576846 0.701143 0.419103
vn 0.712198 0.582644 0.391534
vn 0.755655 0.582644 0.299185
vn 0.662950 0.701143 0.262480
vn 0.624824 0.701143 0.343500
vn 0.755655 0.582644 0.299185
vn 0.787194 0.582644 0.202117
vn 0.690620 0.701143 0.177321
vn 0.662950 0.701143 0.262480
vn 0.787194 0.582644 0.202117
vn 0.806319 0.582644 0.101862
vn 0.707398 0.701143 0.089365
vn 0.690620 0.701143 0.177321
vn 0.806319 0.582644 0.101862
vn 0.812727 0.582644 0.000003
vn 0.713020 0.701143 0.000003
vn 0.707398 0.701143 0.089365
vn 0.812727 0.582644 0.000003
vn 0.806319 0.582645 -0.101859
vn 0.707398 0.701144 -0.089362
vn 0.713020 0.701143 0.000003
vn 0.707398 0.701144 -0.089362
vn 0.690619 0.701144 -0.177321
vn 0.577926 0.802485 -0.148386
vn 0.591967 0.802485 -0.074780
vn 0.690619 0.701144 -0.177321
vn 0.662949 0.701144 -0.262480
vn 0.554771 0.802485 -0.219650
vn 0.577926 0.802485 -0.148386
vn 0.662949 0.701144 -0.262480
vn 0.624824 0.701144 -0.343500
vn 0.522868 0.802485 -0.287449
vn 0.554771 0.802485 -0.219650
vn 0.624824 0.701144 -0.343500
vn 0.576845 0.701144 -0.419103
vn 0.482718 0.802485 -0.350715
vn 0.522868 0.802485 -0.287449
vn 0.576845 0.701144 -0.419103
vn 0.519769 0.701144 -0.488096
vn 0.434955 0.802485 -0.408450
vn 0.482718 0.802485 -0.350715
vn 0.519769 0.701144 -0.488096
vn 0.454496 0.701144 -0.549391
vn 0.380333 0.802485 -0.459744
vn 0.434955 0.802485 -0.408450
vn 0.454496 0.701144 -0.549391
vn 0.382055 0.701144 -0.602023
vn 0.319713 0.802485 -0.503787
vn 0.380333 0.802485 -0.459744
vn 0.382055 0.701144 -0.602023
vn 0.303589 0.701144 -0.645160
vn 0.254051 0.802485 -0.539885
vn 0.319713 0.802485 -0.503787
vn 0.303589 0.701144 -0.645160
vn 0.220335 0.701143 -0.678123
vn 0.184382 0.802485 -0.567469
vn 0.254051 0.802485 -0.539885
vn 0.220335 0.701143 -0.678123
vn 0.133606 0.701144 -0.700391
vn 0.111805 0.802485 -0.586103
vn 0.184382 0.802485 -0.567469
vn 0.133606 0.701144 -0.700391
vn 0.044771 0.701144 -0.711613
vn 0.037465 0.802485 -0.595494
vn 0.111805 0.802485 -0.586103
vn 0.044771 0.701144 -0.711613
vn -0.044771 0.701144 -0.711613
vn -0.037466 0.802485 -0.595495
vn 0.037465 0.802485 -0.595494
vn -0.044771 0.701144 -0.711613
vn -0.133607 0.701144 -0.700391
vn -0.111805 0.802485 -0.586103
vn -0.037466 0.802485 -0.595495
vn -0.133607 0.701144 -0.700391
vn -0.220336 0.701144 -0.678122
vn -0.184382 0.802485 -0.567469
vn -0.111805 0.802485 -0.586103
vn -0.220336 0.701144 -0.678122
vn -0.303589 0.701143 -0.645160
vn -0.254051 0.802485 -0.539885
vn -0.184382 0.802485 -0.567469
vn -0.303589 0.701143 -0.645160
vn -0.382055 0.701144 -0.602023
vn -0.319713 0.802485 -0.503787
vn -0.254051 0.802485 -0.539885
vn -0.382055 0.701144 -0.602023
vn -0.454496 0.701144 -0.549391
vn -0.380333 0.802485 -0.459744
vn -0.319713 0.802485 -0.503787
vn -0.454496 0.701144 -0.549391
vn -0.519769 0.701144 -0.488096
vn -0.434955 0.802485 -0.408450
vn -0.380333 0.802485 -0.459744
vn -0.519769 0.701144 -0.488096
vn -0.576845 0.701144 -0.419103
vn -0.482718 0.802485 -0.350715
vn -0.434955 0.802485 -0.408450
vn -0.576845 0.701144 -0.419103
vn -0.624824 0.701144 -0.343500
vn -0.522868 0.802485 -0.287449
vn -0.482718 0.802485 -0.350715
vn -0.624824 0.701144 -0.343500
vn -0.662949 0.701144 -0.262480
vn -0.554772 0.802485 -0.219650
vn -0.522868 0.802485 -0.287449
vn -0.662949 0.701144 -0.262480
vn -0.690619 0.701143 -0.177321
vn -0.577927 0.802485 -0.148386
vn -0.554772 0.802485 -0.219650
vn -0.690619 0.701143 -0.177321
vn -0.707398 0.701144 -0.089365
vn -0.591967 0.802485 -0.074783
vn -0.577927 0.802485 -0.148386
vn -0.707398 0.701144 -0.089365
vn -0.713020 0.701144 0.000000
vn -0.596672 0.802485 0.000000
vn -0.591967 0.802485 -0.074783
vn -0.713020 0.701144 0.000000
vn -0.707398 0.701144 0.089365
vn -0.591967 0.802485 0.074783
vn -0.596672 0.802485 0.000000
vn -0.707398 0.701144 0.089365
vn -0.690619 0.701144 0.177321
vn -0.577927 0.802485 0.148386
vn -0.591967 0.802485 0.074783
vn -0.690619 0.701144 0.177321
vn -0.662949 0.701144 0.262481
vn -0.554772 0.802485 0.219650
vn -0.577927 0.802485 0.148386
vn -0.662949 0.701144 0.262481
vn -0.624824 0.701143 0.343500
vn -0.522868 0.802485 0.287449
vn -0.554772 0.802485 0.219650
vn -0.624824 0.701143 0.343500
vn -0.576845 0.701144 0.419103
vn -0.482718 0.802485 0.350715
vn -0.522868 0.802485 0.287449
vn -0.576845 0.701144 0.419103
vn -0.519769 0.701143 0.488096
vn -0.434955 0.802485 0.408450
vn -0.482718 0.802485 0.350715
vn -0.519769 0.701143 0.488096
vn -0.454496 0.701143 0.549392
vn -0.380333 0.802485 0.459744
vn -0.434955 0.802485 0.408450
vn -0.454496 0.701143 0.549392
vn -0.382055 0.701144 0.602023
vn -0.319713 0.802485 0.503787
vn -0.380333 0.802485 0.459744
vn -0.382055 0.701144 0.602023
vn -0.303589 0.701143 0.645160
vn -0.254050 0.802485 0.539885
vn -0.319713 0.802485 0.503787
vn -0.303589 0.701143 0.645160
vn -0.220335 0.701143 0.678123
vn -0.184382 0.802485 0.567469
vn -0.254050 0.802485 0.539885
vn -0.220335 0.701143 0.678123
vn -0.133607 0.701143 0.700391
vn -0.111805 0.802485 0.586103
vn -0.184382 0.802485 0.567469
vn -0.133607 0.701143 0.700391
vn -0.044771 0.701143 0.711613
vn -0.037465 0.802485 0.595495
vn -0.111805 0.802485 0.586103
vn -0.044771 0.701143 0.711613
vn 0.044771 0.701143 0.711613
vn 0.037465 0.802485 0.595495
vn -0.037465 0.802485 0.595495
vn 0.044771 0.701143 0.711613
vn 0.133607 0.701143 0.700391
vn 0.111805 0.802485 0.586104
vn 0.037465 0.802485 0.595495
vn 0.133607 0.701143 0.700391
vn 0.220336 0.701143 0.678123
vn 0.184382 0.802485 0.567469
vn 0.111805 0.802485 0.586104
vn 0.220336 0.701143 0.678123
vn 0.303589 0.701143 0.645160
vn 0.254051 0.802485 0.539885
vn 0.184382 0.802485 0.567469
vn 0.303589 0.701143 0.645160
vn 0.382056 0.701143 0.602023
vn 0.319713 0.802485 0.503787
vn 0.254051 0.802485 0.539885
vn 0.382056 0.701143 0.602023
vn 0.454497 0.701143 0.549391
vn 0.380333 0.802485 0.459744
vn 0.319713 0.802485 0.503787
vn 0.454497 0.701143 0.549391
vn 0.519770 0.701143 0.488096
vn 0.434955 0.802485 0.408450
vn 0.380333 0.802485 0.459744
vn 0.519770 0.701143 0.488096
vn 0.576846 0.701143 0.419103
vn 0.482718 0.802485 0.350715
vn 0.434955 0.802485 0.408450
vn 0.576846 0.701143 0.419103
vn 0.624824 0.701143 0.343500
vn 0.522868 0.802485 0.287449
vn 0.482718 0.802485 0.350715
vn 0.624824 0.701143 0.343500
vn 0.662950 0.701143 0.262480
vn 0.554772 0.802485 0.219650
vn 0.522868 0.802485 0.287449
vn 0.662950 0.701143 0.262480
vn 0.690620 0.701143 0.177321
vn 0.577927 0.802485 0.148386
vn 0.554772 0.802485 0.219650
vn 0.690620 0.701143 0.177321
vn 0.707398 0.701143 0.089365
vn 0.591967 0.802485 0.074783
vn 0.577927 0.802485 0.148386
vn 0.707398 0.701143 0.089365
vn 0.713020 0.701143 0.000003
vn 0.596672 0.802485 0.000003
vn 0.591967 0.802485 0.074783
vn 0.713020 0.701143 0.000003
vn 0.707398 0.701144 -0.089362
vn 0.591967 0.802485 -0.074780
vn 0.596672 0.802485 0.000003
vn 0.591967 0.802485 -0.074780
vn 0.577926 0.802485 -0.148386
vn 0.452514 0.884156 -0.116186
vn 0.463508 0.884156 -0.058553
vn 0.577926 0.802485 -0.148386
vn 0.554771 0.802485 -0.219650
vn 0.434384 0.884156 -0.171985
vn 0.452514 0.884156 -0.116186
vn 0.554771 0.802485 -0.219650
vn 0.522868 0.802485 -0.287449
vn 0.409403 0.884156 -0.225072
vn 0.434384 0.884156 -0.171985
vn 0.522868 0.802485 -0.287449
vn 0.482718 0.802485 -0.350715
vn 0.377966 0.884156 -0.274609
vn 0.409403 0.884156 -0.225072
vn 0.482718 0.802485 -0.350715
vn 0.434955 0.802485 -0.408450
vn 0.340568 0.884156 -0.319815
vn 0.377966 0.884156 -0.274609
vn 0.434955 0.802485 -0.408450
vn 0.380333 0.802485 -0.459744
vn 0.297799 0.884156 -0.359977
vn 0.340568 0.884156 -0.319815
vn 0.380333 0.802485 -0.459744
vn 0.319713 0.802485 -0.503787
vn 0.250334 0.884156 -0.394463
vn 0.297799 0.884156 -0.359977
vn 0.319713 0.802485 -0.503787
vn 0.254051 0.802485 -0.539885
vn 0.198920 0.884156 -0.422728
vn 0.250334 0.884156 -0.394463
vn 0.254051 0.802485 -0.539885
vn 0.184382 0.802485 -0.567469
vn 0.144370 0.884156 -0.444326
vn 0.198920 0.884156 -0.422728
vn 0.184382 0.802485 -0.567469
vn 0.111805 0.802485 -0.586103
vn 0.087543 0.884156 -0.458916
vn 0.144370 0.884156 -0.444326
vn 0.111805 0.802485 -0.586103
vn 0.037465 0.802485 -0.595494
vn 0.029335 0.884156 -0.466270
vn 0.087543 0.884156 -0.458916
vn 0.037465 0.802485 -0.595494
vn -0.037466 0.802485 -0.595495
vn -0.029335 0.884156 -0.466270
vn 0.029335 0.884156 -0.466270
vn -0.037466 0.802485 -0.595495
vn -0.111805 0.802485 -0.586103
vn -0.087543 0.884156 -0.458917
vn -0.029335 0.884156 -0.466270
vn -0.111805 0.802485 -0.586103
vn -0.184382 0.802485 -0.567469
vn -0.144370 0.884156 -0.444326
vn -0.087543 0.884156 -0.458917
vn -0.184382 0.802485 -0.567469
vn -0.254051 0.802485 -0.539885
vn -0.198921 0.884156 -0.422728
vn -0.144370 0.884156 -0.444326
vn -0.254051 0.802485 -0.539885
vn -0.319713 0.802485 -0.503787
vn -0.250334 0.884156 -0.394463
vn -0.198921 0.884156 -0.422728
vn -0.319713 0.802485 -0.503787
vn -0.380333 0.802485 -0.459744
vn -0.297799 0.884156 -0.359978
vn -0.250334 0.884156 -0.394463
vn -0.380333 0.802485 -0.459744
vn -0.434955 0.802485 -0.408450
vn -0.340568 0.884156 -0.319815
vn -0.297799 0.884156 -0.359978
vn -0.434955 0.802485 -0.408450
vn -0.482718 0.802485 -0.350715
vn -0.377966 0.884156 -0.274608
vn -0.340568 0.884156 -0.319815
vn -0.482718 0.802485 -0.350715
vn -0.522868 0.802485 -0.287449
vn -0.409404 0.884156 -0.225072
vn -0.377966 0.884156 -0.274608
vn -0.522868 0.802485 -0.287449
vn -0.554772 0.802485 -0.219650
vn -0.434384 0.884156 -0.171985
vn -0.409404 0.884156 -0.225072
vn -0.554772 0.802485 -0.219650
vn -0.577927 0.802485 -0.148386
vn -0.452514 0.884156 -0.116186
vn -0.434384 0.884156 -0.171985
vn -0.577927 0.802485 -0.148386
vn -0.591967 0.802485 -0.074783
vn -0.463508 0.884156 -0.058555
vn -0.452514 0.884156 -0.116186
vn -0.591967 0.802485 -0.074783
vn -0.596672 0.802485 0.000000
vn -0.467192 0.884156 0.000001
vn -0.463508 0.884156 -0.058555
vn -0.596672 0.802485 0.000000
vn -0.591967 0.802485 0.074783
vn -0.463508 0.884156 0.058555
vn -0.467192 0.884156 0.000001
vn -0.591967 0.802485 0.074783
vn -0.577927 0.802485 0.148386
vn -0.452514 0.884156 0.116186
vn -0.463508 0.884156 0.058555
vn -0.577927 0.802485 0.148386
vn -0.554772 0.802485 0.219650
vn -0.434384 0.884156 0.171985
vn -0.452514 0.884156 0.116186
vn -0.554772 0.802485 0.219650
vn -0.522868 0.802485 0.287449
vn -0.409403 0.884156 0.225072
vn -0.434384 0.884156 0.171985
vn -0.522868 0.802485 0.287449
vn -0.482718 0.802485 0.350715
vn -0.377966 0.884156 0.274609
vn -0.409403 0.884156 0.225072
vn -0.482718 0.802485 0.350715
vn -0.434955 0.802485 0.408450
vn -0.340568 0.884156 0.319815
vn -0.377966 0.884156 0.274609
vn -0.434955 0.802485 0.408450
vn -0.380333 0.802485 0.459744
vn -0.297799 0.884156 0.359978
vn -0.340568 0.884156 0.319815
vn -0.380333 0.802485 0.459744
vn -0.319713 0.802485 0.503787
vn -0.250334 0.884156 0.394463
vn -0.297799 0.884156 0.359978
vn -0.319713 0.802485 0.503787
vn -0.254050 0.802485 0.539885
vn -0.198921 0.884156 0.422728
vn -0.250334 0.884156 0.394463
vn -0.254050 0.802485 0.539885
vn -0.184382 0.802485 0.567469
vn -0.144370 0.884156 0.444326
vn -0.198921 0.884156 0.422728
vn -0.184382 0.802485 0.567469
vn -0.111805 0.802485 0.586103
vn -0.087543 0.884156 0.458917
vn -0.144370 0.884156 0.444326
vn -0.111805 0.802485 0.586103
vn -0.037465 0.802485 0.595495
vn -0.029335 0.884156 0.466270
vn -0.087543 0.884156 0.458917
vn -0.037465 0.802485 0.595495
vn 0.037465 0.802485 0.595495
vn 0.029335 0.884156 0.466270
vn -0.029335 0.884156 0.466270
vn 0.037465 0.802485 0.595495
vn 0.111805 0.802485 0.586104
vn 0.087543 0.884156 0.458917
vn 0.029335 0.884156 0.466270
vn 0.111805 0.802485 0.586104
vn 0.184382 0.802485 0.567469
vn 0.144371 0.884156 0.444326
vn 0.087543 0.884156 0.458917
vn 0.184382 0.802485 0.567469
vn 0.254051 0.802485 0.539885
vn 0.198921 0.884156 0.422728
vn 0.144371 0.884156 0.444326
vn 0.254051 0.802485 0.539885
vn 0.319713 0.802485 0.503787
vn 0.250334 0.884156 0.394463
vn 0.198921 0.884156 0.422728
vn 0.319713 0.802485 0.503787
vn 0.380333 0.802485 0.459744
vn 0.297800 0.884156 0.359978
vn 0.250334 0.884156 0.394463
vn 0.380333 0.802485 0.459744
vn 0.434955 0.802485 0.408450
vn 0.340568 0.884156 0.319815
vn 0.297800 0.884156 0.359978
vn 0.434955 0.802485 0.408450
vn 0.482718 0.802485 0.350715
vn 0.377966 0.884156 0.274609
vn 0.340568 0.884156 0.319815
vn 0.482718 0.802485 0.350715
vn 0.522868 0.802485 0.287449
vn 0.409404 0.884156 0.225072
vn 0.377966 0.884156 0.274609
vn 0.522868 0.802485 0.287449
vn 0.554772 0.802485 0.219650
vn 0.434384 0.884156 0.171985
vn 0.409404 0.884156 0.225072
vn 0.554772 0.802485 0.219650
vn 0.577927 0.802485 0.148386
vn 0.452514 0.884156 0.116186
vn 0.434384 0.884156 0.171985
vn 0.577927 0.802485 0.148386
vn 0.591967 0.802485 0.074783
vn 0.463508 0.884156 0.058555
vn 0.452514 0.884156 0.116186
vn 0.591967 0.802485 0.074783
vn 0.596672 0.802485 0.000003
vn 0.467192 0.884156 0.000003
vn 0.463508 0.884156 0.058555
vn 0.596672 0.802485 0.000003
vn 0.591967 0.802485 -0.074780
vn 0.463508 0.884156 -0.058553
vn 0.467192 0.884156 0.000003
vn 0.463508 0.884156 -0.058553
vn 0.452514 0.884156 -0.116186
vn 0.319360 0.944079 -0.081998
vn 0.327119 0.944079 -0.041324
vn 0.452514 0.884156 -0.116186
vn 0.434384 0.884156 -0.171985
vn 0.306564 0.944080 -0.121377
vn 0.319360 0.944079 -0.081998
vn 0.434384 0.884156 -0.171985
vn 0.409403 0.884156 -0.225072
vn 0.288934 0.944079 -0.158843
vn 0.306564 0.944080 -0.121377
vn 0.409403 0.884156 -0.225072
vn 0.377966 0.884156 -0.274609
vn 0.266748 0.944079 -0.193804
vn 0.288934 0.944079 -0.158843
vn 0.377966 0.884156 -0.274609
vn 0.340568 0.884156 -0.319815
vn 0.240354 0.944079 -0.225708
vn 0.266748 0.944079 -0.193804
vn 0.340568 0.884156 -0.319815
vn 0.297799 0.884156 -0.359977
vn 0.210170 0.944080 -0.254052
vn 0.240354 0.944079 -0.225708
vn 0.297799 0.884156 -0.359977
vn 0.250334 0.884156 -0.394463
vn 0.176672 0.944079 -0.278390
vn 0.210170 0.944080 -0.254052
vn 0.250334 0.884156 -0.394463
vn 0.198920 0.884156 -0.422728
vn 0.140387 0.944079 -0.298338
vn 0.176672 0.944079 -0.278390
vn 0.198920 0.884156 -0.422728
vn 0.144370 0.884156 -0.444326
vn 0.101889 0.944079 -0.313581
vn 0.140387 0.944079 -0.298338
vn 0.144370 0.884156 -0.444326
vn 0.087543 0.884156 -0.458916
vn 0.061783 0.944079 -0.323878
vn 0.101889 0.944079 -0.313581
vn 0.087543 0.884156 -0.458916
vn 0.029335 0.884156 -0.466270
vn 0.020703 0.944079 -0.329068
vn 0.061783 0.944079 -0.323878
vn 0.029335 0.884156 -0.466270
vn -0.029335 0.884156 -0.466270
vn -0.020703 0.944079 -0.329068
vn 0.020703 0.944079 -0.329068
vn -0.029335 0.884156 -0.466270
vn -0.087543 0.884156 -0.458917
vn -0.061783 0.944079 -0.323878
vn -0.020703 0.944079 -0.329068
vn -0.087543 0.884156 -0.458917
vn -0.144370 0.884156 -0.444326
vn -0.101889 0.944079 -0.313581
vn -0.061783 0.944079 -0.323878
vn -0.144370 0.884156 -0.444326
vn -0.198921 0.884156 -0.422728
vn -0.140387 0.944079 -0.298338
vn -0.101889 0.944079 -0.313581
vn -0.198921 0.884156 -0.422728
vn -0.250334 0.884156 -0.394463
vn -0.176672 0.944079 -0.278390
vn -0.140387 0.944079 -0.298338
vn -0.250334 0.884156 -0.394463
vn -0.297799 0.884156 -0.359978
vn -0.210170 0.944079 -0.254053
vn -0.176672 0.944079 -0.278390
vn -0.297799 0.884156 -0.359978
vn -0.340568 0.884156 -0.319815
vn -0.240354 0.944079 -0.225708
vn -0.210170 0.944079 -0.254053
vn -0.340568 0.884156 -0.319815
vn -0.377966 0.884156 -0.274608
vn -0.266748 0.944079 -0.193804
vn -0.240354 0.944079 -0.225708
vn -0.377966 0.884156 -0.274608
vn -0.409404 0.884156 -0.225072
vn -0.288934 0.944079 -0.158843
vn -0.266748 0.944079 -0.193804
vn -0.409404 0.884156 -0.225072
vn -0.434384 0.884156 -0.171985
vn -0.306564 0.944079 -0.121378
vn -0.288934 0.944079 -0.158843
vn -0.434384 0.884156 -0.171985
vn -0.452514 0.884156 -0.116186
vn -0.319360 0.944079 -0.081998
vn -0.306564 0.944079 -0.121378
vn -0.452514 0.884156 -0.116186
vn -0.463508 0.884156 -0.058555
vn -0.327118 0.944079 -0.041325
vn -0.319360 0.944079 -0.081998
vn -0.463508 0.884156 -0.058555
vn -0.467192 0.884156 0.000001
vn -0.329718 0.944079 0.000001
vn -0.327118 0.944079 -0.041325
vn -0.467192 0.884156 0.000001
vn -0.463508 0.884156 0.058555
vn -0.327118 0.944079 0.041325
vn -0.329718 0.944079 0.000001
vn -0.463508 0.884156 0.058555
vn -0.452514 0.884156 0.116186
vn -0.319360 0.944079 0.081998
vn -0.327118 0.944079 0.041325
vn -0.452514 0.884156 0.116186
vn -0.434384 0.884156 0.171985
vn -0.306564 0.944079 0.121378
vn -0.319360 0.944079 0.081998
vn -0.434384 0.884156 0.171985
vn -0.409403 0.884156 0.225072
vn -0.288934 0.944079 0.158844
vn -0.306564 0.944079 0.121378
vn -0.409403 0.884156 0.225072
vn -0.377966 0.884156 0.274609
vn -0.266748 0.944079 0.193804
vn -0.288934 0.944079 0.158844
vn -0.377966 0.884156 0.274609
vn -0.340568 0.884156 0.319815
vn -0.240354 0.944079 0.225708
vn -0.266748 0.944079 0.193804
vn -0.340568 0.884156 0.319815
vn -0.297799 0.884156 0.359978
vn -0.210170 0.944079 0.254053
vn -0.240354 0.944079 0.225708
vn -0.297799 0.884156 0.359978
vn -0.250334 0.884156 0.394463
vn -0.176672 0.944079 0.278391
vn -0.210170 0.944079 0.254053
vn -0.250334 0.884156 0.394463
vn -0.198921 0.884156 0.422728
vn -0.140387 0.944079 0.298338
vn -0.176672 0.944079 0.278391
vn -0.198921 0.884156 0.422728
vn -0.144370 0.884156 0.444326
vn -0.101889 0.944079 0.313581
vn -0.140387 0.944079 0.298338
vn -0.144370 0.884156 0.444326
vn -0.087543 0.884156 0.458917
vn -0.061783 0.944079 0.323878
vn -0.101889 0.944079 0.313581
vn -0.087543 0.884156 0.458917
vn -0.029335 0.884156 0.466270
vn -0.020703 0.944079 0.329068
vn -0.061783 0.944079 0.323878
vn -0.029335 0.884156 0.466270
vn 0.029335 0.884156 0.466270
vn 0.020703 0.944079 0.329068
vn -0.020703 0.944079 0.329068
vn 0.029335 0.884156 0.466270
vn 0.087543 0.884156 0.458917
vn 0.061783 0.944079 0.323878
vn 0.020703 0.944079 0.329068
vn 0.087543 0.884156 0.458917
vn 0.144371 0.884156 0.444326
vn 0.101889 0.944079 0.313581
vn 0.061783 0.944079 0.323878
vn 0.144371 0.884156 0.444326
vn 0.198921 0.884156 0.422728
vn 0.140388 0.944079 0.298338
vn 0.101889 0.944079 0.313581
vn 0.198921 0.884156 0.422728
vn 0.250334 0.884156 0.394463
vn 0.176672 0.944079 0.278390
vn 0.140388 0.944079 0.298338
vn 0.250334 0.884156 0.394463
vn 0.297800 0.884156 0.359978
vn 0.210171 0.944079 0.254053
vn 0.176672 0.944079 0.278390
vn 0.297800 0.884156 0.359978
vn 0.340568 0.884156 0.319815
vn 0.240354 0.944079 0.225708
vn 0.210171 0.944079 0.254053
vn 0.340568 0.884156 0.319815
vn 0.377966 0.884156 0.274609
vn 0.266748 0.944079 0.193803
vn 0.240354 0.944079 0.225708
vn 0.377966 0.884156 0.274609
vn 0.409404 0.884156 0.225072
vn 0.288935 0.944079 0.158843
vn 0.266748 0.944079 0.193803
vn 0.409404 0.884156 0.225072
vn 0.434384 0.884156 0.171985
vn 0.306565 0.944079 0.121378
vn 0.288935 0.944079 0.158843
vn 0.434384 0.884156 0.171985
vn 0.452514 0.884156 0.116186
vn 0.319360 0.944079 0.081998
vn 0.306565 0.944079 0.121378
vn 0.452514 0.884156 0.116186
vn 0.463508 0.884156 0.058555
vn 0.327119 0.944079 0.041325
vn 0.319360 0.944079 0.081998
vn 0.463508 0.884156 0.058555
vn 0.467192 0.884156 0.000003
vn 0.329718 0.944079 0.000003
vn 0.327119 0.944079 0.041325
vn 0.467192 0.884156 0.000003
vn 0.463508 0.884156 -0.058553
vn 0.327119 0.944079 -0.041324
vn 0.329718 0.944079 0.000003
vn 0.327119 0.944079 -0.041324
vn 0.319360 0.944079 -0.081998
vn 0.190959 0.980373 -0.049031
vn 0.195599 0.980373 -0.024709
vn 0.319360 0.944079 -0.081998
vn 0.306564 0.944080 -0.121377
vn 0.183309 0.980373 -0.072576
vn 0.190959 0.980373 -0.049031
vn 0.306564 0.944080 -0.121377
vn 0.288934 0.944079 -0.158843
vn 0.172767 0.980373 -0.094980
vn 0.183309 0.980373 -0.072576
vn 0.288934 0.944079 -0.158843
vn 0.266748 0.944079 -0.193804
vn 0.159500 0.980373 -0.115884
vn 0.172767 0.980373 -0.094980
vn 0.266748 0.944079 -0.193804
vn 0.240354 0.944079 -0.225708
vn 0.143719 0.980373 -0.134961
vn 0.159500 0.980373 -0.115884
vn 0.240354 0.944079 -0.225708
vn 0.210170 0.944080 -0.254052
vn 0.125670 0.980373 -0.151910
vn 0.143719 0.980373 -0.134961
vn 0.210170 0.944080 -0.254052
vn 0.176672 0.944079 -0.278390
vn 0.105640 0.980373 -0.166462
vn 0.125670 0.980373 -0.151910
vn 0.176672 0.944079 -0.278390
vn 0.140387 0.944079 -0.298338
vn 0.083944 0.980373 -0.178389
vn 0.105640 0.980373 -0.166462
vn 0.140387 0.944079 -0.298338
vn 0.101889 0.944079 -0.313581
vn 0.060924 0.980373 -0.187504
vn 0.083944 0.980373 -0.178389
vn 0.101889 0.944079 -0.313581
vn 0.061783 0.944079 -0.323878
vn 0.036943 0.980373 -0.193661
vn 0.060924 0.980373 -0.187504
vn 0.061783 0.944079 -0.323878
vn 0.020703 0.944079 -0.329068
vn 0.012379 0.980373 -0.196764
vn 0.036943 0.980373 -0.193661
vn 0.020703 0.944079 -0.329068
vn -0.020703 0.944079 -0.329068
vn -0.012379 0.980373 -0.196764
vn 0.012379 0.980373 -0.196764
vn -0.020703 0.944079 -0.329068
vn -0.061783 0.944079 -0.323878
vn -0.036943 0.980373 -0.193661
vn -0.012379 0.980373 -0.196764
vn -0.061783 0.944079 -0.323878
vn -0.101889 0.944079 -0.313581
vn -0.060924 0.980373 -0.187504
vn -0.036943 0.980373 -0.193661
vn -0.101889 0.944079 -0.313581
vn -0.140387 0.944079 -0.298338
vn -0.083944 0.980373 -0.178390
vn -0.060924 0.980373 -0.187504
vn -0.140387 0.944079 -0.298338
vn -0.176672 0.944079 -0.278390
vn -0.105640 0.980373 -0.166462
vn -0.083944 0.980373 -0.178390
vn -0.176672 0.944079 -0.278390
vn -0.210170 0.944079 -0.254053
vn -0.125670 0.980373 -0.151910
vn -0.105640 0.980373 -0.166462
vn -0.210170 0.944079 -0.254053
vn -0.240354 0.944079 -0.225708
vn -0.143719 0.980373 -0.134961
vn -0.125670 0.980373 -0.151910
vn -0.240354 0.944079 -0.225708
vn -0.266748 0.944079 -0.193804
vn -0.159500 0.980373 -0.115884
vn -0.143719 0.980373 -0.134961
vn -0.266748 0.944079 -0.193804
vn -0.288934 0.944079 -0.158843
vn -0.172767 0.980373 -0.094980
vn -0.159500 0.980373 -0.115884
vn -0.288934 0.944079 -0.158843
vn -0.306564 0.944079 -0.121378
vn -0.183309 0.980373 -0.072577
vn -0.172767 0.980373 -0.094980
vn -0.306564 0.944079 -0.121378
vn -0.319360 0.944079 -0.081998
vn -0.190960 0.980373 -0.049031
vn -0.183309 0.980373 -0.072577
vn -0.319360 0.944079 -0.081998
vn -0.327118 0.944079 -0.041325
vn -0.195599 0.980373 -0.024709
vn -0.190960 0.980373 -0.049031
vn -0.327118 0.944079 -0.041325
vn -0.329718 0.944079 0.000001
vn -0.197154 0.980373 0.000000
vn -0.195599 0.980373 -0.024709
vn -0.329718 0.944079 0.000001
vn -0.327118 0.944079 0.041325
vn -0.195599 0.980373 0.024709
vn -0.197154 0.980373 0.000000
vn -0.327118 0.944079 0.041325
vn -0.319360 0.944079 0.081998
vn -0.190960 0.980373 0.049031
vn -0.195599 0.980373 0.024709
vn -0.319360 0.944079 0.081998
vn -0.306564 0.944079 0.121378
vn -0.183309 0.980373 0.072577
vn -0.190960 0.980373 0.049031
vn -0.306564 0.944079 0.121378
vn -0.288934 0.944079 0.158844
vn -0.172767 0.980373 0.094980
vn -0.183309 0.980373 0.072577
vn -0.288934 0.944079 0.158844
vn -0.266748 0.944079 0.193804
vn -0.159500 0.980373 0.115885
vn -0.172767 0.980373 0.094980
vn -0.266748 0.944079 0.193804
vn -0.240354 0.944079 0.225708
vn -0.143719 0.980373 0.134961
vn -0.159500 0.980373 0.115885
vn -0.240354 0.944079 0.225708
vn -0.210170 0.944079 0.254053
vn -0.125670 0.980373 0.151910
vn -0.143719 0.980373 0.134961
vn -0.210170 0.944079 0.254053
vn -0.176672 0.944079 0.278391
vn -0.105640 0.980373 0.166462
vn -0.125670 0.980373 0.151910
vn -0.176672 0.944079 0.278391
vn -0.140387 0.944079 0.298338
vn -0.083944 0.980373 0.178390
vn -0.105640 0.980373 0.166462
vn -0.140387 0.944079 0.298338
vn -0.101889 0.944079 0.313581
vn -0.060924 0.980373 0.187504
vn -0.083944 0.980373 0.178390
vn -0.101889 0.944079 0.313581
vn -0.061783 0.944079 0.323878
vn -0.036943 0.980373 0.193661
vn -0.060924 0.980373 0.187504
vn -0.061783 0.944079 0.323878
vn -0.020703 0.944079 0.329068
vn -0.012379 0.980373 0.196764
vn -0.036943 0.980373 0.193661
vn -0.020703 0.944079 0.329068
vn 0.020703 0.944079 0.329068
vn 0.012379 0.980373 0.196765
vn -0.012379 0.980373 0.196764
vn 0.020703 0.944079 0.329068
vn 0.061783 0.944079 0.323878
vn 0.036943 0.980373 0.193661
vn 0.012379 0.980373 0.196765
vn 0.061783 0.944079 0.323878
vn 0.101889 0.944079 0.313581
vn 0.060924 0.980373 0.187504
vn 0.036943 0.980373 0.193661
vn 0.101889 0.944079 0.313581
vn 0.140388 0.944079 0.298338
vn 0.083944 0.980373 0.178390
vn 0.060924 0.980373 0.187504
vn 0.140388 0.944079 0.298338
vn 0.176672 0.944079 0.278390
vn 0.105640 0.980373 0.166462
vn 0.083944 0.980373 0.178390
vn 0.176672 0.944079 0.278390
vn 0.210171 0.944079 0.254053
vn 0.125670 0.980373 0.151910
vn 0.105640 0.980373 0.166462
vn 0.210171 0.944079 0.254053
vn 0.240354 0.944079 0.225708
vn 0.143719 0.980373 0.134961
vn 0.125670 0.980373 0.151910
vn 0.240354 0.944079 0.225708
vn 0.266748 0.944079 0.193803
vn 0.159501 0.980373 0.115884
vn 0.143719 0.980373 0.134961
vn 0.266748 0.944079 0.193803
vn 0.288935 0.944079 0.158843
vn 0.172767 0.980373 0.094980
vn 0.159501 0.980373 0.115884
vn 0.288935 0.944079 0.158843
vn 0.306565 0.944079 0.121378
vn 0.183309 0.980373 0.072577
vn 0.172767 0.980373 0.094980
vn 0.306565 0.944079 0.121378
vn 0.319360 0.944079 0.081998
vn 0.190960 0.980373 0.049031
vn 0.183309 0.980373 0.072577
vn 0.319360 0.944079 0.081998
vn 0.327119 0.944079 0.041325
vn 0.195599 0.980373 0.024710
vn 0.190960 0.980373 0.049031
vn 0.327119 0.944079 0.041325
vn 0.329718 0.944079 0.000003
vn 0.197154 0.980373 0.000001
vn 0.195599 0.980373 0.024710
vn 0.329718 0.944079 0.000003
vn 0.327119 0.944079 -0.041324
vn 0.195599 0.980373 -0.024709
vn 0.197154 0.980373 0.000001
vn 0.190960 -0.980373 -0.049031
vn 0.195599 -0.980373 -0.024709
vn 0.000000 -1.000000 0.000000
vn 0.183309 -0.980373 -0.072576
vn 0.190960 -0.980373 -0.049031
vn 0.000000 -1.000000 0.000000
vn 0.172767 -0.980373 -0.094980
vn 0.183309 -0.980373 -0.072576
vn 0.000000 -1.000000 0.000000
vn 0.159500 -0.980373 -0.115885
vn 0.172767 -0.980373 -0.094980
vn 0.000000 -1.000000 0.000000
vn 0.143719 -0.980373 -0.134961
vn 0.159500 -0.980373 -0.115885
vn 0.000000 -1.000000 0.000000
vn 0.125670 -0.980373 -0.151910
vn 0.143719 -0.980373 -0.134961
vn 0.000000 -1.000000 0.000000
vn 0.105640 -0.980373 -0.166462
vn 0.125670 -0.980373 -0.151910
vn 0.000000 -1.000000 0.000000
vn 0.083944 -0.980373 -0.178390
vn 0.105640 -0.980373 -0.166462
vn 0.000000 -1.000000 0.000000
vn 0.060924 -0.980373 -0.187504
vn 0.083944 -0.980373 -0.178390
vn 0.000000 -1.000000 0.000000
vn 0.036943 -0.980373 -0.193661
vn 0.060924 -0.980373 -0.187504
vn 0.000000 -1.000000 0.000000
vn 0.012379 -0.980373 -0.196764
vn 0.036943 -0.980373 -0.193661
vn 0.000000 -1.000000 0.000000
vn -0.012379 -0.980373 -0.196764
vn 0.012379 -0.980373 -0.196764
vn 0.000000 -1.000000 0.000000
vn -0.036943 -0.980373 -0.193661
vn -0.012379 -0.980373 -0.196764
vn 0.000000 -1.000000 0.000000
vn -0.060924 -0.980373 -0.187504
vn -0.036943 -0.980373 -0.193661
vn 0.000000 -1.000000 0.000000
vn -0.083944 -0.980373 -0.178389
vn -0.060924 -0.980373 -0.187504
vn 0.000000 -1.000000 0.000000
vn -0.105640 -0.980373 -0.166462
vn -0.083944 -0.980373 -0.178389
vn 0.000000 -1.000000 0.000000
vn -0.125670 -0.980373 -0.151910
vn -0.105640 -0.980373 -0.166462
vn 0.000000 -1.000000 0.000000
vn -0.143719 -0.980373 -0.134961
vn -0.125670 -0.980373 -0.151910
vn 0.000000 -1.000000 0.000000
vn -0.159501 -0.980373 -0.115884
vn -0.143719 -0.980373 -0.134961
vn 0.000000 -1.000000 0.000000
vn -0.172767 -0.980373 -0.094980
vn -0.159501 -0.980373 -0.115884
vn 0.000000 -1.000000 0.000000
vn -0.183309 -0.980373 -0.072577
vn -0.172767 -0.980373 -0.094980
vn 0.000000 -1.000000 0.000000
vn -0.190960 -0.980373 -0.049031
vn -0.183309 -0.980373 -0.072577
vn 0.000000 -1.000000 0.000000
vn -0.195599 -0.980373 -0.024709
vn -0.190960 -0.980373 -0.049031
vn 0.000000 -1.000000 0.000000
vn -0.197154 -0.980373 0.000000
vn -0.195599 -0.980373 -0.024709
vn 0.000000 -1.000000 0.000000
vn -0.195599 -0.980373 0.024709
vn -0.197154 -0.980373 0.000000
vn 0.000000 -1.000000 0.000000
vn -0.190960 -0.980373 0.049031
vn -0.195599 -0.980373 0.024709
vn 0.000000 -1.000000 0.000000
vn -0.183309 -0.980373 0.072577
vn -0.190960 -0.980373 0.049031
vn 0.000000 -1.000000 0.000000
vn -0.172767 -0.980373 0.094980
vn -0.183309 -0.980373 0.072577
vn 0.000000 -1.000000 0.000000
vn -0.159500 -0.980373 0.115885
vn -0.172767 -0.980373 0.094980
vn 0.000000 -1.000000 0.000000
vn -0.143719 -0.980373 0.134961
vn -0.159500 -0.980373 0.115885
vn 0.000000 -1.000000 0.000000
vn -0.125670 -0.980373 0.151910
vn -0.143719 -0.980373 0.134961
vn 0.000000 -1.000000 0.000000
vn -0.105640 -0.980373 0.166462
vn -0.125670 -0.980373 0.151910
vn 0.000000 -1.000000 0.000000
vn -0.083944 -0.980373 0.178390
vn -0.105640 -0.980373 0.166462
vn 0.000000 -1.000000 0.000000
vn -0.060924 -0.980373 0.187504
vn -0.083944 -0.980373 0.178390
vn 0.000000 -1.000000 0.000000
vn -0.036943 -0.980373 0.193661
vn -0.060924 -0.980373 0.187504
vn 0.000000 -1.000000 0.000000
vn -0.012379 -0.980373 0.196764
vn -0.036943 -0.980373 0.193661
vn 0.000000 -1.000000 0.000000
vn 0.012379 -0.980373 0.196765
vn -0.012379 -0.980373 0.196764
vn 0.000000 -1.000000 0.000000
vn 0.036943 -0.980373 0.193661
vn 0.012379 -0.980373 0.196765
vn 0.000000 -1.000000 0.000000
vn 0.060924 -0.980373 0.187504
vn 0.036943 -0.980373 0.193661
vn 0.000000 -1.000000 0.000000
vn 0.083944 -0.980373 0.178390
vn 0.060924 -0.980373 0.187504
vn 0.000000 -1.000000 0.000000
vn 0.105640 -0.980373 0.166462
vn 0.083944 -0.980373 0.178390
vn 0.000000 -1.000000 0.000000
vn 0.125670 -0.980373 0.151910
vn 0.105640 -0.980373 0.166462
vn 0.000000 -1.000000 0.000000
vn 0.143719 -0.980373 0.134962
vn 0.125670 -0.980373 0.151910
vn 0.000000 -1.000000 0.000000
vn 0.159501 -0.980373 0.115885
vn 0.143719 -0.980373 0.134962
vn 0.000000 -1.000000 0.000000
vn 0.172767 -0.980373 0.094980
vn 0.159501 -0.980373 0.115885
vn 0.000000 -1.000000 0.000000
vn 0.183309 -0.980373 0.072577
vn 0.172767 -0.980373 0.094980
vn 0.000000 -1.000000 0.000000
vn 0.190960 -0.980373 0.049031
vn 0.183309 -0.980373 0.072577
vn 0.000000 -1.000000 0.000000
vn 0.195599 -0.980373 0.024710
vn 0.190960 -0.980373 0.049031
vn 0.000000 -1.000000 0.000000
vn 0.197154 -0.980373 0.000001
vn 0.195599 -0.980373 0.024710
vn 0.000000 -1.000000 0.000000
vn 0.195599 -0.980373 -0.024709
vn 0.197154 -0.980373 0.000001
vn 0.000000 -1.000000 0.000000
vn 0.195599 0.980373 -0.024709
vn 0.190959 0.980373 -0.049031
vn 0.000000 1.000000 0.000000
vn 0.190959 0.980373 -0.049031
vn 0.183309 0.980373 -0.072576
vn 0.000000 1.000000 0.000000
vn 0.183309 0.980373 -0.072576
vn 0.172767 0.980373 -0.094980
vn 0.000000 1.000000 0.000000
vn 0.172767 0.980373 -0.094980
vn 0.159500 0.980373 -0.115884
vn 0.000000 1.000000 0.000000
vn 0.159500 0.980373 -0.115884
vn 0.143719 0.980373 -0.134961
vn 0.000000 1.000000 0.000000
vn 0.143719 0.980373 -0.134961
vn 0.125670 0.980373 -0.151910
vn 0.000000 1.000000 0.000000
vn 0.125670 0.980373 -0.151910
vn 0.105640 0.980373 -0.166462
vn 0.000000 1.000000 0.000000
vn 0.105640 0.980373 -0.166462
vn 0.083944 0.980373 -0.178389
vn 0.000000 1.000000 0.000000
vn 0.083944 0.980373 -0.178389
vn 0.060924 0.980373 -0.187504
vn 0.000000 1.000000 0.000000
vn 0.060924 0.980373 -0.187504
vn 0.036943 0.980373 -0.193661
vn 0.000000 1.000000 0.000000
vn 0.036943 0.980373 -0.193661
vn 0.012379 0.980373 -0.196764
vn 0.000000 1.000000 0.000000
vn 0.012379 0.980373 -0.196764
vn -0.012379 0.980373 -0.196764
vn 0.000000 1.000000 0.000000
vn -0.012379 0.980373 -0.196764
vn -0.036943 0.980373 -0.193661
vn 0.000000 1.000000 0.000000
vn -0.036943 0.980373 -0.193661
vn -0.060924 0.980373 -0.187504
vn 0.000000 1.000000 0.000000
vn -0.060924 0.980373 -0.187504
vn -0.083944 0.980373 -0.178390
vn 0.000000 1.000000 0.000000
vn -0.083944 0.980373 -0.178390
vn -0.105640 0.980373 -0.166462
vn 0.000000 1.000000 0.000000
vn -0.105640 0.980373 -0.166462
vn -0.125670 0.980373 -0.151910
vn 0.000000 1.000000 0.000000
vn -0.125670 0.980373 -0.151910
vn -0.143719 0.980373 -0.134961
vn 0.000000 1.000000 0.000000
vn -0.143719 0.980373 -0.134961
vn -0.159500 0.980373 -0.115884
vn 0.000000 1.000000 0.000000
vn -0.159500 0.980373 -0.115884
vn -0.172767 0.980373 -0.094980
vn 0.000000 1.000000 0.000000
vn -0.172767 0.980373 -0.094980
vn -0.183309 0.980373 -0.072577
vn 0.000000 1.000000 0.000000
vn -0.183309 0.980373 -0.072577
vn -0.190960 0.980373 -0.049031
vn 0.000000 1.000000 0.000000
vn -0.190960 0.980373 -0.049031
vn -0.195599 0.980373 -0.024709
vn 0.000000 1.000000 0.000000
vn -0.195599 0.980373 -0.024709
vn -0.197154 0.980373 0.000000
vn 0.000000 1.000000 0.000000
vn -0.197154 0.980373 0.000000
vn -0.195599 0.980373 0.024709
vn 0.000000 1.000000 0.000000
vn -0.195599 0.980373 0.024709
vn -0.190960 0.980373 0.049031
vn 0.000000 1.000000 0.000000
vn -0.190960 0.980373 0.049031
vn -0.183309 0.980373 0.072577
vn 0.000000 1.000000 0.000000
vn -0.183309 0.980373 0.072577
vn -0.172767 0.980373 0.094980
vn 0.000000 1.000000 0.000000
vn -0.172767 0.980373 0.094980
vn -0.159500 0.980373 0.115885
vn 0.000000 1.000000 0.000000
vn -0.159500 0.980373 0.115885
vn -0.143719 0.980373 0.134961
vn 0.000000 1.000000 0.000000
vn -0.143719 0.980373 0.134961
vn -0.125670 0.980373 0.151910
vn 0.000000 1.000000 0.000000
vn -0.125670 0.980373 0.151910
vn -0.105640 0.980373 0.166462
vn 0.000000 1.000000 0.000000
vn -0.105640 0.980373 0.166462
vn -0.083944 0.980373 0.178390
vn 0.000000 1.000000 0.000000
vn -0.083944 0.980373 0.178390
vn -0.060924 0.980373 0.187504
vn 0.000000 1.000000 0.000000
vn -0.060924 0.980373 0.187504
vn -0.036943 0.980373 0.193661
vn 0.000000 1.000000 0.000000
vn -0.036943 0.980373 0.193661
vn -0.012379 0.980373 0.196764
vn 0.000000 1.000000 0.000000
vn -0.012379 0.980373 0.196764
vn 0.012379 0.980373 0.196765
vn 0.000000 1.000000 0.000000
vn 0.012379 0.980373 0.196765
vn 0.036943 0.980373 0.193661
vn 0.000000 1.000000 0.000000
vn 0.036943 0.980373 0.193661
vn 0.060924 0.980373 0.187504
vn 0.000000 1.000000 0.000000
vn 0.060924 0.980373 0.187504
vn 0.083944 0.980373 0.178390
vn 0.000000 1.000000 0.000000
vn 0.083944 0.980373 0.178390
vn 0.105640 0.980373 0.166462
vn 0.000000 1.000000 0.000000
vn 0.105640 0.980373 0.166462
vn 0.125670 0.980373 0.151910
vn 0.000000 1.000000 0.000000
vn 0.125670 0.980373 0.151910
vn 0.143719 0.980373 0.134961
vn 0.000000 1.000000 0.000000
vn 0.143719 0.980373 0.134961
vn 0.159501 0.980373 0.115884
vn 0.000000 1.000000 0.000000
vn 0.159501 0.980373 0.115884
vn 0.172767 0.980373 0.094980
vn 0.000000 1.000000 0.000000
vn 0.172767 0.980373 0.094980
vn 0.183309 0.980373 0.072577
vn 0.000000 1.000000 0.000000
vn 0.183309 0.980373 0.072577
vn 0.190960 0.980373 0.049031
vn 0.000000 1.000000 0.000000
vn 0.190960 0.980373 0.049031
vn 0.195599 0.980373 0.024710
vn 0.000000 1.000000 0.000000
vn 0.195599 0.980373 0.024710
vn 0.197154 0.980373 0.000001
vn 0.000000 1.000000 0.000000
vn 0.197154 0.980373 0.000001
vn 0.195599 0.980373 -0.024709
vn 0.000000 1.000000 0.000000
s off
g group1 robot:robotpSphere1
usemtl robot:aiStandardSurface3SG
f 33/49/105 34/50/106 84/51/107 83/52/108
f 34/50/109 35/53/110 85/54/111 84/51/112
f 35/53/113 36/55/114 86/56/115 85/54/116
f 36/55/117 37/57/118 87/58/119 86/56/120
f 37/57/121 38/59/122 88/60/123 87/58/124
f 38/59/125 39/61/126 89/62/127 88/60/128
f 39/61/129 40/63/130 90/64/131 89/62/132
f 40/63/133 41/65/134 91/66/135 90/64/136
f 41/65/137 42/67/138 92/68/139 91/66/140
f 42/67/141 43/69/142 93/70/143 92/68/144
f 43/69/145 44/71/146 94/72/147 93/70/148
f 44/71/149 45/73/150 95/74/151 94/72/152
f 45/73/153 46/75/154 96/76/155 95/74/156
f 46/75/157 47/77/158 97/78/159 96/76/160
f 47/77/161 48/79/162 98/80/163 97/78/164
f 48/79/165 49/81/166 99/82/167 98/80/168
f 49/81/169 50/83/170 100/84/171 99/82/172
f 50/83/173 51/85/174 101/86/175 100/84/176
f 51/85/177 52/87/178 102/88/179 101/86/180
f 52/87/181 53/89/182 103/90/183 102/88/184
f 53/89/185 54/91/186 104/92/187 103/90/188
f 54/91/189 55/93/190 105/94/191 104/92/192
f 55/93/193 56/95/194 106/96/195 105/94/196
f 56/95/197 57/97/198 107/98/199 106/96/200
f 57/97/201 58/99/202 108/100/203 107/98/204
f 58/99/205 59/101/206 109/102/207 108/100/208
f 59/101/209 60/103/210 110/104/211 109/102/212
f 60/103/213 61/105/214 111/106/215 110/104/216
f 61/105/217 62/107/218 112/108/219 111/106/220
f 62/107/221 63/109/222 113/110/223 112/108/224
f 63/109/225 64/111/226 114/112/227 113/110/228
f 64/111/229 65/113/230 115/114/231 114/112/232
f 65/113/233 66/115/234 116/116/235 115/114/236
f 66/115/237 67/117/238 117/118/239 116/116/240
f 67/117/241 68/119/242 118/120/243 117/118/244
f 68/119/245 69/121/246 119/122/247 118/120/248
f 69/121/249 70/123/250 120/124/251 119/122/252
f 70/123/253 71/125/254 121/126/255 120/124/256
f 71/125/257 72/127/258 122/128/259 121/126/260
f 72/127/261 73/129/262 123/130/263 122/128/264
f 73/129/265 74/131/266 124/132/267 123/130/268
f 74/131/269 75/133/270 125/134/271 124/132/272
f 75/133/273 76/135/274 126/136/275 125/134/276
f 76/135/277 77/137/278 127/138/279 126/136/280
f 77/137/281 78/139/282 128/140/283 127/138/284
f 78/139/285 79/141/286 129/142/287 128/140/288
f 79/141/289 80/143/290 130/144/291 129/142/292
f 80/143/293 81/145/294 131/146/295 130/144/296
f 81/145/297 82/147/298 132/148/299 131/146/300
f 82/147/301 33/149/302 83/150/303 132/148/304
f 83/52/305 84/51/306 134/151/307 133/152/308
f 84/51/309 85/54/310 135/153/311 134/151/312
f 85/54/313 86/56/314 136/154/315 135/153/316
f 86/56/317 87/58/318 137/155/319 136/154/320
f 87/58/321 88/60/322 138/156/323 137/155/324
f 88/60/325 89/62/326 139/157/327 138/156/328
f 89/62/329 90/64/330 140/158/331 139/157/332
f 90/64/333 91/66/334 141/159/335 140/158/336
f 91/66/337 92/68/338 142/160/339 141/159/340
f 92/68/341 93/70/342 143/161/343 142/160/344
f 93/70/345 94/72/346 144/162/347 143/161/348
f 94/72/349 95/74/350 145/163/351 144/162/352
f 95/74/353 96/76/354 146/164/355 145/163/356
f 96/76/357 97/78/358 147/165/359 146/164/360
f 97/78/361 98/80/362 148/166/363 147/165/364
f 98/80/365 99/82/366 149/167/367 148/166/368
f 99/82/369 100/84/370 150/168/371 149/167/372
f 100/84/373 101/86/374 151/169/375 150/168/376
f 101/86/377 102/88/378 152/170/379 151/169/380
f 102/88/381 103/90/382 153/171/383 152/170/384
f 103/90/385 104/92/386 154/172/387 153/171/388
f 104/92/389 105/94/390 155/173/391 154/172/392
f 105/94/393 106/96/394 156/174/395 155/173/396
f 106/96/397 107/98/398 157/175/399 156/174/400
f 107/98/401 108/100/402 158/176/403 157/175/404
f 108/100/405 109/102/406 159/177/407 158/176/408
f 109/102/409 110/104/410 160/178/411 159/177/412
f 110/104/413 111/106/414 161/179/415 160/178/416
f 111/106/417 112/108/418 162/180/419 161/179/420
f 112/108/421 113/110/422 163/181/423 162/180/424
f 113/110/425 114/112/426 164/182/427 163/181/428
f 114/112/429 115/114/430 165/183/431 164/182/432
f 115/114/433 116/116/434 166/184/435 165/183/436
f 116/116/437 117/118/438 167/185/439 166/184/440
f 117/118/441 118/120/442 168/186/443 167/185/444
f 118/120/445 119/122/446 169/187/447 168/186/448
f 119/122/449 120/124/450 170/188/451 169/187/452
f 120/124/453 121/126/454 171/189/455 170/188/456
f 121/126/457 122/128/458 172/190/459 171/189/460
f 122/128/461 123/130/462 173/191/463 172/190/464
f 123/130/465 124/132/466 174/192/467 173/191/468
f 124/132/469 125/134/470 175/193/471 174/192/472
f 125/134/473 126/136/474 176/194/475 175/193/476
f 126/136/477 127/138/478 177/195/479 176/194/480
f 127/138/481 128/140/482 178/196/483 177/195/484
f 128/140/485 129/142/486 179/197/487 178/196/488
f 129/142/489 130/144/490 180/198/491 179/197/492
f 130/144/493 131/146/494 181/199/495 180/198/496
f 131/146/497 132/148/498 182/200/499 181/199/500
f 132/148/501 83/150/502 133/201/503 182/200/504
f 133/152/505 134/151/506 184/202/507 183/203/508
f 134/151/509 135/153/510 185/204/511 184/202/512
f 135/153/513 136/154/514 186/205/515 185/204/516
f 136/154/517 137/155/518 187/206/519 186/205/520
f 137/155/521 138/156/522 188/207/523 187/206/524
f 138/156/525 139/157/526 189/208/527 188/207/528
f 139/157/529 140/158/530 190/209/531 189/208/532
f 140/158/533 141/159/534 191/210/535 190/209/536
f 141/159/537 142/160/538 192/211/539 191/210/540
f 142/160/541 143/161/542 193/212/543 192/211/544
f 143/161/545 144/162/546 194/213/547 193/212/548
f 144/162/549 145/163/550 195/214/551 194/213/552
f 145/163/553 146/164/554 196/215/555 195/214/556
f 146/164/557 147/165/558 197/216/559 196/215/560
f 147/165/561 148/166/562 198/217/563 197/216/564
f 148/166/565 149/167/566 199/218/567 198/217/568
f 149/167/569 150/168/570 200/219/571 199/218/572
f 150/168/573 151/169/574 201/220/575 200/219/576
f 151/169/577 152/170/578 202/221/579 201/220/580
f 152/170/581 153/171/582 203/222/583 202/221/584
f 153/171/585 154/172/586 204/223/587 203/222/588
f 154/172/589 155/173/590 205/224/591 204/223/592
f 155/173/593 156/174/594 206/225/595 205/224/596
f 156/174/597 157/175/598 207/226/599 206/225/600
f 157/175/601 158/176/602 208/227/603 207/226/604
f 158/176/605 159/177/606 209/228/607 208/227/608
f 159/177/609 160/178/610 210/229/611 209/228/612
f 160/178/613 161/179/614 211/230/615 210/229/616
f 161/179/617 162/180/618 212/231/619 211/230/620
f 162/180/621 163/181/622 213/232/623 212/231/624
f 163/181/625 164/182/626 214/233/627 213/232/628
f 164/182/629 165/183/630 215/234/631 214/233/632
f 165/183/633 166/184/634 216/235/635 215/234/636
f 166/184/637 167/185/638 217/236/639 216/235/640
f 167/185/641 168/186/642 218/237/643 217/236/644
f 168/186/645 169/187/646 219/238/647 218/237/648
f 169/187/649 170/188/650 220/239/651 219/238/652
f 170/188/653 171/189/654 221/240/655 220/239/656
f 171/189/657 172/190/658 222/241/659 221/240/660
f 172/190/661 173/191/662 223/242/663 222/241/664
f 173/191/665 174/192/666 224/243/667 223/242/668
f 174/192/669 175/193/670 225/244/671 224/243/672
f 175/193/673 176/194/674 226/245/675 225/244/676
f 176/194/677 177/195/678 227/246/679 226/245/680
f 177/195/681 178/196/682 228/247/683 227/246/684
f 178/196/685 179/197/686 229/248/687 228/247/688
f 179/197/689 180/198/690 230/249/691 229/248/692
f 180/198/693 181/199/694 231/250/695 230/249/696
f 181/199/697 182/200/698 232/251/699 231/250/700
f 182/200/701 133/201/702 183/252/703 232/251/704
f 183/203/705 184/202/706 234/253/707 233/254/708
f 184/202/709 185/204/710 235/255/711 234/253/712
f 185/204/713 186/205/714 236/256/715 235/255/716
f 186/205/717 187/206/718 237/257/719 236/256/720
f 187/206/721 188/207/722 238/258/723 237/257/724
f 188/207/725 189/208/726 239/259/727 238/258/728
f 189/208/729 190/209/730 240/260/731 239/259/732
f 190/209/733 191/210/734 241/261/735 240/260/736
f 191/210/737 192/211/738 242/262/739 241/261/740
f 192/211/741 193/212/742 243/263/743 242/262/744
f 193/212/745 194/213/746 244/264/747 243/263/748
f 194/213/749 195/214/750 245/265/751 244/264/752
f 195/214/753 196/215/754 246/266/755 245/265/756
f 196/215/757 197/216/758 247/267/759 246/266/760
f 197/216/761 198/217/762 248/268/763 247/267/764
f 198/217/765 199/218/766 249/269/767 248/268/768
f 199/218/769 200/219/770 250/270/771 249/269/772
f 200/219/773 201/220/774 251/271/775 250/270/776
f 201/220/777 202/221/778 252/272/779 251/271/780
f 202/221/781 203/222/782 253/273/783 252/272/784
f 203/222/785 204/223/786 254/274/787 253/273/788
f 204/223/789 205/224/790 255/275/791 254/274/792
f 205/224/793 206/225/794 256/276/795 255/275/796
f 206/225/797 207/226/798 257/277/799 256/276/800
f 207/226/801 208/227/802 258/278/803 257/277/804
f 208/227/805 209/228/806 259/279/807 258/278/808
f 209/228/809 210/229/810 260/280/811 259/279/812
f 210/229/813 211/230/814 261/281/815 260/280/816
f 211/230/817 212/231/818 262/282/819 261/281/820
f 212/231/821 213/232/822 263/283/823 262/282/824
f 213/232/825 214/233/826 264/284/827 263/283/828
f 214/233/829 215/234/830 265/285/831 264/284/832
f 215/234/833 216/235/834 266/286/835 265/285/836
f 216/235/837 217/236/838 267/287/839 266/286/840
f 217/236/841 218/237/842 268/288/843 267/287/844
f 218/237/845 219/238/846 269/289/847 268/288/848
f 219/238/849 220/239/850 270/290/851 269/289/852
f 220/239/853 221/240/854 271/291/855 270/290/856
f 221/240/857 222/241/858 272/292/859 271/291/860
f 222/241/861 223/242/862 273/293/863 272/292/864
f 223/242/865 224/243/866 274/294/867 273/293/868
f 224/243/869 225/244/870 275/295/871 274/294/872
f 225/244/873 226/245/874 276/296/875 275/295/876
f 226/245/877 227/246/878 277/297/879 276/296/880
f 227/246/881 228/247/882 278/298/883 277/297/884
f 228/247/885 229/248/886 279/299/887 278/298/888
f 229/248/889 230/249/890 280/300/891 279/299/892
f 230/249/893 231/250/894 281/301/895 280/300/896
f 231/250/897 232/251/898 282/302/899 281/301/900
f 232/251/901 183/252/902 233/303/903 282/302/904
f 233/254/905 234/253/906 284/304/907 283/305/908
f 234/253/909 235/255/910 285/306/911 284/304/912
f 235/255/913 236/256/914 286/307/915 285/306/916
f 236/256/917 237/257/918 287/308/919 286/307/920
f 237/257/921 238/258/922 288/309/923 287/308/924
f 238/258/925 239/259/926 289/310/927 288/309/928
f 239/259/929 240/260/930 290/311/931 289/310/932
f 240/260/933 241/261/934 291/312/935 290/311/936
f 241/261/937 242/262/938 292/313/939 291/312/940
f 242/262/941 243/263/942 293/314/943 292/313/944
f 243/263/945 244/264/946 294/315/947 293/314/948
f 244/264/949 245/265/950 295/316/951 294/315/952
f 245/265/953 246/266/954 296/317/955 295/316/956
f 246/266/957 247/267/958 297/318/959 296/317/960
f 247/267/961 248/268/962 298/319/963 297/318/964
f 248/268/965 249/269/966 299/320/967 298/319/968
f 249/269/969 250/270/970 300/321/971 299/320/972
f 250/270/973 251/271/974 301/322/975 300/321/976
f 251/271/977 252/272/978 302/323/979 301/322/980
f 252/272/981 253/273/982 303/324/983 302/323/984
f 253/273/985 254/274/986 304/325/987 303/324/988
f 254/274/989 255/275/990 305/326/991 304/325/992
f 255/275/993 256/276/994 306/327/995 305/326/996
f 256/276/997 257/277/998 307/328/999 306/327/1000
f 257/277/1001 258/278/1002 308/329/1003 307/328/1004
f 258/278/1005 259/279/1006 309/330/1007 308/329/1008
f 259/279/1009 260/280/1010 310/331/1011 309/330/1012
f 260/280/1013 261/281/1014 311/332/1015 310/331/1016
f 261/281/1017 262/282/1018 312/333/1019 311/332/1020
f 262/282/1021 263/283/1022 313/334/1023 312/333/1024
f 263/283/1025 264/284/1026 314/335/1027 313/334/1028
f 264/284/1029 265/285/1030 315/336/1031 314/335/1032
f 265/285/1033 266/286/1034 316/337/1035 315/336/1036
f 266/286/1037 267/287/1038 317/338/1039 316/337/1040
f 267/287/1041 268/288/1042 318/339/1043 317/338/1044
f 268/288/1045 269/289/1046 319/340/1047 318/339/1048
f 269/289/1049 270/290/1050 320/341/1051 319/340/1052
f 270/290/1053 271/291/1054 321/342/1055 320/341/1056
f 271/291/1057 272/292/1058 322/343/1059 321/342/1060
f 272/292/1061 273/293/1062 323/344/1063 322/343/1064
f 273/293/1065 274/294/1066 324/345/1067 323/344/1068
f 274/294/1069 275/295/1070 325/346/1071 324/345/1072
f 275/295/1073 276/296/1074 326/347/1075 325/346/1076
f 276/296/1077 277/297/1078 327/348/1079 326/347/1080
f 277/297/1081 278/298/1082 328/349/1083 327/348/1084
f 278/298/1085 279/299/1086 329/350/1087 328/349/1088
f 279/299/1089 280/300/1090 330/351/1091 329/350/1092
f 280/300/1093 281/301/1094 331/352/1095 330/351/1096
f 281/301/1097 282/302/1098 332/353/1099 331/352/1100
f 282/302/1101 233/303/1102 283/354/1103 332/353/1104
f 283/305/1105 284/304/1106 334/355/1107 333/356/1108
f 284/304/1109 285/306/1110 335/357/1111 334/355/1112
f 285/306/1113 286/307/1114 336/358/1115 335/357/1116
f 286/307/1117 287/308/1118 337/359/1119 336/358/1120
f 287/308/1121 288/309/1122 338/360/1123 337/359/1124
f 288/309/1125 289/310/1126 339/361/1127 338/360/1128
f 289/310/1129 290/311/1130 340/362/1131 339/361/1132
f 290/311/1133 291/312/1134 341/363/1135 340/362/1136
f 291/312/1137 292/313/1138 342/364/1139 341/363/1140
f 292/313/1141 293/314/1142 343/365/1143 342/364/1144
f 293/314/1145 294/315/1146 344/366/1147 343/365/1148
f 294/315/1149 295/316/1150 345/367/1151 344/366/1152
f 295/316/1153 296/317/1154 346/368/1155 345/367/1156
f 296/317/1157 297/318/1158 347/369/1159 346/368/1160
f 297/318/1161 298/319/1162 348/370/1163 347/369/1164
f 298/319/1165 299/320/1166 349/371/1167 348/370/1168
f 299/320/1169 300/321/1170 350/372/1171 349/371/1172
f 300/321/1173 301/322/1174 351/373/1175 350/372/1176
f 301/322/1177 302/323/1178 352/374/1179 351/373/1180
f 302/323/1181 303/324/1182 353/375/1183 352/374/1184
f 303/324/1185 304/325/1186 354/376/1187 353/375/1188
f 304/325/1189 305/326/1190 355/377/1191 354/376/1192
f 305/326/1193 306/327/1194 356/378/1195 355/377/1196
f 306/327/1197 307/328/1198 357/379/1199 356/378/1200
f 307/328/1201 308/329/1202 358/380/1203 357/379/1204
f 308/329/1205 309/330/1206 359/381/1207 358/380/1208
f 309/330/1209 310/331/1210 360/382/1211 359/381/1212
f 310/331/1213 311/332/1214 361/383/1215 360/382/1216
f 311/332/1217 312/333/1218 362/384/1219 361/383/1220
f 312/333/1221 313/334/1222 363/385/1223 362/384/1224
f 313/334/1225 314/335/1226 364/386/1227 363/385/1228
f 314/335/1229 315/336/1230 365/387/1231 364/386/1232
f 315/336/1233 316/337/1234 366/388/1235 365/387/1236
f 316/337/1237 317/338/1238 367/389/1239 366/388/1240
f 317/338/1241 318/339/1242 368/390/1243 367/389/1244
f 318/339/1245 319/340/1246 369/391/1247 368/390/1248
f 319/340/1249 320/341/1250 370/392/1251 369/391/1252
f 320/341/1253 321/342/1254 371/393/1255 370/392/1256
f 321/342/1257 322/343/1258 372/394/1259 371/393/1260
f 322/343/1261 323/344/1262 373/395/1263 372/394/1264
f 323/344/1265 324/345/1266 374/396/1267 373/395/1268
f 324/345/1269 325/346/1270 375/397/1271 374/396/1272
f 325/346/1273 326/347/1274 376/398/1275 375/397/1276
f 326/347/1277 327/348/1278 377/399/1279 376/398/1280
f 327/348/1281 328/349/1282 378/400/1283 377/399/1284
f 328/349/1285 329/350/1286 379/401/1287 378/400/1288
f 329/350/1289 330/351/1290 380/402/1291 379/401/1292
f 330/351/1293 331/352/1294 381/403/1295 380/402/1296
f 331/352/1297 332/353/1298 382/404/1299 381/403/1300
f 332/353/1301 283/354/1302 333/405/1303 382/404/1304
f 333/356/1305 334/355/1306 384/406/1307 383/407/1308
f 334/355/1309 335/357/1310 385/408/1311 384/406/1312
f 335/357/1313 336/358/1314 386/409/1315 385/408/1316
f 336/358/1317 337/359/1318 387/410/1319 386/409/1320
f 337/359/1321 338/360/1322 388/411/1323 387/410/1324
f 338/360/1325 339/361/1326 389/412/1327 388/411/1328
f 339/361/1329 340/362/1330 390/413/1331 389/412/1332
f 340/362/1333 341/363/1334 391/414/1335 390/413/1336
f 341/363/1337 342/364/1338 392/415/1339 391/414/1340
f 342/364/1341 343/365/1342 393/416/1343 392/415/1344
f 343/365/1345 344/366/1346 394/417/1347 393/416/1348
f 344/366/1349 345/367/1350 395/418/1351 394/417/1352
f 345/367/1353 346/368/1354 396/419/1355 395/418/1356
f 346/368/1357 347/369/1358 397/420/1359 396/419/1360
f 347/369/1361 348/370/1362 398/421/1363 397/420/1364
f 348/370/1365 349/371/1366 399/422/1367 398/421/1368
f 349/371/1369 350/372/1370 400/423/1371 399/422/1372
f 350/372/1373 351/373/1374 401/424/1375 400/423/1376
f 351/373/1377 352/374/1378 402/425/1379 401/424/1380
f 352/374/1381 353/375/1382 403/426/1383 402/425/1384
f 353/375/1385 354/376/1386 404/427/1387 403/426/1388
f 354/376/1389 355/377/1390 405/428/1391 404/427/1392
f 355/377/1393 356/378/1394 406/429/1395 405/428/1396
f 356/378/1397 357/379/1398 407/430/1399 406/429/1400
f 357/379/1401 358/380/1402 408/431/1403 407/430/1404
f 358/380/1405 359/381/1406 409/432/1407 408/431/1408
f 359/381/1409 360/382/1410 410/433/1411 409/432/1412
f 360/382/1413 361/383/1414 411/434/1415 410/433/1416
f 361/383/1417 362/384/1418 412/435/1419 411/434/1420
f 362/384/1421 363/385/1422 413/436/1423 412/435/1424
f 363/385/1425 364/386/1426 414/437/1427 413/436/1428
f 364/386/1429 365/387/1430 415/438/1431 414/437/1432
f 365/387/1433 366/388/1434 416/439/1435 415/438/1436
f 366/388/1437 367/389/1438 417/440/1439 416/439/1440
f 367/389/1441 368/390/1442 418/441/1443 417/440/1444
f 368/390/1445 369/391/1446 419/442/1447 418/441/1448
f 369/391/1449 370/392/1450 420/443/1451 419/442/1452
f 370/392/1453 371/393/1454 421/444/1455 420/443/1456
f 371/393/1457 372/394/1458 422/445/1459 421/444/1460
f 372/394/1461 373/395/1462 423/446/1463 422/445/1464
f 373/395/1465 374/396/1466 424/447/1467 423/446/1468
f 374/396/1469 375/397/1470 425/448/1471 424/447/1472
f 375/397/1473 376/398/1474 426/449/1475 425/448/1476
f 376/398/1477 377/399/1478 427/450/1479 426/449/1480
f 377/399/1481 378/400/1482 428/451/1483 427/450/1484
f 378/400/1485 379/401/1486 429/452/1487 428/451/1488
f 379/401/1489 380/402/1490 430/453/1491 429/452/1492
f 380/402/1493 381/403/1494 431/454/1495 430/453/1496
f 381/403/1497 382/404/1498 432/455/1499 431/454/1500
f 382/404/1501 333/405/1502 383/456/1503 432/455/1504
f 383/407/1505 384/406/1506 434/457/1507 433/458/1508
f 384/406/1509 385/408/1510 435/459/1511 434/457/1512
f 385/408/1513 386/409/1514 436/460/1515 435/459/1516
f 386/409/1517 387/410/1518 437/461/1519 436/460/1520
f 387/410/1521 388/411/1522 438/462/1523 437/461/1524
f 388/411/1525 389/412/1526 439/463/1527 438/462/1528
f 389/412/1529 390/413/1530 440/464/1531 439/463/1532
f 390/413/1533 391/414/1534 441/465/1535 440/464/1536
f 391/414/1537 392/415/1538 442/466/1539 441/465/1540
f 392/415/1541 393/416/1542 443/467/1543 442/466/1544
f 393/416/1545 394/417/1546 444/468/1547 443/467/1548
f 394/417/1549 395/418/1550 445/469/1551 444/468/1552
f 395/418/1553 396/419/1554 446/470/1555 445/469/1556
f 396/419/1557 397/420/1558 447/471/1559 446/470/1560
f 397/420/1561 398/421/1562 448/472/1563 447/471/1564
f 398/421/1565 399/422/1566 449/473/1567 448/472/1568
f 399/422/1569 400/423/1570 450/474/1571 449/473/1572
f 400/423/1573 401/424/1574 451/475/1575 450/474/1576
f 401/424/1577 402/425/1578 452/476/1579 451/475/1580
f 402/425/1581 403/426/1582 453/477/1583 452/476/1584
f 403/426/1585 404/427/1586 454/478/1587 453/477/1588
f 404/427/1589 405/428/1590 455/479/1591 454/478/1592
f 405/428/1593 406/429/1594 456/480/1595 455/479/1596
f 406/429/1597 407/430/1598 457/481/1599 456/480/1600
f 407/430/1601 408/431/1602 458/482/1603 457/481/1604
f 408/431/1605 409/432/1606 459/483/1607 458/482/1608
f 409/432/1609 410/433/1610 460/484/1611 459/483/1612
f 410/433/1613 411/434/1614 461/485/1615 460/484/1616
f 411/434/1617 412/435/1618 462/486/1619 461/485/1620
f 412/435/1621 413/436/1622 463/487/1623 462/486/1624
f 413/436/1625 414/437/1626 464/488/1627 463/487/1628
f 414/437/1629 415/438/1630 465/489/1631 464/488/1632
f 415/438/1633 416/439/1634 466/490/1635 465/489/1636
f 416/439/1637 417/440/1638 467/491/1639 466/490/1640
f 417/440/1641 418/441/1642 468/492/1643 467/491/1644
f 418/441/1645 419/442/1646 469/493/1647 468/492/1648
f 419/442/1649 420/443/1650 470/494/1651 469/493/1652
f 420/443/1653 421/444/1654 471/495/1655 470/494/1656
f 421/444/1657 422/445/1658 472/496/1659 471/495/1660
f 422/445/1661 423/446/1662 473/497/1663 472/496/1664
f 423/446/1665 424/447/1666 474/498/1667 473/497/1668
f 424/447/1669 425/448/1670 475/499/1671 474/498/1672
f 425/448/1673 426/449/1674 476/500/1675 475/499/1676
f 426/449/1677 427/450/1678 477/501/1679 476/500/1680
f 427/450/1681 428/451/1682 478/502/1683 477/501/1684
f 428/451/1685 429/452/1686 479/503/1687 478/502/1688
f 429/452/1689 430/453/1690 480/504/1691 479/503/1692
f 430/453/1693 431/454/1694 481/505/1695 480/504/1696
f 431/454/1697 432/455/1698 482/506/1699 481/505/1700
f 432/455/1701 383/456/1702 433/507/1703 482/506/1704
f 433/458/1705 434/457/1706 484/508/1707 483/509/1708
f 434/457/1709 435/459/1710 485/510/1711 484/508/1712
f 435/459/1713 436/460/1714 486/511/1715 485/510/1716
f 436/460/1717 437/461/1718 487/512/1719 486/511/1720
f 437/461/1721 438/462/1722 488/513/1723 487/512/1724
f 438/462/1725 439/463/1726 489/514/1727 488/513/1728
f 439/463/1729 440/464/1730 490/515/1731 489/514/1732
f 440/464/1733 441/465/1734 491/516/1735 490/515/1736
f 441/465/1737 442/466/1738 492/517/1739 491/516/1740
f 442/466/1741 443/467/1742 493/518/1743 492/517/1744
f 443/467/1745 444/468/1746 494/519/1747 493/518/1748
f 444/468/1749 445/469/1750 495/520/1751 494/519/1752
f 445/469/1753 446/470/1754 496/521/1755 495/520/1756
f 446/470/1757 447/471/1758 497/522/1759 496/521/1760
f 447/471/1761 448/472/1762 498/523/1763 497/522/1764
f 448/472/1765 449/473/1766 499/524/1767 498/523/1768
f 449/473/1769 450/474/1770 500/525/1771 499/524/1772
f 450/474/1773 451/475/1774 501/526/1775 500/525/1776
f 451/475/1777 452/476/1778 502/527/1779 501/526/1780
f 452/476/1781 453/477/1782 503/528/1783 502/527/1784
f 453/477/1785 454/478/1786 504/529/1787 503/528/1788
f 454/478/1789 455/479/1790 505/530/1791 504/529/1792
f 455/479/1793 456/480/1794 506/531/1795 505/530/1796
f 456/480/1797 457/481/1798 507/532/1799 506/531/1800
f 457/481/1801 458/482/1802 508/533/1803 507/532/1804
f 458/482/1805 459/483/1806 509/534/1807 508/533/1808
f 459/483/1809 460/484/1810 510/535/1811 509/534/1812
f 460/484/1813 461/485/1814 511/536/1815 510/535/1816
f 461/485/1817 462/486/1818 512/537/1819 511/536/1820
f 462/486/1821 463/487/1822 513/538/1823 512/537/1824
f 463/487/1825 464/488/1826 514/539/1827 513/538/1828
f 464/488/1829 465/489/1830 515/540/1831 514/539/1832
f 465/489/1833 466/490/1834 516/541/1835 515/540/1836
f 466/490/1837 467/491/1838 517/542/1839 516/541/1840
f 467/491/1841 468/492/1842 518/543/1843 517/542/1844
f 468/492/1845 469/493/1846 519/544/1847 518/543/1848
f 469/493/1849 470/494/1850 520/545/1851 519/544/1852
f 470/494/1853 471/495/1854 521/546/1855 520/545/1856
f 471/495/1857 472/496/1858 522/547/1859 521/546/1860
f 472/496/1861 473/497/1862 523/548/1863 522/547/1864
f 473/497/1865 474/498/1866 524/549/1867 523/548/1868
f 474/498/1869 475/499/1870 525/550/1871 524/549/1872
f 475/499/1873 476/500/1874 526/551/1875 525/550/1876
f 476/500/1877 477/501/1878 527/552/1879 526/551/1880
f 477/501/1881 478/502/1882 528/553/1883 527/552/1884
f 478/502/1885 479/503/1886 529/554/1887 528/553/1888
f 479/503/1889 480/504/1890 530/555/1891 529/554/1892
f 480/504/1893 481/505/1894 531/556/1895 530/555/1896
f 481/505/1897 482/506/1898 532/557/1899 531/556/1900
f 482/506/1901 433/507/1902 483/558/1903 532/557/1904
f 483/509/1905 484/508/1906 534/559/1907 533/560/1908
f 484/508/1909 485/510/1910 535/561/1911 534/559/1912
f 485/510/1913 486/511/1914 536/562/1915 535/561/1916
f 486/511/1917 487/512/1918 537/563/1919 536/562/1920
f 487/512/1921 488/513/1922 538/564/1923 537/563/1924
f 488/513/1925 489/514/1926 539/565/1927 538/564/1928
f 489/514/1929 490/515/1930 540/566/1931 539/565/1932
f 490/515/1933 491/516/1934 541/567/1935 540/566/1936
f 491/516/1937 492/517/1938 542/568/1939 541/567/1940
f 492/517/1941 493/518/1942 543/569/1943 542/568/1944
f 493/518/1945 494/519/1946 544/570/1947 543/569/1948
f 494/519/1949 495/520/1950 545/571/1951 544/570/1952
f 495/520/1953 496/521/1954 546/572/1955 545/571/1956
f 496/521/1957 497/522/1958 547/573/1959 546/572/1960
f 497/522/1961 498/523/1962 548/574/1963 547/573/1964
f 498/523/1965 499/524/1966 549/575/1967 548/574/1968
f 499/524/1969 500/525/1970 550/576/1971 549/575/1972
f 500/525/1973 501/526/1974 551/577/1975 550/576/1976
f 501/526/1977 502/527/1978 552/578/1979 551/577/1980
f 502/527/1981 503/528/1982 553/579/1983 552/578/1984
f 503/528/1985 504/529/1986 554/580/1987 553/579/1988
f 504/529/1989 505/530/1990 555/581/1991 554/580/1992
f 505/530/1993 506/531/1994 556/582/1995 555/581/1996
f 506/531/1997 507/532/1998 557/583/1999 556/582/2000
f 507/532/2001 508/533/2002 558/584/2003 557/583/2004
f 508/533/2005 509/534/2006 559/585/2007 558/584/2008
f 509/534/2009 510/535/2010 560/586/2011 559/585/2012
f 510/535/2013 511/536/2014 561/587/2015 560/586/2016
f 511/536/2017 512/537/2018 562/588/2019 561/587/2020
f 512/537/2021 513/538/2022 563/589/2023 562/588/2024
f 513/538/2025 514/539/2026 564/590/2027 563/589/2028
f 514/539/2029 515/540/2030 565/591/2031 564/590/2032
f 515/540/2033 516/541/2034 566/592/2035 565/591/2036
f 516/541/2037 517/542/2038 567/593/2039 566/592/2040
f 517/542/2041 518/543/2042 568/594/2043 567/593/2044
f 518/543/2045 519/544/2046 569/595/2047 568/594/2048
f 519/544/2049 520/545/2050 570/596/2051 569/595/2052
f 520/545/2053 521/546/2054 571/597/2055 570/596/2056
f 521/546/2057 522/547/2058 572/598/2059 571/597/2060
f 522/547/2061 523/548/2062 573/599/2063 572/598/2064
f 523/548/2065 524/549/2066 574/600/2067 573/599/2068
f 524/549/2069 525/550/2070 575/601/2071 574/600/2072
f 525/550/2073 526/551/2074 576/602/2075 575/601/2076
f 526/551/2077 527/552/2078 577/603/2079 576/602/2080
f 527/552/2081 528/553/2082 578/604/2083 577/603/2084
f 528/553/2085 529/554/2086 579/605/2087 578/604/2088
f 529/554/2089 530/555/2090 580/606/2091 579/605/2092
f 530/555/2093 531/556/2094 581/607/2095 580/606/2096
f 531/556/2097 532/557/2098 582/608/2099 581/607/2100
f 532/557/2101 483/558/2102 533/609/2103 582/608/2104
f 533/560/2105 534/559/2106 584/610/2107 583/611/2108
f 534/559/2109 535/561/2110 585/612/2111 584/610/2112
f 535/561/2113 536/562/2114 586/613/2115 585/612/2116
f 536/562/2117 537/563/2118 587/614/2119 586/613/2120
f 537/563/2121 538/564/2122 588/615/2123 587/614/2124
f 538/564/2125 539/565/2126 589/616/2127 588/615/2128
f 539/565/2129 540/566/2130 590/617/2131 589/616/2132
f 540/566/2133 541/567/2134 591/618/2135 590/617/2136
f 541/567/2137 542/568/2138 592/619/2139 591/618/2140
f 542/568/2141 543/569/2142 593/620/2143 592/619/2144
f 543/569/2145 544/570/2146 594/621/2147 593/620/2148
f 544/570/2149 545/571/2150 595/622/2151 594/621/2152
f 545/571/2153 546/572/2154 596/623/2155 595/622/2156
f 546/572/2157 547/573/2158 597/624/2159 596/623/2160
f 547/573/2161 548/574/2162 598/625/2163 597/624/2164
f 548/574/2165 549/575/2166 599/626/2167 598/625/2168
f 549/575/2169 550/576/2170 600/627/2171 599/626/2172
f 550/576/2173 551/577/2174 601/628/2175 600/627/2176
f 551/577/2177 552/578/2178 602/629/2179 601/628/2180
f 552/578/2181 553/579/2182 603/630/2183 602/629/2184
f 553/579/2185 554/580/2186 604/631/2187 603/630/2188
f 554/580/2189 555/581/2190 605/632/2191 604/631/2192
f 555/581/2193 556/582/2194 606/633/2195 605/632/2196
f 556/582/2197 557/583/2198 607/634/2199 606/633/2200
f 557/583/2201 558/584/2202 608/635/2203 607/634/2204
f 558/584/2205 559/585/2206 609/636/2207 608/635/2208
f 559/585/2209 560/586/2210 610/637/2211 609/636/2212
f 560/586/2213 561/587/2214 611/638/2215 610/637/2216
f 561/587/2217 562/588/2218 612/639/2219 611/638/2220
f 562/588/2221 563/589/2222 613/640/2223 612/639/2224
f 563/589/2225 564/590/2226 614/641/2227 613/640/2228
f 564/590/2229 565/591/2230 615/642/2231 614/641/2232
f 565/591/2233 566/592/2234 616/643/2235 615/642/2236
f 566/592/2237 567/593/2238 617/644/2239 616/643/2240
f 567/593/2241 568/594/2242 618/645/2243 617/644/2244
f 568/594/2245 569/595/2246 619/646/2247 618/645/2248
f 569/595/2249 570/596/2250 620/647/2251 619/646/2252
f 570/596/2253 571/597/2254 621/648/2255 620/647/2256
f 571/597/2257 572/598/2258 622/649/2259 621/648/2260
f 572/598/2261 573/599/2262 623/650/2263 622/649/2264
f 573/599/2265 574/600/2266 624/651/2267 623/650/2268
f 574/600/2269 575/601/2270 625/652/2271 624/651/2272
f 575/601/2273 576/602/2274 626/653/2275 625/652/2276
f 576/602/2277 577/603/2278 627/654/2279 626/653/2280
f 577/603/2281 578/604/2282 628/655/2283 627/654/2284
f 578/604/2285 579/605/2286 629/656/2287 628/655/2288
f 579/605/2289 580/606/2290 630/657/2291 629/656/2292
f 580/606/2293 581/607/2294 631/658/2295 630/657/2296
f 581/607/2297 582/608/2298 632/659/2299 631/658/2300
f 582/608/2301 533/609/2302 583/660/2303 632/659/2304
f 583/611/2305 584/610/2306 634/661/2307 633/662/2308
f 584/610/2309 585/612/2310 635/663/2311 634/661/2312
f 585/612/2313 586/613/2314 636/664/2315 635/663/2316
f 586/613/2317 587/614/2318 637/665/2319 636/664/2320
f 587/614/2321 588/615/2322 638/666/2323 637/665/2324
f 588/615/2325 589/616/2326 639/667/2327 638/666/2328
f 589/616/2329 590/617/2330 640/668/2331 639/667/2332
f 590/617/2333 591/618/2334 641/669/2335 640/668/2336
f 591/618/2337 592/619/2338 642/670/2339 641/669/2340
f 592/619/2341 593/620/2342 643/671/2343 642/670/2344
f 593/620/2345 594/621/2346 644/672/2347 643/671/2348
f 594/621/2349 595/622/2350 645/673/2351 644/672/2352
f 595/622/2353 596/623/2354 646/674/2355 645/673/2356
f 596/623/2357 597/624/2358 647/675/2359 646/674/2360
f 597/624/2361 598/625/2362 648/676/2363 647/675/2364
f 598/625/2365 599/626/2366 649/677/2367 648/676/2368
f 599/626/2369 600/627/2370 650/678/2371 649/677/2372
f 600/627/2373 601/628/2374 651/679/2375 650/678/2376
f 601/628/2377 602/629/2378 652/680/2379 651/679/2380
f 602/629/2381 603/630/2382 653/681/2383 652/680/2384
f 603/630/2385 604/631/2386 654/682/2387 653/681/2388
f 604/631/2389 605/632/2390 655/683/2391 654/682/2392
f 605/632/2393 606/633/2394 656/684/2395 655/683/2396
f 606/633/2397 607/634/2398 657/685/2399 656/684/2400
f 607/634/2401 608/635/2402 658/686/2403 657/685/2404
f 608/635/2405 609/636/2406 659/687/2407 658/686/2408
f 609/636/2409 610/637/2410 660/688/2411 659/687/2412
f 610/637/2413 611/638/2414 661/689/2415 660/688/2416
f 611/638/2417 612/639/2418 662/690/2419 661/689/2420
f 612/639/2421 613/640/2422 663/691/2423 662/690/2424
f 613/640/2425 614/641/2426 664/692/2427 663/691/2428
f 614/641/2429 615/642/2430 665/693/2431 664/692/2432
f 615/642/2433 616/643/2434 666/694/2435 665/693/2436
f 616/643/2437 617/644/2438 667/695/2439 666/694/2440
f 617/644/2441 618/645/2442 668/696/2443 667/695/2444
f 618/645/2445 619/646/2446 669/697/2447 668/696/2448
f 619/646/2449 620/647/2450 670/698/2451 669/697/2452
f 620/647/2453 621/648/2454 671/699/2455 670/698/2456
f 621/648/2457 622/649/2458 672/700/2459 671/699/2460
f 622/649/2461 623/650/2462 673/701/2463 672/700/2464
f 623/650/2465 624/651/2466 674/702/2467 673/701/2468
f 624/651/2469 625/652/2470 675/703/2471 674/702/2472
f 625/652/2473 626/653/2474 676/704/2475 675/703/2476
f 626/653/2477 627/654/2478 677/705/2479 676/704/2480
f 627/654/2481 628/655/2482 678/706/2483 677/705/2484
f 628/655/2485 629/656/2486 679/707/2487 678/706/2488
f 629/656/2489 630/657/2490 680/708/2491 679/707/2492
f 630/657/2493 631/658/2494 681/709/2495 680/708/2496
f 631/658/2497 632/659/2498 682/710/2499 681/709/2500
f 632/659/2501 583/660/2502 633/711/2503 682/710/2504
f 633/662/2505 634/661/2506 684/712/2507 683/713/2508
f 634/661/2509 635/663/2510 685/714/2511 684/712/2512
f 635/663/2513 636/664/2514 686/715/2515 685/714/2516
f 636/664/2517 637/665/2518 687/716/2519 686/715/2520
f 637/665/2521 638/666/2522 688/717/2523 687/716/2524
f 638/666/2525 639/667/2526 689/718/2527 688/717/2528
f 639/667/2529 640/668/2530 690/719/2531 689/718/2532
f 640/668/2533 641/669/2534 691/720/2535 690/719/2536
f 641/669/2537 642/670/2538 692/721/2539 691/720/2540
f 642/670/2541 643/671/2542 693/722/2543 692/721/2544
f 643/671/2545 644/672/2546 694/723/2547 693/722/2548
f 644/672/2549 645/673/2550 695/724/2551 694/723/2552
f 645/673/2553 646/674/2554 696/725/2555 695/724/2556
f 646/674/2557 647/675/2558 697/726/2559 696/725/2560
f 647/675/2561 648/676/2562 698/727/2563 697/726/2564
f 648/676/2565 649/677/2566 699/728/2567 698/727/2568
f 649/677/2569 650/678/2570 700/729/2571 699/728/2572
f 650/678/2573 651/679/2574 701/730/2575 700/729/2576
f 651/679/2577 652/680/2578 702/731/2579 701/730/2580
f 652/680/2581 653/681/2582 703/732/2583 702/731/2584
f 653/681/2585 654/682/2586 704/733/2587 703/732/2588
f 654/682/2589 655/683/2590 705/734/2591 704/733/2592
f 655/683/2593 656/684/2594 706/735/2595 705/734/2596
f 656/684/2597 657/685/2598 707/736/2599 706/735/2600
f 657/685/2601 658/686/2602 708/737/2603 707/736/2604
f 658/686/2605 659/687/2606 709/738/2607 708/737/2608
f 659/687/2609 660/688/2610 710/739/2611 709/738/2612
f 660/688/2613 661/689/2614 711/740/2615 710/739/2616
f 661/689/2617 662/690/2618 712/741/2619 711/740/2620
f 662/690/2621 663/691/2622 713/742/2623 712/741/2624
f 663/691/2625 664/692/2626 714/743/2627 713/742/2628
f 664/692/2629 665/693/2630 715/744/2631 714/743/2632
f 665/693/2633 666/694/2634 716/745/2635 715/744/2636
f 666/694/2637 667/695/2638 717/746/2639 716/745/2640
f 667/695/2641 668/696/2642 718/747/2643 717/746/2644
f 668/696/2645 669/697/2646 719/748/2647 718/747/2648
f 669/697/2649 670/698/2650 720/749/2651 719/748/2652
f 670/698/2653 671/699/2654 721/750/2655 720/749/2656
f 671/699/2657 672/700/2658 722/751/2659 721/750/2660
f 672/700/2661 673/701/2662 723/752/2663 722/751/2664
f 673/701/2665 674/702/2666 724/753/2667 723/752/2668
f 674/702/2669 675/703/2670 725/754/2671 724/753/2672
f 675/703/2673 676/704/2674 726/755/2675 725/754/2676
f 676/704/2677 677/705/2678 727/756/2679 726/755/2680
f 677/705/2681 678/706/2682 728/757/2683 727/756/2684
f 678/706/2685 679/707/2686 729/758/2687 728/757/2688
f 679/707/2689 680/708/2690 730/759/2691 729/758/2692
f 680/708/2693 681/709/2694 731/760/2695 730/759/2696
f 681/709/2697 682/710/2698 732/761/2699 731/760/2700
f 682/710/2701 633/711/2702 683/762/2703 732/761/2704
f 683/713/2705 684/712/2706 734/763/2707 733/764/2708
f 684/712/2709 685/714/2710 735/765/2711 734/763/2712
f 685/714/2713 686/715/2714 736/766/2715 735/765/2716
f 686/715/2717 687/716/2718 737/767/2719 736/766/2720
f 687/716/2721 688/717/2722 738/768/2723 737/767/2724
f 688/717/2725 689/718/2726 739/769/2727 738/768/2728
f 689/718/2729 690/719/2730 740/770/2731 739/769/2732
f 690/719/2733 691/720/2734 741/771/2735 740/770/2736
f 691/720/2737 692/721/2738 742/772/2739 741/771/2740
f 692/721/2741 693/722/2742 743/773/2743 742/772/2744
f 693/722/2745 694/723/2746 744/774/2747 743/773/2748
f 694/723/2749 695/724/2750 745/775/2751 744/774/2752
f 695/724/2753 696/725/2754 746/776/2755 745/775/2756
f 696/725/2757 697/726/2758 747/777/2759 746/776/2760
f 697/726/2761 698/727/2762 748/778/2763 747/777/2764
f 698/727/2765 699/728/2766 749/779/2767 748/778/2768
f 699/728/2769 700/729/2770 750/780/2771 749/779/2772
f 700/729/2773 701/730/2774 751/781/2775 750/780/2776
f 701/730/2777 702/731/2778 752/782/2779 751/781/2780
f 702/731/2781 703/732/2782 753/783/2783 752/782/2784
f 703/732/2785 704/733/2786 754/784/2787 753/783/2788
f 704/733/2789 705/734/2790 755/785/2791 754/784/2792
f 705/734/2793 706/735/2794 756/786/2795 755/785/2796
f 706/735/2797 707/736/2798 757/787/2799 756/786/2800
f 707/736/2801 708/737/2802 758/788/2803 757/787/2804
f 708/737/2805 709/738/2806 759/789/2807 758/788/2808
f 709/738/2809 710/739/2810 760/790/2811 759/789/2812
f 710/739/2813 711/740/2814 761/791/2815 760/790/2816
f 711/740/2817 712/741/2818 762/792/2819 761/791/2820
f 712/741/2821 713/742/2822 763/793/2823 762/792/2824
f 713/742/2825 714/743/2826 764/794/2827 763/793/2828
f 714/743/2829 715/744/2830 765/795/2831 764/794/2832
f 715/744/2833 716/745/2834 766/796/2835 765/795/2836
f 716/745/2837 717/746/2838 767/797/2839 766/796/2840
f 717/746/2841 718/747/2842 768/798/2843 767/797/2844
f 718/747/2845 719/748/2846 769/799/2847 768/798/2848
f 719/748/2849 720/749/2850 770/800/2851 769/799/2852
f 720/749/2853 721/750/2854 771/801/2855 770/800/2856
f 721/750/2857 722/751/2858 772/802/2859 771/801/2860
f 722/751/2861 723/752/2862 773/803/2863 772/802/2864
f 723/752/2865 724/753/2866 774/804/2867 773/803/2868
f 724/753/2869 725/754/2870 775/805/2871 774/804/2872
f 725/754/2873 726/755/2874 776/806/2875 775/805/2876
f 726/755/2877 727/756/2878 777/807/2879 776/806/2880
f 727/756/2881 728/757/2882 778/808/2883 777/807/2884
f 728/757/2885 729/758/2886 779/809/2887 778/808/2888
f 729/758/2889 730/759/2890 780/810/2891 779/809/2892
f 730/759/2893 731/760/2894 781/811/2895 780/810/2896
f 731/760/2897 732/761/2898 782/812/2899 781/811/2900
f 732/761/2901 683/762/2902 733/813/2903 782/812/2904
f 733/764/2905 734/763/2906 784/814/2907 783/815/2908
f 734/763/2909 735/765/2910 785/816/2911 784/814/2912
f 735/765/2913 736/766/2914 786/817/2915 785/816/2916
f 736/766/2917 737/767/2918 787/818/2919 786/817/2920
f 737/767/2921 738/768/2922 788/819/2923 787/818/2924
f 738/768/2925 739/769/2926 789/820/2927 788/819/2928
f 739/769/2929 740/770/2930 790/821/2931 789/820/2932
f 740/770/2933 741/771/2934 791/822/2935 790/821/2936
f 741/771/2937 742/772/2938 792/823/2939 791/822/2940
f 742/772/2941 743/773/2942 793/824/2943 792/823/2944
f 743/773/2945 744/774/2946 794/825/2947 793/824/2948
f 744/774/2949 745/775/2950 795/826/2951 794/825/2952
f 745/775/2953 746/776/2954 796/827/2955 795/826/2956
f 746/776/2957 747/777/2958 797/828/2959 796/827/2960
f 747/777/2961 748/778/2962 798/829/2963 797/828/2964
f 748/778/2965 749/779/2966 799/830/2967 798/829/2968
f 749/779/2969 750/780/2970 800/831/2971 799/830/2972
f 750/780/2973 751/781/2974 801/832/2975 800/831/2976
f 751/781/2977 752/782/2978 802/833/2979 801/832/2980
f 752/782/2981 753/783/2982 803/834/2983 802/833/2984
f 753/783/2985 754/784/2986 804/835/2987 803/834/2988
f 754/784/2989 755/785/2990 805/836/2991 804/835/2992
f 755/785/2993 756/786/2994 806/837/2995 805/836/2996
f 756/786/2997 757/787/2998 807/838/2999 806/837/3000
f 757/787/3001 758/788/3002 808/839/3003 807/838/3004
f 758/788/3005 759/789/3006 809/840/3007 808/839/3008
f 759/789/3009 760/790/3010 810/841/3011 809/840/3012
f 760/790/3013 761/791/3014 811/842/3015 810/841/3016
f 761/791/3017 762/792/3018 812/843/3019 811/842/3020
f 762/792/3021 763/793/3022 813/844/3023 812/843/3024
f 763/793/3025 764/794/3026 814/845/3027 813/844/3028
f 764/794/3029 765/795/3030 815/846/3031 814/845/3032
f 765/795/3033 766/796/3034 816/847/3035 815/846/3036
f 766/796/3037 767/797/3038 817/848/3039 816/847/3040
f 767/797/3041 768/798/3042 818/849/3043 817/848/3044
f 768/798/3045 769/799/3046 819/850/3047 818/849/3048
f 769/799/3049 770/800/3050 820/851/3051 819/850/3052
f 770/800/3053 771/801/3054 821/852/3055 820/851/3056
f 771/801/3057 772/802/3058 822/853/3059 821/852/3060
f 772/802/3061 773/803/3062 823/854/3063 822/853/3064
f 773/803/3065 774/804/3066 824/855/3067 823/854/3068
f 774/804/3069 775/805/3070 825/856/3071 824/855/3072
f 775/805/3073 776/806/3074 826/857/3075 825/856/3076
f 776/806/3077 777/807/3078 827/858/3079 826/857/3080
f 777/807/3081 778/808/3082 828/859/3083 827/858/3084
f 778/808/3085 779/809/3086 829/860/3087 828/859/3088
f 779/809/3089 780/810/3090 830/861/3091 829/860/3092
f 780/810/3093 781/811/3094 831/862/3095 830/861/3096
f 781/811/3097 782/812/3098 832/863/3099 831/862/3100
f 782/812/3101 733/813/3102 783/864/3103 832/863/3104
f 783/815/3105 784/814/3106 834/865/3107 833/866/3108
f 784/814/3109 785/816/3110 835/867/3111 834/865/3112
f 785/816/3113 786/817/3114 836/868/3115 835/867/3116
f 786/817/3117 787/818/3118 837/869/3119 836/868/3120
f 787/818/3121 788/819/3122 838/870/3123 837/869/3124
f 788/819/3125 789/820/3126 839/871/3127 838/870/3128
f 789/820/3129 790/821/3130 840/872/3131 839/871/3132
f 790/821/3133 791/822/3134 841/873/3135 840/872/3136
f 791/822/3137 792/823/3138 842/874/3139 841/873/3140
f 792/823/3141 793/824/3142 843/875/3143 842/874/3144
f 793/824/3145 794/825/3146 844/876/3147 843/875/3148
f 794/825/3149 795/826/3150 845/877/3151 844/876/3152
f 795/826/3153 796/827/3154 846/878/3155 845/877/3156
f 796/827/3157 797/828/3158 847/879/3159 846/878/3160
f 797/828/3161 798/829/3162 848/880/3163 847/879/3164
f 798/829/3165 799/830/3166 849/881/3167 848/880/3168
f 799/830/3169 800/831/3170 850/882/3171 849/881/3172
f 800/831/3173 801/832/3174 851/883/3175 850/882/3176
f 801/832/3177 802/833/3178 852/884/3179 851/883/3180
f 802/833/3181 803/834/3182 853/885/3183 852/884/3184
f 803/834/3185 804/835/3186 854/886/3187 853/885/3188
f 804/835/3189 805/836/3190 855/887/3191 854/886/3192
f 805/836/3193 806/837/3194 856/888/3195 855/887/3196
f 806/837/3197 807/838/3198 857/889/3199 856/888/3200
f 807/838/3201 808/839/3202 858/890/3203 857/889/3204
f 808/839/3205 809/840/3206 859/891/3207 858/890/3208
f 809/840/3209 810/841/3210 860/892/3211 859/891/3212
f 810/841/3213 811/842/3214 861/893/3215 860/892/3216
f 811/842/3217 812/843/3218 862/894/3219 861/893/3220
f 812/843/3221 813/844/3222 863/895/3223 862/894/3224
f 813/844/3225 814/845/3226 864/896/3227 863/895/3228
f 814/845/3229 815/846/3230 865/897/3231 864/896/3232
f 815/846/3233 816/847/3234 866/898/3235 865/897/3236
f 816/847/3237 817/848/3238 867/899/3239 866/898/3240
f 817/848/3241 818/849/3242 868/900/3243 867/899/3244
f 818/849/3245 819/850/3246 869/901/3247 868/900/3248
f 819/850/3249 820/851/3250 870/902/3251 869/901/3252
f 820/851/3253 821/852/3254 871/903/3255 870/902/3256
f 821/852/3257 822/853/3258 872/904/3259 871/903/3260
f 822/853/3261 823/854/3262 873/905/3263 872/904/3264
f 823/854/3265 824/855/3266 874/906/3267 873/905/3268
f 824/855/3269 825/856/3270 875/907/3271 874/906/3272
f 825/856/3273 826/857/3274 876/908/3275 875/907/3276
f 826/857/3277 827/858/3278 877/909/3279 876/908/3280
f 827/858/3281 828/859/3282 878/910/3283 877/909/3284
f 828/859/3285 829/860/3286 879/911/3287 878/910/3288
f 829/860/3289 830/861/3290 880/912/3291 879/911/3292
f 830/861/3293 831/862/3294 881/913/3295 880/912/3296
f 831/862/3297 832/863/3298 882/914/3299 881/913/3300
f 832/863/3301 783/864/3302 833/915/3303 882/914/3304
f 833/866/3305 834/865/3306 884/916/3307 883/917/3308
f 834/865/3309 835/867/3310 885/918/3311 884/916/3312
f 835/867/3313 836/868/3314 886/919/3315 885/918/3316
f 836/868/3317 837/869/3318 887/920/3319 886/919/3320
f 837/869/3321 838/870/3322 888/921/3323 887/920/3324
f 838/870/3325 839/871/3326 889/922/3327 888/921/3328
f 839/871/3329 840/872/3330 890/923/3331 889/922/3332
f 840/872/3333 841/873/3334 891/924/3335 890/923/3336
f 841/873/3337 842/874/3338 892/925/3339 891/924/3340
f 842/874/3341 843/875/3342 893/926/3343 892/925/3344
f 843/875/3345 844/876/3346 894/927/3347 893/926/3348
f 844/876/3349 845/877/3350 895/928/3351 894/927/3352
f 845/877/3353 846/878/3354 896/929/3355 895/928/3356
f 846/878/3357 847/879/3358 897/930/3359 896/929/3360
f 847/879/3361 848/880/3362 898/931/3363 897/930/3364
f 848/880/3365 849/881/3366 899/932/3367 898/931/3368
f 849/881/3369 850/882/3370 900/933/3371 899/932/3372
f 850/882/3373 851/883/3374 901/934/3375 900/933/3376
f 851/883/3377 852/884/3378 902/935/3379 901/934/3380
f 852/884/3381 853/885/3382 903/936/3383 902/935/3384
f 853/885/3385 854/886/3386 904/937/3387 903/936/3388
f 854/886/3389 855/887/3390 905/938/3391 904/937/3392
f 855/887/3393 856/888/3394 906/939/3395 905/938/3396
f 856/888/3397 857/889/3398 907/940/3399 906/939/3400
f 857/889/3401 858/890/3402 908/941/3403 907/940/3404
f 858/890/3405 859/891/3406 909/942/3407 908/941/3408
f 859/891/3409 860/892/3410 910/943/3411 909/942/3412
f 860/892/3413 861/893/3414 911/944/3415 910/943/3416
f 861/893/3417 862/894/3418 912/945/3419 911/944/3420
f 862/894/3421 863/895/3422 913/946/3423 912/945/3424
f 863/895/3425 864/896/3426 914/947/3427 913/946/3428
f 864/896/3429 865/897/3430 915/948/3431 914/947/3432
f 865/897/3433 866/898/3434 916/949/3435 915/948/3436
f 866/898/3437 867/899/3438 917/950/3439 916/949/3440
f 867/899/3441 868/900/3442 918/951/3443 917/950/3444
f 868/900/3445 869/901/3446 919/952/3447 918/951/3448
f 869/901/3449 870/902/3450 920/953/3451 919/952/3452
f 870/902/3453 871/903/3454 921/954/3455 920/953/3456
f 871/903/3457 872/904/3458 922/955/3459 921/954/3460
f 872/904/3461 873/905/3462 923/956/3463 922/955/3464
f 873/905/3465 874/906/3466 924/957/3467 923/956/3468
f 874/906/3469 875/907/3470 925/958/3471 924/957/3472
f 875/907/3473 876/908/3474 926/959/3475 925/958/3476
f 876/908/3477 877/909/3478 927/960/3479 926/959/3480
f 877/909/3481 878/910/3482 928/961/3483 927/960/3484
f 878/910/3485 879/911/3486 929/962/3487 928/961/3488
f 879/911/3489 880/912/3490 930/963/3491 929/962/3492
f 880/912/3493 881/913/3494 931/964/3495 930/963/3496
f 881/913/3497 882/914/3498 932/965/3499 931/964/3500
f 882/914/3501 833/915/3502 883/966/3503 932/965/3504
f 883/917/3505 884/916/3506 934/967/3507 933/968/3508
f 884/916/3509 885/918/3510 935/969/3511 934/967/3512
f 885/918/3513 886/919/3514 936/970/3515 935/969/3516
f 886/919/3517 887/920/3518 937/971/3519 936/970/3520
f 887/920/3521 888/921/3522 938/972/3523 937/971/3524
f 888/921/3525 889/922/3526 939/973/3527 938/972/3528
f 889/922/3529 890/923/3530 940/974/3531 939/973/3532
f 890/923/3533 891/924/3534 941/975/3535 940/974/3536
f 891/924/3537 892/925/3538 942/976/3539 941/975/3540
f 892/925/3541 893/926/3542 943/977/3543 942/976/3544
f 893/926/3545 894/927/3546 944/978/3547 943/977/3548
f 894/927/3549 895/928/3550 945/979/3551 944/978/3552
f 895/928/3553 896/929/3554 946/980/3555 945/979/3556
f 896/929/3557 897/930/3558 947/981/3559 946/980/3560
f 897/930/3561 898/931/3562 948/982/3563 947/981/3564
f 898/931/3565 899/932/3566 949/983/3567 948/982/3568
f 899/932/3569 900/933/3570 950/984/3571 949/983/3572
f 900/933/3573 901/934/3574 951/985/3575 950/984/3576
f 901/934/3577 902/935/3578 952/986/3579 951/985/3580
f 902/935/3581 903/936/3582 953/987/3583 952/986/3584
f 903/936/3585 904/937/3586 954/988/3587 953/987/3588
f 904/937/3589 905/938/3590 955/989/3591 954/988/3592
f 905/938/3593 906/939/3594 956/990/3595 955/989/3596
f 906/939/3597 907/940/3598 957/991/3599 956/990/3600
f 907/940/3601 908/941/3602 958/992/3603 957/991/3604
f 908/941/3605 909/942/3606 959/993/3607 958/992/3608
f 909/942/3609 910/943/3610 960/994/3611 959/993/3612
f 910/943/3613 911/944/3614 961/995/3615 960/994/3616
f 911/944/3617 912/945/3618 962/996/3619 961/995/3620
f 912/945/3621 913/946/3622 963/997/3623 962/996/3624
f 913/946/3625 914/947/3626 964/998/3627 963/997/3628
f 914/947/3629 915/948/3630 965/999/3631 964/998/3632
f 915/948/3633 916/949/3634 966/1000/3635 965/999/3636
f 916/949/3637 917/950/3638 967/1001/3639 966/1000/3640
f 917/950/3641 918/951/3642 968/1002/3643 967/1001/3644
f 918/951/3645 919/952/3646 969/1003/3647 968/1002/3648
f 919/952/3649 920/953/3650 970/1004/3651 969/1003/3652
f 920/953/3653 921/954/3654 971/1005/3655 970/1004/3656
f 921/954/3657 922/955/3658 972/1006/3659 971/1005/3660
f 922/955/3661 923/956/3662 973/1007/3663 972/1006/3664
f 923/956/3665 924/957/3666 974/1008/3667 973/1007/3668
f 924/957/3669 925/958/3670 975/1009/3671 974/1008/3672
f 925/958/3673 926/959/3674 976/1010/3675 975/1009/3676
f 926/959/3677 927/960/3678 977/1011/3679 976/1010/3680
f 927/960/3681 928/961/3682 978/1012/3683 977/1011/3684
f 928/961/3685 929/962/3686 979/1013/3687 978/1012/3688
f 929/962/3689 930/963/3690 980/1014/3691 979/1013/3692
f 930/963/3693 931/964/3694 981/1015/3695 980/1014/3696
f 931/964/3697 932/965/3698 982/1016/3699 981/1015/3700
f 932/965/3701 883/966/3702 933/1017/3703 982/1016/3704
f 34/50/3705 33/49/3706 983/1018/3707
f 35/53/3708 34/50/3709 983/1019/3710
f 36/55/3711 35/53/3712 983/1020/3713
f 37/57/3714 36/55/3715 983/1021/3716
f 38/59/3717 37/57/3718 983/1022/3719
f 39/61/3720 38/59/3721 983/1023/3722
f 40/63/3723 39/61/3724 983/1024/3725
f 41/65/3726 40/63/3727 983/1025/3728
f 42/67/3729 41/65/3730 983/1026/3731
f 43/69/3732 42/67/3733 983/1027/3734
f 44/71/3735 43/69/3736 983/1028/3737
f 45/73/3738 44/71/3739 983/1029/3740
f 46/75/3741 45/73/3742 983/1030/3743
f 47/77/3744 46/75/3745 983/1031/3746
f 48/79/3747 47/77/3748 983/1032/3749
f 49/81/3750 48/79/3751 983/1033/3752
f 50/83/3753 49/81/3754 983/1034/3755
f 51/85/3756 50/83/3757 983/1035/3758
f 52/87/3759 51/85/3760 983/1036/3761
f 53/89/3762 52/87/3763 983/1037/3764
f 54/91/3765 53/89/3766 983/1038/3767
f 55/93/3768 54/91/3769 983/1039/3770
f 56/95/3771 55/93/3772 983/1040/3773
f 57/97/3774 56/95/3775 983/1041/3776
f 58/99/3777 57/97/3778 983/1042/3779
f 59/101/3780 58/99/3781 983/1043/3782
f 60/103/3783 59/101/3784 983/1044/3785
f 61/105/3786 60/103/3787 983/1045/3788
f 62/107/3789 61/105/3790 983/1046/3791
f 63/109/3792 62/107/3793 983/1047/3794
f 64/111/3795 63/109/3796 983/1048/3797
f 65/113/3798 64/111/3799 983/1049/3800
f 66/115/3801 65/113/3802 983/1050/3803
f 67/117/3804 66/115/3805 983/1051/3806
f 68/119/3807 67/117/3808 983/1052/3809
f 69/121/3810 68/119/3811 983/1053/3812
f 70/123/3813 69/121/3814 983/1054/3815
f 71/125/3816 70/123/3817 983/1055/3818
f 72/127/3819 71/125/3820 983/1056/3821
f 73/129/3822 72/127/3823 983/1057/3824
f 74/131/3825 73/129/3826 983/1058/3827
f 75/133/3828 74/131/3829 983/1059/3830
f 76/135/3831 75/133/3832 983/1060/3833
f 77/137/3834 76/135/3835 983/1061/3836
f 78/139/3837 77/137/3838 983/1062/3839
f 79/141/3840 78/139/3841 983/1063/3842
f 80/143/3843 79/141/3844 983/1064/3845
f 81/145/3846 80/143/3847 983/1065/3848
f 82/147/3849 81/145/3850 983/1066/3851
f 33/149/3852 82/147/3853 983/1067/3854
f 933/968/3855 934/967/3856 984/1068/3857
f 934/967/3858 935/969/3859 984/1069/3860
f 935/969/3861 936/970/3862 984/1070/3863
f 936/970/3864 937/971/3865 984/1071/3866
f 937/971/3867 938/972/3868 984/1072/3869
f 938/972/3870 939/973/3871 984/1073/3872
f 939/973/3873 940/974/3874 984/1074/3875
f 940/974/3876 941/975/3877 984/1075/3878
f 941/975/3879 942/976/3880 984/1076/3881
f 942/976/3882 943/977/3883 984/1077/3884
f 943/977/3885 944/978/3886 984/1078/3887
f 944/978/3888 945/979/3889 984/1079/3890
f 945/979/3891 946/980/3892 984/1080/3893
f 946/980/3894 947/981/3895 984/1081/3896
f 947/981/3897 948/982/3898 984/1082/3899
f 948/982/3900 949/983/3901 984/1083/3902
f 949/983/3903 950/984/3904 984/1084/3905
f 950/984/3906 951/985/3907 984/1085/3908
f 951/985/3909 952/986/3910 984/1086/3911
f 952/986/3912 953/987/3913 984/1087/3914
f 953/987/3915 954/988/3916 984/1088/3917
f 954/988/3918 955/989/3919 984/1089/3920
f 955/989/3921 956/990/3922 984/1090/3923
f 956/990/3924 957/991/3925 984/1091/3926
f 957/991/3927 958/992/3928 984/1092/3929
f 958/992/3930 959/993/3931 984/1093/3932
f 959/993/3933 960/994/3934 984/1094/3935
f 960/994/3936 961/995/3937 984/1095/3938
f 961/995/3939 962/996/3940 984/1096/3941
f 962/996/3942 963/997/3943 984/1097/3944
f 963/997/3945 964/998/3946 984/1098/3947
f 964/998/3948 965/999/3949 984/1099/3950
f 965/999/3951 966/1000/3952 984/1100/3953
f 966/1000/3954 967/1001/3955 984/1101/3956
f 967/1001/3957 968/1002/3958 984/1102/3959
f 968/1002/3960 969/1003/3961 984/1103/3962
f 969/1003/3963 970/1004/3964 984/1104/3965
f 970/1004/3966 971/1005/3967 984/1105/3968
f 971/1005/3969 972/1006/3970 984/1106/3971
f 972/1006/3972 973/1007/3973 984/1107/3974
f 973/1007/3975 974/1008/3976 984/1108/3977
f 974/1008/3978 975/1009/3979 984/1109/3980
f 975/1009/3981 976/1010/3982 984/1110/3983
f 976/1010/3984 977/1011/3985 984/1111/3986
f 977/1011/3987 978/1012/3988 984/1112/3989
f 978/1012/3990 979/1013/3991 984/1113/3992
f 979/1013/3993 980/1014/3994 984/1114/3995
f 980/1014/3996 981/1015/3997 984/1115/3998
f 981/1015/3999 982/1016/4000 984/1116/4001
f 982/1016/4002 933/1017/4003 984/1117/4004
g default
v -2.417321 5.128688 -1.979849
v -2.454774 5.879783 -1.964684
v -2.417323 5.170246 -1.873573
v -2.454776 5.903097 -1.860248
v -2.502600 6.839770 -1.945301
v -2.502602 6.839770 -1.843218
v -2.406897 7.657756 -1.831784
v -2.406899 7.657756 -1.743478
v -2.314255 8.449714 -1.614582
v -2.314257 8.450893 -1.552638
v -2.265831 8.863482 -1.501103
v -2.265833 8.865276 -1.452932
v -1.930128 8.884092 -1.452932
v -1.930126 8.882290 -1.501103
v -0.905707 8.939695 -1.501103
v -0.905709 8.941491 -1.452932
v 0.998488 8.939695 -1.501103
v 0.998486 8.941491 -1.452932
v 1.944968 8.882870 -1.501103
v 1.944966 8.884666 -1.452932
v 2.267940 8.863482 -1.501103
v 2.267938 8.865276 -1.452932
v 2.316333 8.450893 -1.552638
v 2.316335 8.449714 -1.614582
v 2.408990 7.657756 -1.831784
v 2.408988 7.657756 -1.743478
v 2.466575 6.839770 -1.843218
v 2.466577 6.839770 -1.945301
v 2.433021 5.903097 -1.860248
v 2.433023 5.879783 -1.964684
v 2.406714 5.128688 -1.979849
v 2.406712 5.170246 -1.873573
v 2.027750 5.170246 -1.873573
v 2.027752 5.128688 -1.979849
v 0.917063 5.128688 -1.979849
v 0.917061 5.170246 -1.873573
v -0.831669 5.170246 -1.873573
v -0.831667 5.128688 -1.979849
v -2.025948 5.170246 -1.873573
v -2.025946 5.128688 -1.979849
v 2.267939 8.865157 -1.456126
v 1.944966 8.884547 -1.456126
v 0.998486 8.941372 -1.456126
v -0.905709 8.941372 -1.456126
v -1.930128 8.883972 -1.456126
v -2.265833 8.865157 -1.456126
v -2.314257 8.450815 -1.556745
v -2.406899 7.657756 -1.749333
v -2.502602 6.839770 -1.849986
v -2.454776 5.901551 -1.867173
v -2.417323 5.167491 -1.880619
v -2.025948 5.167491 -1.880619
v -0.831669 5.167491 -1.880619
v 0.917061 5.167491 -1.880619
v 2.027750 5.167491 -1.880619
v 2.406712 5.167491 -1.880619
v 2.433021 5.901551 -1.867172
v 2.466575 6.839770 -1.849986
v 2.408988 7.657756 -1.749333
v 2.316333 8.450815 -1.556745
v 2.267938 8.863612 -1.497629
v 1.944966 8.883000 -1.497629
v 0.998486 8.939825 -1.497629
v -0.905709 8.939825 -1.497629
v -1.930128 8.882420 -1.497629
v -2.265833 8.863612 -1.497629
v -2.314257 8.449799 -1.610114
v -2.406899 7.657756 -1.825415
v -2.502602 6.839770 -1.937939
v -2.454776 5.881464 -1.957153
v -2.417323 5.131685 -1.972185
v -2.025948 5.131685 -1.972185
v -0.831669 5.131685 -1.972185
v 0.917061 5.131685 -1.972185
v 2.027750 5.131685 -1.972185
v 2.406712 5.131685 -1.972185
v 2.433021 5.881464 -1.957152
v 2.466575 6.839770 -1.937939
v 2.408988 7.657756 -1.825415
v 2.316333 8.449799 -1.610114
vt 0.157355 0.030727
vt 0.157355 0.000000
vt 0.157604 0.000000
vt 0.157604 0.030727
vt 0.157355 0.070000
vt 0.157604 0.070000
vt 0.157355 0.175000
vt 0.157604 0.175000
vt 0.157355 0.224262
vt 0.157604 0.224262
vt 0.157355 0.250000
vt 0.157604 0.250000
vt 0.375000 0.467396
vt 0.393512 0.467396
vt 0.393512 0.467645
vt 0.375000 0.467645
vt 0.450000 0.467645
vt 0.450000 0.467396
vt 0.555000 0.467645
vt 0.555000 0.467396
vt 0.607191 0.467645
vt 0.607191 0.467396
vt 0.625000 0.467645
vt 0.625000 0.467396
vt 0.842396 0.250000
vt 0.842396 0.224262
vt 0.842645 0.224262
vt 0.842645 0.250000
vt 0.842645 0.175000
vt 0.842396 0.175000
vt 0.842396 0.070000
vt 0.842645 0.070000
vt 0.842396 0.030727
vt 0.842645 0.030727
vt 0.842645 0.000000
vt 0.842396 0.000000
vt 0.625000 0.782604
vt 0.607191 0.782604
vt 0.607191 0.782355
vt 0.625000 0.782355
vt 0.555000 0.782355
vt 0.555000 0.782604
vt 0.450000 0.782604
vt 0.450000 0.782355
vt 0.393512 0.782604
vt 0.393512 0.782355
vt 0.375000 0.782355
vt 0.375000 0.782604
vt 0.153848 0.030727
vt 0.153848 0.070000
vt 0.153848 0.175000
vt 0.153848 0.224262
vt 0.375000 0.471152
vt 0.393512 0.471152
vt 0.450000 0.471152
vt 0.555000 0.471152
vt 0.607191 0.471152
vt 0.846152 0.250000
vt 0.846152 0.224262
vt 0.846152 0.175000
vt 0.846152 0.070000
vt 0.846152 0.030727
vt 0.625000 0.778848
vt 0.607191 0.778848
vt 0.555000 0.778848
vt 0.450000 0.778848
vt 0.393512 0.778848
vt 0.153848 0.000000
vt 0.625000 0.470881
vt 0.607191 0.470881
vt 0.555000 0.470881
vt 0.450000 0.470881
vt 0.393512 0.470881
vt 0.375000 0.470881
vt 0.154119 0.250000
vt 0.154119 0.224262
vt 0.154119 0.175000
vt 0.154119 0.070000
vt 0.154119 0.030727
vt 0.154119 0.000000
vt 0.375000 0.779119
vt 0.393512 0.779119
vt 0.450000 0.779119
vt 0.555000 0.779119
vt 0.607191 0.779119
vt 0.625000 0.779119
vt 0.845881 0.000000
vt 0.845881 0.030727
vt 0.845881 0.070000
vt 0.845881 0.175000
vt 0.845881 0.224262
vt 0.845881 0.250000
vt 0.625000 0.471152
vt 0.153848 0.250000
vt 0.375000 0.778848
vt 0.846152 0.000000
vn -0.998560 -0.051278 0.015786
vn -0.998560 -0.051278 0.015786
vn -0.998560 -0.051278 0.015786
vn -0.998560 -0.051278 0.015786
vn -0.999635 0.026847 0.003071
vn -0.998674 -0.050607 0.009473
vn -0.998647 -0.051138 0.009468
vn -0.999618 0.027471 0.003071
vn -0.993218 0.116264 -0.000438
vn -0.999635 0.026847 0.003071
vn -0.999618 0.027471 0.003071
vn -0.993223 0.116222 -0.000442
vn -0.993186 0.116532 -0.001666
vn -0.993218 0.116264 -0.000438
vn -0.993223 0.116222 -0.000442
vn -0.993197 0.116438 -0.001681
vn -0.993134 0.116940 -0.003158
vn -0.993186 0.116532 -0.001666
vn -0.993197 0.116438 -0.001681
vn -0.993148 0.116821 -0.003147
vn -0.055920 0.997741 -0.037232
vn -0.055908 0.997741 -0.037232
vn -0.055908 0.997741 -0.037259
vn -0.055910 0.997741 -0.037247
vn -0.019569 0.999114 -0.037270
vn -0.055908 0.997741 -0.037259
vn -0.055908 0.997741 -0.037232
vn -0.019565 0.999115 -0.037236
vn 0.019900 0.999108 -0.037248
vn -0.019569 0.999114 -0.037270
vn -0.019565 0.999115 -0.037236
vn 0.019898 0.999110 -0.037204
vn 0.059888 0.997512 -0.037189
vn 0.019900 0.999108 -0.037248
vn 0.019898 0.999110 -0.037204
vn 0.059891 0.997514 -0.037135
vn 0.059884 0.997513 -0.037176
vn 0.059888 0.997512 -0.037189
vn 0.059891 0.997514 -0.037135
vn 0.059890 0.997514 -0.037144
vn 0.993161 0.116715 -0.003008
vn 0.993198 0.116423 -0.001633
vn 0.993187 0.116520 -0.001666
vn 0.993142 0.116869 -0.003152
vn 0.995718 0.092439 -0.000440
vn 0.993187 0.116520 -0.001666
vn 0.993198 0.116423 -0.001633
vn 0.995690 0.092747 -0.000444
vn 0.995690 0.092747 -0.000444
vn 0.999902 0.013826 0.002155
vn 0.999907 0.013449 0.002155
vn 0.995718 0.092439 -0.000440
vn 0.999902 0.013826 0.002155
vn 0.999333 -0.035919 0.006652
vn 0.999346 -0.035546 0.006655
vn 0.999907 0.013449 0.002155
vn 0.999304 -0.035664 0.010980
vn 0.999346 -0.035546 0.006655
vn 0.999333 -0.035919 0.006652
vn 0.999288 -0.036047 0.011096
vn 0.000000 -0.931343 0.364142
vn 0.000000 -0.931340 0.364150
vn 0.000000 -0.931328 0.364182
vn 0.000000 -0.931329 0.364180
vn 0.000000 -0.931327 0.364183
vn 0.000000 -0.931328 0.364182
vn 0.000000 -0.931340 0.364150
vn 0.000000 -0.931344 0.364141
vn 0.000000 -0.931344 0.364141
vn 0.000000 -0.931341 0.364148
vn 0.000000 -0.931327 0.364183
vn 0.000000 -0.931327 0.364183
vn 0.000000 -0.931341 0.364148
vn 0.000000 -0.931336 0.364160
vn 0.000000 -0.931327 0.364183
vn 0.000000 -0.931327 0.364183
vn 0.000000 -0.931328 0.364182
vn 0.000000 -0.931327 0.364183
vn 0.000000 -0.931336 0.364160
vn 0.000000 -0.931345 0.364138
vn 0.000000 0.123373 -0.992360
vn 0.000000 0.123373 -0.992360
vn 0.000000 0.123373 -0.992360
vn 0.000000 0.123373 -0.992360
vn 0.000000 0.123373 -0.992360
vn 0.000000 0.123373 -0.992360
vn 0.000000 0.123373 -0.992360
vn 0.000000 0.123373 -0.992360
vn 0.000000 0.123373 -0.992360
vn 0.000000 0.123373 -0.992360
vn 0.000000 0.123373 -0.992360
vn 0.000000 0.123373 -0.992360
vn 0.000000 0.123373 -0.992360
vn 0.000000 0.123373 -0.992360
vn 0.000000 0.123373 -0.992360
vn 0.000000 0.123373 -0.992360
vn 0.000000 0.123373 -0.992360
vn 0.000000 0.123373 -0.992360
vn 0.000000 0.123373 -0.992360
vn 0.000000 0.123373 -0.992360
vn 0.000000 -0.109746 0.993960
vn 0.000000 -0.109746 0.993960
vn 0.000000 -0.109746 0.993960
vn 0.000000 -0.109746 0.993960
vn 0.000000 -0.109746 0.993960
vn 0.000000 -0.109746 0.993960
vn 0.000000 -0.109746 0.993960
vn 0.000000 -0.109746 0.993960
vn 0.000000 -0.109746 0.993960
vn 0.000000 -0.109746 0.993960
vn 0.000000 -0.109746 0.993960
vn 0.000000 -0.109746 0.993960
vn 0.000000 -0.109746 0.993960
vn 0.000000 -0.109746 0.993960
vn 0.000000 -0.109746 0.993960
vn 0.000000 -0.109746 0.993960
vn 0.000000 -0.109746 0.993960
vn 0.000000 -0.109746 0.993960
vn 0.000000 -0.109746 0.993960
vn 0.000000 -0.109746 0.993960
vn 0.059883 0.997513 -0.037181
vn 0.059887 0.997512 -0.037194
vn 0.059888 0.997512 -0.037189
vn 0.059884 0.997513 -0.037176
vn 0.059887 0.997512 -0.037194
vn 0.019931 0.999107 -0.037251
vn 0.019900 0.999108 -0.037248
vn 0.059888 0.997512 -0.037189
vn 0.019931 0.999107 -0.037251
vn -0.019598 0.999113 -0.037272
vn -0.019569 0.999114 -0.037270
vn 0.019900 0.999108 -0.037248
vn -0.019598 0.999113 -0.037272
vn -0.055908 0.997740 -0.037262
vn -0.055908 0.997741 -0.037259
vn -0.019569 0.999114 -0.037270
vn -0.055910 0.997741 -0.037247
vn -0.055908 0.997741 -0.037259
vn -0.055908 0.997740 -0.037262
vn -0.055908 0.997741 -0.037250
vn -0.993131 0.116968 -0.003186
vn -0.993192 0.116483 -0.001433
vn -0.993186 0.116532 -0.001666
vn -0.993134 0.116940 -0.003158
vn -0.993192 0.116483 -0.001433
vn -0.993218 0.116263 -0.000373
vn -0.993218 0.116264 -0.000438
vn -0.993186 0.116532 -0.001666
vn -0.993218 0.116263 -0.000373
vn -0.999791 0.020187 0.003271
vn -0.999635 0.026847 0.003071
vn -0.993218 0.116264 -0.000438
vn -0.999791 0.020187 0.003271
vn -0.998664 -0.050551 0.010699
vn -0.998674 -0.050607 0.009473
vn -0.999635 0.026847 0.003071
vn -0.998664 -0.050551 0.010699
vn -0.998596 -0.050641 0.015558
vn -0.998590 -0.050735 0.015620
vn -0.998674 -0.050607 0.009473
vn 0.000000 -0.931327 0.364185
vn 0.000000 -0.931327 0.364183
vn 0.000000 -0.931327 0.364183
vn 0.000000 -0.931328 0.364182
vn 0.000000 -0.931327 0.364183
vn 0.000000 -0.931327 0.364183
vn 0.000000 -0.931327 0.364183
vn 0.000000 -0.931328 0.364182
vn 0.000000 -0.931327 0.364183
vn 0.000000 -0.931327 0.364183
vn 0.000000 -0.931328 0.364182
vn 0.000000 -0.931328 0.364182
vn 0.000000 -0.931328 0.364182
vn 0.000000 -0.931328 0.364181
vn 0.000000 -0.931328 0.364182
vn 0.000000 -0.931327 0.364183
vn 0.000000 -0.931329 0.364180
vn 0.000000 -0.931328 0.364182
vn 0.000000 -0.931328 0.364181
vn 0.000000 -0.931328 0.364181
vn 0.999306 -0.035598 0.010992
vn 0.999341 -0.035513 0.007555
vn 0.999346 -0.035546 0.006655
vn 0.999304 -0.035664 0.010980
vn 0.999907 0.013449 0.002155
vn 0.999346 -0.035546 0.006655
vn 0.999341 -0.035513 0.007555
vn 0.999955 0.009222 0.002335
vn 0.995718 0.092439 -0.000440
vn 0.999907 0.013449 0.002155
vn 0.999955 0.009222 0.002335
vn 0.996141 0.087768 -0.000320
vn 0.996141 0.087768 -0.000320
vn 0.993194 0.116466 -0.001379
vn 0.993187 0.116520 -0.001666
vn 0.995718 0.092439 -0.000440
vn 0.993142 0.116869 -0.003152
vn 0.993187 0.116520 -0.001666
vn 0.993194 0.116466 -0.001379
vn 0.993140 0.116887 -0.003140
vn 0.059879 0.997512 -0.037211
vn 0.059886 0.997511 -0.037211
vn 0.059887 0.997512 -0.037194
vn 0.059883 0.997513 -0.037181
vn 0.059886 0.997511 -0.037211
vn 0.019944 0.999107 -0.037244
vn 0.019931 0.999107 -0.037251
vn 0.059887 0.997512 -0.037194
vn 0.019944 0.999107 -0.037244
vn -0.019592 0.999114 -0.037262
vn -0.019598 0.999113 -0.037272
vn 0.019931 0.999107 -0.037251
vn -0.019592 0.999114 -0.037262
vn -0.055908 0.997740 -0.037271
vn -0.055908 0.997740 -0.037262
vn -0.019598 0.999113 -0.037272
vn -0.055908 0.997741 -0.037250
vn -0.055908 0.997740 -0.037262
vn -0.055908 0.997740 -0.037271
vn -0.055899 0.997740 -0.037280
vn -0.993098 0.117227 -0.003665
vn -0.993169 0.116671 -0.001778
vn -0.993192 0.116483 -0.001433
vn -0.993131 0.116968 -0.003186
vn -0.993169 0.116671 -0.001778
vn -0.993208 0.116347 -0.000655
vn -0.993218 0.116263 -0.000373
vn -0.993192 0.116483 -0.001433
vn -0.993208 0.116347 -0.000655
vn -0.999808 0.019379 0.003019
vn -0.999791 0.020187 0.003271
vn -0.993218 0.116263 -0.000373
vn -0.999808 0.019379 0.003019
vn -0.998693 -0.050032 0.010461
vn -0.998664 -0.050551 0.010699
vn -0.999791 0.020187 0.003271
vn -0.998693 -0.050032 0.010461
vn -0.998627 -0.050145 0.015173
vn -0.998596 -0.050641 0.015558
vn -0.998664 -0.050551 0.010699
vn 0.000000 -0.931326 0.364186
vn 0.000000 -0.931336 0.364161
vn 0.000000 -0.931327 0.364183
vn 0.000000 -0.931327 0.364185
vn 0.000000 -0.931328 0.364182
vn 0.000000 -0.931327 0.364183
vn 0.000000 -0.931336 0.364161
vn 0.000000 -0.931345 0.364139
vn 0.000000 -0.931328 0.364182
vn 0.000000 -0.931328 0.364182
vn 0.000000 -0.931345 0.364139
vn 0.000000 -0.931348 0.364131
vn 0.000000 -0.931348 0.364131
vn 0.000000 -0.931344 0.364141
vn 0.000000 -0.931328 0.364181
vn 0.000000 -0.931328 0.364182
vn 0.000000 -0.931328 0.364181
vn 0.000000 -0.931328 0.364181
vn 0.000000 -0.931344 0.364141
vn 0.000000 -0.931336 0.364161
vn 0.999316 -0.035256 0.011118
vn 0.999351 -0.035157 0.007807
vn 0.999341 -0.035513 0.007555
vn 0.999306 -0.035598 0.010992
vn 0.999955 0.009222 0.002335
vn 0.999341 -0.035513 0.007555
vn 0.999351 -0.035157 0.007807
vn 0.999959 0.008702 0.002594
vn 0.996141 0.087768 -0.000320
vn 0.999955 0.009222 0.002335
vn 0.999959 0.008702 0.002594
vn 0.996187 0.087243 -0.000016
vn 0.996187 0.087243 -0.000016
vn 0.993195 0.116456 -0.000983
vn 0.993194 0.116466 -0.001379
vn 0.996141 0.087768 -0.000320
vn 0.993140 0.116887 -0.003140
vn 0.993194 0.116466 -0.001379
vn 0.993195 0.116456 -0.000983
vn 0.993141 0.116894 -0.002652
s off
g group1 robot:robotpCube1
usemtl robot:aiStandardSurface1SG
f 1034/1118/4005 1035/1119/4006 987/1120/4007 988/1121/4008
f 1033/1122/4009 1034/1118/4010 988/1121/4011 990/1123/4012
f 1032/1124/4013 1033/1122/4014 990/1123/4015 992/1125/4016
f 1031/1126/4017 1032/1124/4018 992/1125/4019 994/1127/4020
f 1030/1128/4021 1031/1126/4022 994/1127/4023 996/1129/4024
f 996/1130/4025 997/1131/4026 1029/1132/4027 1030/1133/4028
f 1028/1134/4029 1029/1132/4030 997/1131/4031 1000/1135/4032
f 1027/1136/4033 1028/1134/4034 1000/1135/4035 1002/1137/4036
f 1026/1138/4037 1027/1136/4038 1002/1137/4039 1004/1139/4040
f 1025/1140/4041 1026/1138/4042 1004/1139/4043 1006/1141/4044
f 1006/1142/4045 1007/1143/4046 1044/1144/4047 1025/1145/4048
f 1043/1146/4049 1044/1144/4050 1007/1143/4051 1010/1147/4052
f 1010/1147/4053 1011/1148/4054 1042/1149/4055 1043/1146/4056
f 1011/1148/4057 1013/1150/4058 1041/1151/4059 1042/1149/4060
f 1040/1152/4061 1041/1151/4062 1013/1150/4063 1016/1153/4064
f 1016/1154/4065 1017/1155/4066 1039/1156/4067 1040/1157/4068
f 1038/1158/4069 1039/1156/4070 1017/1155/4071 1020/1159/4072
f 1020/1159/4073 1021/1160/4074 1037/1161/4075 1038/1158/4076
f 1021/1160/4077 1023/1162/4078 1036/1163/4079 1037/1161/4080
f 1035/1164/4081 1036/1163/4082 1023/1162/4083 987/1165/4084
f 986/1166/4085 989/1167/4086 991/1168/4087 993/1169/4088 995/1170/4089 998/1171/4090 999/1172/4091 1001/1173/4092 1003/1174/4093 1005/1175/4094 1008/1176/4095 1009/1177/4096 1012/1178/4097 1014/1179/4098 1015/1180/4099 1018/1181/4100 1019/1182/4101 1022/1183/4102 1024/1184/4103 985/1185/4104
f 988/1121/4105 987/1165/4106 1023/1162/4107 1021/1160/4108 1020/1159/4109 1017/1155/4110 1016/1153/4111 1013/1150/4112 1011/1148/4113 1010/1147/4114 1007/1143/4115 1006/1141/4116 1004/1139/4117 1002/1137/4118 1000/1135/4119 997/1131/4120 996/1129/4121 994/1127/4122 992/1125/4123 990/1123/4124
f 1045/1186/4125 1046/1187/4126 1026/1138/4127 1025/1140/4128
f 1046/1187/4129 1047/1188/4130 1027/1136/4131 1026/1138/4132
f 1047/1188/4133 1048/1189/4134 1028/1134/4135 1027/1136/4136
f 1048/1189/4137 1049/1190/4138 1029/1132/4139 1028/1134/4140
f 1030/1133/4141 1029/1132/4142 1049/1190/4143 1050/1191/4144
f 1050/1192/4145 1051/1193/4146 1031/1126/4147 1030/1128/4148
f 1051/1193/4149 1052/1194/4150 1032/1124/4151 1031/1126/4152
f 1052/1194/4153 1053/1195/4154 1033/1122/4155 1032/1124/4156
f 1053/1195/4157 1054/1196/4158 1034/1118/4159 1033/1122/4160
f 1054/1196/4161 1055/1197/4162 1035/1119/4163 1034/1118/4164
f 1055/1198/4165 1056/1199/4166 1036/1163/4167 1035/1164/4168
f 1037/1161/4169 1036/1163/4170 1056/1199/4171 1057/1200/4172
f 1038/1158/4173 1037/1161/4174 1057/1200/4175 1058/1201/4176
f 1058/1201/4177 1059/1202/4178 1039/1156/4179 1038/1158/4180
f 1040/1157/4181 1039/1156/4182 1059/1202/4183 1060/1203/4184
f 1060/1204/4185 1061/1205/4186 1041/1151/4187 1040/1152/4188
f 1042/1149/4189 1041/1151/4190 1061/1205/4191 1062/1206/4192
f 1043/1146/4193 1042/1149/4194 1062/1206/4195 1063/1207/4196
f 1063/1207/4197 1064/1208/4198 1044/1144/4199 1043/1146/4200
f 1025/1145/4201 1044/1144/4202 1064/1208/4203 1045/1209/4204
f 1005/1210/4205 1003/1174/4206 1046/1187/4207 1045/1186/4208
f 1003/1174/4209 1001/1173/4210 1047/1188/4211 1046/1187/4212
f 1001/1173/4213 999/1172/4214 1048/1189/4215 1047/1188/4216
f 999/1172/4217 998/1171/4218 1049/1190/4219 1048/1189/4220
f 1050/1191/4221 1049/1190/4222 998/1171/4223 995/1170/4224
f 995/1211/4225 993/1169/4226 1051/1193/4227 1050/1192/4228
f 993/1169/4229 991/1168/4230 1052/1194/4231 1051/1193/4232
f 991/1168/4233 989/1167/4234 1053/1195/4235 1052/1194/4236
f 989/1167/4237 986/1166/4238 1054/1196/4239 1053/1195/4240
f 986/1166/4241 985/1185/4242 1055/1197/4243 1054/1196/4244
f 985/1212/4245 1024/1184/4246 1056/1199/4247 1055/1198/4248
f 1057/1200/4249 1056/1199/4250 1024/1184/4251 1022/1183/4252
f 1058/1201/4253 1057/1200/4254 1022/1183/4255 1019/1182/4256
f 1019/1182/4257 1018/1181/4258 1059/1202/4259 1058/1201/4260
f 1060/1203/4261 1059/1202/4262 1018/1181/4263 1015/1180/4264
f 1015/1213/4265 1014/1179/4266 1061/1205/4267 1060/1204/4268
f 1062/1206/4269 1061/1205/4270 1014/1179/4271 1012/1178/4272
f 1063/1207/4273 1062/1206/4274 1012/1178/4275 1009/1177/4276
f 1009/1177/4277 1008/1176/4278 1064/1208/4279 1063/1207/4280
f 1045/1209/4281 1064/1208/4282 1008/1176/4283 1005/1175/4284
g default
v 2.040533 7.064749 -2.800858
v 1.979821 7.243916 -2.747814
v 1.881587 7.407063 -2.699514
v 1.750124 7.547060 -2.658067
v 1.591177 7.657791 -2.625285
v 1.411694 7.734415 -2.602600
v 1.219519 7.773582 -2.591004
v 1.023050 7.773582 -2.591004
v 0.830875 7.734415 -2.602600
v 0.651392 7.657791 -2.625285
v 0.492446 7.547060 -2.658067
v 0.360982 7.407063 -2.699514
v 0.262748 7.243916 -2.747814
v 0.202036 7.064749 -2.800858
v 0.181499 6.877395 -2.856324
v 2.061069 6.877395 -2.856324
v 2.040533 6.986742 -2.537368
v 1.979821 7.165908 -2.484325
v 1.881587 7.329055 -2.436024
v 1.750124 7.469053 -2.394577
v 1.591177 7.579783 -2.361795
v 1.411694 7.656408 -2.339110
v 1.219519 7.695575 -2.327514
v 1.023050 7.695575 -2.327514
v 0.830875 7.656408 -2.339110
v 0.651392 7.579783 -2.361795
v 0.492446 7.469053 -2.394577
v 0.360982 7.329055 -2.436024
v 0.262748 7.165908 -2.484325
v 0.202036 6.986742 -2.537368
v 0.181499 6.799388 -2.592835
v 2.061069 6.799388 -2.592835
v 1.829340 7.021705 -2.813601
v 1.782576 7.159709 -2.772744
v 1.706911 7.285373 -2.735541
v 1.605651 7.393207 -2.703616
v 1.483221 7.478499 -2.678365
v 1.344974 7.537519 -2.660892
v 1.196950 7.567688 -2.651960
v 1.045619 7.567688 -2.651960
v 0.897595 7.537519 -2.660892
v 0.759348 7.478499 -2.678365
v 0.636918 7.393207 -2.703616
v 0.535658 7.285373 -2.735541
v 0.459993 7.159709 -2.772744
v 0.413229 7.021705 -2.813601
v 0.397411 6.877395 -2.856324
v 1.845158 6.877395 -2.856324
v 1.829340 6.943698 -2.550112
v 1.782576 7.081702 -2.509255
v 1.706911 7.207366 -2.472051
v 1.605651 7.315200 -2.440126
v 1.483221 7.400491 -2.414875
v 1.344974 7.459511 -2.397402
v 1.196950 7.489681 -2.388471
v 1.045619 7.489681 -2.388471
v 0.897595 7.459511 -2.397402
v 0.759348 7.400491 -2.414875
v 0.636918 7.315200 -2.440126
v 0.535658 7.207366 -2.472051
v 0.459993 7.081702 -2.509255
v 0.413229 6.943698 -2.550112
v 0.397411 6.799388 -2.592835
v 1.845158 6.799388 -2.592835
v 0.181499 6.711261 -2.856325
v 0.181499 6.633253 -2.592835
v 0.397411 6.711261 -2.856325
v 0.397411 6.633253 -2.592835
v 2.061069 6.633253 -2.592835
v 1.845158 6.633253 -2.592835
v 1.845158 6.711261 -2.856325
v 2.061069 6.711261 -2.856325
vt 0.375000 0.312500
vt 0.383333 0.312500
vt 0.383333 0.687500
vt 0.375000 0.687500
vt 0.391667 0.312500
vt 0.391667 0.687500
vt 0.400000 0.312500
vt 0.400000 0.687500
vt 0.408333 0.312500
vt 0.408333 0.687500
vt 0.416667 0.312500
vt 0.416667 0.687500
vt 0.425000 0.312500
vt 0.425000 0.687500
vt 0.433333 0.312500
vt 0.433333 0.687500
vt 0.441667 0.312500
vt 0.441667 0.687500
vt 0.450000 0.312500
vt 0.450000 0.687500
vt 0.458333 0.312500
vt 0.458333 0.687500
vt 0.466667 0.312500
vt 0.466667 0.687500
vt 0.475000 0.312500
vt 0.475000 0.687500
vt 0.483333 0.312500
vt 0.483333 0.687500
vt 0.491667 0.312500
vt 0.491667 0.687500
vt 0.616666 0.312500
vt 0.625000 0.312500
vt 0.625000 0.687500
vt 0.616666 0.687500
vt 0.642742 0.092697
vt 0.652836 0.123764
vt 0.652836 0.123764
vt 0.642742 0.092697
vt 0.626409 0.064408
vt 0.626409 0.064408
vt 0.604552 0.040134
vt 0.604552 0.040134
vt 0.578125 0.020933
vt 0.578125 0.020933
vt 0.548284 0.007647
vt 0.548284 0.007647
vt 0.516333 0.000856
vt 0.516333 0.000856
vt 0.483667 0.000856
vt 0.483667 0.000856
vt 0.451716 0.007647
vt 0.451716 0.007647
vt 0.421875 0.020933
vt 0.421875 0.020933
vt 0.395448 0.040134
vt 0.395448 0.040134
vt 0.373591 0.064408
vt 0.373591 0.064408
vt 0.357258 0.092697
vt 0.357258 0.092697
vt 0.347164 0.123764
vt 0.347164 0.123764
vt 0.343750 0.156250
vt 0.343750 0.156250
vt 0.656250 0.156250
vt 0.656250 0.156250
vt 0.652836 0.876236
vt 0.642742 0.907303
vt 0.642742 0.907303
vt 0.652836 0.876236
vt 0.626409 0.935591
vt 0.626409 0.935591
vt 0.604552 0.959866
vt 0.604552 0.959866
vt 0.578125 0.979066
vt 0.578125 0.979066
vt 0.548284 0.992353
vt 0.548284 0.992353
vt 0.516333 0.999144
vt 0.516333 0.999144
vt 0.483667 0.999144
vt 0.483667 0.999144
vt 0.451716 0.992353
vt 0.451716 0.992353
vt 0.421875 0.979066
vt 0.421875 0.979066
vt 0.395448 0.959866
vt 0.395448 0.959866
vt 0.373591 0.935591
vt 0.373591 0.935591
vt 0.357258 0.907303
vt 0.357258 0.907303
vt 0.347164 0.876236
vt 0.347164 0.876236
vt 0.343750 0.843750
vt 0.343750 0.843750
vt 0.656250 0.843750
vt 0.656250 0.843750
vt 0.491667 0.687500
vt 0.343750 0.156250
vt 0.343750 0.156250
vt 0.343750 0.843750
vt 0.656250 0.843750
vt 0.656250 0.843750
vt 0.656250 0.156250
vt 0.616666 0.312500
vn 0.951057 0.296304 0.087722
vn 0.951057 0.296304 0.087722
vn 0.951057 0.296304 0.087722
vn 0.951057 0.296304 0.087722
vn 0.913546 0.390004 0.115462
vn 0.809016 0.563606 0.166858
vn 0.809016 0.563606 0.166858
vn 0.913546 0.390004 0.115462
vn 0.809016 0.563606 0.166858
vn 0.669130 0.712574 0.210960
vn 0.669130 0.712573 0.210960
vn 0.809016 0.563606 0.166858
vn 0.669130 0.712574 0.210960
vn 0.500001 0.830398 0.245843
vn 0.500002 0.830397 0.245842
vn 0.669130 0.712573 0.210960
vn 0.500001 0.830398 0.245843
vn 0.309018 0.911931 0.269981
vn 0.309018 0.911931 0.269981
vn 0.500002 0.830397 0.245842
vn 0.309018 0.911931 0.269981
vn 0.104529 0.953609 0.282320
vn 0.104528 0.953609 0.282320
vn 0.309018 0.911931 0.269981
vn 0.104529 0.953609 0.282320
vn -0.104529 0.953608 0.282320
vn -0.104528 0.953609 0.282320
vn 0.104528 0.953609 0.282320
vn -0.104529 0.953608 0.282320
vn -0.309018 0.911931 0.269981
vn -0.309018 0.911931 0.269981
vn -0.104528 0.953609 0.282320
vn -0.309018 0.911931 0.269981
vn -0.500001 0.830398 0.245843
vn -0.500002 0.830397 0.245842
vn -0.309018 0.911931 0.269981
vn -0.500001 0.830398 0.245843
vn -0.669130 0.712574 0.210960
vn -0.669130 0.712573 0.210960
vn -0.500002 0.830397 0.245842
vn -0.669130 0.712574 0.210960
vn -0.809016 0.563606 0.166858
vn -0.809016 0.563606 0.166858
vn -0.669130 0.712573 0.210960
vn -0.809016 0.563606 0.166858
vn -0.913546 0.390003 0.115462
vn -0.913546 0.390003 0.115462
vn -0.809016 0.563606 0.166858
vn -0.913546 0.390003 0.115462
vn -0.978148 0.199358 0.059021
vn -0.978148 0.199358 0.059021
vn -0.913546 0.390003 0.115462
vn -0.978148 0.199358 0.059021
vn -0.994522 0.100229 0.029673
vn -0.994522 0.100229 0.029673
vn -0.978148 0.199358 0.059021
vn 0.994522 0.100224 0.029672
vn 0.978148 0.199356 0.059020
vn 0.978148 0.199355 0.059020
vn 0.994522 0.100224 0.029672
vn 0.000001 0.283877 -0.958861
vn 0.000001 0.283877 -0.958861
vn 0.000001 0.283877 -0.958861
vn 0.000001 0.283877 -0.958861
vn 0.000000 0.283876 -0.958861
vn 0.000000 0.283876 -0.958861
vn 0.000000 0.283876 -0.958861
vn 0.000000 0.283876 -0.958861
vn 0.000000 0.283876 -0.958861
vn 0.000000 0.283876 -0.958861
vn 0.000000 0.283876 -0.958861
vn 0.000000 0.283876 -0.958861
vn 0.000002 0.283876 -0.958861
vn 0.000002 0.283876 -0.958861
vn 0.000002 0.283876 -0.958861
vn 0.000002 0.283876 -0.958861
vn 0.000002 0.283876 -0.958861
vn 0.000002 0.283876 -0.958861
vn 0.000002 0.283876 -0.958861
vn 0.000002 0.283876 -0.958861
vn -0.000003 0.283876 -0.958861
vn -0.000003 0.283876 -0.958861
vn -0.000003 0.283876 -0.958861
vn -0.000003 0.283876 -0.958861
vn 0.000000 0.283876 -0.958861
vn 0.000000 0.283876 -0.958861
vn 0.000000 0.283876 -0.958861
vn 0.000000 0.283876 -0.958861
vn 0.000003 0.283876 -0.958861
vn 0.000003 0.283876 -0.958861
vn 0.000003 0.283876 -0.958861
vn 0.000003 0.283876 -0.958861
vn -0.000002 0.283876 -0.958861
vn -0.000002 0.283876 -0.958861
vn -0.000002 0.283876 -0.958861
vn -0.000002 0.283876 -0.958861
vn -0.000002 0.283876 -0.958861
vn -0.000002 0.283876 -0.958861
vn -0.000002 0.283876 -0.958861
vn -0.000002 0.283876 -0.958861
vn 0.000000 0.283876 -0.958861
vn 0.000000 0.283876 -0.958861
vn 0.000000 0.283876 -0.958861
vn 0.000000 0.283876 -0.958861
vn 0.000000 0.283876 -0.958861
vn 0.000000 0.283876 -0.958861
vn 0.000000 0.283876 -0.958861
vn 0.000000 0.283876 -0.958861
vn -0.000001 0.283877 -0.958861
vn -0.000001 0.283877 -0.958861
vn -0.000001 0.283877 -0.958861
vn -0.000001 0.283877 -0.958861
vn -0.000001 0.283874 -0.958862
vn -0.000001 0.283874 -0.958862
vn -0.000001 0.283874 -0.958862
vn -0.000001 0.283874 -0.958862
vn 0.000001 0.283874 -0.958862
vn 0.000001 0.283874 -0.958862
vn 0.000001 0.283874 -0.958862
vn 0.000001 0.283874 -0.958862
vn -0.000002 -0.283875 0.958861
vn -0.000002 -0.283875 0.958861
vn -0.000002 -0.283875 0.958861
vn -0.000002 -0.283875 0.958861
vn 0.000002 -0.283878 0.958860
vn 0.000002 -0.283878 0.958860
vn 0.000002 -0.283878 0.958860
vn 0.000002 -0.283878 0.958860
vn 0.000000 -0.283876 0.958861
vn 0.000000 -0.283876 0.958861
vn 0.000000 -0.283876 0.958861
vn 0.000000 -0.283876 0.958861
vn -0.000001 -0.283874 0.958862
vn -0.000001 -0.283874 0.958862
vn -0.000001 -0.283874 0.958862
vn -0.000001 -0.283874 0.958862
vn 0.000001 -0.283873 0.958862
vn 0.000001 -0.283873 0.958862
vn 0.000001 -0.283873 0.958862
vn 0.000001 -0.283873 0.958862
vn 0.000000 -0.283876 0.958861
vn 0.000000 -0.283876 0.958861
vn 0.000000 -0.283876 0.958861
vn 0.000000 -0.283876 0.958861
vn 0.000000 -0.283878 0.958860
vn 0.000000 -0.283878 0.958860
vn 0.000000 -0.283878 0.958860
vn 0.000000 -0.283878 0.958860
vn 0.000000 -0.283876 0.958861
vn 0.000000 -0.283876 0.958861
vn 0.000000 -0.283876 0.958861
vn 0.000000 -0.283876 0.958861
vn -0.000001 -0.283873 0.958862
vn -0.000001 -0.283873 0.958862
vn -0.000001 -0.283873 0.958862
vn -0.000001 -0.283873 0.958862
vn 0.000001 -0.283874 0.958862
vn 0.000001 -0.283874 0.958862
vn 0.000001 -0.283874 0.958862
vn 0.000001 -0.283874 0.958862
vn 0.000000 -0.283876 0.958861
vn 0.000000 -0.283876 0.958861
vn 0.000000 -0.283876 0.958861
vn 0.000000 -0.283876 0.958861
vn -0.000002 -0.283878 0.958860
vn -0.000002 -0.283878 0.958860
vn -0.000002 -0.283878 0.958860
vn -0.000002 -0.283878 0.958860
vn 0.000002 -0.283875 0.958861
vn 0.000002 -0.283875 0.958861
vn 0.000002 -0.283875 0.958861
vn 0.000002 -0.283875 0.958861
vn 0.000001 -0.283874 0.958862
vn 0.000001 -0.283874 0.958862
vn 0.000001 -0.283874 0.958862
vn 0.000001 -0.283874 0.958862
vn -0.000001 -0.283874 0.958862
vn -0.000001 -0.283874 0.958862
vn -0.000001 -0.283874 0.958862
vn -0.000001 -0.283874 0.958862
vn -0.978148 -0.199355 -0.059020
vn -0.978148 -0.199356 -0.059020
vn -0.994522 -0.100224 -0.029672
vn -0.994522 -0.100224 -0.029672
vn -0.809015 -0.563607 -0.166858
vn -0.809016 -0.563606 -0.166858
vn -0.913546 -0.390003 -0.115462
vn -0.913545 -0.390005 -0.115462
vn -0.913545 -0.390005 -0.115462
vn -0.913546 -0.390003 -0.115462
vn -0.978148 -0.199356 -0.059020
vn -0.978148 -0.199355 -0.059020
vn -0.669131 -0.712572 -0.210960
vn -0.669131 -0.712572 -0.210961
vn -0.809016 -0.563606 -0.166858
vn -0.809015 -0.563607 -0.166858
vn -0.500002 -0.830397 -0.245844
vn -0.500001 -0.830397 -0.245844
vn -0.669131 -0.712572 -0.210961
vn -0.669131 -0.712572 -0.210960
vn -0.309018 -0.911931 -0.269982
vn -0.309018 -0.911931 -0.269982
vn -0.500001 -0.830397 -0.245844
vn -0.500002 -0.830397 -0.245844
vn -0.104530 -0.953609 -0.282320
vn -0.104530 -0.953609 -0.282320
vn -0.309018 -0.911931 -0.269982
vn -0.309018 -0.911931 -0.269982
vn 0.104530 -0.953609 -0.282320
vn 0.104530 -0.953609 -0.282320
vn -0.104530 -0.953609 -0.282320
vn -0.104530 -0.953609 -0.282320
vn 0.309018 -0.911931 -0.269982
vn 0.309018 -0.911931 -0.269982
vn 0.104530 -0.953609 -0.282320
vn 0.104530 -0.953609 -0.282320
vn 0.500002 -0.830397 -0.245844
vn 0.500002 -0.830397 -0.245844
vn 0.309018 -0.911931 -0.269982
vn 0.309018 -0.911931 -0.269982
vn 0.669131 -0.712572 -0.210961
vn 0.669131 -0.712573 -0.210961
vn 0.500002 -0.830397 -0.245844
vn 0.500002 -0.830397 -0.245844
vn 0.809016 -0.563607 -0.166858
vn 0.809016 -0.563606 -0.166858
vn 0.669131 -0.712573 -0.210961
vn 0.669131 -0.712572 -0.210961
vn 0.913545 -0.390004 -0.115462
vn 0.913546 -0.390003 -0.115462
vn 0.809016 -0.563606 -0.166858
vn 0.809016 -0.563607 -0.166858
vn 0.978148 -0.199358 -0.059021
vn 0.978148 -0.199358 -0.059021
vn 0.913546 -0.390003 -0.115462
vn 0.913545 -0.390004 -0.115462
vn 0.994522 -0.100228 -0.029673
vn 0.994522 -0.100228 -0.029673
vn 0.978148 -0.199358 -0.059021
vn 0.978148 -0.199358 -0.059021
vn 0.000000 -0.958861 -0.283877
vn 0.000000 -0.958861 -0.283877
vn 0.000000 -0.958861 -0.283877
vn 0.000000 -0.958861 -0.283877
vn 0.000000 -0.958861 -0.283877
vn 0.000000 -0.958861 -0.283877
vn 0.000000 -0.958861 -0.283877
vn 0.000000 -0.958861 -0.283877
vn -1.000000 0.000000 0.000000
vn -1.000000 0.000000 0.000000
vn -1.000000 0.000000 0.000000
vn -1.000000 0.000000 0.000000
vn 0.000000 0.000000 -1.000000
vn 0.000000 0.000000 -1.000000
vn 0.000000 0.000000 -1.000000
vn 0.000000 0.000000 -1.000000
vn 1.000000 -0.000000 0.000000
vn 1.000000 -0.000000 0.000000
vn 1.000000 -0.000000 0.000000
vn 1.000000 -0.000000 0.000000
vn 0.000000 -0.000000 1.000000
vn 0.000000 -0.000000 1.000000
vn 0.000000 -0.000000 1.000000
vn 0.000000 -0.000000 1.000000
vn 0.000000 0.000000 1.000000
vn 0.000000 0.000000 1.000000
vn 0.000000 0.000000 1.000000
vn 0.000000 0.000000 1.000000
vn -1.000000 0.000000 0.000000
vn -1.000000 0.000000 0.000000
vn -1.000000 0.000000 0.000000
vn -1.000000 0.000000 0.000000
vn -0.000000 0.000000 -1.000000
vn -0.000000 0.000000 -1.000000
vn -0.000000 0.000000 -1.000000
vn -0.000000 0.000000 -1.000000
vn 1.000000 -0.000000 0.000000
vn 1.000000 -0.000000 0.000000
vn 1.000000 -0.000000 0.000000
vn 1.000000 -0.000000 0.000000
s off
g group1 robot:robotpCylinder8
usemtl robot:aiStandardSurface1SG
f 1065/1214/4285 1066/1215/4286 1082/1216/4287 1081/1217/4288
f 1066/1215/4289 1067/1218/4290 1083/1219/4291 1082/1216/4292
f 1067/1218/4293 1068/1220/4294 1084/1221/4295 1083/1219/4296
f 1068/1220/4297 1069/1222/4298 1085/1223/4299 1084/1221/4300
f 1069/1222/4301 1070/1224/4302 1086/1225/4303 1085/1223/4304
f 1070/1224/4305 1071/1226/4306 1087/1227/4307 1086/1225/4308
f 1071/1226/4309 1072/1228/4310 1088/1229/4311 1087/1227/4312
f 1072/1228/4313 1073/1230/4314 1089/1231/4315 1088/1229/4316
f 1073/1230/4317 1074/1232/4318 1090/1233/4319 1089/1231/4320
f 1074/1232/4321 1075/1234/4322 1091/1235/4323 1090/1233/4324
f 1075/1234/4325 1076/1236/4326 1092/1237/4327 1091/1235/4328
f 1076/1236/4329 1077/1238/4330 1093/1239/4331 1092/1237/4332
f 1077/1238/4333 1078/1240/4334 1094/1241/4335 1093/1239/4336
f 1078/1240/4337 1079/1242/4338 1095/1243/4339 1094/1241/4340
f 1080/1244/4341 1065/1245/4342 1081/1246/4343 1096/1247/4344
f 1066/1248/4345 1065/1249/4346 1097/1250/4347 1098/1251/4348
f 1067/1252/4349 1066/1248/4350 1098/1251/4351 1099/1253/4352
f 1068/1254/4353 1067/1252/4354 1099/1253/4355 1100/1255/4356
f 1069/1256/4357 1068/1254/4358 1100/1255/4359 1101/1257/4360
f 1070/1258/4361 1069/1256/4362 1101/1257/4363 1102/1259/4364
f 1071/1260/4365 1070/1258/4366 1102/1259/4367 1103/1261/4368
f 1072/1262/4369 1071/1260/4370 1103/1261/4371 1104/1263/4372
f 1073/1264/4373 1072/1262/4374 1104/1263/4375 1105/1265/4376
f 1074/1266/4377 1073/1264/4378 1105/1265/4379 1106/1267/4380
f 1075/1268/4381 1074/1266/4382 1106/1267/4383 1107/1269/4384
f 1076/1270/4385 1075/1268/4386 1107/1269/4387 1108/1271/4388
f 1077/1272/4389 1076/1270/4390 1108/1271/4391 1109/1273/4392
f 1078/1274/4393 1077/1272/4394 1109/1273/4395 1110/1275/4396
f 1079/1276/4397 1078/1274/4398 1110/1275/4399 1111/1277/4400
f 1065/1249/4401 1080/1278/4402 1112/1279/4403 1097/1250/4404
f 1081/1280/4405 1082/1281/4406 1114/1282/4407 1113/1283/4408
f 1082/1281/4409 1083/1284/4410 1115/1285/4411 1114/1282/4412
f 1083/1284/4413 1084/1286/4414 1116/1287/4415 1115/1285/4416
f 1084/1286/4417 1085/1288/4418 1117/1289/4419 1116/1287/4420
f 1085/1288/4421 1086/1290/4422 1118/1291/4423 1117/1289/4424
f 1086/1290/4425 1087/1292/4426 1119/1293/4427 1118/1291/4428
f 1087/1292/4429 1088/1294/4430 1120/1295/4431 1119/1293/4432
f 1088/1294/4433 1089/1296/4434 1121/1297/4435 1120/1295/4436
f 1089/1296/4437 1090/1298/4438 1122/1299/4439 1121/1297/4440
f 1090/1298/4441 1091/1300/4442 1123/1301/4443 1122/1299/4444
f 1091/1300/4445 1092/1302/4446 1124/1303/4447 1123/1301/4448
f 1092/1302/4449 1093/1304/4450 1125/1305/4451 1124/1303/4452
f 1093/1304/4453 1094/1306/4454 1126/1307/4455 1125/1305/4456
f 1094/1306/4457 1095/1308/4458 1127/1309/4459 1126/1307/4460
f 1096/1310/4461 1081/1280/4462 1113/1283/4463 1128/1311/4464
f 1113/1283/4465 1097/1250/4466 1112/1279/4467 1128/1311/4468
f 1115/1285/4469 1099/1253/4470 1098/1251/4471 1114/1282/4472
f 1114/1282/4473 1098/1251/4474 1097/1250/4475 1113/1283/4476
f 1116/1287/4477 1100/1255/4478 1099/1253/4479 1115/1285/4480
f 1117/1289/4481 1101/1257/4482 1100/1255/4483 1116/1287/4484
f 1118/1291/4485 1102/1259/4486 1101/1257/4487 1117/1289/4488
f 1119/1293/4489 1103/1261/4490 1102/1259/4491 1118/1291/4492
f 1120/1295/4493 1104/1263/4494 1103/1261/4495 1119/1293/4496
f 1121/1297/4497 1105/1265/4498 1104/1263/4499 1120/1295/4500
f 1122/1299/4501 1106/1267/4502 1105/1265/4503 1121/1297/4504
f 1123/1301/4505 1107/1269/4506 1106/1267/4507 1122/1299/4508
f 1124/1303/4509 1108/1271/4510 1107/1269/4511 1123/1301/4512
f 1125/1305/4513 1109/1273/4514 1108/1271/4515 1124/1303/4516
f 1126/1307/4517 1110/1275/4518 1109/1273/4519 1125/1305/4520
f 1127/1309/4521 1111/1277/4522 1110/1275/4523 1126/1307/4524
f 1130/1312/4525 1129/1313/4526 1131/1314/4527 1132/1315/4528
f 1133/1316/4529 1134/1317/4530 1135/1318/4531 1136/1319/4532
f 1095/1243/4533 1079/1276/4534 1129/1313/4535 1130/1312/4536
f 1079/1276/4537 1111/1277/4538 1131/1314/4539 1129/1313/4540
f 1111/1277/4541 1127/1309/4542 1132/1315/4543 1131/1314/4544
f 1127/1309/4545 1095/1243/4546 1130/1312/4547 1132/1315/4548
f 1096/1310/4549 1128/1311/4550 1134/1317/4551 1133/1316/4552
f 1128/1311/4553 1112/1279/4554 1135/1318/4555 1134/1317/4556
f 1112/1279/4557 1080/1244/4558 1136/1319/4559 1135/1318/4560
f 1080/1244/4561 1096/1310/4562 1133/1316/4563 1136/1319/4564
g default
v -0.016623 3.360161 -1.938099
v -0.641152 4.096071 -1.848206
v -1.429993 4.273081 -1.794993
v -1.885119 4.667322 -1.628428
v 0.017198 3.360161 -1.938099
v -0.622058 4.120924 -1.848206
v -1.409090 4.296427 -1.794993
v -1.853780 4.667322 -1.628428
v -0.016622 3.360161 -2.053279
v -0.641152 4.096071 -1.963386
v -0.622058 4.120924 -1.963386
v 0.017198 3.360161 -2.053279
v -1.429993 4.273081 -1.910172
v -1.409090 4.296427 -1.910172
v -1.885119 4.667322 -1.743607
v -1.853780 4.667322 -1.743607
vt 0.375000 0.312500
vt 0.391667 0.312500
vt 0.391667 0.687500
vt 0.375000 0.687500
vt 0.408333 0.312500
vt 0.408333 0.687500
vt 0.425000 0.312500
vt 0.425000 0.687500
vt 0.375000 0.312500
vt 0.391667 0.312500
vt 0.391667 0.687500
vt 0.375000 0.687500
vt 0.408333 0.312500
vt 0.408333 0.687500
vt 0.425000 0.312500
vt 0.425000 0.687500
vt 0.375000 0.312500
vt 0.391667 0.312500
vt 0.391667 0.687500
vt 0.375000 0.687500
vt 0.408333 0.312500
vt 0.408333 0.687500
vt 0.425000 0.312500
vt 0.425000 0.687500
vn -0.040215 0.085626 -0.995516
vn -0.040215 0.085626 -0.995516
vn -0.040215 0.085626 -0.995515
vn -0.040215 0.085626 -0.995515
vn -0.048152 0.067261 -0.996573
vn -0.090807 0.164033 -0.982266
vn -0.079605 0.125274 -0.988923
vn -0.046953 0.070042 -0.996439
vn -0.090807 0.164033 -0.982266
vn -0.121728 0.272398 -0.954454
vn -0.121728 0.272398 -0.954454
vn -0.079605 0.125274 -0.988923
vn -0.040219 0.085627 -0.995515
vn -0.048151 0.067261 -0.996573
vn -0.046952 0.070042 -0.996439
vn -0.040219 0.085627 -0.995515
vn -0.048151 0.067261 -0.996573
vn -0.090806 0.164033 -0.982266
vn -0.079605 0.125274 -0.988923
vn -0.046952 0.070042 -0.996439
vn -0.090806 0.164033 -0.982266
vn -0.121729 0.272398 -0.954453
vn -0.121729 0.272398 -0.954453
vn -0.079605 0.125274 -0.988923
vn -0.762448 -0.647050 -0.000005
vn -0.762447 -0.647050 -0.000005
vn -0.762448 -0.647050 -0.000005
vn -0.762448 -0.647050 -0.000005
vn 0.765598 0.643319 -0.000002
vn 0.765598 0.643319 -0.000002
vn 0.765598 0.643319 -0.000002
vn 0.765598 0.643319 -0.000002
vn 0.000000 -1.000000 0.000000
vn 0.000000 -1.000000 0.000000
vn 0.000000 -1.000000 0.000000
vn 0.000000 -1.000000 0.000000
vn -0.218947 -0.975737 0.000000
vn -0.218947 -0.975737 0.000000
vn -0.218947 -0.975737 0.000000
vn -0.218947 -0.975737 0.000000
vn 0.217648 0.976027 0.000000
vn 0.217648 0.976027 0.000000
vn 0.217648 0.976027 0.000000
vn 0.217648 0.976027 0.000000
vn -0.654740 -0.755854 0.000000
vn -0.654740 -0.755854 0.000000
vn -0.654740 -0.755854 0.000000
vn -0.654740 -0.755854 0.000000
vn 0.640511 0.767949 0.000000
vn 0.640511 0.767949 0.000000
vn 0.640511 0.767949 0.000000
vn 0.640511 0.767949 0.000000
s off
g group1 robot:robotpCylinder13
usemtl robot:aiStandardSurface1SG
f 1145/1320/4565 1146/1321/4566 1147/1322/4567 1148/1323/4568
f 1146/1321/4569 1149/1324/4570 1150/1325/4571 1147/1322/4572
f 1149/1324/4573 1151/1326/4574 1152/1327/4575 1150/1325/4576
f 1137/1328/4577 1138/1329/4578 1142/1330/4579 1141/1331/4580
f 1138/1329/4581 1139/1332/4582 1143/1333/4583 1142/1330/4584
f 1139/1332/4585 1140/1334/4586 1144/1335/4587 1143/1333/4588
f 1137/1336/4589 1138/1337/4590 1146/1321/4591 1145/1320/4592
f 1142/1338/4593 1141/1339/4594 1148/1323/4595 1147/1322/4596
f 1141/1339/4597 1137/1336/4598 1145/1320/4599 1148/1323/4600
f 1138/1337/4601 1139/1340/4602 1149/1324/4603 1146/1321/4604
f 1143/1341/4605 1142/1338/4606 1147/1322/4607 1150/1325/4608
f 1139/1340/4609 1140/1342/4610 1151/1326/4611 1149/1324/4612
f 1144/1343/4613 1143/1341/4614 1150/1325/4615 1152/1327/4616
g default
v 0.662435 4.209205 -0.104919
v 0.637867 4.209205 -0.207255
v 0.597592 4.209205 -0.304488
v 0.542602 4.209205 -0.394223
v 0.474251 4.209205 -0.474251
v 0.394223 4.209205 -0.542602
v 0.304488 4.209205 -0.597591
v 0.207256 4.209205 -0.637867
v 0.104920 4.209205 -0.662435
v 0.000000 4.209205 -0.670693
v -0.104919 4.209205 -0.662435
v -0.207255 4.209205 -0.637867
v -0.304488 4.209205 -0.597592
v -0.394223 4.209205 -0.542602
v -0.474251 4.209205 -0.474251
v -0.542602 4.209205 -0.394223
v -0.597591 4.209205 -0.304488
v -0.637867 4.209205 -0.207256
v -0.662435 4.209205 -0.104920
v -0.670693 4.209205 0.000000
v -0.662435 4.209205 0.104919
v -0.637867 4.209205 0.207255
v -0.597591 4.209205 0.304488
v -0.542602 4.209205 0.394223
v -0.474251 4.209205 0.474251
v -0.394223 4.209205 0.542602
v -0.304488 4.209205 0.597591
v -0.207255 4.209205 0.637866
v -0.104919 4.209205 0.662435
v 0.000000 4.209205 0.670692
v 0.104919 4.209205 0.662435
v 0.207255 4.209205 0.637866
v 0.304488 4.209205 0.597591
v 0.394223 4.209205 0.542602
v 0.474251 4.209205 0.474251
v 0.542602 4.209205 0.394223
v 0.597591 4.209205 0.304488
v 0.637866 4.209205 0.207255
v 0.662435 4.209205 0.104919
v 0.670692 4.209205 0.000000
v 0.662435 6.209205 -0.104919
v 0.637867 6.209205 -0.207255
v 0.597592 6.209205 -0.304488
v 0.542602 6.209205 -0.394223
v 0.474251 6.209205 -0.474251
v 0.394223 6.209205 -0.542602
v 0.304488 6.209205 -0.597591
v 0.207256 6.209205 -0.637867
v 0.104920 6.209205 -0.662435
v 0.000000 6.209205 -0.670693
v -0.104919 6.209205 -0.662435
v -0.207255 6.209205 -0.637867
v -0.304488 6.209205 -0.597592
v -0.394223 6.209205 -0.542602
v -0.474251 6.209205 -0.474251
v -0.542602 6.209205 -0.394223
v -0.597591 6.209205 -0.304488
v -0.637867 6.209205 -0.207256
v -0.662435 6.209205 -0.104920
v -0.670693 6.209205 0.000000
v -0.662435 6.209205 0.104919
v -0.637867 6.209205 0.207255
v -0.597591 6.209205 0.304488
v -0.542602 6.209205 0.394223
v -0.474251 6.209205 0.474251
v -0.394223 6.209205 0.542602
v -0.304488 6.209205 0.597591
v -0.207255 6.209205 0.637866
v -0.104919 6.209205 0.662435
v 0.000000 6.209205 0.670692
v 0.104919 6.209205 0.662435
v 0.207255 6.209205 0.637866
v 0.304488 6.209205 0.597591
v 0.394223 6.209205 0.542602
v 0.474251 6.209205 0.474251
v 0.542602 6.209205 0.394223
v 0.597591 6.209205 0.304488
v 0.637866 6.209205 0.207255
v 0.662435 6.209205 0.104919
v 0.670692 6.209205 0.000000
v 0.000000 4.209205 0.000000
v 0.000000 6.209205 0.000000
vt 0.375000 0.312500
vt 0.381250 0.312500
vt 0.381250 0.687500
vt 0.375000 0.687500
vt 0.387500 0.312500
vt 0.387500 0.687500
vt 0.393750 0.312500
vt 0.393750 0.687500
vt 0.400000 0.312500
vt 0.400000 0.687500
vt 0.406250 0.312500
vt 0.406250 0.687500
vt 0.412500 0.312500
vt 0.412500 0.687500
vt 0.418750 0.312500
vt 0.418750 0.687500
vt 0.425000 0.312500
vt 0.425000 0.687500
vt 0.431250 0.312500
vt 0.431250 0.687500
vt 0.437500 0.312500
vt 0.437500 0.687500
vt 0.443750 0.312500
vt 0.443750 0.687500
vt 0.450000 0.312500
vt 0.450000 0.687500
vt 0.456250 0.312500
vt 0.456250 0.687500
vt 0.462500 0.312500
vt 0.462500 0.687500
vt 0.468750 0.312500
vt 0.468750 0.687500
vt 0.475000 0.312500
vt 0.475000 0.687500
vt 0.481250 0.312500
vt 0.481250 0.687500
vt 0.487500 0.312500
vt 0.487500 0.687500
vt 0.493750 0.312500
vt 0.493750 0.687500
vt 0.500000 0.312500
vt 0.500000 0.687500
vt 0.506250 0.312500
vt 0.506250 0.687500
vt 0.512500 0.312500
vt 0.512500 0.687500
vt 0.518750 0.312500
vt 0.518750 0.687500
vt 0.525000 0.312500
vt 0.525000 0.687500
vt 0.531250 0.312500
vt 0.531250 0.687500
vt 0.537500 0.312500
vt 0.537500 0.687500
vt 0.543750 0.312500
vt 0.543750 0.687500
vt 0.550000 0.312500
vt 0.550000 0.687500
vt 0.556250 0.312500
vt 0.556250 0.687500
vt 0.562500 0.312500
vt 0.562500 0.687500
vt 0.568750 0.312500
vt 0.568750 0.687500
vt 0.575000 0.312500
vt 0.575000 0.687500
vt 0.581250 0.312500
vt 0.581250 0.687500
vt 0.587500 0.312500
vt 0.587500 0.687500
vt 0.593750 0.312500
vt 0.593750 0.687500
vt 0.600000 0.312500
vt 0.600000 0.687500
vt 0.606250 0.312500
vt 0.606250 0.687500
vt 0.612500 0.312500
vt 0.612500 0.687500
vt 0.618750 0.312500
vt 0.618750 0.687500
vt 0.625000 0.312500
vt 0.625000 0.687500
vt 0.648603 0.107966
vt 0.654326 0.131807
vt 0.500000 0.156250
vt 0.639220 0.085314
vt 0.626409 0.064409
vt 0.610486 0.045765
vt 0.591842 0.029841
vt 0.570936 0.017030
vt 0.548284 0.007647
vt 0.524443 0.001924
vt 0.500000 -0.000000
vt 0.475557 0.001924
vt 0.451716 0.007647
vt 0.429064 0.017030
vt 0.408159 0.029841
vt 0.389515 0.045764
vt 0.373591 0.064408
vt 0.360780 0.085314
vt 0.351397 0.107966
vt 0.345674 0.131807
vt 0.343750 0.156250
vt 0.345674 0.180693
vt 0.351397 0.204534
vt 0.360780 0.227186
vt 0.373591 0.248091
vt 0.389515 0.266735
vt 0.408159 0.282659
vt 0.429064 0.295470
vt 0.451716 0.304853
vt 0.475557 0.310576
vt 0.500000 0.312500
vt 0.524443 0.310576
vt 0.548284 0.304853
vt 0.570936 0.295470
vt 0.591841 0.282659
vt 0.610485 0.266735
vt 0.626409 0.248091
vt 0.639220 0.227186
vt 0.648603 0.204534
vt 0.654326 0.180693
vt 0.656250 0.156250
vt 0.654326 0.868193
vt 0.648603 0.892034
vt 0.500000 0.843750
vt 0.639220 0.914686
vt 0.626409 0.935591
vt 0.610485 0.954235
vt 0.591841 0.970159
vt 0.570936 0.982970
vt 0.548284 0.992353
vt 0.524443 0.998076
vt 0.500000 1.000000
vt 0.475557 0.998076
vt 0.451716 0.992353
vt 0.429064 0.982970
vt 0.408159 0.970159
vt 0.389515 0.954235
vt 0.373591 0.935591
vt 0.360780 0.914686
vt 0.351397 0.892034
vt 0.345674 0.868193
vt 0.343750 0.843750
vt 0.345674 0.819307
vt 0.351397 0.795466
vt 0.360780 0.772814
vt 0.373591 0.751908
vt 0.389515 0.733264
vt 0.408159 0.717341
vt 0.429064 0.704530
vt 0.451716 0.695147
vt 0.475557 0.689424
vt 0.500000 0.687500
vt 0.524443 0.689424
vt 0.548284 0.695147
vt 0.570936 0.704530
vt 0.591842 0.717341
vt 0.610486 0.733265
vt 0.626409 0.751909
vt 0.639220 0.772814
vt 0.648603 0.795466
vt 0.654326 0.819307
vt 0.656250 0.843750
vn 0.972371 0.000000 -0.233439
vn 0.972371 0.000000 -0.233439
vn 0.972371 0.000000 -0.233439
vn 0.972371 0.000000 -0.233439
vn 0.951056 0.000000 -0.309017
vn 0.891007 0.000000 -0.453990
vn 0.891007 0.000000 -0.453990
vn 0.951056 0.000000 -0.309017
vn 0.891007 0.000000 -0.453990
vn 0.809017 0.000000 -0.587785
vn 0.809017 0.000000 -0.587785
vn 0.891007 0.000000 -0.453990
vn 0.809017 0.000000 -0.587785
vn 0.707107 0.000000 -0.707107
vn 0.707107 0.000000 -0.707107
vn 0.809017 0.000000 -0.587785
vn 0.707107 0.000000 -0.707107
vn 0.587785 0.000000 -0.809017
vn 0.587785 0.000000 -0.809017
vn 0.707107 0.000000 -0.707107
vn 0.587785 0.000000 -0.809017
vn 0.453991 0.000000 -0.891006
vn 0.453991 0.000000 -0.891006
vn 0.587785 0.000000 -0.809017
vn 0.453991 0.000000 -0.891006
vn 0.309017 0.000000 -0.951056
vn 0.309017 0.000000 -0.951056
vn 0.453991 0.000000 -0.891006
vn 0.309017 0.000000 -0.951056
vn 0.156435 0.000000 -0.987688
vn 0.156435 0.000000 -0.987688
vn 0.309017 0.000000 -0.951056
vn 0.156435 0.000000 -0.987688
vn 0.000000 0.000000 -1.000000
vn 0.000000 0.000000 -1.000000
vn 0.156435 0.000000 -0.987688
vn 0.000000 0.000000 -1.000000
vn -0.156434 0.000000 -0.987688
vn -0.156434 0.000000 -0.987688
vn 0.000000 0.000000 -1.000000
vn -0.156434 0.000000 -0.987688
vn -0.309017 0.000000 -0.951056
vn -0.309017 0.000000 -0.951056
vn -0.156434 0.000000 -0.987688
vn -0.309017 0.000000 -0.951056
vn -0.453990 0.000000 -0.891007
vn -0.453990 0.000000 -0.891007
vn -0.309017 0.000000 -0.951056
vn -0.453990 0.000000 -0.891007
vn -0.587785 0.000000 -0.809017
vn -0.587785 0.000000 -0.809017
vn -0.453990 0.000000 -0.891007
vn -0.587785 0.000000 -0.809017
vn -0.707107 0.000000 -0.707107
vn -0.707107 0.000000 -0.707107
vn -0.587785 0.000000 -0.809017
vn -0.707107 0.000000 -0.707107
vn -0.809017 0.000000 -0.587785
vn -0.809017 0.000000 -0.587785
vn -0.707107 0.000000 -0.707107
vn -0.809017 0.000000 -0.587785
vn -0.891006 0.000000 -0.453991
vn -0.891006 0.000000 -0.453991
vn -0.809017 0.000000 -0.587785
vn -0.891006 0.000000 -0.453991
vn -0.951056 0.000000 -0.309017
vn -0.951056 0.000000 -0.309017
vn -0.891006 0.000000 -0.453991
vn -0.951056 0.000000 -0.309017
vn -0.987688 0.000000 -0.156434
vn -0.987688 0.000000 -0.156434
vn -0.951056 0.000000 -0.309017
vn -0.987688 0.000000 -0.156434
vn -1.000000 0.000000 0.000000
vn -1.000000 0.000000 0.000000
vn -0.987688 0.000000 -0.156434
vn -1.000000 0.000000 0.000000
vn -0.987688 0.000000 0.156434
vn -0.987688 0.000000 0.156434
vn -1.000000 0.000000 0.000000
vn -0.987688 0.000000 0.156434
vn -0.951056 0.000000 0.309017
vn -0.951056 0.000000 0.309017
vn -0.987688 0.000000 0.156434
vn -0.951056 0.000000 0.309017
vn -0.891007 0.000000 0.453990
vn -0.891007 0.000000 0.453990
vn -0.951056 0.000000 0.309017
vn -0.891007 0.000000 0.453990
vn -0.809017 0.000000 0.587785
vn -0.809017 0.000000 0.587785
vn -0.891007 0.000000 0.453990
vn -0.809017 0.000000 0.587785
vn -0.707107 0.000000 0.707107
vn -0.707107 0.000000 0.707107
vn -0.809017 0.000000 0.587785
vn -0.707107 0.000000 0.707107
vn -0.587785 0.000000 0.809017
vn -0.587785 0.000000 0.809017
vn -0.707107 0.000000 0.707107
vn -0.587785 0.000000 0.809017
vn -0.453991 0.000000 0.891006
vn -0.453991 0.000000 0.891006
vn -0.587785 0.000000 0.809017
vn -0.453991 0.000000 0.891006
vn -0.309017 0.000000 0.951056
vn -0.309017 0.000000 0.951056
vn -0.453991 0.000000 0.891006
vn -0.309017 0.000000 0.951056
vn -0.156434 0.000000 0.987688
vn -0.156434 0.000000 0.987688
vn -0.309017 0.000000 0.951056
vn -0.156434 0.000000 0.987688
vn 0.000000 0.000000 1.000000
vn 0.000000 0.000000 1.000000
vn -0.156434 0.000000 0.987688
vn 0.000000 0.000000 1.000000
vn 0.156434 0.000000 0.987688
vn 0.156434 0.000000 0.987688
vn 0.000000 0.000000 1.000000
vn 0.156434 0.000000 0.987688
vn 0.309017 0.000000 0.951056
vn 0.309017 0.000000 0.951056
vn 0.156434 0.000000 0.987688
vn 0.309017 0.000000 0.951056
vn 0.453990 0.000000 0.891007
vn 0.453990 0.000000 0.891007
vn 0.309017 0.000000 0.951056
vn 0.453990 0.000000 0.891007
vn 0.587785 0.000000 0.809017
vn 0.587785 0.000000 0.809017
vn 0.453990 0.000000 0.891007
vn 0.587785 0.000000 0.809017
vn 0.707107 0.000000 0.707107
vn 0.707107 0.000000 0.707107
vn 0.587785 0.000000 0.809017
vn 0.707107 0.000000 0.707107
vn 0.809017 0.000000 0.587785
vn 0.809017 0.000000 0.587785
vn 0.707107 0.000000 0.707107
vn 0.809017 0.000000 0.587785
vn 0.891007 0.000000 0.453990
vn 0.891007 0.000000 0.453990
vn 0.809017 0.000000 0.587785
vn 0.891007 0.000000 0.453990
vn 0.951057 0.000000 0.309017
vn 0.951057 0.000000 0.309017
vn 0.891007 0.000000 0.453990
vn 0.951057 0.000000 0.309017
vn 0.987688 0.000000 0.156434
vn 0.987688 0.000000 0.156434
vn 0.951057 0.000000 0.309017
vn 0.987688 0.000000 0.156434
vn 1.000000 0.000000 0.000002
vn 1.000000 0.000000 0.000002
vn 0.987688 0.000000 0.156434
vn 1.000000 0.000000 0.000002
vn 0.987689 0.000000 -0.156432
vn 0.987689 0.000000 -0.156432
vn 1.000000 0.000000 0.000002
vn 0.000000 -1.000000 0.000000
vn 0.000000 -1.000000 0.000000
vn 0.000000 -1.000000 0.000000
vn 0.000000 -1.000000 0.000000
vn 0.000000 -1.000000 0.000000
vn 0.000000 -1.000000 0.000000
vn 0.000000 -1.000000 0.000000
vn 0.000000 -1.000000 0.000000
vn 0.000000 -1.000000 0.000000
vn 0.000000 -1.000000 0.000000
vn 0.000000 -1.000000 0.000000
vn 0.000000 -1.000000 0.000000
vn 0.000000 -1.000000 0.000000
vn 0.000000 -1.000000 0.000000
vn 0.000000 -1.000000 0.000000
vn 0.000000 -1.000000 0.000000
vn 0.000000 -1.000000 0.000000
vn 0.000000 -1.000000 0.000000
vn 0.000000 -1.000000 0.000000
vn 0.000000 -1.000000 0.000000
vn 0.000000 -1.000000 0.000000
vn 0.000000 -1.000000 0.000000
vn 0.000000 -1.000000 0.000000
vn 0.000000 -1.000000 0.000000
vn 0.000000 -1.000000 0.000000
vn 0.000000 -1.000000 0.000000
vn 0.000000 -1.000000 0.000000
vn 0.000000 -1.000000 0.000000
vn 0.000000 -1.000000 0.000000
vn 0.000000 -1.000000 0.000000
vn 0.000000 -1.000000 0.000000
vn 0.000000 -1.000000 0.000000
vn 0.000000 -1.000000 0.000000
vn 0.000000 -1.000000 0.000000
vn 0.000000 -1.000000 0.000000
vn 0.000000 -1.000000 0.000000
vn 0.000000 -1.000000 0.000000
vn 0.000000 -1.000000 0.000000
vn 0.000000 -1.000000 0.000000
vn 0.000000 -1.000000 0.000000
vn 0.000000 -1.000000 0.000000
vn 0.000000 -1.000000 0.000000
vn 0.000000 -1.000000 0.000000
vn 0.000000 -1.000000 0.000000
vn 0.000000 -1.000000 0.000000
vn 0.000000 -1.000000 0.000000
vn 0.000000 -1.000000 0.000000
vn 0.000000 -1.000000 0.000000
vn 0.000000 -1.000000 0.000000
vn 0.000000 -1.000000 0.000000
vn 0.000000 -1.000000 0.000000
vn 0.000000 -1.000000 0.000000
vn 0.000000 -1.000000 0.000000
vn 0.000000 -1.000000 0.000000
vn 0.000000 -1.000000 0.000000
vn 0.000000 -1.000000 0.000000
vn 0.000000 -1.000000 0.000000
vn 0.000000 -1.000000 0.000000
vn 0.000000 -1.000000 0.000000
vn 0.000000 -1.000000 0.000000
vn 0.000000 -1.000000 0.000000
vn 0.000000 -1.000000 0.000000
vn 0.000000 -1.000000 0.000000
vn 0.000000 -1.000000 0.000000
vn 0.000000 -1.000000 0.000000
vn 0.000000 -1.000000 0.000000
vn 0.000000 -1.000000 0.000000
vn 0.000000 -1.000000 0.000000
vn 0.000000 -1.000000 0.000000
vn 0.000000 -1.000000 0.000000
vn 0.000000 -1.000000 0.000000
vn 0.000000 -1.000000 0.000000
vn 0.000000 -1.000000 0.000000
vn 0.000000 -1.000000 0.000000
vn 0.000000 -1.000000 0.000000
vn 0.000000 -1.000000 0.000000
vn 0.000000 -1.000000 0.000000
vn 0.000000 -1.000000 0.000000
vn 0.000000 -1.000000 0.000000
vn 0.000000 -1.000000 0.000000
vn 0.000000 -1.000000 0.000000
vn 0.000000 -1.000000 0.000000
vn 0.000000 -1.000000 0.000000
vn 0.000000 -1.000000 0.000000
vn 0.000000 -1.000000 0.000000
vn 0.000000 -1.000000 0.000000
vn 0.000000 -1.000000 0.000000
vn 0.000000 -1.000000 0.000000
vn 0.000000 -1.000000 0.000000
vn 0.000000 -1.000000 0.000000
vn 0.000000 -1.000000 0.000000
vn 0.000000 -1.000000 0.000000
vn 0.000000 -1.000000 0.000000
vn 0.000000 -1.000000 0.000000
vn 0.000000 -1.000000 0.000000
vn 0.000000 -1.000000 0.000000
vn 0.000000 -1.000000 0.000000
vn 0.000000 -1.000000 0.000000
vn 0.000000 -1.000000 0.000000
vn 0.000000 -1.000000 0.000000
vn 0.000000 -1.000000 0.000000
vn 0.000000 -1.000000 0.000000
vn 0.000000 -1.000000 0.000000
vn 0.000000 -1.000000 0.000000
vn 0.000000 -1.000000 0.000000
vn 0.000000 -1.000000 0.000000
vn 0.000000 -1.000000 0.000000
vn 0.000000 -1.000000 0.000000
vn 0.000000 -1.000000 0.000000
vn 0.000000 -1.000000 0.000000
vn 0.000000 -1.000000 0.000000
vn 0.000000 -1.000000 0.000000
vn 0.000000 -1.000000 0.000000
vn 0.000000 -1.000000 0.000000
vn 0.000000 -1.000000 0.000000
vn 0.000000 -1.000000 0.000000
vn 0.000000 -1.000000 0.000000
vn 0.000000 -1.000000 0.000000
vn 0.000000 -1.000000 0.000000
vn 0.000000 -1.000000 0.000000
vn 0.000000 1.000000 0.000000
vn 0.000000 1.000000 0.000000
vn 0.000000 1.000000 0.000000
vn 0.000000 1.000000 0.000000
vn 0.000000 1.000000 0.000000
vn 0.000000 1.000000 0.000000
vn 0.000000 1.000000 0.000000
vn 0.000000 1.000000 0.000000
vn 0.000000 1.000000 0.000000
vn 0.000000 1.000000 0.000000
vn 0.000000 1.000000 0.000000
vn 0.000000 1.000000 0.000000
vn 0.000000 1.000000 0.000000
vn 0.000000 1.000000 0.000000
vn 0.000000 1.000000 0.000000
vn 0.000000 1.000000 0.000000
vn 0.000000 1.000000 0.000000
vn 0.000000 1.000000 0.000000
vn 0.000000 1.000000 0.000000
vn 0.000000 1.000000 0.000000
vn 0.000000 1.000000 0.000000
vn 0.000000 1.000000 0.000000
vn 0.000000 1.000000 0.000000
vn 0.000000 1.000000 0.000000
vn 0.000000 1.000000 0.000000
vn 0.000000 1.000000 0.000000
vn 0.000000 1.000000 0.000000
vn 0.000000 1.000000 0.000000
vn 0.000000 1.000000 0.000000
vn 0.000000 1.000000 0.000000
vn 0.000000 1.000000 0.000000
vn 0.000000 1.000000 0.000000
vn 0.000000 1.000000 0.000000
vn 0.000000 1.000000 0.000000
vn 0.000000 1.000000 0.000000
vn 0.000000 1.000000 0.000000
vn 0.000000 1.000000 0.000000
vn 0.000000 1.000000 0.000000
vn 0.000000 1.000000 0.000000
vn 0.000000 1.000000 0.000000
vn 0.000000 1.000000 0.000000
vn 0.000000 1.000000 0.000000
vn 0.000000 1.000000 0.000000
vn 0.000000 1.000000 0.000000
vn 0.000000 1.000000 0.000000
vn 0.000000 1.000000 0.000000
vn 0.000000 1.000000 0.000000
vn 0.000000 1.000000 0.000000
vn 0.000000 1.000000 0.000000
vn 0.000000 1.000000 0.000000
vn 0.000000 1.000000 0.000000
vn 0.000000 1.000000 0.000000
vn 0.000000 1.000000 0.000000
vn 0.000000 1.000000 0.000000
vn 0.000000 1.000000 0.000000
vn 0.000000 1.000000 0.000000
vn 0.000000 1.000000 0.000000
vn 0.000000 1.000000 0.000000
vn 0.000000 1.000000 0.000000
vn 0.000000 1.000000 0.000000
vn 0.000000 1.000000 0.000000
vn 0.000000 1.000000 0.000000
vn 0.000000 1.000000 0.000000
vn 0.000000 1.000000 0.000000
vn 0.000000 1.000000 0.000000
vn 0.000000 1.000000 0.000000
vn 0.000000 1.000000 0.000000
vn 0.000000 1.000000 0.000000
vn 0.000000 1.000000 0.000000
vn 0.000000 1.000000 0.000000
vn 0.000000 1.000000 0.000000
vn 0.000000 1.000000 0.000000
vn 0.000000 1.000000 0.000000
vn 0.000000 1.000000 0.000000
vn 0.000000 1.000000 0.000000
vn 0.000000 1.000000 0.000000
vn 0.000000 1.000000 0.000000
vn 0.000000 1.000000 0.000000
vn 0.000000 1.000000 0.000000
vn 0.000000 1.000000 0.000000
vn 0.000000 1.000000 0.000000
vn 0.000000 1.000000 0.000000
vn 0.000000 1.000000 0.000000
vn 0.000000 1.000000 0.000000
vn 0.000000 1.000000 0.000000
vn 0.000000 1.000000 0.000000
vn 0.000000 1.000000 0.000000
vn 0.000000 1.000000 0.000000
vn 0.000000 1.000000 0.000000
vn 0.000000 1.000000 0.000000
vn 0.000000 1.000000 0.000000
vn 0.000000 1.000000 0.000000
vn 0.000000 1.000000 0.000000
vn 0.000000 1.000000 0.000000
vn 0.000000 1.000000 0.000000
vn 0.000000 1.000000 0.000000
vn 0.000000 1.000000 0.000000
vn 0.000000 1.000000 0.000000
vn 0.000000 1.000000 0.000000
vn 0.000000 1.000000 0.000000
vn 0.000000 1.000000 0.000000
vn 0.000000 1.000000 0.000000
vn 0.000000 1.000000 0.000000
vn 0.000000 1.000000 0.000000
vn 0.000000 1.000000 0.000000
vn 0.000000 1.000000 0.000000
vn 0.000000 1.000000 0.000000
vn 0.000000 1.000000 0.000000
vn 0.000000 1.000000 0.000000
vn 0.000000 1.000000 0.000000
vn 0.000000 1.000000 0.000000
vn 0.000000 1.000000 0.000000
vn 0.000000 1.000000 0.000000
vn 0.000000 1.000000 0.000000
vn 0.000000 1.000000 0.000000
vn 0.000000 1.000000 0.000000
vn 0.000000 1.000000 0.000000
vn 0.000000 1.000000 0.000000
vn 0.000000 1.000000 0.000000
vn 0.000000 1.000000 0.000000
s off
g group1 robot:robotpCylinder4
usemtl robot:aiStandardSurface3SG
f 1153/1344/4617 1154/1345/4618 1194/1346/4619 1193/1347/4620
f 1154/1345/4621 1155/1348/4622 1195/1349/4623 1194/1346/4624
f 1155/1348/4625 1156/1350/4626 1196/1351/4627 1195/1349/4628
f 1156/1350/4629 1157/1352/4630 1197/1353/4631 1196/1351/4632
f 1157/1352/4633 1158/1354/4634 1198/1355/4635 1197/1353/4636
f 1158/1354/4637 1159/1356/4638 1199/1357/4639 1198/1355/4640
f 1159/1356/4641 1160/1358/4642 1200/1359/4643 1199/1357/4644
f 1160/1358/4645 1161/1360/4646 1201/1361/4647 1200/1359/4648
f 1161/1360/4649 1162/1362/4650 1202/1363/4651 1201/1361/4652
f 1162/1362/4653 1163/1364/4654 1203/1365/4655 1202/1363/4656
f 1163/1364/4657 1164/1366/4658 1204/1367/4659 1203/1365/4660
f 1164/1366/4661 1165/1368/4662 1205/1369/4663 1204/1367/4664
f 1165/1368/4665 1166/1370/4666 1206/1371/4667 1205/1369/4668
f 1166/1370/4669 1167/1372/4670 1207/1373/4671 1206/1371/4672
f 1167/1372/4673 1168/1374/4674 1208/1375/4675 1207/1373/4676
f 1168/1374/4677 1169/1376/4678 1209/1377/4679 1208/1375/4680
f 1169/1376/4681 1170/1378/4682 1210/1379/4683 1209/1377/4684
f 1170/1378/4685 1171/1380/4686 1211/1381/4687 1210/1379/4688
f 1171/1380/4689 1172/1382/4690 1212/1383/4691 1211/1381/4692
f 1172/1382/4693 1173/1384/4694 1213/1385/4695 1212/1383/4696
f 1173/1384/4697 1174/1386/4698 1214/1387/4699 1213/1385/4700
f 1174/1386/4701 1175/1388/4702 1215/1389/4703 1214/1387/4704
f 1175/1388/4705 1176/1390/4706 1216/1391/4707 1215/1389/4708
f 1176/1390/4709 1177/1392/4710 1217/1393/4711 1216/1391/4712
f 1177/1392/4713 1178/1394/4714 1218/1395/4715 1217/1393/4716
f 1178/1394/4717 1179/1396/4718 1219/1397/4719 1218/1395/4720
f 1179/1396/4721 1180/1398/4722 1220/1399/4723 1219/1397/4724
f 1180/1398/4725 1181/1400/4726 1221/1401/4727 1220/1399/4728
f 1181/1400/4729 1182/1402/4730 1222/1403/4731 1221/1401/4732
f 1182/1402/4733 1183/1404/4734 1223/1405/4735 1222/1403/4736
f 1183/1404/4737 1184/1406/4738 1224/1407/4739 1223/1405/4740
f 1184/1406/4741 1185/1408/4742 1225/1409/4743 1224/1407/4744
f 1185/1408/4745 1186/1410/4746 1226/1411/4747 1225/1409/4748
f 1186/1410/4749 1187/1412/4750 1227/1413/4751 1226/1411/4752
f 1187/1412/4753 1188/1414/4754 1228/1415/4755 1227/1413/4756
f 1188/1414/4757 1189/1416/4758 1229/1417/4759 1228/1415/4760
f 1189/1416/4761 1190/1418/4762 1230/1419/4763 1229/1417/4764
f 1190/1418/4765 1191/1420/4766 1231/1421/4767 1230/1419/4768
f 1191/1420/4769 1192/1422/4770 1232/1423/4771 1231/1421/4772
f 1192/1422/4773 1153/1424/4774 1193/1425/4775 1232/1423/4776
f 1154/1426/4777 1153/1427/4778 1233/1428/4779
f 1155/1429/4780 1154/1426/4781 1233/1428/4782
f 1156/1430/4783 1155/1429/4784 1233/1428/4785
f 1157/1431/4786 1156/1430/4787 1233/1428/4788
f 1158/1432/4789 1157/1431/4790 1233/1428/4791
f 1159/1433/4792 1158/1432/4793 1233/1428/4794
f 1160/1434/4795 1159/1433/4796 1233/1428/4797
f 1161/1435/4798 1160/1434/4799 1233/1428/4800
f 1162/1436/4801 1161/1435/4802 1233/1428/4803
f 1163/1437/4804 1162/1436/4805 1233/1428/4806
f 1164/1438/4807 1163/1437/4808 1233/1428/4809
f 1165/1439/4810 1164/1438/4811 1233/1428/4812
f 1166/1440/4813 1165/1439/4814 1233/1428/4815
f 1167/1441/4816 1166/1440/4817 1233/1428/4818
f 1168/1442/4819 1167/1441/4820 1233/1428/4821
f 1169/1443/4822 1168/1442/4823 1233/1428/4824
f 1170/1444/4825 1169/1443/4826 1233/1428/4827
f 1171/1445/4828 1170/1444/4829 1233/1428/4830
f 1172/1446/4831 1171/1445/4832 1233/1428/4833
f 1173/1447/4834 1172/1446/4835 1233/1428/4836
f 1174/1448/4837 1173/1447/4838 1233/1428/4839
f 1175/1449/4840 1174/1448/4841 1233/1428/4842
f 1176/1450/4843 1175/1449/4844 1233/1428/4845
f 1177/1451/4846 1176/1450/4847 1233/1428/4848
f 1178/1452/4849 1177/1451/4850 1233/1428/4851
f 1179/1453/4852 1178/1452/4853 1233/1428/4854
f 1180/1454/4855 1179/1453/4856 1233/1428/4857
f 1181/1455/4858 1180/1454/4859 1233/1428/4860
f 1182/1456/4861 1181/1455/4862 1233/1428/4863
f 1183/1457/4864 1182/1456/4865 1233/1428/4866
f 1184/1458/4867 1183/1457/4868 1233/1428/4869
f 1185/1459/4870 1184/1458/4871 1233/1428/4872
f 1186/1460/4873 1185/1459/4874 1233/1428/4875
f 1187/1461/4876 1186/1460/4877 1233/1428/4878
f 1188/1462/4879 1187/1461/4880 1233/1428/4881
f 1189/1463/4882 1188/1462/4883 1233/1428/4884
f 1190/1464/4885 1189/1463/4886 1233/1428/4887
f 1191/1465/4888 1190/1464/4889 1233/1428/4890
f 1192/1466/4891 1191/1465/4892 1233/1428/4893
f 1153/1427/4894 1192/1466/4895 1233/1428/4896
f 1193/1467/4897 1194/1468/4898 1234/1469/4899
f 1194/1468/4900 1195/1470/4901 1234/1469/4902
f 1195/1470/4903 1196/1471/4904 1234/1469/4905
f 1196/1471/4906 1197/1472/4907 1234/1469/4908
f 1197/1472/4909 1198/1473/4910 1234/1469/4911
f 1198/1473/4912 1199/1474/4913 1234/1469/4914
f 1199/1474/4915 1200/1475/4916 1234/1469/4917
f 1200/1475/4918 1201/1476/4919 1234/1469/4920
f 1201/1476/4921 1202/1477/4922 1234/1469/4923
f 1202/1477/4924 1203/1478/4925 1234/1469/4926
f 1203/1478/4927 1204/1479/4928 1234/1469/4929
f 1204/1479/4930 1205/1480/4931 1234/1469/4932
f 1205/1480/4933 1206/1481/4934 1234/1469/4935
f 1206/1481/4936 1207/1482/4937 1234/1469/4938
f 1207/1482/4939 1208/1483/4940 1234/1469/4941
f 1208/1483/4942 1209/1484/4943 1234/1469/4944
f 1209/1484/4945 1210/1485/4946 1234/1469/4947
f 1210/1485/4948 1211/1486/4949 1234/1469/4950
f 1211/1486/4951 1212/1487/4952 1234/1469/4953
f 1212/1487/4954 1213/1488/4955 1234/1469/4956
f 1213/1488/4957 1214/1489/4958 1234/1469/4959
f 1214/1489/4960 1215/1490/4961 1234/1469/4962
f 1215/1490/4963 1216/1491/4964 1234/1469/4965
f 1216/1491/4966 1217/1492/4967 1234/1469/4968
f 1217/1492/4969 1218/1493/4970 1234/1469/4971
f 1218/1493/4972 1219/1494/4973 1234/1469/4974
f 1219/1494/4975 1220/1495/4976 1234/1469/4977
f 1220/1495/4978 1221/1496/4979 1234/1469/4980
f 1221/1496/4981 1222/1497/4982 1234/1469/4983
f 1222/1497/4984 1223/1498/4985 1234/1469/4986
f 1223/1498/4987 1224/1499/4988 1234/1469/4989
f 1224/1499/4990 1225/1500/4991 1234/1469/4992
f 1225/1500/4993 1226/1501/4994 1234/1469/4995
f 1226/1501/4996 1227/1502/4997 1234/1469/4998
f 1227/1502/4999 1228/1503/5000 1234/1469/5001
f 1228/1503/5002 1229/1504/5003 1234/1469/5004
f 1229/1504/5005 1230/1505/5006 1234/1469/5007
f 1230/1505/5008 1231/1506/5009 1234/1469/5010
f 1231/1506/5011 1232/1507/5012 1234/1469/5013
f 1232/1507/5014 1193/1467/5015 1234/1469/5016
g default
v -2.868943 4.119291 1.751113
v -2.254541 4.119291 1.751113
v -2.868943 2.968218 -3.800147
v -2.254541 2.968218 -3.800147
v -2.868943 2.076976 -3.206188
v -2.254541 2.076976 -3.206188
v -2.868943 4.805663 -0.959908
v -2.868943 2.520074 -0.226514
v -2.254541 2.520074 -0.226514
v -2.254541 4.805663 -0.959908
v -2.868943 2.038198 -2.483959
v -2.868943 3.519334 -3.102619
v -2.254541 3.519334 -3.102619
v -2.254541 2.038198 -2.483959
v -2.868943 4.154591 -2.197350
v -2.868943 2.199242 -1.522665
v -2.254541 2.199242 -1.522665
v -2.254541 4.154591 -2.197350
v -2.868943 5.130790 0.441030
v -2.868943 3.050685 1.174423
v -2.254541 3.050685 1.174423
v -2.254541 5.130790 0.441030
v -2.868943 5.060219 1.082741
v -2.868943 3.602992 1.673824
v -2.254541 3.602992 1.673824
v -2.254541 5.060219 1.082741
v -2.868943 4.652808 1.670011
v -2.868943 4.377634 1.440257
v -2.868943 4.050351 0.826542
v -2.868943 3.600467 -0.574396
v -2.868943 3.184232 -1.870547
v -2.868943 2.832492 -2.815730
v -2.868943 2.430840 -3.810923
v -2.254541 2.430840 -3.810923
v -2.254541 2.832492 -2.815730
v -2.254541 3.184232 -1.870547
v -2.254541 3.600466 -0.574396
v -2.254541 4.050351 0.826542
v -2.254541 4.377635 1.440257
v -2.254541 4.652808 1.670011
v -2.868943 2.786042 0.633986
v -2.868943 3.853233 0.212718
v -2.868943 5.020489 -0.172794
v -2.254541 5.020489 -0.172794
v -2.254541 3.853233 0.212718
v -2.254541 2.786042 0.633986
v -2.868943 2.038782 -2.517436
v -2.868943 2.818393 -2.849667
v -2.868943 3.494388 -3.133112
v -2.254541 3.494388 -3.133112
v -2.254541 2.818393 -2.849667
v -2.254541 2.038782 -2.517436
v -2.856190 2.061421 -2.527084
v -2.856190 2.817256 -2.848113
v -2.856190 2.060757 -2.494965
v -2.856190 2.830807 -2.815596
v -2.856190 3.472621 -3.122032
v -2.856190 3.496686 -3.092851
v -2.267294 3.496686 -3.092851
v -2.267294 3.472621 -3.122032
v -2.267294 2.830807 -2.815596
v -2.267294 2.817256 -2.848113
v -2.267294 2.061421 -2.527084
v -2.267294 2.060757 -2.494965
v -2.266603 2.059534 -2.494368
v -2.266603 2.830898 -2.815603
v -2.266603 3.497914 -3.093380
v -2.856881 3.497914 -3.093380
v -2.856881 2.830898 -2.815603
v -2.856881 2.059534 -2.494368
v -2.255690 2.040230 -2.484950
v -2.255690 2.832340 -2.815718
v -2.255690 3.517294 -3.101739
v -2.867794 3.517294 -3.101739
v -2.867794 2.832340 -2.815718
v -2.867794 2.040230 -2.484950
v -2.254541 2.038500 -2.482158
v -2.868943 2.038500 -2.482158
v -2.868943 2.833150 -2.813959
v -2.868943 3.520524 -3.100923
v -2.254541 3.520524 -3.100923
v -2.254541 2.833150 -2.813959
v -2.254541 2.038886 -2.519303
v -2.868943 2.038886 -2.519303
v -2.868943 2.817342 -2.852274
v -2.868943 3.492961 -3.134921
v -2.254541 3.492961 -3.134921
v -2.254541 2.817342 -2.852274
v -2.265737 2.058657 -2.525906
v -2.857747 2.058657 -2.525906
v -2.857747 2.817394 -2.848302
v -2.857747 3.475278 -3.123384
v -2.265737 3.475278 -3.123384
v -2.265737 2.817394 -2.848302
v -2.256241 2.041799 -2.518721
v -2.867243 2.041799 -2.518721
v -2.867243 2.818241 -2.849460
v -2.867243 3.491486 -3.131635
v -2.256241 3.491486 -3.131635
v -2.256241 2.818241 -2.849460
v -2.267294 2.061385 -2.525365
v -2.856190 2.061385 -2.525365
v -2.856190 2.817981 -2.846372
v -2.856190 3.473909 -3.120470
v -2.267294 3.473909 -3.120470
v -2.267294 2.817981 -2.846372
v -2.267294 2.060792 -2.496686
v -2.856190 2.060792 -2.496686
v -2.856190 2.830081 -2.817338
v -2.856190 3.495397 -3.094414
v -2.267294 3.495397 -3.094414
v -2.267294 2.830081 -2.817338
vt 0.375000 0.000000
vt 0.625000 0.000000
vt 0.625000 0.118586
vt 0.375000 0.118586
vt 0.625000 0.263138
vt 0.375000 0.263138
vt 0.375000 0.631414
vt 0.625000 0.631414
vt 0.625000 0.750000
vt 0.375000 0.750000
vt 0.375000 0.986862
vt 0.625000 0.986862
vt 0.625000 1.000000
vt 0.375000 1.000000
vt 0.638138 0.000000
vt 0.638138 0.118586
vt 0.361862 0.118586
vt 0.361862 0.000000
vt 0.125000 0.000000
vt 0.161425 0.000000
vt 0.161425 0.118586
vt 0.125000 0.118586
vt 0.625000 0.786425
vt 0.375000 0.786425
vt 0.875000 0.118586
vt 0.838575 0.118586
vt 0.838575 0.000000
vt 0.875000 0.000000
vt 0.375000 0.463575
vt 0.625000 0.463575
vt 0.625000 0.500000
vt 0.375000 0.500000
vt 0.269066 0.118586
vt 0.210441 0.118586
vt 0.210441 0.000000
vt 0.269066 0.000000
vt 0.375000 0.355934
vt 0.625000 0.355934
vt 0.625000 0.414559
vt 0.375000 0.414559
vt 0.789559 0.118586
vt 0.730934 0.118586
vt 0.730934 0.000000
vt 0.789559 0.000000
vt 0.375000 0.835441
vt 0.625000 0.835441
vt 0.625000 0.894066
vt 0.375000 0.894066
vt 0.165194 0.118586
vt 0.165109 0.118586
vt 0.165109 0.000000
vt 0.165194 0.000000
vt 0.375000 0.790109
vt 0.625000 0.790109
vt 0.625000 0.790194
vt 0.375000 0.790194
vt 0.834891 0.118586
vt 0.834806 0.118586
vt 0.834806 0.000000
vt 0.834891 0.000000
vt 0.375000 0.459806
vt 0.625000 0.459806
vt 0.625000 0.459891
vt 0.375000 0.459891
vt 0.304668 0.000000
vt 0.304668 0.118586
vt 0.625000 0.929668
vt 0.375000 0.929668
vt 0.695332 0.118586
vt 0.695332 0.000000
vt 0.375000 0.320332
vt 0.625000 0.320332
vt 0.332431 0.118586
vt 0.332431 0.000000
vt 0.375000 0.957431
vt 0.625000 0.957431
vt 0.667569 0.118586
vt 0.667569 0.000000
vt 0.625000 0.292569
vt 0.375000 0.292569
vt 0.361862 0.250000
vt 0.332431 0.250000
vt 0.269066 0.250000
vt 0.304668 0.250000
vt 0.210441 0.250000
vt 0.165109 0.250000
vt 0.165194 0.250000
vt 0.161425 0.250000
vt 0.125000 0.250000
vt 0.838575 0.250000
vt 0.875000 0.250000
vt 0.834806 0.250000
vt 0.834891 0.250000
vt 0.730934 0.250000
vt 0.789559 0.250000
vt 0.695332 0.250000
vt 0.638138 0.250000
vt 0.667569 0.250000
vt 0.161524 0.118586
vt 0.161524 0.000000
vt 0.161716 0.000000
vt 0.161716 0.118586
vt 0.161524 0.250000
vt 0.161716 0.250000
vt 0.375000 0.463284
vt 0.625000 0.463284
vt 0.625000 0.463476
vt 0.375000 0.463476
vt 0.838284 0.250000
vt 0.838284 0.118586
vt 0.838476 0.118586
vt 0.838476 0.250000
vt 0.838476 0.000000
vt 0.838284 0.000000
vt 0.375000 0.786524
vt 0.625000 0.786524
vt 0.625000 0.786716
vt 0.375000 0.786716
vt 0.161524 0.118586
vt 0.161524 0.000000
vt 0.161524 0.000000
vt 0.161524 0.118586
vt 0.165109 0.118586
vt 0.165109 0.000000
vt 0.161524 0.250000
vt 0.161524 0.250000
vt 0.165109 0.250000
vt 0.625000 0.459891
vt 0.375000 0.459891
vt 0.625000 0.463476
vt 0.375000 0.463476
vt 0.375000 0.463476
vt 0.625000 0.463476
vt 0.834891 0.118586
vt 0.834891 0.250000
vt 0.838476 0.118586
vt 0.838476 0.250000
vt 0.838476 0.250000
vt 0.838476 0.118586
vt 0.838476 0.000000
vt 0.838476 0.000000
vt 0.834891 0.000000
vt 0.375000 0.786524
vt 0.625000 0.786524
vt 0.625000 0.786524
vt 0.375000 0.786524
vt 0.375000 0.790109
vt 0.625000 0.790109
vt 0.834891 0.118586
vt 0.834891 0.000000
vt 0.834891 0.000000
vt 0.834891 0.118586
vt 0.834891 0.250000
vt 0.834891 0.250000
vt 0.375000 0.459891
vt 0.625000 0.459891
vt 0.625000 0.459891
vt 0.375000 0.459891
vt 0.165109 0.118586
vt 0.165109 0.250000
vt 0.165109 0.250000
vt 0.165109 0.118586
vt 0.165109 0.000000
vt 0.165109 0.000000
vt 0.625000 0.790109
vt 0.375000 0.790109
vt 0.375000 0.790109
vt 0.625000 0.790109
vt 0.375000 0.786524
vt 0.625000 0.786524
vt 0.161524 0.118586
vt 0.161524 0.000000
vt 0.161524 0.250000
vt 0.625000 0.463476
vt 0.375000 0.463476
vt 0.838476 0.118586
vt 0.838476 0.250000
vt 0.838476 0.000000
vt 0.625000 0.789917
vt 0.375000 0.789917
vt 0.164917 0.000000
vt 0.164917 0.118586
vt 0.164917 0.250000
vt 0.375000 0.460083
vt 0.625000 0.460083
vt 0.835083 0.250000
vt 0.835083 0.118586
vt 0.835083 0.000000
vn 0.000000 0.150287 0.988642
vn 0.000000 0.150287 0.988642
vn 0.000000 0.150287 0.988642
vn 0.000000 0.150287 0.988642
vn 0.000000 0.931993 0.362476
vn 0.000000 0.931993 0.362476
vn 0.000000 0.579102 0.815255
vn 0.000000 0.579102 0.815255
vn 0.000000 -0.554570 -0.832137
vn 0.000000 -0.554570 -0.832137
vn 0.000000 -0.863093 -0.505045
vn 0.000000 -0.863093 -0.505045
vn 0.000000 -0.474921 0.880029
vn 0.000000 -0.474921 0.880029
vn 0.000000 -0.148049 0.988980
vn 0.000000 -0.148049 0.988980
vn 1.000000 0.000000 0.000000
vn 1.000000 0.000000 0.000000
vn 1.000000 0.000000 0.000000
vn 1.000000 0.000000 0.000000
vn -1.000000 0.000000 0.000000
vn -1.000000 0.000000 0.000000
vn -1.000000 0.000000 0.000000
vn -1.000000 0.000000 0.000000
vn -1.000000 0.000000 0.000000
vn -1.000000 0.000000 0.000000
vn -1.000000 0.000000 0.000000
vn -1.000000 0.000000 0.000000
vn 0.000000 -0.998466 -0.055368
vn 0.000000 -0.998466 -0.055368
vn 0.000000 -0.998466 -0.055368
vn 0.000000 -0.998466 -0.055368
vn 1.000000 0.000000 0.000000
vn 1.000000 0.000000 0.000000
vn 1.000000 0.000000 0.000000
vn 1.000000 0.000000 0.000000
vn 0.000000 0.785133 -0.619327
vn 0.000000 0.785133 -0.619327
vn 0.000000 0.785133 -0.619327
vn 0.000000 0.785133 -0.619327
vn -1.000000 0.000000 -0.000000
vn -1.000000 0.000000 -0.000000
vn -1.000000 0.000000 0.000000
vn -1.000000 0.000000 0.000000
vn 0.000000 0.919436 -0.393241
vn 0.000000 0.919436 -0.393241
vn 0.000000 0.857399 -0.514652
vn 0.000000 0.857399 -0.514652
vn 1.000000 0.000000 0.000000
vn 1.000000 0.000000 0.000000
vn 1.000000 0.000000 0.000000
vn 1.000000 0.000000 0.000000
vn 0.000000 -0.977960 0.208792
vn 0.000000 -0.977960 0.208792
vn 0.000000 -0.964920 0.262543
vn 0.000000 -0.964920 0.262543
vn -1.000000 0.000000 0.000000
vn -1.000000 0.000000 0.000000
vn -1.000000 0.000000 0.000000
vn -1.000000 0.000000 0.000000
vn 0.000000 -0.986253 0.165243
vn 0.000000 -0.986253 0.165243
vn 0.000000 -0.986256 0.165226
vn 0.000000 -0.986256 0.165226
vn 1.000000 0.000000 0.000000
vn 1.000000 0.000000 0.000000
vn 1.000000 0.000000 0.000000
vn 1.000000 0.000000 0.000000
vn 0.000000 0.818565 -0.574414
vn 0.000000 0.818565 -0.574414
vn 0.000000 0.818567 -0.574411
vn 0.000000 0.818567 -0.574411
vn -1.000000 0.000000 0.000000
vn -1.000000 0.000000 0.000000
vn -1.000000 0.000000 -0.000000
vn -1.000000 0.000000 0.000000
vn 0.000000 -0.964920 0.262543
vn 0.000000 -0.964920 0.262543
vn 0.000000 -0.935170 0.354199
vn 0.000000 -0.935170 0.354199
vn 1.000000 0.000000 0.000000
vn 1.000000 0.000000 0.000000
vn 1.000000 0.000000 0.000000
vn 1.000000 0.000000 0.000000
vn 0.000000 0.974111 -0.226070
vn 0.000000 0.974111 -0.226070
vn 0.000000 0.919436 -0.393241
vn 0.000000 0.919436 -0.393241
vn -1.000000 0.000000 0.000000
vn -1.000000 0.000000 0.000000
vn -1.000000 0.000000 0.000000
vn -1.000000 0.000000 0.000000
vn 0.000000 -0.786342 0.617791
vn 0.000000 -0.786342 0.617791
vn 0.000000 -0.474921 0.880029
vn 0.000000 -0.474921 0.880029
vn 1.000000 0.000000 0.000000
vn 1.000000 0.000000 0.000000
vn 1.000000 0.000000 0.000000
vn 1.000000 0.000000 0.000000
vn 0.000000 0.931993 0.362476
vn 0.000000 0.931993 0.362476
vn 0.000000 0.999500 -0.031627
vn 0.000000 0.999500 -0.031627
vn -1.000000 0.000000 0.000000
vn -1.000000 0.000000 0.000000
vn -1.000000 0.000000 0.000000
vn -1.000000 0.000000 0.000000
vn -1.000000 0.000000 0.000000
vn -1.000000 0.000000 0.000000
vn -1.000000 0.000000 0.000000
vn -1.000000 0.000000 -0.000000
vn -1.000000 0.000000 -0.000000
vn -1.000000 0.000000 0.000000
vn -1.000000 0.000000 0.000000
vn -1.000000 0.000000 -0.000000
vn -1.000000 0.000000 -0.000000
vn -1.000000 0.000000 -0.000000
vn -1.000000 0.000000 -0.000000
vn -1.000000 0.000000 0.000000
vn -1.000000 0.000000 0.000000
vn -1.000000 0.000000 0.000000
vn -1.000000 0.000000 0.000000
vn -1.000000 0.000000 0.000000
vn -1.000000 0.000000 0.000000
vn -1.000000 0.000000 0.000000
vn -1.000000 0.000000 0.000000
vn 0.000000 0.020048 -0.999799
vn 0.000000 0.020048 -0.999799
vn 0.000000 -0.554570 -0.832137
vn 0.000000 -0.554570 -0.832137
vn 1.000000 0.000000 0.000000
vn 1.000000 0.000000 0.000000
vn 1.000000 0.000000 0.000000
vn 1.000000 0.000000 0.000000
vn 1.000000 0.000000 0.000000
vn 1.000000 0.000000 0.000000
vn 1.000000 0.000000 0.000000
vn 1.000000 0.000000 0.000000
vn 1.000000 0.000000 0.000000
vn 1.000000 0.000000 0.000000
vn 1.000000 0.000000 0.000000
vn 1.000000 0.000000 0.000000
vn 1.000000 0.000000 0.000000
vn 1.000000 0.000000 0.000000
vn 1.000000 0.000000 0.000000
vn 1.000000 0.000000 0.000000
vn 1.000000 0.000000 0.000000
vn 1.000000 0.000000 0.000000
vn 1.000000 0.000000 0.000000
vn 1.000000 0.000000 0.000000
vn 1.000000 0.000000 0.000000
vn 1.000000 0.000000 0.000000
vn 1.000000 0.000000 0.000000
vn -1.000000 0.000000 0.000000
vn -1.000000 0.000000 0.000000
vn -1.000000 0.000000 0.000000
vn -1.000000 0.000000 0.000000
vn -1.000000 0.000000 0.000000
vn -1.000000 0.000000 0.000000
vn -1.000000 0.000000 0.000000
vn -1.000000 0.000000 0.000000
vn 0.000000 0.999500 -0.031627
vn 0.000000 0.999500 -0.031627
vn 0.000000 0.974111 -0.226070
vn 0.000000 0.974111 -0.226070
vn 1.000000 0.000000 0.000000
vn 1.000000 0.000000 0.000000
vn 1.000000 0.000000 0.000000
vn 1.000000 0.000000 0.000000
vn 1.000000 0.000000 0.000000
vn 1.000000 0.000000 0.000000
vn 1.000000 0.000000 0.000000
vn 1.000000 0.000000 0.000000
vn 0.000000 -0.935170 0.354199
vn 0.000000 -0.935170 0.354199
vn 0.000000 -0.786342 0.617791
vn 0.000000 -0.786342 0.617791
vn -1.000000 0.000000 0.000000
vn -1.000000 -0.000001 0.000000
vn -1.000000 0.000000 0.000000
vn -1.000000 0.000000 0.000000
vn -1.000000 0.000000 -0.000000
vn -1.000000 0.000000 0.000000
vn -1.000000 0.000000 0.000000
vn -1.000000 0.000000 0.000000
vn 0.000000 0.771491 -0.636240
vn 0.000000 0.771491 -0.636240
vn 0.000000 0.771484 -0.636248
vn 0.000000 0.771484 -0.636248
vn 1.000000 -0.000000 0.000000
vn 1.000000 0.000000 0.000000
vn 1.000000 0.000000 0.000000
vn 1.000000 0.000000 0.000000
vn 1.000000 0.000000 0.000000
vn 1.000000 0.000000 0.000000
vn 1.000000 0.000000 0.000000
vn 1.000000 0.000000 0.000000
vn 0.000000 -0.999787 -0.020622
vn 0.000000 -0.999787 -0.020622
vn 0.000000 -0.999786 -0.020663
vn 0.000000 -0.999786 -0.020663
vn -0.038440 0.391676 0.919300
vn -0.038440 0.391676 0.919300
vn -0.038101 0.391319 0.919466
vn -0.038064 0.391280 0.919484
vn -0.077756 -0.384209 -0.919966
vn -0.077756 -0.384209 -0.919966
vn -0.078135 -0.383766 -0.920119
vn -0.078110 -0.383795 -0.920109
vn -0.109081 0.384309 0.916738
vn -0.109081 0.384309 0.916738
vn -0.109436 0.383910 0.916863
vn -0.109398 0.383953 0.916849
vn -0.009359 -0.385361 -0.922719
vn -0.009359 -0.385361 -0.922719
vn -0.008982 -0.384955 -0.922892
vn -0.008953 -0.384923 -0.922905
vn 0.000000 -0.396002 -0.918250
vn 0.000000 -0.396002 -0.918250
vn 0.000000 -0.396012 -0.918245
vn 0.000000 -0.396012 -0.918245
vn 0.000000 0.453617 0.891197
vn 0.000000 0.453617 0.891197
vn 0.000000 0.453633 0.891188
vn 0.000000 0.453633 0.891188
vn 0.009387 -0.385361 -0.922718
vn 0.009387 -0.385361 -0.922718
vn 0.008949 -0.384923 -0.922905
vn 0.008981 -0.384955 -0.922892
vn 0.109039 0.384310 0.916742
vn 0.109039 0.384310 0.916742
vn 0.109395 0.383953 0.916849
vn 0.109438 0.383910 0.916862
vn 0.038463 0.391676 0.919299
vn 0.038463 0.391676 0.919299
vn 0.038075 0.391279 0.919484
vn 0.038114 0.391319 0.919465
vn 0.077823 -0.384208 -0.919961
vn 0.077823 -0.384208 -0.919961
vn 0.078121 -0.383795 -0.920108
vn 0.078143 -0.383765 -0.920119
vn 0.000000 0.392043 0.919947
vn 0.000000 0.392043 0.919947
vn 0.000000 0.392049 0.919944
vn 0.000000 0.392049 0.919944
vn 0.000000 -0.438500 -0.898731
vn 0.000000 -0.438500 -0.898731
vn 0.000000 -0.438496 -0.898733
vn 0.000000 -0.438496 -0.898733
vn 0.078207 -0.383688 -0.920145
vn 0.078195 -0.383700 -0.920141
vn 0.078684 -0.383224 -0.920298
vn 0.078684 -0.383224 -0.920298
vn 0.008883 -0.384862 -0.922931
vn 0.008867 -0.384849 -0.922937
vn 0.008293 -0.384403 -0.923128
vn 0.008293 -0.384403 -0.923128
vn 0.000000 -0.396017 -0.918243
vn 0.000000 -0.396017 -0.918243
vn 0.000000 -0.395969 -0.918264
vn 0.000000 -0.395969 -0.918264
vn -0.008874 -0.384849 -0.922937
vn -0.008890 -0.384862 -0.922931
vn -0.008299 -0.384401 -0.923129
vn -0.008299 -0.384401 -0.923129
vn -0.078195 -0.383700 -0.920141
vn -0.078207 -0.383688 -0.920145
vn -0.078691 -0.383223 -0.920298
vn -0.078691 -0.383223 -0.920298
vn 0.000000 -0.438493 -0.898735
vn 0.000000 -0.438493 -0.898735
vn 0.000000 -0.438503 -0.898730
vn 0.000000 -0.438503 -0.898730
vn 0.078143 -0.383765 -0.920119
vn 0.078121 -0.383795 -0.920108
vn 0.078195 -0.383700 -0.920141
vn 0.078207 -0.383688 -0.920145
vn 0.008981 -0.384955 -0.922892
vn 0.008949 -0.384923 -0.922905
vn 0.008867 -0.384849 -0.922937
vn 0.008883 -0.384862 -0.922931
vn 0.000000 -0.396012 -0.918245
vn 0.000000 -0.396012 -0.918245
vn 0.000000 -0.396017 -0.918243
vn 0.000000 -0.396017 -0.918243
vn -0.008953 -0.384923 -0.922905
vn -0.008982 -0.384955 -0.922892
vn -0.008890 -0.384862 -0.922931
vn -0.008874 -0.384849 -0.922937
vn -0.078110 -0.383795 -0.920109
vn -0.078135 -0.383766 -0.920119
vn -0.078207 -0.383688 -0.920145
vn -0.078195 -0.383700 -0.920141
vn 0.000000 -0.438496 -0.898733
vn 0.000000 -0.438496 -0.898733
vn 0.000000 -0.438493 -0.898735
vn 0.000000 -0.438493 -0.898735
vn 0.000000 -0.986256 0.165226
vn 0.000000 -0.986256 0.165226
vn 0.000000 -0.977960 0.208792
vn 0.000000 -0.977960 0.208792
vn -1.000000 0.000000 -0.000000
vn -1.000000 0.000000 0.000000
vn -1.000000 0.000000 0.000000
vn -1.000000 0.000000 0.000000
vn -1.000000 0.000000 0.000000
vn -1.000000 0.000000 0.000000
vn -1.000000 0.000000 -0.000000
vn -1.000000 0.000000 -0.000000
vn 0.000000 0.857399 -0.514652
vn 0.000000 0.857399 -0.514652
vn 0.000000 0.818565 -0.574414
vn 0.000000 0.818565 -0.574414
vn 1.000000 0.000000 0.000000
vn 1.000000 0.000000 0.000000
vn 1.000000 0.000000 0.000000
vn 1.000000 0.000000 0.000000
vn 1.000000 0.000000 0.000000
vn 1.000000 0.000000 0.000000
vn 1.000000 0.000000 0.000000
vn 1.000000 0.000000 0.000000
vn 0.000000 -0.998466 -0.055368
vn 0.000000 -0.998466 -0.055368
vn 0.000000 -0.998467 -0.055355
vn 0.000000 -0.998467 -0.055355
vn -1.000000 0.000000 0.000000
vn -1.000000 0.000000 0.000000
vn -1.000000 0.000000 0.000000
vn -1.000000 0.000000 0.000000
vn -1.000000 0.000000 0.000000
vn -1.000000 0.000000 0.000000
vn -1.000000 0.000000 0.000000
vn -1.000000 0.000000 0.000000
vn 0.000000 0.785141 -0.619317
vn 0.000000 0.785141 -0.619317
vn 0.000000 0.785133 -0.619327
vn 0.000000 0.785133 -0.619327
vn 1.000000 0.000000 0.000000
vn 1.000000 0.000000 0.000000
vn 1.000000 0.000000 0.000000
vn 1.000000 0.000000 0.000000
vn 1.000000 0.000000 0.000000
vn 1.000000 0.000000 0.000000
vn 1.000000 0.000000 0.000000
vn 1.000000 0.000000 0.000000
vn 0.000000 0.392058 0.919941
vn 0.000000 0.392058 0.919941
vn 0.000000 0.392098 0.919923
vn 0.000000 0.392098 0.919923
vn -0.037916 0.391141 0.919550
vn -0.037945 0.391165 0.919538
vn -0.037425 0.390729 0.919745
vn -0.037425 0.390729 0.919745
vn -0.109534 0.383800 0.916897
vn -0.109559 0.383771 0.916906
vn -0.109920 0.383363 0.917033
vn -0.109920 0.383363 0.917033
vn 0.000000 0.453651 0.891179
vn 0.000000 0.453651 0.891179
vn 0.000000 0.453623 0.891194
vn 0.000000 0.453623 0.891194
vn 0.109564 0.383771 0.916905
vn 0.109541 0.383799 0.916896
vn 0.109901 0.383364 0.917035
vn 0.109901 0.383364 0.917035
vn 0.037952 0.391165 0.919538
vn 0.037923 0.391141 0.919549
vn 0.037416 0.390729 0.919745
vn 0.037416 0.390729 0.919745
vn 0.000000 0.392049 0.919944
vn 0.000000 0.392049 0.919944
vn 0.000000 0.392058 0.919941
vn 0.000000 0.392058 0.919941
vn -0.038064 0.391280 0.919484
vn -0.038101 0.391319 0.919466
vn -0.037945 0.391165 0.919538
vn -0.037916 0.391141 0.919550
vn -0.109398 0.383953 0.916849
vn -0.109436 0.383910 0.916863
vn -0.109559 0.383771 0.916906
vn -0.109534 0.383800 0.916897
vn 0.000000 0.453633 0.891188
vn 0.000000 0.453633 0.891188
vn 0.000000 0.453651 0.891179
vn 0.000000 0.453651 0.891179
vn 0.109438 0.383910 0.916862
vn 0.109395 0.383953 0.916849
vn 0.109541 0.383799 0.916896
vn 0.109564 0.383771 0.916905
vn 0.038114 0.391319 0.919465
vn 0.038075 0.391279 0.919484
vn 0.037923 0.391141 0.919549
vn 0.037952 0.391165 0.919538
vn 0.000000 -0.999786 -0.020663
vn 0.000000 -0.999786 -0.020663
vn 0.000000 -0.999786 -0.020668
vn 0.000000 -0.999786 -0.020668
vn -1.000000 0.000000 0.000000
vn -1.000000 0.000000 0.000000
vn -1.000000 0.000000 -0.000000
vn -1.000000 0.000000 0.000000
vn -1.000000 0.000000 0.000000
vn -1.000000 0.000000 0.000000
vn -1.000000 0.000000 0.000000
vn -1.000000 0.000000 -0.000000
vn 0.000000 0.771491 -0.636240
vn 0.000000 0.771491 -0.636240
vn 0.000000 0.771491 -0.636240
vn 0.000000 0.771491 -0.636240
vn 1.000000 0.000000 0.000000
vn 1.000000 0.000000 0.000000
vn 1.000000 0.000000 0.000000
vn 1.000000 -0.000000 0.000000
vn 1.000000 0.000000 0.000000
vn 1.000000 0.000000 0.000000
vn 1.000000 0.000000 0.000000
vn 1.000000 -0.000000 0.000000
vn 0.000000 -0.999786 -0.020668
vn 0.000000 -0.999786 -0.020668
vn 0.000000 -0.999786 -0.020708
vn 0.000000 -0.999786 -0.020708
vn -1.000000 0.000000 0.000000
vn -1.000000 0.000000 -0.000000
vn -1.000000 0.000000 -0.000000
vn -1.000000 0.000001 -0.000000
vn -1.000000 0.000000 -0.000000
vn -1.000000 0.000000 0.000000
vn -1.000000 0.000001 -0.000000
vn -1.000000 0.000001 -0.000000
vn 0.000000 0.771489 -0.636243
vn 0.000000 0.771489 -0.636243
vn 0.000000 0.771491 -0.636240
vn 0.000000 0.771491 -0.636240
vn 1.000000 0.000001 0.000000
vn 1.000000 0.000000 0.000000
vn 1.000000 0.000000 0.000000
vn 1.000000 0.000000 0.000000
vn 1.000000 -0.000000 0.000000
vn 1.000000 0.000000 0.000000
vn 1.000000 0.000000 0.000000
vn 1.000000 -0.000000 0.000000
s off
g group1 robot:robotpCube5
usemtl robot:aiStandardSurface2SG
f 1235/1508/5017 1236/1509/5018 1274/1510/5019 1261/1511/5020
f 1260/1512/5021 1257/1513/5022 1261/1511/5023 1274/1510/5024
f 1267/1514/5025 1268/1515/5026 1240/1516/5027 1239/1517/5028
f 1258/1518/5029 1259/1519/5030 1236/1520/5031 1235/1521/5032
f 1236/1509/5033 1259/1522/5034 1273/1523/5035 1274/1510/5036
f 1261/1511/5037 1262/1524/5038 1258/1525/5039 1235/1508/5040
f 1239/1526/5041 1318/1527/5042 1319/1528/5043 1267/1529/5044
f 1239/1517/5045 1240/1516/5046 1317/1530/5047 1318/1531/5048
f 1268/1532/5049 1322/1533/5050 1317/1534/5051 1240/1535/5052
f 1320/1536/5053 1321/1537/5054 1238/1538/5055 1237/1539/5056
f 1264/1540/5057 1265/1541/5058 1250/1542/5059 1242/1543/5060
f 1241/1544/5061 1244/1545/5062 1252/1546/5063 1249/1547/5064
f 1270/1548/5065 1271/1549/5066 1243/1550/5067 1251/1551/5068
f 1250/1552/5069 1251/1553/5070 1243/1554/5071 1242/1555/5072
f 1313/1556/5073 1266/1557/5074 1245/1558/5075 1312/1559/5076
f 1245/1560/5077 1248/1561/5078 1311/1562/5079 1312/1563/5080
f 1269/1564/5081 1316/1565/5082 1311/1566/5083 1248/1567/5084
f 1314/1568/5085 1315/1569/5086 1247/1570/5087 1246/1571/5088
f 1275/1572/5089 1276/1573/5090 1264/1540/5091 1242/1543/5092
f 1242/1555/5093 1243/1554/5094 1280/1574/5095 1275/1575/5096
f 1271/1549/5097 1279/1576/5098 1280/1577/5099 1243/1550/5100
f 1277/1578/5101 1278/1579/5102 1244/1545/5103 1241/1544/5104
f 1262/1524/5105 1263/1580/5106 1254/1581/5107 1258/1525/5108
f 1254/1582/5109 1255/1583/5110 1259/1519/5111 1258/1518/5112
f 1272/1584/5113 1273/1523/5114 1259/1522/5115 1255/1585/5116
f 1257/1513/5117 1260/1512/5118 1256/1586/5119 1253/1587/5120
f 1257/1588/5121 1262/1524/5122 1261/1511/5123
f 1253/1589/5124 1263/1580/5125 1262/1524/5126 1257/1588/5127
f 1241/1590/5128 1264/1540/5129 1276/1573/5130 1277/1591/5131
f 1249/1592/5132 1265/1541/5133 1264/1540/5134 1241/1590/5135
f 1246/1593/5136 1266/1557/5137 1313/1556/5138 1314/1594/5139
f 1267/1529/5140 1319/1528/5141 1320/1595/5142 1237/1596/5143
f 1237/1539/5144 1238/1538/5145 1268/1515/5146 1267/1514/5147
f 1321/1597/5148 1322/1533/5149 1268/1532/5150 1238/1598/5151
f 1315/1599/5152 1316/1565/5153 1269/1564/5154 1247/1600/5155
f 1244/1601/5156 1271/1549/5157 1270/1548/5158 1252/1602/5159
f 1278/1603/5160 1279/1576/5161 1271/1549/5162 1244/1601/5163
f 1260/1604/5164 1273/1523/5165 1272/1584/5166 1256/1605/5167
f 1274/1510/5168 1273/1523/5169 1260/1604/5170
f 1263/1580/5171 1276/1573/5172 1275/1572/5173 1254/1581/5174
f 1277/1591/5175 1276/1573/5176 1263/1580/5177 1253/1589/5178
f 1253/1587/5179 1256/1586/5180 1278/1579/5181 1277/1578/5182
f 1256/1605/5183 1272/1584/5184 1279/1576/5185 1278/1603/5186
f 1280/1577/5187 1279/1576/5188 1272/1584/5189 1255/1585/5190
f 1275/1575/5191 1280/1574/5192 1255/1583/5193 1254/1582/5194
f 1288/1606/5195 1287/1607/5196 1336/1608/5197 1337/1609/5198
f 1291/1610/5199 1288/1606/5200 1337/1609/5201 1338/1611/5202
f 1338/1612/5203 1339/1613/5204 1294/1614/5205 1291/1615/5206
f 1339/1616/5207 1340/1617/5208 1296/1618/5209 1294/1619/5210
f 1297/1620/5211 1296/1618/5212 1340/1617/5213 1335/1621/5214
f 1287/1622/5215 1297/1623/5216 1335/1624/5217 1336/1625/5218
f 1282/1626/5219 1281/1627/5220 1330/1628/5221 1331/1629/5222
f 1245/1558/5223 1266/1557/5224 1309/1630/5225 1310/1631/5226
f 1283/1632/5227 1282/1626/5228 1331/1629/5229 1332/1633/5230
f 1266/1557/5231 1246/1593/5232 1308/1634/5233 1309/1630/5234
f 1246/1571/5235 1247/1570/5236 1307/1635/5237 1308/1636/5238
f 1284/1637/5239 1283/1638/5240 1332/1639/5241 1333/1640/5242
f 1247/1600/5243 1269/1564/5244 1306/1641/5245 1307/1642/5246
f 1285/1643/5247 1284/1644/5248 1333/1645/5249 1334/1646/5250
f 1286/1647/5251 1285/1643/5252 1334/1646/5253 1329/1648/5254
f 1269/1564/5255 1248/1567/5256 1305/1649/5257 1306/1641/5258
f 1281/1650/5259 1286/1651/5260 1329/1652/5261 1330/1653/5262
f 1248/1561/5263 1245/1560/5264 1310/1654/5265 1305/1655/5266
f 1300/1656/5267 1299/1657/5268 1298/1658/5269 1295/1659/5270
f 1301/1660/5271 1300/1656/5272 1295/1659/5273 1293/1661/5274
f 1302/1662/5275 1301/1663/5276 1293/1664/5277 1292/1665/5278
f 1303/1666/5279 1302/1667/5280 1292/1668/5281 1290/1669/5282
f 1304/1670/5283 1303/1666/5284 1290/1669/5285 1289/1671/5286
f 1299/1672/5287 1304/1673/5288 1289/1674/5289 1298/1675/5290
f 1306/1641/5291 1305/1649/5292 1299/1657/5293 1300/1656/5294
f 1307/1642/5295 1306/1641/5296 1300/1656/5297 1301/1660/5298
f 1308/1636/5299 1307/1635/5300 1301/1663/5301 1302/1662/5302
f 1309/1630/5303 1308/1634/5304 1302/1667/5305 1303/1666/5306
f 1310/1631/5307 1309/1630/5308 1303/1666/5309 1304/1670/5310
f 1305/1655/5311 1310/1654/5312 1304/1673/5313 1299/1672/5314
f 1312/1563/5315 1311/1562/5316 1251/1553/5317 1250/1552/5318
f 1265/1541/5319 1313/1556/5320 1312/1559/5321 1250/1542/5322
f 1314/1594/5323 1313/1556/5324 1265/1541/5325 1249/1592/5326
f 1249/1547/5327 1252/1546/5328 1315/1569/5329 1314/1568/5330
f 1252/1602/5331 1270/1548/5332 1316/1565/5333 1315/1599/5334
f 1311/1566/5335 1316/1565/5336 1270/1548/5337 1251/1551/5338
f 1318/1531/5339 1317/1530/5340 1286/1651/5341 1281/1650/5342
f 1319/1528/5343 1318/1527/5344 1281/1627/5345 1282/1626/5346
f 1320/1595/5347 1319/1528/5348 1282/1626/5349 1283/1632/5350
f 1283/1638/5351 1284/1637/5352 1321/1537/5353 1320/1536/5354
f 1284/1644/5355 1285/1643/5356 1322/1533/5357 1321/1597/5358
f 1317/1534/5359 1322/1533/5360 1285/1643/5361 1286/1647/5362
f 1324/1676/5363 1323/1677/5364 1297/1623/5365 1287/1622/5366
f 1325/1678/5367 1324/1679/5368 1287/1607/5369 1288/1606/5370
f 1326/1680/5371 1325/1678/5372 1288/1606/5373 1291/1610/5374
f 1327/1681/5375 1326/1682/5376 1291/1615/5377 1294/1614/5378
f 1328/1683/5379 1327/1684/5380 1294/1619/5381 1296/1618/5382
f 1323/1685/5383 1328/1683/5384 1296/1618/5385 1297/1620/5386
f 1330/1653/5387 1329/1652/5388 1323/1677/5389 1324/1676/5390
f 1331/1629/5391 1330/1628/5392 1324/1679/5393 1325/1678/5394
f 1332/1633/5395 1331/1629/5396 1325/1678/5397 1326/1680/5398
f 1333/1640/5399 1332/1639/5400 1326/1682/5401 1327/1681/5402
f 1334/1646/5403 1333/1645/5404 1327/1684/5405 1328/1683/5406
f 1329/1648/5407 1334/1646/5408 1328/1683/5409 1323/1685/5410
f 1336/1625/5411 1335/1624/5412 1341/1686/5413 1342/1687/5414
f 1337/1609/5415 1336/1608/5416 1342/1688/5417 1343/1689/5418
f 1338/1611/5419 1337/1609/5420 1343/1689/5421 1344/1690/5422
f 1344/1691/5423 1345/1692/5424 1339/1613/5425 1338/1612/5426
f 1345/1693/5427 1346/1694/5428 1340/1617/5429 1339/1616/5430
f 1335/1621/5431 1340/1617/5432 1346/1694/5433 1341/1695/5434
f 1342/1687/5435 1341/1686/5436 1298/1675/5437 1289/1674/5438
f 1343/1689/5439 1342/1688/5440 1289/1671/5441 1290/1669/5442
f 1344/1690/5443 1343/1689/5444 1290/1669/5445 1292/1668/5446
f 1292/1665/5447 1293/1664/5448 1345/1692/5449 1344/1691/5450
f 1293/1661/5451 1295/1659/5452 1346/1694/5453 1345/1693/5454
f 1341/1695/5455 1346/1694/5456 1295/1659/5457 1298/1658/5458
g default
v -1.866027 4.640535 0.483220
v -1.866027 4.610798 0.378706
v -1.866027 4.562363 0.281435
v -1.866027 4.496880 0.194721
v -1.866027 4.416577 0.121515
v -1.866027 4.324191 0.064312
v -1.866027 4.222866 0.025059
v -1.866027 4.116054 0.005092
v -1.866027 4.007391 0.005092
v -1.866027 3.900579 0.025059
v -1.866027 3.799254 0.064312
v -1.866027 3.706868 0.121515
v -1.866027 3.626565 0.194721
v -1.866027 3.561082 0.281435
v -1.866027 3.512647 0.378706
v -1.866027 3.482910 0.483220
v -1.866027 3.472884 0.591419
v -1.866027 3.482910 0.699618
v -1.866027 3.512647 0.804132
v -1.866027 3.561082 0.901403
v -1.866027 3.626565 0.988117
v -1.866027 3.706868 1.061323
v -1.866027 3.799255 1.118526
v -1.866027 3.900579 1.157779
v -1.866027 4.007391 1.177746
v -1.866027 4.116054 1.177746
v -1.866027 4.222866 1.157779
v -1.866027 4.324191 1.118526
v -1.866027 4.416577 1.061322
v -1.866027 4.496880 0.988117
v -1.866027 4.562363 0.901403
v -1.866027 4.610798 0.804132
v -1.866027 4.640535 0.699618
v -1.866027 4.650561 0.591419
v -2.567458 4.640535 0.483220
v -2.567458 4.610798 0.378706
v -2.567458 4.562363 0.281435
v -2.567458 4.496880 0.194721
v -2.567458 4.416577 0.121515
v -2.567458 4.324191 0.064312
v -2.567458 4.222866 0.025059
v -2.567458 4.116054 0.005092
v -2.567458 4.007391 0.005092
v -2.567458 3.900579 0.025059
v -2.567458 3.799254 0.064312
v -2.567458 3.706868 0.121515
v -2.567458 3.626565 0.194721
v -2.567458 3.561082 0.281435
v -2.567458 3.512647 0.378706
v -2.567458 3.482910 0.483220
v -2.567458 3.472884 0.591419
v -2.567458 3.482910 0.699618
v -2.567458 3.512647 0.804132
v -2.567458 3.561082 0.901403
v -2.567458 3.626565 0.988117
v -2.567458 3.706868 1.061323
v -2.567458 3.799255 1.118526
v -2.567458 3.900579 1.157779
v -2.567458 4.007391 1.177746
v -2.567458 4.116054 1.177746
v -2.567458 4.222866 1.157779
v -2.567458 4.324191 1.118526
v -2.567458 4.416577 1.061322
v -2.567458 4.496880 0.988117
v -2.567458 4.562363 0.901403
v -2.567458 4.610798 0.804132
v -2.567458 4.640535 0.699618
v -2.567458 4.650561 0.591419
v -1.866027 4.061723 0.591419
v -2.567458 4.061723 0.591419
vt 0.375000 0.312500
vt 0.382353 0.312500
vt 0.382353 0.687500
vt 0.375000 0.687500
vt 0.389706 0.312500
vt 0.389706 0.687500
vt 0.397059 0.312500
vt 0.397059 0.687500
vt 0.404412 0.312500
vt 0.404412 0.687500
vt 0.411765 0.312500
vt 0.411765 0.687500
vt 0.419118 0.312500
vt 0.419118 0.687500
vt 0.426471 0.312500
vt 0.426471 0.687500
vt 0.433824 0.312500
vt 0.433824 0.687500
vt 0.441177 0.312500
vt 0.441177 0.687500
vt 0.448529 0.312500
vt 0.448529 0.687500
vt 0.455882 0.312500
vt 0.455882 0.687500
vt 0.463235 0.312500
vt 0.463235 0.687500
vt 0.470588 0.312500
vt 0.470588 0.687500
vt 0.477941 0.312500
vt 0.477941 0.687500
vt 0.485294 0.312500
vt 0.485294 0.687500
vt 0.492647 0.312500
vt 0.492647 0.687500
vt 0.500000 0.312500
vt 0.500000 0.687500
vt 0.507353 0.312500
vt 0.507353 0.687500
vt 0.514706 0.312500
vt 0.514706 0.687500
vt 0.522059 0.312500
vt 0.522059 0.687500
vt 0.529412 0.312500
vt 0.529412 0.687500
vt 0.536765 0.312500
vt 0.536765 0.687500
vt 0.544118 0.312500
vt 0.544118 0.687500
vt 0.551471 0.312500
vt 0.551471 0.687500
vt 0.558824 0.312500
vt 0.558824 0.687500
vt 0.566177 0.312500
vt 0.566177 0.687500
vt 0.573530 0.312500
vt 0.573530 0.687500
vt 0.580883 0.312500
vt 0.580883 0.687500
vt 0.588235 0.312500
vt 0.588235 0.687500
vt 0.595588 0.312500
vt 0.595588 0.687500
vt 0.602941 0.312500
vt 0.602941 0.687500
vt 0.610294 0.312500
vt 0.610294 0.687500
vt 0.617647 0.312500
vt 0.617647 0.687500
vt 0.625000 0.312500
vt 0.625000 0.687500
vt 0.645699 0.099806
vt 0.653590 0.127539
vt 0.500000 0.156250
vt 0.632846 0.073995
vt 0.615470 0.050985
vt 0.594162 0.031560
vt 0.569647 0.016381
vt 0.542760 0.005965
vt 0.514417 0.000667
vt 0.485583 0.000667
vt 0.457240 0.005965
vt 0.430353 0.016381
vt 0.405838 0.031560
vt 0.384530 0.050985
vt 0.367154 0.073995
vt 0.354301 0.099806
vt 0.346410 0.127539
vt 0.343750 0.156250
vt 0.346410 0.184961
vt 0.354301 0.212694
vt 0.367154 0.238505
vt 0.384530 0.261515
vt 0.405838 0.280940
vt 0.430353 0.296119
vt 0.457240 0.306535
vt 0.485583 0.311833
vt 0.514417 0.311833
vt 0.542760 0.306535
vt 0.569647 0.296119
vt 0.594162 0.280940
vt 0.615470 0.261515
vt 0.632846 0.238505
vt 0.645699 0.212694
vt 0.653590 0.184961
vt 0.656250 0.156250
vt 0.653590 0.872461
vt 0.645699 0.900194
vt 0.500000 0.843750
vt 0.632846 0.926005
vt 0.615470 0.949015
vt 0.594162 0.968440
vt 0.569647 0.983619
vt 0.542760 0.994035
vt 0.514417 0.999333
vt 0.485583 0.999333
vt 0.457240 0.994035
vt 0.430353 0.983619
vt 0.405838 0.968440
vt 0.384530 0.949015
vt 0.367154 0.926005
vt 0.354301 0.900194
vt 0.346410 0.872461
vt 0.343750 0.843750
vt 0.346410 0.815039
vt 0.354301 0.787306
vt 0.367154 0.761495
vt 0.384530 0.738485
vt 0.405838 0.719060
vt 0.430353 0.703881
vt 0.457240 0.693465
vt 0.485583 0.688167
vt 0.514417 0.688167
vt 0.542760 0.693465
vt 0.569647 0.703881
vt 0.594162 0.719060
vt 0.615470 0.738485
vt 0.632846 0.761495
vt 0.645699 0.787306
vt 0.653590 0.815039
vt 0.656250 0.843750
vn 0.000000 0.961825 -0.273666
vn 0.000000 0.961825 -0.273666
vn 0.000000 0.961825 -0.273666
vn 0.000000 0.961825 -0.273666
vn 0.000000 0.932472 -0.361242
vn 0.000000 0.850217 -0.526432
vn 0.000000 0.850217 -0.526432
vn 0.000000 0.932472 -0.361242
vn 0.000000 0.850217 -0.526432
vn 0.000000 0.739009 -0.673696
vn 0.000000 0.739009 -0.673696
vn 0.000000 0.850217 -0.526432
vn 0.000000 0.739009 -0.673696
vn 0.000000 0.602635 -0.798017
vn 0.000000 0.602635 -0.798017
vn 0.000000 0.739009 -0.673696
vn 0.000000 0.602635 -0.798017
vn 0.000000 0.445738 -0.895163
vn 0.000000 0.445738 -0.895163
vn 0.000000 0.602635 -0.798017
vn 0.000000 0.445738 -0.895163
vn 0.000000 0.273663 -0.961826
vn 0.000000 0.273663 -0.961826
vn 0.000000 0.445738 -0.895163
vn 0.000000 0.273663 -0.961826
vn 0.000000 0.092268 -0.995734
vn 0.000000 0.092268 -0.995734
vn 0.000000 0.273663 -0.961826
vn 0.000000 0.092268 -0.995734
vn 0.000000 -0.092269 -0.995734
vn 0.000000 -0.092269 -0.995734
vn 0.000000 0.092268 -0.995734
vn 0.000000 -0.092269 -0.995734
vn 0.000000 -0.273663 -0.961826
vn 0.000000 -0.273663 -0.961826
vn 0.000000 -0.092269 -0.995734
vn 0.000000 -0.273663 -0.961826
vn 0.000000 -0.445738 -0.895163
vn 0.000000 -0.445738 -0.895163
vn 0.000000 -0.273663 -0.961826
vn 0.000000 -0.445738 -0.895163
vn 0.000000 -0.602635 -0.798017
vn 0.000000 -0.602635 -0.798017
vn 0.000000 -0.445738 -0.895163
vn 0.000000 -0.602635 -0.798017
vn 0.000000 -0.739009 -0.673696
vn 0.000000 -0.739009 -0.673696
vn 0.000000 -0.602635 -0.798017
vn 0.000000 -0.739009 -0.673696
vn 0.000000 -0.850217 -0.526432
vn 0.000000 -0.850217 -0.526432
vn 0.000000 -0.739009 -0.673696
vn 0.000000 -0.850217 -0.526432
vn 0.000000 -0.932472 -0.361242
vn 0.000000 -0.932472 -0.361242
vn 0.000000 -0.850217 -0.526432
vn 0.000000 -0.932472 -0.361242
vn 0.000000 -0.982973 -0.183750
vn 0.000000 -0.982973 -0.183750
vn 0.000000 -0.932472 -0.361242
vn 0.000000 -0.982973 -0.183750
vn 0.000000 -1.000000 0.000000
vn 0.000000 -1.000000 0.000000
vn 0.000000 -0.982973 -0.183750
vn 0.000000 -1.000000 0.000000
vn 0.000000 -0.982973 0.183749
vn 0.000000 -0.982973 0.183749
vn 0.000000 -1.000000 0.000000
vn 0.000000 -0.982973 0.183749
vn 0.000000 -0.932472 0.361242
vn 0.000000 -0.932472 0.361242
vn 0.000000 -0.982973 0.183749
vn 0.000000 -0.932472 0.361242
vn 0.000000 -0.850217 0.526432
vn 0.000000 -0.850217 0.526432
vn 0.000000 -0.932472 0.361242
vn 0.000000 -0.850217 0.526432
vn 0.000000 -0.739009 0.673696
vn 0.000000 -0.739009 0.673696
vn 0.000000 -0.850217 0.526432
vn 0.000000 -0.739009 0.673696
vn 0.000000 -0.602635 0.798017
vn 0.000000 -0.602635 0.798017
vn 0.000000 -0.739009 0.673696
vn 0.000000 -0.602635 0.798017
vn 0.000000 -0.445738 0.895163
vn 0.000000 -0.445738 0.895163
vn 0.000000 -0.602635 0.798017
vn 0.000000 -0.445738 0.895163
vn 0.000000 -0.273663 0.961826
vn 0.000000 -0.273663 0.961826
vn 0.000000 -0.445738 0.895163
vn 0.000000 -0.273663 0.961826
vn 0.000000 -0.092268 0.995734
vn 0.000000 -0.092268 0.995734
vn 0.000000 -0.273663 0.961826
vn 0.000000 -0.092268 0.995734
vn 0.000000 0.092269 0.995734
vn 0.000000 0.092269 0.995734
vn 0.000000 -0.092268 0.995734
vn 0.000000 0.092269 0.995734
vn 0.000000 0.273663 0.961826
vn 0.000000 0.273663 0.961826
vn 0.000000 0.092269 0.995734
vn 0.000000 0.273663 0.961826
vn 0.000000 0.445738 0.895163
vn 0.000000 0.445738 0.895163
vn 0.000000 0.273663 0.961826
vn 0.000000 0.445738 0.895163
vn 0.000000 0.602635 0.798017
vn 0.000000 0.602635 0.798017
vn 0.000000 0.445738 0.895163
vn 0.000000 0.602635 0.798017
vn 0.000000 0.739009 0.673696
vn 0.000000 0.739009 0.673696
vn 0.000000 0.602635 0.798017
vn 0.000000 0.739009 0.673696
vn 0.000000 0.850217 0.526432
vn 0.000000 0.850217 0.526432
vn 0.000000 0.739009 0.673696
vn 0.000000 0.850217 0.526432
vn 0.000000 0.932472 0.361242
vn 0.000000 0.932472 0.361242
vn 0.000000 0.850217 0.526432
vn 0.000000 0.932472 0.361242
vn 0.000000 0.982973 0.183750
vn 0.000000 0.982973 0.183750
vn 0.000000 0.932472 0.361242
vn 0.000000 0.982973 0.183750
vn 0.000000 1.000000 0.000000
vn 0.000000 1.000000 0.000000
vn 0.000000 0.982973 0.183750
vn 0.000000 1.000000 0.000000
vn 0.000000 0.982973 -0.183750
vn 0.000000 0.982973 -0.183750
vn 0.000000 1.000000 0.000000
vn 1.000000 0.000000 0.000000
vn 1.000000 0.000000 0.000000
vn 1.000000 0.000000 0.000000
vn 1.000000 0.000000 0.000000
vn 1.000000 0.000000 0.000000
vn 1.000000 0.000000 0.000000
vn 1.000000 0.000000 0.000000
vn 1.000000 0.000000 0.000000
vn 1.000000 0.000000 0.000000
vn 1.000000 0.000000 0.000000
vn 1.000000 0.000000 0.000000
vn 1.000000 0.000000 0.000000
vn 1.000000 0.000000 0.000000
vn 1.000000 0.000000 0.000000
vn 1.000000 0.000000 0.000000
vn 1.000000 0.000000 0.000000
vn 1.000000 0.000000 0.000000
vn 1.000000 0.000000 0.000000
vn 1.000000 0.000000 0.000000
vn 1.000000 0.000000 0.000000
vn 1.000000 0.000000 0.000000
vn 1.000000 0.000000 0.000000
vn 1.000000 0.000000 0.000000
vn 1.000000 0.000000 0.000000
vn 1.000000 0.000000 0.000000
vn 1.000000 0.000000 0.000000
vn 1.000000 0.000000 0.000000
vn 1.000000 0.000000 0.000000
vn 1.000000 0.000000 0.000000
vn 1.000000 0.000000 0.000000
vn 1.000000 0.000000 0.000000
vn 1.000000 0.000000 0.000000
vn 1.000000 0.000000 0.000000
vn 1.000000 0.000000 0.000000
vn 1.000000 0.000000 0.000000
vn 1.000000 0.000000 0.000000
vn 1.000000 0.000000 0.000000
vn 1.000000 0.000000 0.000000
vn 1.000000 0.000000 0.000000
vn 1.000000 0.000000 0.000000
vn 1.000000 0.000000 0.000000
vn 1.000000 0.000000 0.000000
vn 1.000000 0.000000 0.000000
vn 1.000000 0.000000 0.000000
vn 1.000000 0.000000 0.000000
vn 1.000000 0.000000 0.000000
vn 1.000000 0.000000 0.000000
vn 1.000000 0.000000 0.000000
vn 1.000000 0.000000 0.000000
vn 1.000000 0.000000 0.000000
vn 1.000000 0.000000 0.000000
vn 1.000000 0.000000 0.000000
vn 1.000000 0.000000 0.000000
vn 1.000000 0.000000 0.000000
vn 1.000000 0.000000 0.000000
vn 1.000000 0.000000 0.000000
vn 1.000000 0.000000 0.000000
vn 1.000000 0.000000 0.000000
vn 1.000000 0.000000 0.000000
vn 1.000000 0.000000 0.000000
vn 1.000000 0.000000 0.000000
vn 1.000000 0.000000 0.000000
vn 1.000000 0.000000 0.000000
vn 1.000000 0.000000 0.000000
vn 1.000000 0.000000 0.000000
vn 1.000000 0.000000 0.000000
vn 1.000000 0.000000 0.000000
vn 1.000000 0.000000 0.000000
vn 1.000000 0.000000 0.000000
vn 1.000000 0.000000 0.000000
vn 1.000000 0.000000 0.000000
vn 1.000000 0.000000 0.000000
vn 1.000000 0.000000 0.000000
vn 1.000000 0.000000 0.000000
vn 1.000000 0.000000 0.000000
vn 1.000000 0.000000 0.000000
vn 1.000000 0.000000 0.000000
vn 1.000000 0.000000 0.000000
vn 1.000000 0.000000 0.000000
vn 1.000000 0.000000 0.000000
vn 1.000000 0.000000 0.000000
vn 1.000000 0.000000 0.000000
vn 1.000000 0.000000 0.000000
vn 1.000000 0.000000 0.000000
vn 1.000000 0.000000 0.000000
vn 1.000000 0.000000 0.000000
vn 1.000000 0.000000 0.000000
vn 1.000000 0.000000 0.000000
vn 1.000000 0.000000 0.000000
vn 1.000000 0.000000 0.000000
vn 1.000000 0.000000 0.000000
vn 1.000000 0.000000 0.000000
vn 1.000000 0.000000 0.000000
vn 1.000000 0.000000 0.000000
vn 1.000000 0.000000 0.000000
vn 1.000000 0.000000 0.000000
vn 1.000000 0.000000 0.000000
vn 1.000000 0.000000 0.000000
vn 1.000000 0.000000 0.000000
vn 1.000000 0.000000 0.000000
vn 1.000000 0.000000 0.000000
vn 1.000000 0.000000 0.000000
vn -1.000000 0.000000 0.000000
vn -1.000000 0.000000 0.000000
vn -1.000000 0.000000 0.000000
vn -1.000000 0.000000 0.000000
vn -1.000000 0.000000 0.000000
vn -1.000000 0.000000 0.000000
vn -1.000000 0.000000 0.000000
vn -1.000000 0.000000 0.000000
vn -1.000000 0.000000 0.000000
vn -1.000000 0.000000 0.000000
vn -1.000000 0.000000 0.000000
vn -1.000000 0.000000 0.000000
vn -1.000000 0.000000 0.000000
vn -1.000000 0.000000 0.000000
vn -1.000000 0.000000 0.000000
vn -1.000000 0.000000 0.000000
vn -1.000000 0.000000 0.000000
vn -1.000000 0.000000 0.000000
vn -1.000000 0.000000 0.000000
vn -1.000000 0.000000 0.000000
vn -1.000000 0.000000 0.000000
vn -1.000000 0.000000 0.000000
vn -1.000000 0.000000 0.000000
vn -1.000000 0.000000 0.000000
vn -1.000000 0.000000 0.000000
vn -1.000000 0.000000 0.000000
vn -1.000000 0.000000 0.000000
vn -1.000000 0.000000 0.000000
vn -1.000000 0.000000 0.000000
vn -1.000000 0.000000 0.000000
vn -1.000000 0.000000 0.000000
vn -1.000000 0.000000 0.000000
vn -1.000000 0.000000 0.000000
vn -1.000000 0.000000 0.000000
vn -1.000000 0.000000 0.000000
vn -1.000000 0.000000 0.000000
vn -1.000000 0.000000 0.000000
vn -1.000000 0.000000 0.000000
vn -1.000000 0.000000 0.000000
vn -1.000000 0.000000 0.000000
vn -1.000000 0.000000 0.000000
vn -1.000000 0.000000 0.000000
vn -1.000000 0.000000 0.000000
vn -1.000000 0.000000 0.000000
vn -1.000000 0.000000 0.000000
vn -1.000000 0.000000 0.000000
vn -1.000000 0.000000 0.000000
vn -1.000000 0.000000 0.000000
vn -1.000000 0.000000 0.000000
vn -1.000000 0.000000 0.000000
vn -1.000000 0.000000 0.000000
vn -1.000000 0.000000 0.000000
vn -1.000000 0.000000 0.000000
vn -1.000000 0.000000 0.000000
vn -1.000000 0.000000 0.000000
vn -1.000000 0.000000 0.000000
vn -1.000000 0.000000 0.000000
vn -1.000000 0.000000 0.000000
vn -1.000000 0.000000 0.000000
vn -1.000000 0.000000 0.000000
vn -1.000000 0.000000 0.000000
vn -1.000000 0.000000 0.000000
vn -1.000000 0.000000 0.000000
vn -1.000000 0.000000 0.000000
vn -1.000000 0.000000 0.000000
vn -1.000000 0.000000 0.000000
vn -1.000000 0.000000 0.000000
vn -1.000000 0.000000 0.000000
vn -1.000000 0.000000 0.000000
vn -1.000000 0.000000 0.000000
vn -1.000000 0.000000 0.000000
vn -1.000000 0.000000 0.000000
vn -1.000000 0.000000 0.000000
vn -1.000000 0.000000 0.000000
vn -1.000000 0.000000 0.000000
vn -1.000000 0.000000 0.000000
vn -1.000000 0.000000 0.000000
vn -1.000000 0.000000 0.000000
vn -1.000000 0.000000 0.000000
vn -1.000000 0.000000 0.000000
vn -1.000000 0.000000 0.000000
vn -1.000000 0.000000 0.000000
vn -1.000000 0.000000 0.000000
vn -1.000000 0.000000 0.000000
vn -1.000000 0.000000 0.000000
vn -1.000000 0.000000 0.000000
vn -1.000000 0.000000 0.000000
vn -1.000000 0.000000 0.000000
vn -1.000000 0.000000 0.000000
vn -1.000000 0.000000 0.000000
vn -1.000000 0.000000 0.000000
vn -1.000000 0.000000 0.000000
vn -1.000000 0.000000 0.000000
vn -1.000000 0.000000 0.000000
vn -1.000000 0.000000 0.000000
vn -1.000000 0.000000 0.000000
vn -1.000000 0.000000 0.000000
vn -1.000000 0.000000 0.000000
vn -1.000000 0.000000 0.000000
vn -1.000000 0.000000 0.000000
vn -1.000000 0.000000 0.000000
vn -1.000000 0.000000 0.000000
s off
g group1 robot:robotpCylinder3
usemtl robot:initialShadingGroup
f 1347/1696/5459 1348/1697/5460 1382/1698/5461 1381/1699/5462
f 1348/1697/5463 1349/1700/5464 1383/1701/5465 1382/1698/5466
f 1349/1700/5467 1350/1702/5468 1384/1703/5469 1383/1701/5470
f 1350/1702/5471 1351/1704/5472 1385/1705/5473 1384/1703/5474
f 1351/1704/5475 1352/1706/5476 1386/1707/5477 1385/1705/5478
f 1352/1706/5479 1353/1708/5480 1387/1709/5481 1386/1707/5482
f 1353/1708/5483 1354/1710/5484 1388/1711/5485 1387/1709/5486
f 1354/1710/5487 1355/1712/5488 1389/1713/5489 1388/1711/5490
f 1355/1712/5491 1356/1714/5492 1390/1715/5493 1389/1713/5494
f 1356/1714/5495 1357/1716/5496 1391/1717/5497 1390/1715/5498
f 1357/1716/5499 1358/1718/5500 1392/1719/5501 1391/1717/5502
f 1358/1718/5503 1359/1720/5504 1393/1721/5505 1392/1719/5506
f 1359/1720/5507 1360/1722/5508 1394/1723/5509 1393/1721/5510
f 1360/1722/5511 1361/1724/5512 1395/1725/5513 1394/1723/5514
f 1361/1724/5515 1362/1726/5516 1396/1727/5517 1395/1725/5518
f 1362/1726/5519 1363/1728/5520 1397/1729/5521 1396/1727/5522
f 1363/1728/5523 1364/1730/5524 1398/1731/5525 1397/1729/5526
f 1364/1730/5527 1365/1732/5528 1399/1733/5529 1398/1731/5530
f 1365/1732/5531 1366/1734/5532 1400/1735/5533 1399/1733/5534
f 1366/1734/5535 1367/1736/5536 1401/1737/5537 1400/1735/5538
f 1367/1736/5539 1368/1738/5540 1402/1739/5541 1401/1737/5542
f 1368/1738/5543 1369/1740/5544 1403/1741/5545 1402/1739/5546
f 1369/1740/5547 1370/1742/5548 1404/1743/5549 1403/1741/5550
f 1370/1742/5551 1371/1744/5552 1405/1745/5553 1404/1743/5554
f 1371/1744/5555 1372/1746/5556 1406/1747/5557 1405/1745/5558
f 1372/1746/5559 1373/1748/5560 1407/1749/5561 1406/1747/5562
f 1373/1748/5563 1374/1750/5564 1408/1751/5565 1407/1749/5566
f 1374/1750/5567 1375/1752/5568 1409/1753/5569 1408/1751/5570
f 1375/1752/5571 1376/1754/5572 1410/1755/5573 1409/1753/5574
f 1376/1754/5575 1377/1756/5576 1411/1757/5577 1410/1755/5578
f 1377/1756/5579 1378/1758/5580 1412/1759/5581 1411/1757/5582
f 1378/1758/5583 1379/1760/5584 1413/1761/5585 1412/1759/5586
f 1379/1760/5587 1380/1762/5588 1414/1763/5589 1413/1761/5590
f 1380/1762/5591 1347/1764/5592 1381/1765/5593 1414/1763/5594
f 1348/1766/5595 1347/1767/5596 1415/1768/5597
f 1349/1769/5598 1348/1766/5599 1415/1768/5600
f 1350/1770/5601 1349/1769/5602 1415/1768/5603
f 1351/1771/5604 1350/1770/5605 1415/1768/5606
f 1352/1772/5607 1351/1771/5608 1415/1768/5609
f 1353/1773/5610 1352/1772/5611 1415/1768/5612
f 1354/1774/5613 1353/1773/5614 1415/1768/5615
f 1355/1775/5616 1354/1774/5617 1415/1768/5618
f 1356/1776/5619 1355/1775/5620 1415/1768/5621
f 1357/1777/5622 1356/1776/5623 1415/1768/5624
f 1358/1778/5625 1357/1777/5626 1415/1768/5627
f 1359/1779/5628 1358/1778/5629 1415/1768/5630
f 1360/1780/5631 1359/1779/5632 1415/1768/5633
f 1361/1781/5634 1360/1780/5635 1415/1768/5636
f 1362/1782/5637 1361/1781/5638 1415/1768/5639
f 1363/1783/5640 1362/1782/5641 1415/1768/5642
f 1364/1784/5643 1363/1783/5644 1415/1768/5645
f 1365/1785/5646 1364/1784/5647 1415/1768/5648
f 1366/1786/5649 1365/1785/5650 1415/1768/5651
f 1367/1787/5652 1366/1786/5653 1415/1768/5654
f 1368/1788/5655 1367/1787/5656 1415/1768/5657
f 1369/1789/5658 1368/1788/5659 1415/1768/5660
f 1370/1790/5661 1369/1789/5662 1415/1768/5663
f 1371/1791/5664 1370/1790/5665 1415/1768/5666
f 1372/1792/5667 1371/1791/5668 1415/1768/5669
f 1373/1793/5670 1372/1792/5671 1415/1768/5672
f 1374/1794/5673 1373/1793/5674 1415/1768/5675
f 1375/1795/5676 1374/1794/5677 1415/1768/5678
f 1376/1796/5679 1375/1795/5680 1415/1768/5681
f 1377/1797/5682 1376/1796/5683 1415/1768/5684
f 1378/1798/5685 1377/1797/5686 1415/1768/5687
f 1379/1799/5688 1378/1798/5689 1415/1768/5690
f 1380/1800/5691 1379/1799/5692 1415/1768/5693
f 1347/1767/5694 1380/1800/5695 1415/1768/5696
f 1381/1801/5697 1382/1802/5698 1416/1803/5699
f 1382/1802/5700 1383/1804/5701 1416/1803/5702
f 1383/1804/5703 1384/1805/5704 1416/1803/5705
f 1384/1805/5706 1385/1806/5707 1416/1803/5708
f 1385/1806/5709 1386/1807/5710 1416/1803/5711
f 1386/1807/5712 1387/1808/5713 1416/1803/5714
f 1387/1808/5715 1388/1809/5716 1416/1803/5717
f 1388/1809/5718 1389/1810/5719 1416/1803/5720
f 1389/1810/5721 1390/1811/5722 1416/1803/5723
f 1390/1811/5724 1391/1812/5725 1416/1803/5726
f 1391/1812/5727 1392/1813/5728 1416/1803/5729
f 1392/1813/5730 1393/1814/5731 1416/1803/5732
f 1393/1814/5733 1394/1815/5734 1416/1803/5735
f 1394/1815/5736 1395/1816/5737 1416/1803/5738
f 1395/1816/5739 1396/1817/5740 1416/1803/5741
f 1396/1817/5742 1397/1818/5743 1416/1803/5744
f 1397/1818/5745 1398/1819/5746 1416/1803/5747
f 1398/1819/5748 1399/1820/5749 1416/1803/5750
f 1399/1820/5751 1400/1821/5752 1416/1803/5753
f 1400/1821/5754 1401/1822/5755 1416/1803/5756
f 1401/1822/5757 1402/1823/5758 1416/1803/5759
f 1402/1823/5760 1403/1824/5761 1416/1803/5762
f 1403/1824/5763 1404/1825/5764 1416/1803/5765
f 1404/1825/5766 1405/1826/5767 1416/1803/5768
f 1405/1826/5769 1406/1827/5770 1416/1803/5771
f 1406/1827/5772 1407/1828/5773 1416/1803/5774
f 1407/1828/5775 1408/1829/5776 1416/1803/5777
f 1408/1829/5778 1409/1830/5779 1416/1803/5780
f 1409/1830/5781 1410/1831/5782 1416/1803/5783
f 1410/1831/5784 1411/1832/5785 1416/1803/5786
f 1411/1832/5787 1412/1833/5788 1416/1803/5789
f 1412/1833/5790 1413/1834/5791 1416/1803/5792
f 1413/1834/5793 1414/1835/5794 1416/1803/5795
f 1414/1835/5796 1381/1801/5797 1416/1803/5798
g default
v 2.588587 7.956391 0.290856
v 2.588587 7.856222 0.094265
v 2.588587 7.788534 0.345397
v 2.588587 7.713434 0.198007
v 2.588587 7.700207 -0.061750
v 2.588587 7.596465 0.081038
v 2.588587 7.503617 -0.161918
v 2.588587 7.449077 0.005940
v 2.588587 7.285693 -0.196434
v 2.588587 7.285693 -0.019938
v 2.588587 7.067770 -0.161918
v 2.588587 7.122311 0.005940
v 2.588587 6.871180 -0.061750
v 2.588587 6.974922 0.081038
v 2.588587 6.715165 0.094265
v 2.588587 6.857953 0.198007
v 2.588587 6.614996 0.290856
v 2.588587 6.782855 0.345397
v 2.588587 6.580482 0.508779
v 2.588587 6.756977 0.508779
v 2.588587 6.614996 0.726702
v 2.588587 6.782855 0.672162
v 2.588587 6.715165 0.923293
v 2.588587 6.857953 0.819551
v 2.588587 6.871180 1.079308
v 2.588587 6.974922 0.936520
v 2.588587 7.067770 1.179476
v 2.588587 7.122311 1.011618
v 2.588587 7.285693 1.213992
v 2.588587 7.285693 1.037496
v 2.588587 7.503617 1.179476
v 2.588587 7.449077 1.011618
v 2.588587 7.700207 1.079308
v 2.588587 7.596465 0.936520
v 2.588587 7.856222 0.923293
v 2.588587 7.713434 0.819551
v 2.588587 7.956391 0.726702
v 2.588587 7.788532 0.672162
v 2.588587 7.990907 0.508779
v 2.588587 7.814410 0.508779
v -2.589333 7.956391 0.290856
v -2.589333 7.856222 0.094265
v -2.589333 7.713434 0.198007
v -2.589333 7.788534 0.345397
v -2.589333 7.700207 -0.061750
v -2.589333 7.596465 0.081038
v -2.589333 7.503617 -0.161918
v -2.589333 7.449077 0.005940
v -2.589333 7.285693 -0.196434
v -2.589333 7.285693 -0.019938
v -2.589333 7.067770 -0.161918
v -2.589333 7.122311 0.005940
v -2.589333 6.871180 -0.061750
v -2.589333 6.974922 0.081038
v -2.589333 6.715165 0.094265
v -2.589333 6.857953 0.198007
v -2.589333 6.614996 0.290856
v -2.589333 6.782855 0.345397
v -2.589333 6.580482 0.508779
v -2.589333 6.756977 0.508779
v -2.589333 6.614996 0.726702
v -2.589333 6.782855 0.672162
v -2.589333 6.715165 0.923293
v -2.589333 6.857953 0.819551
v -2.589333 6.871180 1.079308
v -2.589333 6.974922 0.936520
v -2.589333 7.067770 1.179476
v -2.589333 7.122311 1.011618
v -2.589333 7.285693 1.213992
v -2.589333 7.285693 1.037496
v -2.589333 7.503617 1.179476
v -2.589333 7.449077 1.011618
v -2.589333 7.700207 1.079308
v -2.589333 7.596465 0.936520
v -2.589333 7.856222 0.923293
v -2.589333 7.713434 0.819551
v -2.589333 7.956391 0.726702
v -2.589333 7.788532 0.672162
v -2.589333 7.990907 0.508779
v -2.589333 7.814410 0.508779
vt 0.626409 0.064408
vt 0.648603 0.107966
vt 0.648603 0.107966
vt 0.626409 0.064408
vt 0.591842 0.029841
vt 0.591842 0.029841
vt 0.548284 0.007647
vt 0.548284 0.007647
vt 0.500000 -0.000000
vt 0.500000 -0.000000
vt 0.451716 0.007647
vt 0.451716 0.007647
vt 0.408159 0.029841
vt 0.408159 0.029841
vt 0.373591 0.064409
vt 0.373591 0.064409
vt 0.351397 0.107966
vt 0.351397 0.107966
vt 0.343750 0.156250
vt 0.343750 0.156250
vt 0.351397 0.204534
vt 0.351397 0.204534
vt 0.373591 0.248091
vt 0.373591 0.248091
vt 0.408159 0.282659
vt 0.408159 0.282659
vt 0.451716 0.304853
vt 0.451716 0.304853
vt 0.500000 0.312500
vt 0.500000 0.312500
vt 0.548284 0.304853
vt 0.548284 0.304853
vt 0.591841 0.282659
vt 0.591841 0.282659
vt 0.626409 0.248091
vt 0.626409 0.248091
vt 0.648603 0.204534
vt 0.648603 0.204534
vt 0.656250 0.156250
vt 0.656250 0.156250
vt 0.648603 0.892034
vt 0.626409 0.935591
vt 0.626409 0.935591
vt 0.648603 0.892034
vt 0.591841 0.970159
vt 0.591841 0.970159
vt 0.548284 0.992353
vt 0.548284 0.992353
vt 0.500000 1.000000
vt 0.500000 1.000000
vt 0.451716 0.992353
vt 0.451716 0.992353
vt 0.408159 0.970159
vt 0.408159 0.970159
vt 0.373591 0.935591
vt 0.373591 0.935591
vt 0.351397 0.892034
vt 0.351397 0.892034
vt 0.343750 0.843750
vt 0.343750 0.843750
vt 0.351397 0.795466
vt 0.351397 0.795466
vt 0.373591 0.751909
vt 0.373591 0.751909
vt 0.408159 0.717341
vt 0.408159 0.717341
vt 0.451716 0.695147
vt 0.451716 0.695147
vt 0.500000 0.687500
vt 0.500000 0.687500
vt 0.548284 0.695147
vt 0.548284 0.695147
vt 0.591842 0.717341
vt 0.591842 0.717341
vt 0.626409 0.751908
vt 0.626409 0.751908
vt 0.648603 0.795466
vt 0.648603 0.795466
vt 0.656250 0.843750
vt 0.656250 0.843750
vn 1.000000 0.000000 0.000000
vn 1.000000 0.000000 0.000000
vn 1.000000 0.000000 0.000000
vn 1.000000 0.000000 0.000000
vn 1.000000 0.000000 0.000000
vn 1.000000 0.000000 0.000000
vn 1.000000 0.000000 0.000000
vn 1.000000 0.000000 0.000000
vn 1.000000 0.000000 0.000000
vn 1.000000 0.000000 0.000000
vn 1.000000 0.000000 0.000000
vn 1.000000 0.000000 0.000000
vn 1.000000 0.000000 0.000000
vn 1.000000 0.000000 0.000000
vn 1.000000 0.000000 0.000000
vn 1.000000 0.000000 0.000000
vn 1.000000 0.000000 0.000000
vn 1.000000 0.000000 0.000000
vn 1.000000 0.000000 0.000000
vn 1.000000 0.000000 0.000000
vn 1.000000 0.000000 0.000000
vn 1.000000 0.000000 0.000000
vn 1.000000 0.000000 0.000000
vn 1.000000 0.000000 0.000000
vn 1.000000 0.000000 0.000000
vn 1.000000 0.000000 0.000000
vn 1.000000 0.000000 0.000000
vn 1.000000 0.000000 0.000000
vn 1.000000 0.000000 0.000000
vn 1.000000 0.000000 0.000000
vn 1.000000 0.000000 0.000000
vn 1.000000 0.000000 0.000000
vn 1.000000 0.000000 0.000000
vn 1.000000 0.000000 0.000000
vn 1.000000 0.000000 0.000000
vn 1.000000 0.000000 0.000000
vn 1.000000 0.000000 0.000000
vn 1.000000 0.000000 0.000000
vn 1.000000 0.000000 0.000000
vn 1.000000 0.000000 0.000000
vn 1.000000 0.000000 0.000000
vn 1.000000 0.000000 0.000000
vn 1.000000 0.000000 0.000000
vn 1.000000 0.000000 0.000000
vn 1.000000 0.000000 0.000000
vn 1.000000 0.000000 0.000000
vn 1.000000 0.000000 0.000000
vn 1.000000 0.000000 0.000000
vn 1.000000 0.000000 0.000000
vn 1.000000 0.000000 0.000000
vn 1.000000 0.000000 0.000000
vn 1.000000 0.000000 0.000000
vn 1.000000 0.000000 -0.000001
vn 1.000000 0.000000 -0.000001
vn 1.000000 0.000000 -0.000001
vn 1.000000 0.000000 -0.000001
vn 1.000000 0.000000 0.000000
vn 1.000000 0.000000 0.000000
vn 1.000000 0.000000 0.000000
vn 1.000000 0.000000 0.000000
vn 1.000000 0.000000 0.000000
vn 1.000000 0.000000 0.000000
vn 1.000000 0.000000 0.000000
vn 1.000000 0.000000 0.000000
vn 1.000000 0.000000 0.000000
vn 1.000000 0.000000 0.000000
vn 1.000000 0.000000 0.000000
vn 1.000000 0.000000 0.000000
vn 1.000000 0.000000 0.000000
vn 1.000000 0.000000 0.000000
vn 1.000000 0.000000 0.000000
vn 1.000000 0.000000 0.000000
vn 1.000000 0.000000 0.000000
vn 1.000000 0.000000 0.000000
vn 1.000000 0.000000 0.000000
vn 1.000000 0.000000 0.000000
vn 1.000000 0.000000 0.000000
vn 1.000000 0.000000 0.000000
vn 1.000000 0.000000 0.000000
vn 1.000000 0.000000 0.000000
vn -1.000000 0.000000 -0.000002
vn -1.000000 0.000000 -0.000002
vn -1.000000 0.000000 -0.000002
vn -1.000000 0.000000 -0.000002
vn -1.000000 0.000000 0.000002
vn -1.000000 0.000000 0.000002
vn -1.000000 0.000000 0.000002
vn -1.000000 0.000000 0.000002
vn -1.000000 0.000000 0.000001
vn -1.000000 0.000000 0.000001
vn -1.000000 0.000000 0.000001
vn -1.000000 0.000000 0.000001
vn -1.000000 0.000000 -0.000001
vn -1.000000 0.000000 -0.000001
vn -1.000000 0.000000 -0.000001
vn -1.000000 0.000000 -0.000001
vn -1.000000 0.000000 -0.000002
vn -1.000000 0.000000 -0.000002
vn -1.000000 0.000000 -0.000002
vn -1.000000 0.000000 -0.000002
vn -1.000000 0.000000 -0.000002
vn -1.000000 0.000000 -0.000002
vn -1.000000 0.000000 -0.000002
vn -1.000000 0.000000 -0.000002
vn -1.000000 0.000000 0.000001
vn -1.000000 0.000000 0.000001
vn -1.000000 0.000000 0.000001
vn -1.000000 0.000000 0.000001
vn -1.000000 0.000000 0.000000
vn -1.000000 0.000000 0.000000
vn -1.000000 0.000000 0.000000
vn -1.000000 0.000000 0.000000
vn -1.000000 0.000000 -0.000002
vn -1.000000 0.000000 -0.000002
vn -1.000000 0.000000 -0.000002
vn -1.000000 0.000000 -0.000002
vn -1.000000 0.000000 0.000002
vn -1.000000 0.000000 0.000002
vn -1.000000 0.000000 0.000002
vn -1.000000 0.000000 0.000002
vn -1.000000 0.000000 0.000002
vn -1.000000 0.000000 0.000002
vn -1.000000 0.000000 0.000002
vn -1.000000 0.000000 0.000002
vn -1.000000 0.000000 -0.000002
vn -1.000000 0.000000 -0.000002
vn -1.000000 0.000000 -0.000002
vn -1.000000 0.000000 -0.000002
vn -1.000000 0.000000 0.000001
vn -1.000000 0.000000 0.000001
vn -1.000000 0.000000 0.000001
vn -1.000000 0.000000 0.000001
vn -1.000000 0.000000 0.000001
vn -1.000000 0.000000 0.000001
vn -1.000000 0.000000 0.000001
vn -1.000000 0.000000 0.000001
vn -1.000000 0.000000 0.000002
vn -1.000000 0.000000 0.000002
vn -1.000000 0.000000 0.000002
vn -1.000000 0.000000 0.000002
vn -1.000000 0.000000 0.000000
vn -1.000000 0.000000 0.000000
vn -1.000000 0.000000 0.000000
vn -1.000000 0.000000 0.000000
vn -1.000000 0.000000 -0.000001
vn -1.000000 0.000000 -0.000001
vn -1.000000 0.000000 -0.000001
vn -1.000000 0.000000 -0.000001
vn -1.000000 0.000000 0.000000
vn -1.000000 0.000000 0.000000
vn -1.000000 0.000000 0.000000
vn -1.000000 0.000000 0.000000
vn -1.000000 0.000000 0.000002
vn -1.000000 0.000000 0.000002
vn -1.000000 0.000000 0.000002
vn -1.000000 0.000000 0.000002
vn -1.000000 0.000000 -0.000002
vn -1.000000 0.000000 -0.000002
vn -1.000000 0.000000 -0.000002
vn -1.000000 0.000000 -0.000002
s off
g group1 robot:robotpCylinder5
usemtl robot:aiStandardSurface1SG
f 1418/1836/5799 1417/1837/5800 1419/1838/5801 1420/1839/5802
f 1421/1840/5803 1418/1836/5804 1420/1839/5805 1422/1841/5806
f 1423/1842/5807 1421/1840/5808 1422/1841/5809 1424/1843/5810
f 1425/1844/5811 1423/1842/5812 1424/1843/5813 1426/1845/5814
f 1427/1846/5815 1425/1844/5816 1426/1845/5817 1428/1847/5818
f 1429/1848/5819 1427/1846/5820 1428/1847/5821 1430/1849/5822
f 1431/1850/5823 1429/1848/5824 1430/1849/5825 1432/1851/5826
f 1433/1852/5827 1431/1850/5828 1432/1851/5829 1434/1853/5830
f 1435/1854/5831 1433/1852/5832 1434/1853/5833 1436/1855/5834
f 1437/1856/5835 1435/1854/5836 1436/1855/5837 1438/1857/5838
f 1439/1858/5839 1437/1856/5840 1438/1857/5841 1440/1859/5842
f 1441/1860/5843 1439/1858/5844 1440/1859/5845 1442/1861/5846
f 1443/1862/5847 1441/1860/5848 1442/1861/5849 1444/1863/5850
f 1445/1864/5851 1443/1862/5852 1444/1863/5853 1446/1865/5854
f 1447/1866/5855 1445/1864/5856 1446/1865/5857 1448/1867/5858
f 1449/1868/5859 1447/1866/5860 1448/1867/5861 1450/1869/5862
f 1451/1870/5863 1449/1868/5864 1450/1869/5865 1452/1871/5866
f 1453/1872/5867 1451/1870/5868 1452/1871/5869 1454/1873/5870
f 1455/1874/5871 1453/1872/5872 1454/1873/5873 1456/1875/5874
f 1417/1837/5875 1455/1874/5876 1456/1875/5877 1419/1838/5878
f 1457/1876/5879 1458/1877/5880 1459/1878/5881 1460/1879/5882
f 1458/1877/5883 1461/1880/5884 1462/1881/5885 1459/1878/5886
f 1461/1880/5887 1463/1882/5888 1464/1883/5889 1462/1881/5890
f 1463/1882/5891 1465/1884/5892 1466/1885/5893 1464/1883/5894
f 1465/1884/5895 1467/1886/5896 1468/1887/5897 1466/1885/5898
f 1467/1886/5899 1469/1888/5900 1470/1889/5901 1468/1887/5902
f 1469/1888/5903 1471/1890/5904 1472/1891/5905 1470/1889/5906
f 1471/1890/5907 1473/1892/5908 1474/1893/5909 1472/1891/5910
f 1473/1892/5911 1475/1894/5912 1476/1895/5913 1474/1893/5914
f 1475/1894/5915 1477/1896/5916 1478/1897/5917 1476/1895/5918
f 1477/1896/5919 1479/1898/5920 1480/1899/5921 1478/1897/5922
f 1479/1898/5923 1481/1900/5924 1482/1901/5925 1480/1899/5926
f 1481/1900/5927 1483/1902/5928 1484/1903/5929 1482/1901/5930
f 1483/1902/5931 1485/1904/5932 1486/1905/5933 1484/1903/5934
f 1485/1904/5935 1487/1906/5936 1488/1907/5937 1486/1905/5938
f 1487/1906/5939 1489/1908/5940 1490/1909/5941 1488/1907/5942
f 1489/1908/5943 1491/1910/5944 1492/1911/5945 1490/1909/5946
f 1491/1910/5947 1493/1912/5948 1494/1913/5949 1492/1911/5950
f 1493/1912/5951 1495/1914/5952 1496/1915/5953 1494/1913/5954
f 1495/1914/5955 1457/1876/5956 1460/1879/5957 1496/1915/5958
g default
v 0.564865 4.001998 -0.050752
v 0.538988 4.001998 -0.147327
v 0.496735 4.001998 -0.237941
v 0.439388 4.001998 -0.319841
v 0.368690 4.001998 -0.390538
v 0.286790 4.001998 -0.447885
v 0.196176 4.001998 -0.490139
v 0.099601 4.001998 -0.516017
v 0.000000 4.001998 -0.524731
v -0.099601 4.001998 -0.516017
v -0.196175 4.001998 -0.490140
v -0.286789 4.001998 -0.447886
v -0.368690 4.001998 -0.390539
v -0.439387 4.001998 -0.319841
v -0.496734 4.001998 -0.237941
v -0.538988 4.001998 -0.147327
v -0.564865 4.001998 -0.050753
v -0.573580 4.001998 0.048849
v -0.564866 4.001998 0.148450
v -0.538989 4.001998 0.245024
v -0.496735 4.001998 0.335638
v -0.439388 4.001998 0.417538
v -0.368690 4.001998 0.488236
v -0.286790 4.001998 0.545583
v -0.196176 4.001998 0.587837
v -0.099601 4.001998 0.613714
v 0.000000 4.001998 0.622428
v 0.099601 4.001998 0.613714
v 0.196176 4.001998 0.587837
v 0.286790 4.001998 0.545583
v 0.368690 4.001998 0.488236
v 0.439387 4.001998 0.417539
v 0.496735 4.001998 0.335639
v 0.538989 4.001998 0.245025
v 0.564866 4.001998 0.148450
v 0.573580 4.001998 0.048849
v 0.564865 6.001998 -0.050752
v 0.538988 6.001998 -0.147327
v 0.496735 6.001998 -0.237941
v 0.439388 6.001998 -0.319841
v 0.368690 6.001998 -0.390538
v 0.286790 6.001998 -0.447885
v 0.196176 6.001998 -0.490139
v 0.099601 6.001998 -0.516017
v 0.000000 6.001998 -0.524731
v -0.099601 6.001998 -0.516017
v -0.196175 6.001998 -0.490140
v -0.286789 6.001998 -0.447886
v -0.368690 6.001998 -0.390539
v -0.439387 6.001998 -0.319841
v -0.496734 6.001998 -0.237941
v -0.538988 6.001998 -0.147327
v -0.564865 6.001998 -0.050753
v -0.573580 6.001998 0.048849
v -0.564866 6.001998 0.148450
v -0.538989 6.001998 0.245024
v -0.496735 6.001998 0.335638
v -0.439388 6.001998 0.417538
v -0.368690 6.001998 0.488236
v -0.286790 6.001998 0.545583
v -0.196176 6.001998 0.587837
v -0.099601 6.001998 0.613714
v 0.000000 6.001998 0.622428
v 0.099601 6.001998 0.613714
v 0.196176 6.001998 0.587837
v 0.286790 6.001998 0.545583
v 0.368690 6.001998 0.488236
v 0.439387 6.001998 0.417539
v 0.496735 6.001998 0.335639
v 0.538989 6.001998 0.245025
v 0.564866 6.001998 0.148450
v 0.573580 6.001998 0.048849
v 0.000000 4.001998 0.048849
v 0.000000 6.001998 0.048849
vt 0.375000 0.312500
vt 0.381944 0.312500
vt 0.381944 0.687500
vt 0.375000 0.687500
vt 0.388889 0.312500
vt 0.388889 0.687500
vt 0.395833 0.312500
vt 0.395833 0.687500
vt 0.402778 0.312500
vt 0.402778 0.687500
vt 0.409722 0.312500
vt 0.409722 0.687500
vt 0.416667 0.312500
vt 0.416667 0.687500
vt 0.423611 0.312500
vt 0.423611 0.687500
vt 0.430556 0.312500
vt 0.430556 0.687500
vt 0.437500 0.312500
vt 0.437500 0.687500
vt 0.444444 0.312500
vt 0.444444 0.687500
vt 0.451389 0.312500
vt 0.451389 0.687500
vt 0.458333 0.312500
vt 0.458333 0.687500
vt 0.465278 0.312500
vt 0.465278 0.687500
vt 0.472222 0.312500
vt 0.472222 0.687500
vt 0.479167 0.312500
vt 0.479167 0.687500
vt 0.486111 0.312500
vt 0.486111 0.687500
vt 0.493056 0.312500
vt 0.493056 0.687500
vt 0.500000 0.312500
vt 0.500000 0.687500
vt 0.506944 0.312500
vt 0.506944 0.687500
vt 0.513889 0.312500
vt 0.513889 0.687500
vt 0.520833 0.312500
vt 0.520833 0.687500
vt 0.527778 0.312500
vt 0.527778 0.687500
vt 0.534722 0.312500
vt 0.534722 0.687500
vt 0.541667 0.312500
vt 0.541667 0.687500
vt 0.548611 0.312500
vt 0.548611 0.687500
vt 0.555555 0.312500
vt 0.555555 0.687500
vt 0.562500 0.312500
vt 0.562500 0.687500
vt 0.569444 0.312500
vt 0.569444 0.687500
vt 0.576389 0.312500
vt 0.576389 0.687500
vt 0.583333 0.312500
vt 0.583333 0.687500
vt 0.590277 0.312500
vt 0.590277 0.687500
vt 0.597222 0.312500
vt 0.597222 0.687500
vt 0.604166 0.312500
vt 0.604166 0.687500
vt 0.611111 0.312500
vt 0.611111 0.687500
vt 0.618055 0.312500
vt 0.618055 0.687500
vt 0.625000 0.312500
vt 0.625000 0.687500
vt 0.646827 0.102809
vt 0.653876 0.129118
vt 0.500000 0.156250
vt 0.635316 0.078125
vt 0.619694 0.055815
vt 0.600435 0.036556
vt 0.578125 0.020934
vt 0.553441 0.009423
vt 0.527133 0.002374
vt 0.500000 0.000000
vt 0.472867 0.002374
vt 0.446559 0.009423
vt 0.421875 0.020934
vt 0.399565 0.036556
vt 0.380306 0.055814
vt 0.364684 0.078125
vt 0.353173 0.102809
vt 0.346124 0.129117
vt 0.343750 0.156250
vt 0.346124 0.183383
vt 0.353173 0.209691
vt 0.364684 0.234375
vt 0.380306 0.256686
vt 0.399564 0.275944
vt 0.421875 0.291566
vt 0.446559 0.303077
vt 0.472867 0.310126
vt 0.500000 0.312500
vt 0.527133 0.310126
vt 0.553441 0.303077
vt 0.578125 0.291566
vt 0.600436 0.275944
vt 0.619694 0.256686
vt 0.635316 0.234375
vt 0.646827 0.209691
vt 0.653876 0.183383
vt 0.656250 0.156250
vt 0.653876 0.870883
vt 0.646827 0.897191
vt 0.500000 0.843750
vt 0.635316 0.921875
vt 0.619694 0.944186
vt 0.600436 0.963444
vt 0.578125 0.979066
vt 0.553441 0.990577
vt 0.527133 0.997626
vt 0.500000 1.000000
vt 0.472867 0.997626
vt 0.446559 0.990577
vt 0.421875 0.979066
vt 0.399564 0.963444
vt 0.380306 0.944185
vt 0.364684 0.921875
vt 0.353173 0.897191
vt 0.346124 0.870883
vt 0.343750 0.843750
vt 0.346124 0.816617
vt 0.353173 0.790309
vt 0.364684 0.765625
vt 0.380306 0.743315
vt 0.399565 0.724056
vt 0.421875 0.708434
vt 0.446559 0.696923
vt 0.472867 0.689874
vt 0.500000 0.687500
vt 0.527133 0.689874
vt 0.553441 0.696923
vt 0.578125 0.708434
vt 0.600435 0.724056
vt 0.619694 0.743315
vt 0.635316 0.765625
vt 0.646827 0.790309
vt 0.653876 0.816617
vt 0.656250 0.843750
vn 0.965926 0.000000 -0.258817
vn 0.965926 0.000000 -0.258817
vn 0.965926 0.000000 -0.258817
vn 0.965926 0.000000 -0.258817
vn 0.939693 0.000000 -0.342019
vn 0.866026 0.000000 -0.499999
vn 0.866026 0.000000 -0.499999
vn 0.939693 0.000000 -0.342019
vn 0.866026 0.000000 -0.499999
vn 0.766045 0.000000 -0.642787
vn 0.766045 0.000000 -0.642787
vn 0.866026 0.000000 -0.499999
vn 0.766045 0.000000 -0.642787
vn 0.642788 0.000000 -0.766044
vn 0.642788 0.000000 -0.766044
vn 0.766045 0.000000 -0.642787
vn 0.642788 0.000000 -0.766044
vn 0.500001 0.000000 -0.866025
vn 0.500001 0.000000 -0.866025
vn 0.642788 0.000000 -0.766044
vn 0.500001 0.000000 -0.866025
vn 0.342021 0.000000 -0.939692
vn 0.342021 0.000000 -0.939692
vn 0.500001 0.000000 -0.866025
vn 0.342021 0.000000 -0.939692
vn 0.173649 0.000000 -0.984808
vn 0.173649 0.000000 -0.984808
vn 0.342021 0.000000 -0.939692
vn 0.173649 0.000000 -0.984808
vn 0.000001 0.000000 -1.000000
vn 0.000001 0.000000 -1.000000
vn 0.173649 0.000000 -0.984808
vn 0.000001 0.000000 -1.000000
vn -0.173647 0.000000 -0.984808
vn -0.173647 0.000000 -0.984808
vn 0.000001 0.000000 -1.000000
vn -0.173647 0.000000 -0.984808
vn -0.342020 0.000000 -0.939693
vn -0.342020 0.000000 -0.939693
vn -0.173647 0.000000 -0.984808
vn -0.342020 0.000000 -0.939693
vn -0.500000 0.000000 -0.866026
vn -0.500000 0.000000 -0.866026
vn -0.342020 0.000000 -0.939693
vn -0.500000 0.000000 -0.866026
vn -0.642787 0.000000 -0.766045
vn -0.642787 0.000000 -0.766045
vn -0.500000 0.000000 -0.866026
vn -0.642787 0.000000 -0.766045
vn -0.766044 0.000000 -0.642788
vn -0.766044 0.000000 -0.642788
vn -0.642787 0.000000 -0.766045
vn -0.766044 0.000000 -0.642788
vn -0.866025 0.000000 -0.500000
vn -0.866025 0.000000 -0.500000
vn -0.766044 0.000000 -0.642788
vn -0.866025 0.000000 -0.500000
vn -0.939692 0.000000 -0.342021
vn -0.939692 0.000000 -0.342021
vn -0.866025 0.000000 -0.500000
vn -0.939692 0.000000 -0.342021
vn -0.984808 0.000000 -0.173649
vn -0.984808 0.000000 -0.173649
vn -0.939692 0.000000 -0.342021
vn -0.984808 0.000000 -0.173649
vn -1.000000 0.000000 -0.000001
vn -1.000000 0.000000 -0.000001
vn -0.984808 0.000000 -0.173649
vn -1.000000 0.000000 -0.000001
vn -0.984808 0.000000 0.173648
vn -0.984808 0.000000 0.173648
vn -1.000000 0.000000 -0.000001
vn -0.984808 0.000000 0.173648
vn -0.939693 0.000000 0.342019
vn -0.939693 0.000000 0.342019
vn -0.984808 0.000000 0.173648
vn -0.939693 0.000000 0.342019
vn -0.866026 0.000000 0.500000
vn -0.866026 0.000000 0.500000
vn -0.939693 0.000000 0.342019
vn -0.866026 0.000000 0.500000
vn -0.766044 0.000000 0.642788
vn -0.766044 0.000000 0.642788
vn -0.866026 0.000000 0.500000
vn -0.766044 0.000000 0.642788
vn -0.642788 0.000000 0.766044
vn -0.642788 0.000000 0.766044
vn -0.766044 0.000000 0.642788
vn -0.642788 0.000000 0.766044
vn -0.500000 0.000000 0.866025
vn -0.500000 0.000000 0.866025
vn -0.642788 0.000000 0.766044
vn -0.500000 0.000000 0.866025
vn -0.342021 0.000000 0.939692
vn -0.342021 0.000000 0.939692
vn -0.500000 0.000000 0.866025
vn -0.342021 0.000000 0.939692
vn -0.173648 0.000000 0.984808
vn -0.173648 0.000000 0.984808
vn -0.342021 0.000000 0.939692
vn -0.173648 0.000000 0.984808
vn 0.000000 0.000000 1.000000
vn 0.000000 0.000000 1.000000
vn -0.173648 0.000000 0.984808
vn 0.000000 0.000000 1.000000
vn 0.173648 0.000000 0.984808
vn 0.173648 0.000000 0.984808
vn 0.000000 0.000000 1.000000
vn 0.173648 0.000000 0.984808
vn 0.342020 0.000000 0.939693
vn 0.342020 0.000000 0.939693
vn 0.173648 0.000000 0.984808
vn 0.342020 0.000000 0.939693
vn 0.500000 0.000000 0.866026
vn 0.500000 0.000000 0.866026
vn 0.342020 0.000000 0.939693
vn 0.500000 0.000000 0.866026
vn 0.642788 0.000000 0.766044
vn 0.642788 0.000000 0.766044
vn 0.500000 0.000000 0.866026
vn 0.642788 0.000000 0.766044
vn 0.766044 0.000000 0.642788
vn 0.766044 0.000000 0.642788
vn 0.642788 0.000000 0.766044
vn 0.766044 0.000000 0.642788
vn 0.866025 0.000000 0.500000
vn 0.866025 0.000000 0.500000
vn 0.766044 0.000000 0.642788
vn 0.866025 0.000000 0.500000
vn 0.939693 0.000000 0.342020
vn 0.939693 0.000000 0.342020
vn 0.866025 0.000000 0.500000
vn 0.939693 0.000000 0.342020
vn 0.984808 0.000000 0.173648
vn 0.984808 0.000000 0.173648
vn 0.939693 0.000000 0.342020
vn 0.984808 0.000000 0.173648
vn 1.000000 0.000000 -0.000002
vn 1.000000 0.000000 -0.000002
vn 0.984808 0.000000 0.173648
vn 1.000000 0.000000 -0.000002
vn 0.984807 0.000000 -0.173650
vn 0.984807 0.000000 -0.173650
vn 1.000000 0.000000 -0.000002
vn 0.000000 -1.000000 0.000000
vn 0.000000 -1.000000 0.000000
vn 0.000000 -1.000000 0.000000
vn 0.000000 -1.000000 0.000000
vn 0.000000 -1.000000 0.000000
vn 0.000000 -1.000000 0.000000
vn 0.000000 -1.000000 0.000000
vn 0.000000 -1.000000 0.000000
vn 0.000000 -1.000000 0.000000
vn 0.000000 -1.000000 0.000000
vn 0.000000 -1.000000 0.000000
vn 0.000000 -1.000000 0.000000
vn 0.000000 -1.000000 0.000000
vn 0.000000 -1.000000 0.000000
vn 0.000000 -1.000000 0.000000
vn 0.000000 -1.000000 0.000000
vn 0.000000 -1.000000 0.000000
vn 0.000000 -1.000000 0.000000
vn 0.000000 -1.000000 0.000000
vn 0.000000 -1.000000 0.000000
vn 0.000000 -1.000000 0.000000
vn 0.000000 -1.000000 0.000000
vn 0.000000 -1.000000 0.000000
vn 0.000000 -1.000000 0.000000
vn 0.000000 -1.000000 0.000000
vn 0.000000 -1.000000 0.000000
vn 0.000000 -1.000000 0.000000
vn 0.000000 -1.000000 0.000000
vn 0.000000 -1.000000 0.000000
vn 0.000000 -1.000000 0.000000
vn 0.000000 -1.000000 0.000000
vn 0.000000 -1.000000 0.000000
vn 0.000000 -1.000000 0.000000
vn 0.000000 -1.000000 0.000000
vn 0.000000 -1.000000 0.000000
vn 0.000000 -1.000000 0.000000
vn 0.000000 -1.000000 0.000000
vn 0.000000 -1.000000 0.000000
vn 0.000000 -1.000000 0.000000
vn 0.000000 -1.000000 0.000000
vn 0.000000 -1.000000 0.000000
vn 0.000000 -1.000000 0.000000
vn 0.000000 -1.000000 0.000000
vn 0.000000 -1.000000 0.000000
vn 0.000000 -1.000000 0.000000
vn 0.000000 -1.000000 0.000000
vn 0.000000 -1.000000 0.000000
vn 0.000000 -1.000000 0.000000
vn 0.000000 -1.000000 0.000000
vn 0.000000 -1.000000 0.000000
vn 0.000000 -1.000000 0.000000
vn 0.000000 -1.000000 0.000000
vn 0.000000 -1.000000 0.000000
vn 0.000000 -1.000000 0.000000
vn 0.000000 -1.000000 0.000000
vn 0.000000 -1.000000 0.000000
vn 0.000000 -1.000000 0.000000
vn 0.000000 -1.000000 0.000000
vn 0.000000 -1.000000 0.000000
vn 0.000000 -1.000000 0.000000
vn 0.000000 -1.000000 0.000000
vn 0.000000 -1.000000 0.000000
vn 0.000000 -1.000000 0.000000
vn 0.000000 -1.000000 0.000000
vn 0.000000 -1.000000 0.000000
vn 0.000000 -1.000000 0.000000
vn 0.000000 -1.000000 0.000000
vn 0.000000 -1.000000 0.000000
vn 0.000000 -1.000000 0.000000
vn 0.000000 -1.000000 0.000000
vn 0.000000 -1.000000 0.000000
vn 0.000000 -1.000000 0.000000
vn 0.000000 -1.000000 0.000000
vn 0.000000 -1.000000 0.000000
vn 0.000000 -1.000000 0.000000
vn 0.000000 -1.000000 0.000000
vn 0.000000 -1.000000 0.000000
vn 0.000000 -1.000000 0.000000
vn 0.000000 -1.000000 0.000000
vn 0.000000 -1.000000 0.000000
vn 0.000000 -1.000000 0.000000
vn 0.000000 -1.000000 0.000000
vn 0.000000 -1.000000 0.000000
vn 0.000000 -1.000000 0.000000
vn 0.000000 -1.000000 0.000000
vn 0.000000 -1.000000 0.000000
vn 0.000000 -1.000000 0.000000
vn 0.000000 -1.000000 0.000000
vn 0.000000 -1.000000 0.000000
vn 0.000000 -1.000000 0.000000
vn 0.000000 -1.000000 0.000000
vn 0.000000 -1.000000 0.000000
vn 0.000000 -1.000000 0.000000
vn 0.000000 -1.000000 0.000000
vn 0.000000 -1.000000 0.000000
vn 0.000000 -1.000000 0.000000
vn 0.000000 -1.000000 0.000000
vn 0.000000 -1.000000 0.000000
vn 0.000000 -1.000000 0.000000
vn 0.000000 -1.000000 0.000000
vn 0.000000 -1.000000 0.000000
vn 0.000000 -1.000000 0.000000
vn 0.000000 -1.000000 0.000000
vn 0.000000 -1.000000 0.000000
vn 0.000000 -1.000000 0.000000
vn 0.000000 -1.000000 0.000000
vn 0.000000 -1.000000 0.000000
vn 0.000000 -1.000000 0.000000
vn 0.000000 1.000000 0.000000
vn 0.000000 1.000000 0.000000
vn 0.000000 1.000000 0.000000
vn 0.000000 1.000000 0.000000
vn 0.000000 1.000000 0.000000
vn 0.000000 1.000000 0.000000
vn 0.000000 1.000000 0.000000
vn 0.000000 1.000000 0.000000
vn 0.000000 1.000000 0.000000
vn 0.000000 1.000000 0.000000
vn 0.000000 1.000000 0.000000
vn 0.000000 1.000000 0.000000
vn 0.000000 1.000000 0.000000
vn 0.000000 1.000000 0.000000
vn 0.000000 1.000000 0.000000
vn 0.000000 1.000000 0.000000
vn 0.000000 1.000000 0.000000
vn 0.000000 1.000000 0.000000
vn 0.000000 1.000000 0.000000
vn 0.000000 1.000000 0.000000
vn 0.000000 1.000000 0.000000
vn 0.000000 1.000000 0.000000
vn 0.000000 1.000000 0.000000
vn 0.000000 1.000000 0.000000
vn 0.000000 1.000000 0.000000
vn 0.000000 1.000000 0.000000
vn 0.000000 1.000000 0.000000
vn 0.000000 1.000000 0.000000
vn 0.000000 1.000000 0.000000
vn 0.000000 1.000000 0.000000
vn 0.000000 1.000000 0.000000
vn 0.000000 1.000000 0.000000
vn 0.000000 1.000000 0.000000
vn 0.000000 1.000000 0.000000
vn 0.000000 1.000000 0.000000
vn 0.000000 1.000000 0.000000
vn 0.000000 1.000000 0.000000
vn 0.000000 1.000000 0.000000
vn 0.000000 1.000000 0.000000
vn 0.000000 1.000000 0.000000
vn 0.000000 1.000000 0.000000
vn 0.000000 1.000000 0.000000
vn 0.000000 1.000000 0.000000
vn 0.000000 1.000000 0.000000
vn 0.000000 1.000000 0.000000
vn 0.000000 1.000000 0.000000
vn 0.000000 1.000000 0.000000
vn 0.000000 1.000000 0.000000
vn 0.000000 1.000000 0.000000
vn 0.000000 1.000000 0.000000
vn 0.000000 1.000000 0.000000
vn 0.000000 1.000000 0.000000
vn 0.000000 1.000000 0.000000
vn 0.000000 1.000000 0.000000
vn 0.000000 1.000000 0.000000
vn 0.000000 1.000000 0.000000
vn 0.000000 1.000000 0.000000
vn 0.000000 1.000000 0.000000
vn 0.000000 1.000000 0.000000
vn 0.000000 1.000000 0.000000
vn 0.000000 1.000000 0.000000
vn 0.000000 1.000000 0.000000
vn 0.000000 1.000000 0.000000
vn 0.000000 1.000000 0.000000
vn 0.000000 1.000000 0.000000
vn 0.000000 1.000000 0.000000
vn 0.000000 1.000000 0.000000
vn 0.000000 1.000000 0.000000
vn 0.000000 1.000000 0.000000
vn 0.000000 1.000000 0.000000
vn 0.000000 1.000000 0.000000
vn 0.000000 1.000000 0.000000
vn 0.000000 1.000000 0.000000
vn 0.000000 1.000000 0.000000
vn 0.000000 1.000000 0.000000
vn 0.000000 1.000000 0.000000
vn 0.000000 1.000000 0.000000
vn 0.000000 1.000000 0.000000
vn 0.000000 1.000000 0.000000
vn 0.000000 1.000000 0.000000
vn 0.000000 1.000000 0.000000
vn 0.000000 1.000000 0.000000
vn 0.000000 1.000000 0.000000
vn 0.000000 1.000000 0.000000
vn 0.000000 1.000000 0.000000
vn 0.000000 1.000000 0.000000
vn 0.000000 1.000000 0.000000
vn 0.000000 1.000000 0.000000
vn 0.000000 1.000000 0.000000
vn 0.000000 1.000000 0.000000
vn 0.000000 1.000000 0.000000
vn 0.000000 1.000000 0.000000
vn 0.000000 1.000000 0.000000
vn 0.000000 1.000000 0.000000
vn 0.000000 1.000000 0.000000
vn 0.000000 1.000000 0.000000
vn 0.000000 1.000000 0.000000
vn 0.000000 1.000000 0.000000
vn 0.000000 1.000000 0.000000
vn 0.000000 1.000000 0.000000
vn 0.000000 1.000000 0.000000
vn 0.000000 1.000000 0.000000
vn 0.000000 1.000000 0.000000
vn 0.000000 1.000000 0.000000
vn 0.000000 1.000000 0.000000
vn 0.000000 1.000000 0.000000
vn 0.000000 1.000000 0.000000
vn 0.000000 1.000000 0.000000
s off
g group1 robot:robotpCylinder1
usemtl robot:initialShadingGroup
f 1497/1916/5959 1498/1917/5960 1534/1918/5961 1533/1919/5962
f 1498/1917/5963 1499/1920/5964 1535/1921/5965 1534/1918/5966
f 1499/1920/5967 1500/1922/5968 1536/1923/5969 1535/1921/5970
f 1500/1922/5971 1501/1924/5972 1537/1925/5973 1536/1923/5974
f 1501/1924/5975 1502/1926/5976 1538/1927/5977 1537/1925/5978
f 1502/1926/5979 1503/1928/5980 1539/1929/5981 1538/1927/5982
f 1503/1928/5983 1504/1930/5984 1540/1931/5985 1539/1929/5986
f 1504/1930/5987 1505/1932/5988 1541/1933/5989 1540/1931/5990
f 1505/1932/5991 1506/1934/5992 1542/1935/5993 1541/1933/5994
f 1506/1934/5995 1507/1936/5996 1543/1937/5997 1542/1935/5998
f 1507/1936/5999 1508/1938/6000 1544/1939/6001 1543/1937/6002
f 1508/1938/6003 1509/1940/6004 1545/1941/6005 1544/1939/6006
f 1509/1940/6007 1510/1942/6008 1546/1943/6009 1545/1941/6010
f 1510/1942/6011 1511/1944/6012 1547/1945/6013 1546/1943/6014
f 1511/1944/6015 1512/1946/6016 1548/1947/6017 1547/1945/6018
f 1512/1946/6019 1513/1948/6020 1549/1949/6021 1548/1947/6022
f 1513/1948/6023 1514/1950/6024 1550/1951/6025 1549/1949/6026
f 1514/1950/6027 1515/1952/6028 1551/1953/6029 1550/1951/6030
f 1515/1952/6031 1516/1954/6032 1552/1955/6033 1551/1953/6034
f 1516/1954/6035 1517/1956/6036 1553/1957/6037 1552/1955/6038
f 1517/1956/6039 1518/1958/6040 1554/1959/6041 1553/1957/6042
f 1518/1958/6043 1519/1960/6044 1555/1961/6045 1554/1959/6046
f 1519/1960/6047 1520/1962/6048 1556/1963/6049 1555/1961/6050
f 1520/1962/6051 1521/1964/6052 1557/1965/6053 1556/1963/6054
f 1521/1964/6055 1522/1966/6056 1558/1967/6057 1557/1965/6058
f 1522/1966/6059 1523/1968/6060 1559/1969/6061 1558/1967/6062
f 1523/1968/6063 1524/1970/6064 1560/1971/6065 1559/1969/6066
f 1524/1970/6067 1525/1972/6068 1561/1973/6069 1560/1971/6070
f 1525/1972/6071 1526/1974/6072 1562/1975/6073 1561/1973/6074
f 1526/1974/6075 1527/1976/6076 1563/1977/6077 1562/1975/6078
f 1527/1976/6079 1528/1978/6080 1564/1979/6081 1563/1977/6082
f 1528/1978/6083 1529/1980/6084 1565/1981/6085 1564/1979/6086
f 1529/1980/6087 1530/1982/6088 1566/1983/6089 1565/1981/6090
f 1530/1982/6091 1531/1984/6092 1567/1985/6093 1566/1983/6094
f 1531/1984/6095 1532/1986/6096 1568/1987/6097 1567/1985/6098
f 1532/1986/6099 1497/1988/6100 1533/1989/6101 1568/1987/6102
f 1498/1990/6103 1497/1991/6104 1569/1992/6105
f 1499/1993/6106 1498/1990/6107 1569/1992/6108
f 1500/1994/6109 1499/1993/6110 1569/1992/6111
f 1501/1995/6112 1500/1994/6113 1569/1992/6114
f 1502/1996/6115 1501/1995/6116 1569/1992/6117
f 1503/1997/6118 1502/1996/6119 1569/1992/6120
f 1504/1998/6121 1503/1997/6122 1569/1992/6123
f 1505/1999/6124 1504/1998/6125 1569/1992/6126
f 1506/2000/6127 1505/1999/6128 1569/1992/6129
f 1507/2001/6130 1506/2000/6131 1569/1992/6132
f 1508/2002/6133 1507/2001/6134 1569/1992/6135
f 1509/2003/6136 1508/2002/6137 1569/1992/6138
f 1510/2004/6139 1509/2003/6140 1569/1992/6141
f 1511/2005/6142 1510/2004/6143 1569/1992/6144
f 1512/2006/6145 1511/2005/6146 1569/1992/6147
f 1513/2007/6148 1512/2006/6149 1569/1992/6150
f 1514/2008/6151 1513/2007/6152 1569/1992/6153
f 1515/2009/6154 1514/2008/6155 1569/1992/6156
f 1516/2010/6157 1515/2009/6158 1569/1992/6159
f 1517/2011/6160 1516/2010/6161 1569/1992/6162
f 1518/2012/6163 1517/2011/6164 1569/1992/6165
f 1519/2013/6166 1518/2012/6167 1569/1992/6168
f 1520/2014/6169 1519/2013/6170 1569/1992/6171
f 1521/2015/6172 1520/2014/6173 1569/1992/6174
f 1522/2016/6175 1521/2015/6176 1569/1992/6177
f 1523/2017/6178 1522/2016/6179 1569/1992/6180
f 1524/2018/6181 1523/2017/6182 1569/1992/6183
f 1525/2019/6184 1524/2018/6185 1569/1992/6186
f 1526/2020/6187 1525/2019/6188 1569/1992/6189
f 1527/2021/6190 1526/2020/6191 1569/1992/6192
f 1528/2022/6193 1527/2021/6194 1569/1992/6195
f 1529/2023/6196 1528/2022/6197 1569/1992/6198
f 1530/2024/6199 1529/2023/6200 1569/1992/6201
f 1531/2025/6202 1530/2024/6203 1569/1992/6204
f 1532/2026/6205 1531/2025/6206 1569/1992/6207
f 1497/1991/6208 1532/2026/6209 1569/1992/6210
f 1533/2027/6211 1534/2028/6212 1570/2029/6213
f 1534/2028/6214 1535/2030/6215 1570/2029/6216
f 1535/2030/6217 1536/2031/6218 1570/2029/6219
f 1536/2031/6220 1537/2032/6221 1570/2029/6222
f 1537/2032/6223 1538/2033/6224 1570/2029/6225
f 1538/2033/6226 1539/2034/6227 1570/2029/6228
f 1539/2034/6229 1540/2035/6230 1570/2029/6231
f 1540/2035/6232 1541/2036/6233 1570/2029/6234
f 1541/2036/6235 1542/2037/6236 1570/2029/6237
f 1542/2037/6238 1543/2038/6239 1570/2029/6240
f 1543/2038/6241 1544/2039/6242 1570/2029/6243
f 1544/2039/6244 1545/2040/6245 1570/2029/6246
f 1545/2040/6247 1546/2041/6248 1570/2029/6249
f 1546/2041/6250 1547/2042/6251 1570/2029/6252
f 1547/2042/6253 1548/2043/6254 1570/2029/6255
f 1548/2043/6256 1549/2044/6257 1570/2029/6258
f 1549/2044/6259 1550/2045/6260 1570/2029/6261
f 1550/2045/6262 1551/2046/6263 1570/2029/6264
f 1551/2046/6265 1552/2047/6266 1570/2029/6267
f 1552/2047/6268 1553/2048/6269 1570/2029/6270
f 1553/2048/6271 1554/2049/6272 1570/2029/6273
f 1554/2049/6274 1555/2050/6275 1570/2029/6276
f 1555/2050/6277 1556/2051/6278 1570/2029/6279
f 1556/2051/6280 1557/2052/6281 1570/2029/6282
f 1557/2052/6283 1558/2053/6284 1570/2029/6285
f 1558/2053/6286 1559/2054/6287 1570/2029/6288
f 1559/2054/6289 1560/2055/6290 1570/2029/6291
f 1560/2055/6292 1561/2056/6293 1570/2029/6294
f 1561/2056/6295 1562/2057/6296 1570/2029/6297
f 1562/2057/6298 1563/2058/6299 1570/2029/6300
f 1563/2058/6301 1564/2059/6302 1570/2029/6303
f 1564/2059/6304 1565/2060/6305 1570/2029/6306
f 1565/2060/6307 1566/2061/6308 1570/2029/6309
f 1566/2061/6310 1567/2062/6311 1570/2029/6312
f 1567/2062/6313 1568/2063/6314 1570/2029/6315
f 1568/2063/6316 1533/2027/6317 1570/2029/6318
g default
v 2.631923 8.150315 0.225307
v 2.631923 8.020016 -0.030417
v 2.631923 7.817073 -0.233360
v 2.631923 7.561349 -0.363658
v 2.631923 7.277877 -0.408556
v 2.631923 6.994407 -0.363658
v 2.631923 6.738681 -0.233360
v 2.631923 6.535740 -0.030416
v 2.631923 6.405440 0.225307
v 2.631923 6.360542 0.508779
v 2.631923 6.405440 0.792251
v 2.631923 6.535740 1.047975
v 2.631923 6.738681 1.250919
v 2.631923 6.994407 1.381216
v 2.631923 7.277877 1.426114
v 2.631923 7.561349 1.381216
v 2.631923 7.817072 1.250918
v 2.631923 8.020016 1.047975
v 2.631923 8.150313 0.792251
v 2.631923 8.195212 0.508779
v -2.654050 8.150315 0.225307
v -2.654050 8.020016 -0.030417
v -2.654050 7.817073 -0.233360
v -2.654050 7.561349 -0.363658
v -2.654050 7.277877 -0.408556
v -2.654050 6.994407 -0.363658
v -2.654050 6.738681 -0.233360
v -2.654050 6.535740 -0.030416
v -2.654050 6.405440 0.225307
v -2.654050 6.360542 0.508779
v -2.654050 6.405440 0.792251
v -2.654050 6.535740 1.047975
v -2.654050 6.738681 1.250919
v -2.654050 6.994407 1.381216
v -2.654050 7.277877 1.426114
v -2.654050 7.561349 1.381216
v -2.654050 7.817072 1.250918
v -2.654050 8.020016 1.047975
v -2.654050 8.150313 0.792251
v -2.654050 8.195212 0.508779
v 2.624523 7.976981 0.281627
v 2.624523 7.872569 0.076710
v 2.624523 7.709947 -0.085913
v 2.624523 7.505030 -0.190323
v 2.624523 7.277877 -0.226301
v 2.624523 7.050725 -0.190323
v 2.624523 6.845808 -0.085913
v 2.624523 6.683186 0.076710
v 2.624523 6.578775 0.281627
v 2.624523 6.542798 0.508779
v 2.624523 6.578775 0.735931
v 2.624523 6.683186 0.940848
v 2.624523 6.845808 1.103471
v 2.624523 7.050725 1.207882
v 2.624523 7.277877 1.243859
v 2.624523 7.505030 1.207882
v 2.624523 7.709946 1.103471
v 2.624523 7.872569 0.940848
v 2.624523 7.976981 0.735931
v 2.624523 8.012957 0.508779
v -2.646650 7.976981 0.281627
v -2.646650 7.872569 0.076710
v -2.646650 7.709947 -0.085913
v -2.646650 7.505030 -0.190323
v -2.646650 7.277877 -0.226301
v -2.646650 7.050725 -0.190323
v -2.646650 6.845808 -0.085913
v -2.646650 6.683186 0.076710
v -2.646650 6.578775 0.281627
v -2.646650 6.542798 0.508779
v -2.646650 6.578775 0.735931
v -2.646650 6.683186 0.940848
v -2.646650 6.845808 1.103471
v -2.646650 7.050725 1.207882
v -2.646650 7.277877 1.243859
v -2.646650 7.505030 1.207882
v -2.646650 7.709946 1.103471
v -2.646650 7.872569 0.940848
v -2.646650 7.976981 0.735931
v -2.646650 8.012957 0.508779
v 2.517436 7.948575 0.290856
v 2.517436 7.848406 0.094265
v 2.517436 7.692391 -0.061750
v 2.517436 7.495801 -0.161918
v 2.517436 7.277877 -0.196434
v 2.517436 7.059955 -0.161918
v 2.517436 6.863364 -0.061750
v 2.517436 6.707349 0.094265
v 2.517436 6.607181 0.290856
v 2.517436 6.572666 0.508779
v 2.517436 6.607181 0.726702
v 2.517436 6.707349 0.923293
v 2.517436 6.863364 1.079308
v 2.517436 7.059955 1.179476
v 2.517436 7.277877 1.213992
v 2.517436 7.495801 1.179476
v 2.517436 7.692390 1.079308
v 2.517436 7.848406 0.923293
v 2.517436 7.948575 0.726702
v 2.517436 7.983090 0.508779
v -2.539563 7.948575 0.290856
v -2.539563 7.848406 0.094265
v -2.539563 7.692391 -0.061750
v -2.539563 7.495801 -0.161918
v -2.539563 7.277877 -0.196434
v -2.539563 7.059955 -0.161918
v -2.539563 6.863364 -0.061750
v -2.539563 6.707349 0.094265
v -2.539563 6.607181 0.290856
v -2.539563 6.572666 0.508779
v -2.539563 6.607181 0.726702
v -2.539563 6.707349 0.923293
v -2.539563 6.863364 1.079308
v -2.539563 7.059955 1.179476
v -2.539563 7.277877 1.213992
v -2.539563 7.495801 1.179476
v -2.539563 7.692390 1.079308
v -2.539563 7.848406 0.923293
v -2.539563 7.948575 0.726702
v -2.539563 7.983090 0.508779
v 2.517436 7.780718 0.345397
v 2.517436 7.705618 0.198007
v 2.517436 7.588649 0.081038
v 2.517436 7.441261 0.005940
v 2.517436 7.277877 -0.019938
v 2.517436 7.114496 0.005940
v 2.517436 6.967106 0.081038
v 2.517436 6.850137 0.198007
v 2.517436 6.775038 0.345397
v 2.517436 6.749162 0.508779
v 2.517436 6.775038 0.672162
v 2.517436 6.850137 0.819551
v 2.517436 6.967106 0.936520
v 2.517436 7.114496 1.011618
v 2.517436 7.277877 1.037496
v 2.517436 7.441261 1.011618
v 2.517436 7.588649 0.936520
v 2.517436 7.705618 0.819551
v 2.517436 7.780717 0.672162
v 2.517436 7.806594 0.508779
v -2.539563 7.780718 0.345397
v -2.539563 7.705618 0.198007
v -2.539563 7.588649 0.081038
v -2.539563 7.441261 0.005940
v -2.539563 7.277877 -0.019938
v -2.539563 7.114496 0.005940
v -2.539563 6.967106 0.081038
v -2.539563 6.850137 0.198007
v -2.539563 6.775038 0.345397
v -2.539563 6.749162 0.508779
v -2.539563 6.775038 0.672162
v -2.539563 6.850137 0.819551
v -2.539563 6.967106 0.936520
v -2.539563 7.114496 1.011618
v -2.539563 7.277877 1.037496
v -2.539563 7.441261 1.011618
v -2.539563 7.588649 0.936520
v -2.539563 7.705618 0.819551
v -2.539563 7.780717 0.672162
v -2.539563 7.806594 0.508779
v 2.579598 7.793080 0.341380
v 2.579598 7.716134 0.190367
v 2.726141 7.277878 0.508779
v 2.579598 7.596290 0.070523
v 2.579598 7.445278 -0.006422
v 2.579598 7.277878 -0.032936
v 2.579598 7.110479 -0.006422
v 2.579598 6.959466 0.070523
v 2.579598 6.839622 0.190367
v 2.579598 6.762677 0.341380
v 2.579598 6.736164 0.508779
v 2.579598 6.762677 0.676178
v 2.579598 6.839622 0.827191
v 2.579598 6.959466 0.947035
v 2.579598 7.110479 1.023981
v 2.579598 7.277878 1.050494
v 2.579598 7.445278 1.023981
v 2.579598 7.596289 0.947035
v 2.579598 7.716134 0.827191
v 2.579598 7.793079 0.676178
v 2.579598 7.819593 0.508779
v -2.601725 7.793080 0.341380
v -2.601725 7.716134 0.190367
v -2.748268 7.277878 0.508779
v -2.601725 7.596290 0.070523
v -2.601725 7.445278 -0.006422
v -2.601725 7.277878 -0.032936
v -2.601725 7.110479 -0.006422
v -2.601725 6.959466 0.070523
v -2.601725 6.839622 0.190367
v -2.601725 6.762677 0.341380
v -2.601725 6.736164 0.508779
v -2.601725 6.762677 0.676178
v -2.601725 6.839622 0.827191
v -2.601725 6.959466 0.947035
v -2.601725 7.110479 1.023981
v -2.601725 7.277878 1.050494
v -2.601725 7.445278 1.023981
v -2.601725 7.596289 0.947035
v -2.601725 7.716134 0.827191
v -2.601725 7.793079 0.676178
v -2.601725 7.819593 0.508779
v 2.615242 8.150315 0.225307
v 2.615242 8.195212 0.508779
v 2.615242 8.150313 0.792251
v 2.615242 8.020016 1.047975
v 2.615242 7.817072 1.250918
v 2.615242 7.561349 1.381216
v 2.615242 7.277877 1.426114
v 2.615242 6.994407 1.381216
v 2.615242 6.738681 1.250919
v 2.615242 6.535740 1.047975
v 2.615242 6.405440 0.792251
v 2.615242 6.360542 0.508779
v 2.615242 6.405440 0.225307
v 2.615242 6.535740 -0.030416
v 2.615242 6.738681 -0.233360
v 2.615242 6.994407 -0.363658
v 2.615242 7.277877 -0.408556
v 2.615242 7.561349 -0.363658
v 2.615242 7.817073 -0.233360
v 2.615242 8.020016 -0.030417
v 2.609243 7.277877 1.239597
v 2.609243 7.503713 1.203828
v 2.609243 7.707440 1.100023
v 2.609243 7.869122 0.938343
v 2.609243 7.972927 0.734614
v 2.609243 8.008696 0.508779
v 2.609243 7.972927 0.282944
v 2.609243 7.869122 0.079215
v 2.609243 7.707441 -0.082465
v 2.609243 7.503713 -0.186270
v 2.609243 7.277877 -0.222039
v 2.609243 7.052042 -0.186270
v 2.609243 6.848314 -0.082465
v 2.609243 6.686633 0.079215
v 2.609243 6.582829 0.282944
v 2.609243 6.547060 0.508779
v 2.609243 6.582829 0.734614
v 2.609243 6.686633 0.938343
v 2.609243 6.848314 1.100023
v 2.609243 7.052042 1.203828
v 2.535043 7.852379 0.091379
v 2.535043 7.695277 -0.065723
v 2.535043 7.497318 -0.166588
v 2.535043 7.277877 -0.201344
v 2.535043 7.058438 -0.166588
v 2.535043 6.860478 -0.065723
v 2.535043 6.703376 0.091379
v 2.535043 6.602510 0.289339
v 2.535043 6.567756 0.508779
v 2.535043 6.602510 0.728219
v 2.535043 6.703376 0.926179
v 2.535043 6.860478 1.083281
v 2.535043 7.058438 1.184146
v 2.535043 7.277877 1.218902
v 2.535043 7.497318 1.184146
v 2.535043 7.695276 1.083281
v 2.535043 7.852379 0.926179
v 2.535043 7.953244 0.728219
v 2.535043 7.988001 0.508779
v 2.535043 7.953245 0.289339
v 2.528351 7.808877 0.508779
v 2.528351 7.782888 0.344691
v 2.528351 7.707465 0.196666
v 2.528351 7.589991 0.079192
v 2.528351 7.441966 0.003769
v 2.528351 7.277877 -0.022220
v 2.528351 7.113791 0.003769
v 2.528351 6.965764 0.079192
v 2.528351 6.848290 0.196666
v 2.528351 6.772868 0.344691
v 2.528351 6.746879 0.508779
v 2.528351 6.772868 0.672867
v 2.528351 6.848290 0.820892
v 2.528351 6.965764 0.938366
v 2.528351 7.113791 1.013789
v 2.528351 7.277877 1.039778
v 2.528351 7.441966 1.013789
v 2.528351 7.589990 0.938366
v 2.528351 7.707465 0.820892
v 2.528351 7.782887 0.672867
v -2.643012 8.150315 0.225307
v -2.643012 8.195212 0.508779
v -2.643012 8.150313 0.792251
v -2.643012 8.020016 1.047975
v -2.643012 7.817072 1.250918
v -2.643012 7.561349 1.381216
v -2.643012 7.277877 1.426114
v -2.643012 6.994407 1.381216
v -2.643012 6.738681 1.250919
v -2.643012 6.535740 1.047975
v -2.643012 6.405440 0.792251
v -2.643012 6.360542 0.508779
v -2.643012 6.405440 0.225307
v -2.643012 6.535740 -0.030416
v -2.643012 6.738681 -0.233360
v -2.643012 6.994407 -0.363658
v -2.643012 7.277877 -0.408556
v -2.643012 7.561349 -0.363658
v -2.643012 7.817073 -0.233360
v -2.643012 8.020016 -0.030417
v -2.635044 7.277877 1.240622
v -2.635044 7.051726 1.204803
v -2.635044 6.847711 1.100852
v -2.635044 6.685805 0.938945
v -2.635044 6.581854 0.734931
v -2.635044 6.546035 0.508779
v -2.635044 6.581854 0.282627
v -2.635044 6.685805 0.078613
v -2.635044 6.847711 -0.083294
v -2.635044 7.051726 -0.187245
v -2.635044 7.277877 -0.223064
v -2.635044 7.504030 -0.187245
v -2.635044 7.708044 -0.083294
v -2.635044 7.869950 0.078612
v -2.635044 7.973902 0.282627
v -2.635044 8.009720 0.508779
v -2.635044 7.973902 0.734931
v -2.635044 7.869950 0.938945
v -2.635044 7.708043 1.100852
v -2.635044 7.504030 1.204803
v -2.550194 7.113809 0.003826
v -2.550194 7.277877 -0.022161
v -2.550194 7.441948 0.003826
v -2.550194 7.589956 0.079240
v -2.550194 7.707417 0.196701
v -2.550194 7.782832 0.344710
v -2.550194 7.808817 0.508779
v -2.550194 7.782831 0.672849
v -2.550194 7.707417 0.820858
v -2.550194 7.589955 0.938318
v -2.550194 7.441948 1.013733
v -2.550194 7.277877 1.039719
v -2.550194 7.113809 1.013733
v -2.550194 6.965799 0.938318
v -2.550194 6.848338 0.820858
v -2.550194 6.772924 0.672849
v -2.550194 6.746938 0.508779
v -2.550194 6.772924 0.344710
v -2.550194 6.848338 0.196701
v -2.550194 6.965799 0.079240
v -2.550285 6.704929 0.925051
v -2.550285 6.604337 0.727626
v -2.550285 6.569675 0.508779
v -2.550285 6.604337 0.289932
v -2.550285 6.704929 0.092508
v -2.550285 6.861606 -0.064169
v -2.550285 7.059031 -0.164762
v -2.550285 7.277877 -0.199424
v -2.550285 7.496725 -0.164762
v -2.550285 7.694149 -0.064169
v -2.550285 7.850826 0.092508
v -2.550285 7.951420 0.289932
v -2.550285 7.986081 0.508779
v -2.550285 7.951419 0.727626
v -2.550285 7.850826 0.925051
v -2.550285 7.694148 1.081727
v -2.550285 7.496725 1.182320
v -2.550285 7.277877 1.216982
v -2.550285 7.059031 1.182320
v -2.550285 6.861606 1.081727
vt 0.375000 0.312500
vt 0.387500 0.312500
vt 0.387500 0.313683
vt 0.375000 0.313683
vt 0.400000 0.312500
vt 0.400000 0.313683
vt 0.412500 0.312500
vt 0.412500 0.313683
vt 0.425000 0.312500
vt 0.425000 0.313683
vt 0.437500 0.312500
vt 0.437500 0.313683
vt 0.450000 0.312500
vt 0.450000 0.313683
vt 0.462500 0.312500
vt 0.462500 0.313683
vt 0.475000 0.312500
vt 0.475000 0.313683
vt 0.487500 0.312500
vt 0.487500 0.313683
vt 0.500000 0.312500
vt 0.500000 0.313683
vt 0.512500 0.312500
vt 0.512500 0.313683
vt 0.525000 0.312500
vt 0.525000 0.313683
vt 0.537500 0.312500
vt 0.537500 0.313683
vt 0.550000 0.312500
vt 0.550000 0.313683
vt 0.562500 0.312500
vt 0.562500 0.313683
vt 0.575000 0.312500
vt 0.575000 0.313683
vt 0.587500 0.312500
vt 0.587500 0.313683
vt 0.600000 0.312500
vt 0.600000 0.313683
vt 0.612500 0.312500
vt 0.612500 0.313683
vt 0.625000 0.312500
vt 0.625000 0.313683
vt 0.626409 0.064408
vt 0.648603 0.107966
vt 0.500000 0.156250
vt 0.591842 0.029841
vt 0.548284 0.007647
vt 0.500000 -0.000000
vt 0.451716 0.007647
vt 0.408159 0.029841
vt 0.373591 0.064409
vt 0.351397 0.107966
vt 0.343750 0.156250
vt 0.351397 0.204534
vt 0.373591 0.248091
vt 0.408159 0.282659
vt 0.451716 0.304853
vt 0.500000 0.312500
vt 0.548284 0.304853
vt 0.591841 0.282659
vt 0.626409 0.248091
vt 0.648603 0.204534
vt 0.656250 0.156250
vt 0.648603 0.892034
vt 0.626409 0.935591
vt 0.500000 0.843750
vt 0.591841 0.970159
vt 0.548284 0.992353
vt 0.500000 1.000000
vt 0.451716 0.992353
vt 0.408159 0.970159
vt 0.373591 0.935591
vt 0.351397 0.892034
vt 0.343750 0.843750
vt 0.351397 0.795466
vt 0.373591 0.751909
vt 0.408159 0.717341
vt 0.451716 0.695147
vt 0.500000 0.687500
vt 0.548284 0.695147
vt 0.591842 0.717341
vt 0.626409 0.751908
vt 0.648603 0.795466
vt 0.656250 0.843750
vt 0.626409 0.064408
vt 0.648603 0.107966
vt 0.648603 0.107966
vt 0.626409 0.064408
vt 0.591842 0.029841
vt 0.591842 0.029841
vt 0.548284 0.007647
vt 0.548284 0.007647
vt 0.500000 -0.000000
vt 0.500000 -0.000000
vt 0.451716 0.007647
vt 0.451716 0.007647
vt 0.408159 0.029841
vt 0.408159 0.029841
vt 0.373591 0.064409
vt 0.373591 0.064409
vt 0.351397 0.107966
vt 0.351397 0.107966
vt 0.343750 0.156250
vt 0.343750 0.156250
vt 0.351397 0.204534
vt 0.351397 0.204534
vt 0.373591 0.248091
vt 0.373591 0.248091
vt 0.408159 0.282659
vt 0.408159 0.282659
vt 0.451716 0.304853
vt 0.451716 0.304853
vt 0.500000 0.312500
vt 0.500000 0.312500
vt 0.548284 0.304853
vt 0.548284 0.304853
vt 0.591841 0.282659
vt 0.591841 0.282659
vt 0.626409 0.248091
vt 0.626409 0.248091
vt 0.648603 0.204534
vt 0.648603 0.204534
vt 0.656250 0.156250
vt 0.656250 0.156250
vt 0.648603 0.892034
vt 0.626409 0.935591
vt 0.626409 0.935591
vt 0.648603 0.892034
vt 0.591841 0.970159
vt 0.591841 0.970159
vt 0.548284 0.992353
vt 0.548284 0.992353
vt 0.500000 1.000000
vt 0.500000 1.000000
vt 0.451716 0.992353
vt 0.451716 0.992353
vt 0.408159 0.970159
vt 0.408159 0.970159
vt 0.373591 0.935591
vt 0.373591 0.935591
vt 0.351397 0.892034
vt 0.351397 0.892034
vt 0.343750 0.843750
vt 0.343750 0.843750
vt 0.351397 0.795466
vt 0.351397 0.795466
vt 0.373591 0.751909
vt 0.373591 0.751909
vt 0.408159 0.717341
vt 0.408159 0.717341
vt 0.451716 0.695147
vt 0.451716 0.695147
vt 0.500000 0.687500
vt 0.500000 0.687500
vt 0.548284 0.695147
vt 0.548284 0.695147
vt 0.591842 0.717341
vt 0.591842 0.717341
vt 0.626409 0.751908
vt 0.626409 0.751908
vt 0.648603 0.795466
vt 0.648603 0.795466
vt 0.656250 0.843750
vt 0.656250 0.843750
vt 0.648603 0.107966
vt 0.626409 0.064408
vt 0.591842 0.029841
vt 0.548284 0.007647
vt 0.500000 -0.000000
vt 0.451716 0.007647
vt 0.408159 0.029841
vt 0.373591 0.064409
vt 0.351397 0.107966
vt 0.343750 0.156250
vt 0.351397 0.204534
vt 0.373591 0.248091
vt 0.408159 0.282659
vt 0.451716 0.304853
vt 0.500000 0.312500
vt 0.548284 0.304853
vt 0.591841 0.282659
vt 0.626409 0.248091
vt 0.648603 0.204534
vt 0.656250 0.156250
vt 0.626409 0.935591
vt 0.648603 0.892034
vt 0.591841 0.970159
vt 0.548284 0.992353
vt 0.500000 1.000000
vt 0.451716 0.992353
vt 0.408159 0.970159
vt 0.373591 0.935591
vt 0.351397 0.892034
vt 0.343750 0.843750
vt 0.351397 0.795466
vt 0.373591 0.751909
vt 0.408159 0.717341
vt 0.451716 0.695147
vt 0.500000 0.687500
vt 0.548284 0.695147
vt 0.591842 0.717341
vt 0.626409 0.751909
vt 0.648603 0.795466
vt 0.656250 0.843750
vt 0.626409 0.064408
vt 0.648603 0.107966
vt 0.648603 0.107966
vt 0.626409 0.064408
vt 0.591842 0.029841
vt 0.591842 0.029841
vt 0.548284 0.007647
vt 0.548284 0.007647
vt 0.500000 -0.000000
vt 0.500000 -0.000000
vt 0.451716 0.007647
vt 0.451716 0.007647
vt 0.408159 0.029841
vt 0.408158 0.029841
vt 0.373591 0.064409
vt 0.373591 0.064409
vt 0.351397 0.107966
vt 0.351397 0.107966
vt 0.343750 0.156250
vt 0.343750 0.156250
vt 0.351397 0.204534
vt 0.351397 0.204534
vt 0.373591 0.248091
vt 0.373591 0.248091
vt 0.408159 0.282659
vt 0.408159 0.282659
vt 0.451716 0.304853
vt 0.451716 0.304853
vt 0.500000 0.312500
vt 0.500000 0.312500
vt 0.548284 0.304853
vt 0.548284 0.304853
vt 0.591841 0.282659
vt 0.591841 0.282659
vt 0.626409 0.248091
vt 0.626409 0.248091
vt 0.648603 0.204534
vt 0.648603 0.204534
vt 0.656250 0.156250
vt 0.656250 0.156250
vt 0.648603 0.892034
vt 0.626409 0.935591
vt 0.626409 0.935591
vt 0.648603 0.892034
vt 0.591841 0.970159
vt 0.591841 0.970159
vt 0.548284 0.992353
vt 0.548284 0.992353
vt 0.500000 1.000000
vt 0.500000 1.000000
vt 0.451716 0.992353
vt 0.451716 0.992353
vt 0.408159 0.970159
vt 0.408159 0.970159
vt 0.373591 0.935591
vt 0.373591 0.935591
vt 0.351397 0.892034
vt 0.351397 0.892034
vt 0.343750 0.843750
vt 0.343750 0.843750
vt 0.351397 0.795466
vt 0.351397 0.795466
vt 0.373591 0.751909
vt 0.373591 0.751909
vt 0.408159 0.717341
vt 0.408159 0.717341
vt 0.451716 0.695147
vt 0.451716 0.695147
vt 0.500000 0.687500
vt 0.500000 0.687500
vt 0.548284 0.695147
vt 0.548284 0.695147
vt 0.591842 0.717341
vt 0.591842 0.717341
vt 0.626409 0.751908
vt 0.626409 0.751908
vt 0.648603 0.795466
vt 0.648603 0.795466
vt 0.656250 0.843750
vt 0.656250 0.843750
vt 0.625000 0.686717
vt 0.612500 0.686717
vt 0.600000 0.686717
vt 0.587500 0.686717
vt 0.575000 0.686717
vt 0.562500 0.686717
vt 0.550000 0.686717
vt 0.537500 0.686717
vt 0.525000 0.686717
vt 0.512500 0.686717
vt 0.500000 0.686717
vt 0.487500 0.686717
vt 0.475000 0.686717
vt 0.462500 0.686717
vt 0.450000 0.686717
vt 0.437500 0.686717
vt 0.425000 0.686717
vt 0.412500 0.686717
vt 0.400000 0.686717
vt 0.387500 0.686717
vt 0.375000 0.686717
vt 0.500000 0.312500
vt 0.548284 0.304853
vt 0.591841 0.282659
vt 0.626409 0.248091
vt 0.648603 0.204534
vt 0.656250 0.156250
vt 0.648603 0.107966
vt 0.626409 0.064408
vt 0.591842 0.029841
vt 0.548284 0.007647
vt 0.500000 -0.000000
vt 0.451716 0.007647
vt 0.408159 0.029841
vt 0.373591 0.064409
vt 0.351397 0.107966
vt 0.343750 0.156250
vt 0.351397 0.204534
vt 0.373591 0.248091
vt 0.408159 0.282659
vt 0.451716 0.304853
vt 0.626409 0.064408
vt 0.591842 0.029841
vt 0.548284 0.007647
vt 0.500000 -0.000000
vt 0.451716 0.007647
vt 0.408159 0.029841
vt 0.373591 0.064409
vt 0.351397 0.107966
vt 0.343750 0.156250
vt 0.351397 0.204534
vt 0.373591 0.248091
vt 0.408159 0.282659
vt 0.451716 0.304853
vt 0.500000 0.312500
vt 0.548284 0.304853
vt 0.591841 0.282659
vt 0.626409 0.248091
vt 0.648603 0.204534
vt 0.656250 0.156250
vt 0.648603 0.107966
vt 0.625000 0.687500
vt 0.612500 0.687500
vt 0.600000 0.687500
vt 0.587500 0.687500
vt 0.575000 0.687500
vt 0.562500 0.687500
vt 0.550000 0.687500
vt 0.537500 0.687500
vt 0.525000 0.687500
vt 0.512500 0.687500
vt 0.500000 0.687500
vt 0.487500 0.687500
vt 0.475000 0.687500
vt 0.462500 0.687500
vt 0.450000 0.687500
vt 0.437500 0.687500
vt 0.425000 0.687500
vt 0.412500 0.687500
vt 0.400000 0.687500
vt 0.387500 0.687500
vt 0.375000 0.687500
vt 0.500000 0.687500
vt 0.451716 0.695147
vt 0.408159 0.717341
vt 0.373591 0.751909
vt 0.351397 0.795466
vt 0.343750 0.843750
vt 0.351397 0.892034
vt 0.373591 0.935591
vt 0.408159 0.970159
vt 0.451716 0.992353
vt 0.500000 1.000000
vt 0.548284 0.992353
vt 0.591841 0.970159
vt 0.626409 0.935591
vt 0.648603 0.892034
vt 0.656250 0.843750
vt 0.648603 0.795466
vt 0.626409 0.751908
vt 0.591842 0.717341
vt 0.548284 0.695147
vt 0.373591 0.751909
vt 0.351397 0.795466
vt 0.343750 0.843750
vt 0.351397 0.892034
vt 0.373591 0.935591
vt 0.408159 0.970159
vt 0.451716 0.992353
vt 0.500000 1.000000
vt 0.548284 0.992353
vt 0.591841 0.970159
vt 0.626409 0.935591
vt 0.648603 0.892034
vt 0.656250 0.843750
vt 0.648603 0.795466
vt 0.626409 0.751908
vt 0.591842 0.717341
vt 0.548284 0.695147
vt 0.500000 0.687500
vt 0.451716 0.695147
vt 0.408159 0.717341
vn 0.000000 0.891001 -0.454001
vn 0.000000 0.891001 -0.454001
vn 0.000000 0.891001 -0.454001
vn 0.000000 0.891001 -0.454001
vn 0.000000 0.809017 -0.587785
vn 0.000000 0.587785 -0.809017
vn 0.000000 0.587785 -0.809017
vn 0.000000 0.809017 -0.587786
vn 0.000000 0.587785 -0.809017
vn 0.000000 0.309016 -0.951057
vn 0.000000 0.309017 -0.951057
vn 0.000000 0.587785 -0.809017
vn 0.000000 0.309016 -0.951057
vn 0.000000 0.000000 -1.000000
vn 0.000000 0.000000 -1.000000
vn 0.000000 0.309017 -0.951057
vn 0.000000 0.000000 -1.000000
vn 0.000000 -0.309019 -0.951056
vn 0.000000 -0.309017 -0.951056
vn 0.000000 0.000000 -1.000000
vn 0.000000 -0.309019 -0.951056
vn 0.000000 -0.587787 -0.809016
vn 0.000000 -0.587785 -0.809017
vn 0.000000 -0.309017 -0.951056
vn 0.000000 -0.587787 -0.809016
vn 0.000000 -0.809019 -0.587783
vn 0.000000 -0.809017 -0.587785
vn 0.000000 -0.587785 -0.809017
vn 0.000000 -0.809019 -0.587783
vn 0.000000 -0.951056 -0.309019
vn 0.000000 -0.951056 -0.309020
vn 0.000000 -0.809017 -0.587785
vn 0.000000 -0.951056 -0.309019
vn 0.000000 -1.000000 0.000000
vn 0.000000 -1.000000 0.000000
vn 0.000000 -0.951056 -0.309020
vn 0.000000 -1.000000 0.000000
vn 0.000000 -0.951056 0.309019
vn 0.000000 -0.951056 0.309020
vn 0.000000 -1.000000 0.000000
vn 0.000000 -0.951056 0.309019
vn 0.000000 -0.809018 0.587783
vn 0.000000 -0.809017 0.587785
vn 0.000000 -0.951056 0.309020
vn 0.000000 -0.809018 0.587783
vn 0.000000 -0.587787 0.809016
vn 0.000000 -0.587785 0.809017
vn 0.000000 -0.809017 0.587785
vn 0.000000 -0.587787 0.809016
vn 0.000000 -0.309018 0.951056
vn 0.000000 -0.309017 0.951057
vn 0.000000 -0.587785 0.809017
vn 0.000000 -0.309018 0.951056
vn 0.000000 0.000000 1.000000
vn 0.000000 0.000000 1.000000
vn 0.000000 -0.309017 0.951057
vn 0.000000 0.000000 1.000000
vn 0.000000 0.309017 0.951057
vn 0.000000 0.309018 0.951056
vn 0.000000 0.000000 1.000000
vn 0.000000 0.309017 0.951057
vn 0.000000 0.587785 0.809017
vn 0.000000 0.587786 0.809016
vn 0.000000 0.309018 0.951056
vn 0.000000 0.587785 0.809017
vn 0.000000 0.809018 0.587783
vn 0.000000 0.809017 0.587785
vn 0.000000 0.587786 0.809016
vn 0.000000 0.809018 0.587783
vn 0.000000 0.951057 0.309016
vn 0.000000 0.951056 0.309018
vn 0.000000 0.809017 0.587785
vn 0.000000 0.951057 0.309016
vn 0.000000 1.000000 0.000003
vn 0.000000 1.000000 0.000003
vn 0.000000 0.951056 0.309018
vn 0.000000 1.000000 0.000003
vn 0.000000 0.951056 -0.309017
vn 0.000000 0.951057 -0.309017
vn 0.000000 1.000000 0.000003
vn 0.965303 0.211259 -0.153490
vn 0.965304 0.248349 -0.080695
vn 1.000000 0.000000 0.000000
vn 0.965303 0.153489 -0.211259
vn 0.965303 0.211259 -0.153490
vn 1.000000 0.000000 0.000000
vn 0.965304 0.080694 -0.248350
vn 0.965303 0.153489 -0.211259
vn 1.000000 0.000000 0.000000
vn 0.965304 0.000000 -0.261130
vn 0.965304 0.080694 -0.248350
vn 1.000000 0.000000 0.000000
vn 0.965304 -0.080694 -0.248350
vn 0.965304 0.000000 -0.261130
vn 1.000000 0.000000 0.000000
vn 0.965304 -0.153488 -0.211259
vn 0.965304 -0.080694 -0.248350
vn 1.000000 0.000000 0.000000
vn 0.965303 -0.211259 -0.153489
vn 0.965304 -0.153488 -0.211259
vn 1.000000 0.000000 0.000000
vn 0.965303 -0.248350 -0.080694
vn 0.965303 -0.211259 -0.153489
vn 1.000000 0.000000 0.000000
vn 0.965303 -0.261131 0.000000
vn 0.965303 -0.248350 -0.080694
vn 1.000000 0.000000 0.000000
vn 0.965303 -0.248350 0.080693
vn 0.965303 -0.261131 0.000000
vn 1.000000 0.000000 0.000000
vn 0.965304 -0.211259 0.153488
vn 0.965303 -0.248350 0.080693
vn 1.000000 0.000000 0.000000
vn 0.965303 -0.153489 0.211259
vn 0.965304 -0.211259 0.153488
vn 1.000000 0.000000 0.000000
vn 0.965304 -0.080694 0.248350
vn 0.965303 -0.153489 0.211259
vn 1.000000 0.000000 0.000000
vn 0.965303 0.000000 0.261131
vn 0.965304 -0.080694 0.248350
vn 1.000000 0.000000 0.000000
vn 0.965304 0.080694 0.248349
vn 0.965303 0.000000 0.261131
vn 1.000000 0.000000 0.000000
vn 0.965304 0.153489 0.211258
vn 0.965304 0.080694 0.248349
vn 1.000000 0.000000 0.000000
vn 0.965304 0.211259 0.153488
vn 0.965304 0.153489 0.211258
vn 1.000000 0.000000 0.000000
vn 0.965303 0.248350 0.080695
vn 0.965304 0.211259 0.153488
vn 1.000000 0.000000 0.000000
vn 0.965304 0.261130 0.000001
vn 0.965303 0.248350 0.080695
vn 1.000000 0.000000 0.000000
vn 0.965304 0.248349 -0.080695
vn 0.965304 0.261130 0.000001
vn 1.000000 0.000000 0.000000
vn -0.965303 0.248350 -0.080696
vn -0.965303 0.211259 -0.153491
vn -1.000000 0.000000 0.000000
vn -0.965303 0.211259 -0.153491
vn -0.965303 0.153489 -0.211259
vn -1.000000 0.000000 0.000000
vn -0.965303 0.153489 -0.211259
vn -0.965303 0.080694 -0.248351
vn -1.000000 0.000000 0.000000
vn -0.965303 0.080694 -0.248351
vn -0.965303 0.000000 -0.261132
vn -1.000000 0.000000 0.000000
vn -0.965303 0.000000 -0.261132
vn -0.965303 -0.080694 -0.248351
vn -1.000000 0.000000 0.000000
vn -0.965303 -0.080694 -0.248351
vn -0.965303 -0.153489 -0.211260
vn -1.000000 0.000000 0.000000
vn -0.965303 -0.153489 -0.211260
vn -0.965303 -0.211260 -0.153489
vn -1.000000 0.000000 0.000000
vn -0.965303 -0.211260 -0.153489
vn -0.965303 -0.248351 -0.080694
vn -1.000000 0.000000 0.000000
vn -0.965303 -0.248351 -0.080694
vn -0.965303 -0.261131 0.000000
vn -1.000000 0.000000 0.000000
vn -0.965303 -0.261131 0.000000
vn -0.965303 -0.248351 0.080694
vn -1.000000 0.000000 0.000000
vn -0.965303 -0.248351 0.080694
vn -0.965303 -0.211260 0.153489
vn -1.000000 0.000000 0.000000
vn -0.965303 -0.211260 0.153489
vn -0.965303 -0.153489 0.211260
vn -1.000000 0.000000 0.000000
vn -0.965303 -0.153489 0.211260
vn -0.965303 -0.080694 0.248351
vn -1.000000 0.000000 0.000000
vn -0.965303 -0.080694 0.248351
vn -0.965303 0.000000 0.261132
vn -1.000000 0.000000 0.000000
vn -0.965303 0.000000 0.261132
vn -0.965303 0.080694 0.248351
vn -1.000000 0.000000 0.000000
vn -0.965303 0.080694 0.248351
vn -0.965303 0.153490 0.211260
vn -1.000000 0.000000 0.000000
vn -0.965303 0.153490 0.211260
vn -0.965303 0.211259 0.153489
vn -1.000000 0.000000 0.000000
vn -0.965303 0.211259 0.153489
vn -0.965303 0.248350 0.080695
vn -1.000000 0.000000 0.000000
vn -0.965303 0.248350 0.080695
vn -0.965303 0.261131 0.000001
vn -1.000000 0.000000 0.000000
vn -0.965303 0.261131 0.000001
vn -0.965303 0.248350 -0.080696
vn -1.000000 0.000000 0.000000
vn 0.999156 -0.036596 0.018647
vn 0.999156 -0.036596 0.018647
vn 0.999156 -0.036596 0.018647
vn 0.999156 -0.036596 0.018647
vn 0.999156 -0.029043 0.029043
vn 0.999156 -0.029043 0.029043
vn 0.999156 -0.029043 0.029043
vn 0.999156 -0.029043 0.029043
vn 0.999156 -0.018647 0.036597
vn 0.999156 -0.018647 0.036597
vn 0.999156 -0.018647 0.036597
vn 0.999156 -0.018647 0.036597
vn 0.999156 -0.006425 0.040567
vn 0.999156 -0.006425 0.040567
vn 0.999156 -0.006425 0.040567
vn 0.999156 -0.006425 0.040567
vn 0.999156 0.006425 0.040567
vn 0.999156 0.006425 0.040567
vn 0.999156 0.006425 0.040567
vn 0.999156 0.006425 0.040567
vn 0.999156 0.018647 0.036596
vn 0.999156 0.018647 0.036596
vn 0.999156 0.018647 0.036596
vn 0.999156 0.018647 0.036596
vn 0.999156 0.029043 0.029042
vn 0.999156 0.029043 0.029042
vn 0.999156 0.029043 0.029042
vn 0.999156 0.029043 0.029042
vn 0.999156 0.036596 0.018647
vn 0.999156 0.036596 0.018647
vn 0.999156 0.036596 0.018647
vn 0.999156 0.036596 0.018647
vn 0.999156 0.040567 0.006426
vn 0.999156 0.040567 0.006426
vn 0.999156 0.040567 0.006426
vn 0.999156 0.040567 0.006426
vn 0.999156 0.040567 -0.006426
vn 0.999156 0.040567 -0.006426
vn 0.999156 0.040567 -0.006426
vn 0.999156 0.040567 -0.006426
vn 0.999156 0.036596 -0.018646
vn 0.999156 0.036596 -0.018646
vn 0.999156 0.036596 -0.018646
vn 0.999156 0.036596 -0.018646
vn 0.999156 0.029043 -0.029043
vn 0.999156 0.029043 -0.029043
vn 0.999156 0.029043 -0.029043
vn 0.999156 0.029043 -0.029043
vn 0.999156 0.018647 -0.036597
vn 0.999156 0.018647 -0.036597
vn 0.999156 0.018647 -0.036597
vn 0.999156 0.018647 -0.036597
vn 0.999156 0.006425 -0.040568
vn 0.999156 0.006425 -0.040568
vn 0.999156 0.006425 -0.040568
vn 0.999156 0.006425 -0.040568
vn 0.999156 -0.006425 -0.040567
vn 0.999156 -0.006425 -0.040567
vn 0.999156 -0.006425 -0.040567
vn 0.999156 -0.006425 -0.040567
vn 0.999156 -0.018647 -0.036596
vn 0.999156 -0.018647 -0.036596
vn 0.999156 -0.018647 -0.036596
vn 0.999156 -0.018647 -0.036596
vn 0.999156 -0.029043 -0.029042
vn 0.999156 -0.029043 -0.029042
vn 0.999156 -0.029043 -0.029042
vn 0.999156 -0.029043 -0.029042
vn 0.999156 -0.036597 -0.018647
vn 0.999156 -0.036597 -0.018647
vn 0.999156 -0.036597 -0.018647
vn 0.999156 -0.036597 -0.018647
vn 0.999156 -0.040568 -0.006426
vn 0.999156 -0.040568 -0.006426
vn 0.999156 -0.040568 -0.006426
vn 0.999156 -0.040568 -0.006426
vn 0.999156 -0.040567 0.006426
vn 0.999156 -0.040567 0.006426
vn 0.999156 -0.040567 0.006426
vn 0.999156 -0.040567 0.006426
vn -0.999156 -0.036597 0.018648
vn -0.999156 -0.036597 0.018648
vn -0.999156 -0.036597 0.018648
vn -0.999156 -0.036597 0.018648
vn -0.999156 -0.029044 0.029044
vn -0.999156 -0.029044 0.029044
vn -0.999156 -0.029044 0.029044
vn -0.999156 -0.029044 0.029044
vn -0.999156 -0.018647 0.036597
vn -0.999156 -0.018647 0.036597
vn -0.999156 -0.018647 0.036597
vn -0.999156 -0.018647 0.036597
vn -0.999156 -0.006425 0.040568
vn -0.999156 -0.006425 0.040568
vn -0.999156 -0.006425 0.040568
vn -0.999156 -0.006425 0.040568
vn -0.999156 0.006425 0.040568
vn -0.999156 0.006425 0.040568
vn -0.999156 0.006425 0.040568
vn -0.999156 0.006425 0.040568
vn -0.999156 0.018647 0.036597
vn -0.999156 0.018647 0.036597
vn -0.999156 0.018647 0.036597
vn -0.999156 0.018647 0.036597
vn -0.999156 0.029044 0.029043
vn -0.999156 0.029044 0.029043
vn -0.999156 0.029044 0.029043
vn -0.999156 0.029044 0.029043
vn -0.999156 0.036597 0.018647
vn -0.999156 0.036597 0.018647
vn -0.999156 0.036597 0.018647
vn -0.999156 0.036597 0.018647
vn -0.999156 0.040568 0.006426
vn -0.999156 0.040568 0.006426
vn -0.999156 0.040568 0.006426
vn -0.999156 0.040568 0.006426
vn -0.999156 0.040568 -0.006425
vn -0.999156 0.040568 -0.006425
vn -0.999156 0.040568 -0.006425
vn -0.999156 0.040568 -0.006425
vn -0.999156 0.036597 -0.018647
vn -0.999156 0.036597 -0.018647
vn -0.999156 0.036597 -0.018647
vn -0.999156 0.036597 -0.018647
vn -0.999156 0.029044 -0.029044
vn -0.999156 0.029044 -0.029044
vn -0.999156 0.029044 -0.029044
vn -0.999156 0.029044 -0.029044
vn -0.999156 0.018647 -0.036597
vn -0.999156 0.018647 -0.036597
vn -0.999156 0.018647 -0.036597
vn -0.999156 0.018647 -0.036597
vn -0.999156 0.006425 -0.040568
vn -0.999156 0.006425 -0.040568
vn -0.999156 0.006425 -0.040568
vn -0.999156 0.006425 -0.040568
vn -0.999156 -0.006425 -0.040567
vn -0.999156 -0.006425 -0.040567
vn -0.999156 -0.006425 -0.040567
vn -0.999156 -0.006425 -0.040567
vn -0.999156 -0.018647 -0.036596
vn -0.999156 -0.018647 -0.036596
vn -0.999156 -0.018647 -0.036596
vn -0.999156 -0.018647 -0.036596
vn -0.999156 -0.029044 -0.029044
vn -0.999156 -0.029044 -0.029044
vn -0.999156 -0.029044 -0.029044
vn -0.999156 -0.029044 -0.029044
vn -0.999156 -0.036597 -0.018647
vn -0.999156 -0.036597 -0.018647
vn -0.999156 -0.036597 -0.018647
vn -0.999156 -0.036597 -0.018647
vn -0.999156 -0.040569 -0.006426
vn -0.999156 -0.040569 -0.006426
vn -0.999156 -0.040569 -0.006426
vn -0.999156 -0.040569 -0.006426
vn -0.999156 -0.040568 0.006425
vn -0.999156 -0.040568 0.006425
vn -0.999156 -0.040568 0.006425
vn -0.999156 -0.040568 0.006425
vn 0.265574 -0.859010 0.437689
vn 0.265574 -0.859010 0.437689
vn 0.265578 -0.859008 0.437690
vn 0.265578 -0.859008 0.437690
vn 0.265592 -0.681714 0.681708
vn 0.265592 -0.681714 0.681708
vn 0.265580 -0.681713 0.681714
vn 0.265580 -0.681713 0.681714
vn 0.265584 -0.437686 0.859009
vn 0.265583 -0.437686 0.859009
vn 0.265579 -0.437688 0.859009
vn 0.265579 -0.437688 0.859009
vn 0.265582 -0.150817 0.952219
vn 0.265582 -0.150817 0.952219
vn 0.265578 -0.150817 0.952220
vn 0.265578 -0.150817 0.952220
vn 0.265583 0.150817 0.952219
vn 0.265583 0.150817 0.952219
vn 0.265579 0.150818 0.952219
vn 0.265579 0.150818 0.952219
vn 0.265588 0.437684 0.859008
vn 0.265588 0.437684 0.859008
vn 0.265582 0.437687 0.859009
vn 0.265582 0.437687 0.859009
vn 0.265591 0.681713 0.681710
vn 0.265591 0.681714 0.681710
vn 0.265581 0.681714 0.681713
vn 0.265581 0.681714 0.681713
vn 0.265578 0.859011 0.437685
vn 0.265578 0.859011 0.437685
vn 0.265577 0.859010 0.437688
vn 0.265577 0.859010 0.437688
vn 0.265582 0.952218 0.150819
vn 0.265582 0.952218 0.150819
vn 0.265583 0.952219 0.150815
vn 0.265583 0.952219 0.150815
vn 0.265579 0.952219 -0.150819
vn 0.265579 0.952219 -0.150819
vn 0.265582 0.952219 -0.150815
vn 0.265582 0.952219 -0.150815
vn 0.265576 0.859010 -0.437689
vn 0.265576 0.859010 -0.437689
vn 0.265577 0.859010 -0.437688
vn 0.265577 0.859010 -0.437688
vn 0.265595 0.681714 -0.681708
vn 0.265595 0.681714 -0.681708
vn 0.265582 0.681713 -0.681714
vn 0.265582 0.681713 -0.681714
vn 0.265600 0.437685 -0.859004
vn 0.265600 0.437685 -0.859004
vn 0.265584 0.437687 -0.859008
vn 0.265584 0.437687 -0.859008
vn 0.265590 0.150817 -0.952217
vn 0.265590 0.150817 -0.952217
vn 0.265582 0.150818 -0.952219
vn 0.265582 0.150818 -0.952219
vn 0.265588 -0.150816 -0.952217
vn 0.265588 -0.150817 -0.952217
vn 0.265581 -0.150817 -0.952219
vn 0.265581 -0.150817 -0.952219
vn 0.265595 -0.437689 -0.859004
vn 0.265595 -0.437689 -0.859004
vn 0.265582 -0.437690 -0.859007
vn 0.265582 -0.437690 -0.859007
vn 0.265594 -0.681708 -0.681715
vn 0.265594 -0.681708 -0.681715
vn 0.265580 -0.681711 -0.681717
vn 0.265580 -0.681711 -0.681717
vn 0.265577 -0.859011 -0.437686
vn 0.265577 -0.859011 -0.437686
vn 0.265583 -0.859008 -0.437687
vn 0.265583 -0.859008 -0.437687
vn 0.265544 -0.952229 -0.150816
vn 0.265544 -0.952229 -0.150816
vn 0.265578 -0.952220 -0.150817
vn 0.265578 -0.952220 -0.150817
vn 0.265540 -0.952231 0.150816
vn 0.265540 -0.952231 0.150816
vn 0.265573 -0.952221 0.150816
vn 0.265573 -0.952221 0.150816
vn -0.265599 -0.859004 0.437686
vn -0.265599 -0.859004 0.437686
vn -0.265577 -0.859009 0.437690
vn -0.265577 -0.859009 0.437690
vn -0.265602 -0.681707 0.681711
vn -0.265602 -0.681707 0.681711
vn -0.265579 -0.681714 0.681714
vn -0.265579 -0.681714 0.681714
vn -0.265584 -0.437687 0.859008
vn -0.265584 -0.437687 0.859008
vn -0.265579 -0.437688 0.859009
vn -0.265579 -0.437688 0.859009
vn -0.265581 -0.150816 0.952219
vn -0.265581 -0.150816 0.952219
vn -0.265579 -0.150817 0.952219
vn -0.265579 -0.150817 0.952220
vn -0.265587 0.150817 0.952217
vn -0.265587 0.150817 0.952217
vn -0.265580 0.150818 0.952219
vn -0.265580 0.150818 0.952219
vn -0.265599 0.437685 0.859005
vn -0.265599 0.437685 0.859005
vn -0.265582 0.437686 0.859009
vn -0.265582 0.437686 0.859009
vn -0.265592 0.681714 0.681709
vn -0.265592 0.681714 0.681709
vn -0.265579 0.681715 0.681713
vn -0.265579 0.681715 0.681713
vn -0.265589 0.859007 0.437687
vn -0.265589 0.859007 0.437687
vn -0.265577 0.859011 0.437687
vn -0.265577 0.859011 0.437687
vn -0.265586 0.952218 0.150817
vn -0.265586 0.952218 0.150817
vn -0.265584 0.952218 0.150816
vn -0.265584 0.952218 0.150816
vn -0.265581 0.952219 -0.150817
vn -0.265581 0.952219 -0.150817
vn -0.265583 0.952219 -0.150816
vn -0.265583 0.952219 -0.150816
vn -0.265588 0.859006 -0.437688
vn -0.265588 0.859006 -0.437688
vn -0.265576 0.859011 -0.437687
vn -0.265576 0.859011 -0.437687
vn -0.265593 0.681711 -0.681712
vn -0.265592 0.681711 -0.681712
vn -0.265579 0.681714 -0.681714
vn -0.265579 0.681714 -0.681714
vn -0.265600 0.437685 -0.859004
vn -0.265600 0.437685 -0.859004
vn -0.265583 0.437687 -0.859009
vn -0.265583 0.437687 -0.859008
vn -0.265585 0.150817 -0.952218
vn -0.265585 0.150817 -0.952218
vn -0.265582 0.150817 -0.952219
vn -0.265582 0.150817 -0.952219
vn -0.265580 -0.150816 -0.952219
vn -0.265580 -0.150817 -0.952219
vn -0.265581 -0.150817 -0.952219
vn -0.265581 -0.150817 -0.952219
vn -0.265582 -0.437687 -0.859009
vn -0.265582 -0.437687 -0.859009
vn -0.265581 -0.437690 -0.859008
vn -0.265581 -0.437690 -0.859008
vn -0.265605 -0.681711 -0.681707
vn -0.265605 -0.681711 -0.681707
vn -0.265579 -0.681712 -0.681715
vn -0.265579 -0.681712 -0.681715
vn -0.265601 -0.859005 -0.437684
vn -0.265601 -0.859005 -0.437684
vn -0.265580 -0.859009 -0.437688
vn -0.265580 -0.859009 -0.437688
vn -0.265586 -0.952218 -0.150814
vn -0.265586 -0.952218 -0.150814
vn -0.265579 -0.952220 -0.150814
vn -0.265579 -0.952220 -0.150814
vn -0.265585 -0.952219 0.150813
vn -0.265585 -0.952219 0.150813
vn -0.265575 -0.952221 0.150812
vn -0.265575 -0.952221 0.150812
vn -0.202268 0.872585 -0.444616
vn -0.202268 0.872585 -0.444616
vn -0.202265 0.872587 -0.444613
vn -0.202265 0.872587 -0.444613
vn -0.202257 0.692489 -0.692496
vn -0.202257 0.692489 -0.692496
vn -0.202261 0.692491 -0.692493
vn -0.202261 0.692491 -0.692493
vn -0.202251 0.444615 -0.872589
vn -0.202251 0.444615 -0.872589
vn -0.202261 0.444611 -0.872589
vn -0.202261 0.444611 -0.872589
vn -0.202259 0.153203 -0.967275
vn -0.202259 0.153203 -0.967275
vn -0.202260 0.153202 -0.967275
vn -0.202260 0.153202 -0.967274
vn -0.202256 -0.153203 -0.967275
vn -0.202256 -0.153203 -0.967275
vn -0.202258 -0.153204 -0.967275
vn -0.202258 -0.153204 -0.967275
vn -0.202255 -0.444601 -0.872595
vn -0.202255 -0.444601 -0.872595
vn -0.202257 -0.444604 -0.872593
vn -0.202257 -0.444604 -0.872593
vn -0.202259 -0.692489 -0.692496
vn -0.202259 -0.692489 -0.692496
vn -0.202254 -0.692493 -0.692493
vn -0.202254 -0.692493 -0.692493
vn -0.202254 -0.872595 -0.444603
vn -0.202254 -0.872595 -0.444603
vn -0.202250 -0.872594 -0.444606
vn -0.202250 -0.872594 -0.444606
vn -0.202262 -0.967275 -0.153200
vn -0.202262 -0.967275 -0.153200
vn -0.202252 -0.967276 -0.153201
vn -0.202252 -0.967276 -0.153201
vn -0.202262 -0.967274 0.153201
vn -0.202262 -0.967274 0.153201
vn -0.202252 -0.967276 0.153201
vn -0.202252 -0.967276 0.153201
vn -0.202255 -0.872597 0.444599
vn -0.202255 -0.872597 0.444599
vn -0.202251 -0.872594 0.444606
vn -0.202251 -0.872594 0.444606
vn -0.202259 -0.692491 0.692494
vn -0.202259 -0.692491 0.692494
vn -0.202254 -0.692492 0.692494
vn -0.202254 -0.692492 0.692494
vn -0.202259 -0.444600 0.872595
vn -0.202259 -0.444600 0.872595
vn -0.202258 -0.444606 0.872592
vn -0.202258 -0.444606 0.872592
vn -0.202266 -0.153201 0.967273
vn -0.202266 -0.153201 0.967273
vn -0.202259 -0.153202 0.967275
vn -0.202259 -0.153202 0.967275
vn -0.202269 0.153201 0.967273
vn -0.202269 0.153201 0.967273
vn -0.202261 0.153200 0.967275
vn -0.202261 0.153200 0.967275
vn -0.202253 0.444613 0.872590
vn -0.202253 0.444613 0.872590
vn -0.202261 0.444612 0.872589
vn -0.202261 0.444612 0.872589
vn -0.202259 0.692490 0.692494
vn -0.202259 0.692490 0.692494
vn -0.202262 0.692490 0.692494
vn -0.202262 0.692490 0.692494
vn -0.202268 0.872592 0.444602
vn -0.202268 0.872592 0.444602
vn -0.202259 0.872592 0.444605
vn -0.202259 0.872592 0.444605
vn -0.202262 0.967274 0.153205
vn -0.202262 0.967274 0.153205
vn -0.202262 0.967273 0.153207
vn -0.202262 0.967273 0.153207
vn -0.202265 0.967274 -0.153201
vn -0.202265 0.967274 -0.153201
vn -0.202268 0.967273 -0.153199
vn -0.202268 0.967273 -0.153199
vn 0.202270 0.872586 -0.444612
vn 0.202270 0.872587 -0.444612
vn 0.202265 0.872587 -0.444614
vn 0.202265 0.872587 -0.444614
vn 0.202244 0.692495 -0.692494
vn 0.202244 0.692495 -0.692494
vn 0.202261 0.692491 -0.692493
vn 0.202261 0.692491 -0.692493
vn 0.202237 0.444605 -0.872598
vn 0.202237 0.444605 -0.872598
vn 0.202260 0.444609 -0.872590
vn 0.202260 0.444609 -0.872590
vn 0.202254 0.153202 -0.967276
vn 0.202254 0.153202 -0.967276
vn 0.202260 0.153202 -0.967275
vn 0.202260 0.153202 -0.967274
vn 0.202255 -0.153202 -0.967276
vn 0.202255 -0.153202 -0.967276
vn 0.202259 -0.153204 -0.967274
vn 0.202259 -0.153204 -0.967274
vn 0.202257 -0.444607 -0.872592
vn 0.202257 -0.444607 -0.872592
vn 0.202258 -0.444606 -0.872592
vn 0.202258 -0.444606 -0.872592
vn 0.202256 -0.692493 -0.692493
vn 0.202256 -0.692493 -0.692493
vn 0.202254 -0.692492 -0.692494
vn 0.202254 -0.692492 -0.692494
vn 0.202271 -0.872589 -0.444607
vn 0.202271 -0.872589 -0.444607
vn 0.202250 -0.872593 -0.444608
vn 0.202250 -0.872593 -0.444608
vn 0.202278 -0.967271 -0.153202
vn 0.202278 -0.967271 -0.153202
vn 0.202252 -0.967276 -0.153201
vn 0.202252 -0.967276 -0.153201
vn 0.202276 -0.967271 0.153202
vn 0.202276 -0.967271 0.153202
vn 0.202251 -0.967277 0.153201
vn 0.202251 -0.967277 0.153201
vn 0.202268 -0.872587 0.444612
vn 0.202268 -0.872587 0.444612
vn 0.202250 -0.872593 0.444609
vn 0.202250 -0.872593 0.444609
vn 0.202257 -0.692488 0.692498
vn 0.202257 -0.692488 0.692498
vn 0.202254 -0.692491 0.692496
vn 0.202254 -0.692491 0.692495
vn 0.202260 -0.444610 0.872590
vn 0.202260 -0.444610 0.872590
vn 0.202259 -0.444608 0.872591
vn 0.202259 -0.444608 0.872591
vn 0.202264 -0.153202 0.967274
vn 0.202264 -0.153202 0.967274
vn 0.202260 -0.153202 0.967275
vn 0.202260 -0.153202 0.967274
vn 0.202262 0.153201 0.967274
vn 0.202262 0.153201 0.967274
vn 0.202261 0.153200 0.967275
vn 0.202261 0.153200 0.967275
vn 0.202240 0.444615 0.872592
vn 0.202240 0.444615 0.872592
vn 0.202261 0.444612 0.872588
vn 0.202261 0.444612 0.872588
vn 0.202245 0.692496 0.692493
vn 0.202245 0.692496 0.692493
vn 0.202262 0.692491 0.692493
vn 0.202262 0.692491 0.692493
vn 0.202272 0.872593 0.444599
vn 0.202272 0.872593 0.444599
vn 0.202259 0.872591 0.444607
vn 0.202259 0.872591 0.444607
vn 0.202259 0.967275 0.153203
vn 0.202259 0.967275 0.153203
vn 0.202262 0.967274 0.153205
vn 0.202262 0.967274 0.153205
vn 0.202260 0.967275 -0.153201
vn 0.202260 0.967275 -0.153201
vn 0.202268 0.967273 -0.153198
vn 0.202268 0.967273 -0.153198
vn 0.000000 1.000000 0.000003
vn 0.000000 0.951057 -0.309017
vn 0.000000 0.951057 -0.309017
vn 0.000000 1.000000 0.000003
vn 0.000000 0.951056 0.309018
vn 0.000000 1.000000 0.000003
vn 0.000000 1.000000 0.000003
vn 0.000000 0.951056 0.309018
vn 0.000000 0.809017 0.587785
vn 0.000000 0.951056 0.309018
vn 0.000000 0.951056 0.309018
vn 0.000000 0.809017 0.587785
vn 0.000000 0.587786 0.809016
vn 0.000000 0.809017 0.587785
vn 0.000000 0.809017 0.587785
vn 0.000000 0.587786 0.809016
vn 0.000000 0.309018 0.951056
vn 0.000000 0.587786 0.809016
vn 0.000000 0.587786 0.809016
vn 0.000000 0.309018 0.951056
vn 0.000000 0.000000 1.000000
vn 0.000000 0.309018 0.951056
vn 0.000000 0.309018 0.951056
vn 0.000000 0.000000 1.000000
vn 0.000000 -0.309017 0.951057
vn 0.000000 0.000000 1.000000
vn 0.000000 0.000000 1.000000
vn 0.000000 -0.309017 0.951057
vn 0.000000 -0.587785 0.809017
vn 0.000000 -0.309017 0.951057
vn 0.000000 -0.309017 0.951057
vn 0.000000 -0.587785 0.809017
vn 0.000000 -0.809017 0.587785
vn 0.000000 -0.587785 0.809017
vn 0.000000 -0.587785 0.809017
vn 0.000000 -0.809017 0.587785
vn 0.000000 -0.951056 0.309020
vn 0.000000 -0.809017 0.587785
vn 0.000000 -0.809017 0.587785
vn 0.000000 -0.951056 0.309020
vn 0.000000 -1.000000 0.000000
vn 0.000000 -0.951056 0.309020
vn 0.000000 -0.951056 0.309020
vn 0.000000 -1.000000 0.000000
vn 0.000000 -0.951056 -0.309020
vn 0.000000 -1.000000 0.000000
vn 0.000000 -1.000000 0.000000
vn 0.000000 -0.951056 -0.309020
vn 0.000000 -0.809017 -0.587785
vn 0.000000 -0.951056 -0.309020
vn 0.000000 -0.951056 -0.309020
vn 0.000000 -0.809017 -0.587785
vn 0.000000 -0.587785 -0.809017
vn 0.000000 -0.809017 -0.587785
vn 0.000000 -0.809017 -0.587785
vn 0.000000 -0.587785 -0.809017
vn 0.000000 -0.309017 -0.951056
vn 0.000000 -0.587785 -0.809017
vn 0.000000 -0.587785 -0.809017
vn 0.000000 -0.309017 -0.951056
vn 0.000000 0.000000 -1.000000
vn 0.000000 -0.309017 -0.951056
vn 0.000000 -0.309017 -0.951056
vn 0.000000 0.000000 -1.000000
vn 0.000000 0.309017 -0.951057
vn 0.000000 0.000000 -1.000000
vn 0.000000 0.000000 -1.000000
vn 0.000000 0.309017 -0.951057
vn 0.000000 0.587785 -0.809017
vn 0.000000 0.309017 -0.951057
vn 0.000000 0.309017 -0.951057
vn 0.000000 0.587785 -0.809017
vn 0.000000 0.809017 -0.587786
vn 0.000000 0.587785 -0.809017
vn 0.000000 0.587785 -0.809017
vn 0.000000 0.809017 -0.587786
vn 0.000000 0.951057 -0.309017
vn 0.000000 0.809017 -0.587786
vn 0.000000 0.809017 -0.587786
vn 0.000000 0.951057 -0.309017
vn 0.265581 -0.150817 -0.952219
vn 0.265581 -0.150817 -0.952219
vn 0.265579 -0.150817 -0.952220
vn 0.265579 -0.150817 -0.952220
vn 0.265582 -0.437690 -0.859007
vn 0.265582 -0.437690 -0.859007
vn 0.265578 -0.437691 -0.859008
vn 0.265578 -0.437691 -0.859008
vn 0.265580 -0.681711 -0.681717
vn 0.265580 -0.681711 -0.681717
vn 0.265576 -0.681712 -0.681717
vn 0.265576 -0.681712 -0.681717
vn 0.265583 -0.859008 -0.437687
vn 0.265583 -0.859008 -0.437687
vn 0.265581 -0.859009 -0.437688
vn 0.265581 -0.859009 -0.437688
vn 0.265578 -0.952220 -0.150817
vn 0.265578 -0.952220 -0.150817
vn 0.265583 -0.952218 -0.150818
vn 0.265583 -0.952218 -0.150818
vn 0.265573 -0.952221 0.150816
vn 0.265573 -0.952221 0.150816
vn 0.265578 -0.952220 0.150816
vn 0.265578 -0.952220 0.150816
vn 0.265578 -0.859008 0.437690
vn 0.265578 -0.859008 0.437690
vn 0.265578 -0.859009 0.437690
vn 0.265578 -0.859009 0.437690
vn 0.265580 -0.681713 0.681714
vn 0.265580 -0.681713 0.681714
vn 0.265577 -0.681714 0.681715
vn 0.265577 -0.681714 0.681715
vn 0.265579 -0.437688 0.859009
vn 0.265579 -0.437688 0.859009
vn 0.265577 -0.437689 0.859010
vn 0.265577 -0.437688 0.859010
vn 0.265578 -0.150817 0.952220
vn 0.265578 -0.150817 0.952220
vn 0.265577 -0.150817 0.952220
vn 0.265577 -0.150817 0.952220
vn 0.265579 0.150818 0.952219
vn 0.265579 0.150818 0.952219
vn 0.265578 0.150818 0.952220
vn 0.265578 0.150818 0.952220
vn 0.265582 0.437687 0.859009
vn 0.265582 0.437687 0.859009
vn 0.265580 0.437687 0.859009
vn 0.265580 0.437687 0.859009
vn 0.265581 0.681714 0.681713
vn 0.265581 0.681714 0.681713
vn 0.265578 0.681715 0.681713
vn 0.265578 0.681715 0.681713
vn 0.265577 0.859010 0.437688
vn 0.265577 0.859010 0.437688
vn 0.265577 0.859010 0.437688
vn 0.265577 0.859010 0.437688
vn 0.265583 0.952219 0.150815
vn 0.265583 0.952219 0.150815
vn 0.265584 0.952219 0.150814
vn 0.265584 0.952219 0.150814
vn 0.265582 0.952219 -0.150815
vn 0.265582 0.952219 -0.150815
vn 0.265585 0.952218 -0.150814
vn 0.265585 0.952218 -0.150814
vn 0.265577 0.859010 -0.437688
vn 0.265577 0.859010 -0.437688
vn 0.265577 0.859010 -0.437688
vn 0.265577 0.859010 -0.437688
vn 0.265582 0.681713 -0.681714
vn 0.265582 0.681713 -0.681714
vn 0.265578 0.681713 -0.681715
vn 0.265578 0.681713 -0.681715
vn 0.265584 0.437687 -0.859008
vn 0.265584 0.437687 -0.859008
vn 0.265580 0.437688 -0.859009
vn 0.265580 0.437688 -0.859009
vn 0.265582 0.150818 -0.952219
vn 0.265582 0.150818 -0.952219
vn 0.265579 0.150818 -0.952219
vn 0.265579 0.150818 -0.952219
vn 0.265577 -0.681714 0.681715
vn 0.265577 -0.681714 0.681715
vn 0.265574 -0.681717 0.681712
vn 0.265574 -0.681717 0.681712
vn 0.265577 -0.437688 0.859010
vn 0.265577 -0.437689 0.859010
vn 0.265571 -0.437685 0.859013
vn 0.265571 -0.437685 0.859013
vn 0.265577 -0.150817 0.952220
vn 0.265577 -0.150817 0.952220
vn 0.265577 -0.150817 0.952220
vn 0.265577 -0.150817 0.952220
vn 0.265578 0.150818 0.952220
vn 0.265578 0.150818 0.952220
vn 0.265579 0.150818 0.952219
vn 0.265579 0.150818 0.952219
vn 0.265580 0.437687 0.859009
vn 0.265580 0.437687 0.859009
vn 0.265579 0.437687 0.859010
vn 0.265578 0.437687 0.859010
vn 0.265578 0.681715 0.681713
vn 0.265578 0.681715 0.681713
vn 0.265574 0.681719 0.681711
vn 0.265574 0.681719 0.681711
vn 0.265577 0.859010 0.437688
vn 0.265577 0.859010 0.437688
vn 0.265582 0.859008 0.437689
vn 0.265582 0.859008 0.437689
vn 0.265584 0.952219 0.150814
vn 0.265584 0.952219 0.150814
vn 0.265591 0.952217 0.150811
vn 0.265591 0.952217 0.150811
vn 0.265585 0.952218 -0.150814
vn 0.265585 0.952218 -0.150814
vn 0.265592 0.952217 -0.150811
vn 0.265592 0.952217 -0.150811
vn 0.265577 0.859010 -0.437688
vn 0.265577 0.859010 -0.437688
vn 0.265581 0.859008 -0.437689
vn 0.265581 0.859008 -0.437689
vn 0.265578 0.681713 -0.681715
vn 0.265578 0.681713 -0.681715
vn 0.265574 0.681716 -0.681713
vn 0.265574 0.681716 -0.681713
vn 0.265580 0.437688 -0.859009
vn 0.265580 0.437688 -0.859009
vn 0.265576 0.437687 -0.859011
vn 0.265576 0.437687 -0.859011
vn 0.265579 0.150818 -0.952219
vn 0.265579 0.150818 -0.952219
vn 0.265579 0.150817 -0.952220
vn 0.265579 0.150817 -0.952219
vn 0.265579 -0.150817 -0.952220
vn 0.265579 -0.150817 -0.952220
vn 0.265578 -0.150817 -0.952220
vn 0.265578 -0.150817 -0.952220
vn 0.265578 -0.437691 -0.859008
vn 0.265578 -0.437691 -0.859008
vn 0.265573 -0.437693 -0.859009
vn 0.265572 -0.437693 -0.859009
vn 0.265576 -0.681712 -0.681717
vn 0.265576 -0.681712 -0.681717
vn 0.265573 -0.681714 -0.681717
vn 0.265573 -0.681714 -0.681717
vn 0.265581 -0.859009 -0.437688
vn 0.265581 -0.859009 -0.437688
vn 0.265566 -0.859013 -0.437689
vn 0.265566 -0.859013 -0.437689
vn 0.265583 -0.952218 -0.150818
vn 0.265583 -0.952218 -0.150818
vn 0.265568 -0.952222 -0.150819
vn 0.265568 -0.952222 -0.150819
vn 0.265578 -0.952220 0.150816
vn 0.265578 -0.952220 0.150816
vn 0.265568 -0.952223 0.150815
vn 0.265568 -0.952223 0.150815
vn 0.265578 -0.859009 0.437690
vn 0.265578 -0.859009 0.437690
vn 0.265570 -0.859013 0.437687
vn 0.265570 -0.859013 0.437687
vn -0.202268 0.967273 -0.153199
vn -0.202268 0.967273 -0.153199
vn -0.202269 0.967273 -0.153199
vn -0.202269 0.967273 -0.153199
vn -0.202265 0.872587 -0.444613
vn -0.202265 0.872587 -0.444613
vn -0.202265 0.872587 -0.444613
vn -0.202265 0.872587 -0.444613
vn -0.202261 0.692491 -0.692493
vn -0.202261 0.692491 -0.692493
vn -0.202262 0.692492 -0.692492
vn -0.202262 0.692492 -0.692492
vn -0.202261 0.444611 -0.872589
vn -0.202261 0.444611 -0.872589
vn -0.202263 0.444610 -0.872589
vn -0.202263 0.444610 -0.872589
vn -0.202260 0.153202 -0.967274
vn -0.202260 0.153202 -0.967275
vn -0.202260 0.153202 -0.967275
vn -0.202260 0.153202 -0.967274
vn -0.202258 -0.153204 -0.967275
vn -0.202258 -0.153204 -0.967275
vn -0.202259 -0.153204 -0.967275
vn -0.202259 -0.153204 -0.967274
vn -0.202257 -0.444604 -0.872593
vn -0.202257 -0.444604 -0.872593
vn -0.202257 -0.444605 -0.872593
vn -0.202257 -0.444605 -0.872593
vn -0.202254 -0.692493 -0.692493
vn -0.202254 -0.692493 -0.692493
vn -0.202253 -0.692493 -0.692493
vn -0.202253 -0.692493 -0.692493
vn -0.202250 -0.872594 -0.444606
vn -0.202250 -0.872594 -0.444606
vn -0.202249 -0.872594 -0.444607
vn -0.202249 -0.872594 -0.444607
vn -0.202252 -0.967276 -0.153201
vn -0.202252 -0.967276 -0.153201
vn -0.202250 -0.967277 -0.153201
vn -0.202250 -0.967277 -0.153201
vn -0.202252 -0.967276 0.153201
vn -0.202252 -0.967276 0.153201
vn -0.202250 -0.967277 0.153201
vn -0.202250 -0.967277 0.153201
vn -0.202251 -0.872594 0.444606
vn -0.202251 -0.872594 0.444606
vn -0.202250 -0.872593 0.444607
vn -0.202250 -0.872593 0.444607
vn -0.202254 -0.692492 0.692494
vn -0.202254 -0.692492 0.692494
vn -0.202254 -0.692492 0.692494
vn -0.202254 -0.692492 0.692494
vn -0.202258 -0.444606 0.872592
vn -0.202258 -0.444606 0.872592
vn -0.202258 -0.444608 0.872591
vn -0.202258 -0.444608 0.872591
vn -0.202259 -0.153202 0.967275
vn -0.202259 -0.153202 0.967275
vn -0.202258 -0.153202 0.967275
vn -0.202258 -0.153202 0.967275
vn -0.202261 0.153200 0.967275
vn -0.202261 0.153200 0.967275
vn -0.202259 0.153200 0.967275
vn -0.202259 0.153200 0.967275
vn -0.202261 0.444612 0.872589
vn -0.202261 0.444612 0.872589
vn -0.202262 0.444611 0.872589
vn -0.202262 0.444611 0.872589
vn -0.202262 0.692490 0.692494
vn -0.202262 0.692490 0.692494
vn -0.202262 0.692489 0.692494
vn -0.202262 0.692489 0.692494
vn -0.202259 0.872592 0.444605
vn -0.202259 0.872592 0.444605
vn -0.202257 0.872592 0.444606
vn -0.202257 0.872592 0.444606
vn -0.202262 0.967273 0.153207
vn -0.202262 0.967273 0.153207
vn -0.202261 0.967273 0.153207
vn -0.202262 0.967273 0.153207
vn 0.000000 1.000000 0.000003
vn 0.000000 0.951057 -0.309017
vn 0.000000 0.951058 -0.309013
vn 0.000000 1.000000 0.000003
vn 0.000000 0.951056 0.309018
vn 0.000000 1.000000 0.000003
vn 0.000000 1.000000 0.000003
vn 0.000000 0.951057 0.309016
vn 0.000000 0.809017 0.587785
vn 0.000000 0.951056 0.309018
vn 0.000000 0.951057 0.309016
vn 0.000000 0.809020 0.587782
vn 0.000000 0.587786 0.809016
vn 0.000000 0.809017 0.587785
vn 0.000000 0.809020 0.587782
vn 0.000000 0.587788 0.809015
vn 0.000000 0.309018 0.951056
vn 0.000000 0.587786 0.809016
vn 0.000000 0.587788 0.809015
vn 0.000000 0.309018 0.951056
vn 0.000000 0.000000 1.000000
vn 0.000000 0.309018 0.951056
vn 0.000000 0.309018 0.951056
vn 0.000000 0.000000 1.000000
vn 0.000000 -0.309017 0.951057
vn 0.000000 0.000000 1.000000
vn 0.000000 0.000000 1.000000
vn 0.000000 -0.309021 0.951055
vn 0.000000 -0.587785 0.809017
vn 0.000000 -0.309017 0.951057
vn 0.000000 -0.309021 0.951055
vn 0.000000 -0.587788 0.809015
vn 0.000000 -0.809017 0.587785
vn 0.000000 -0.587785 0.809017
vn 0.000000 -0.587788 0.809015
vn 0.000000 -0.809017 0.587785
vn 0.000000 -0.951056 0.309020
vn 0.000000 -0.809017 0.587785
vn 0.000000 -0.809017 0.587785
vn 0.000000 -0.951056 0.309020
vn 0.000000 -1.000000 0.000000
vn 0.000000 -0.951056 0.309020
vn 0.000000 -0.951056 0.309020
vn 0.000000 -1.000000 0.000000
vn 0.000000 -0.951056 -0.309020
vn 0.000000 -1.000000 0.000000
vn 0.000000 -1.000000 0.000000
vn 0.000000 -0.951056 -0.309020
vn 0.000000 -0.809017 -0.587785
vn 0.000000 -0.951056 -0.309020
vn 0.000000 -0.951056 -0.309020
vn 0.000000 -0.809017 -0.587785
vn 0.000000 -0.587785 -0.809017
vn 0.000000 -0.809017 -0.587785
vn 0.000000 -0.809017 -0.587785
vn 0.000000 -0.587788 -0.809015
vn 0.000000 -0.309017 -0.951056
vn 0.000000 -0.587785 -0.809017
vn 0.000000 -0.587788 -0.809015
vn 0.000000 -0.309021 -0.951055
vn 0.000000 0.000000 -1.000000
vn 0.000000 -0.309017 -0.951056
vn 0.000000 -0.309021 -0.951055
vn 0.000000 0.000000 -1.000000
vn 0.000000 0.309017 -0.951057
vn 0.000000 0.000000 -1.000000
vn 0.000000 0.000000 -1.000000
vn 0.000000 0.309018 -0.951056
vn 0.000000 0.587785 -0.809017
vn 0.000000 0.309017 -0.951057
vn 0.000000 0.309018 -0.951056
vn 0.000000 0.587788 -0.809015
vn 0.000000 0.809017 -0.587786
vn 0.000000 0.587785 -0.809017
vn 0.000000 0.587788 -0.809015
vn 0.000000 0.809020 -0.587781
vn 0.000000 0.951057 -0.309017
vn 0.000000 0.809017 -0.587786
vn 0.000000 0.809020 -0.587781
vn 0.000000 0.951058 -0.309013
vn -0.265582 0.150817 -0.952219
vn -0.265582 0.150817 -0.952219
vn -0.265581 0.150817 -0.952219
vn -0.265581 0.150817 -0.952219
vn -0.265583 0.437687 -0.859008
vn -0.265583 0.437687 -0.859009
vn -0.265581 0.437688 -0.859009
vn -0.265581 0.437688 -0.859009
vn -0.265579 0.681714 -0.681714
vn -0.265579 0.681714 -0.681714
vn -0.265578 0.681714 -0.681714
vn -0.265578 0.681714 -0.681714
vn -0.265576 0.859011 -0.437687
vn -0.265576 0.859011 -0.437687
vn -0.265576 0.859011 -0.437687
vn -0.265576 0.859011 -0.437687
vn -0.265583 0.952219 -0.150816
vn -0.265583 0.952219 -0.150816
vn -0.265585 0.952218 -0.150815
vn -0.265585 0.952218 -0.150815
vn -0.265584 0.952218 0.150816
vn -0.265584 0.952218 0.150816
vn -0.265584 0.952218 0.150815
vn -0.265584 0.952218 0.150815
vn -0.265577 0.859011 0.437687
vn -0.265577 0.859011 0.437687
vn -0.265576 0.859011 0.437687
vn -0.265576 0.859011 0.437687
vn -0.265579 0.681715 0.681713
vn -0.265579 0.681715 0.681713
vn -0.265578 0.681715 0.681713
vn -0.265578 0.681716 0.681713
vn -0.265582 0.437686 0.859009
vn -0.265582 0.437686 0.859009
vn -0.265579 0.437687 0.859010
vn -0.265579 0.437687 0.859010
vn -0.265580 0.150818 0.952219
vn -0.265580 0.150818 0.952219
vn -0.265578 0.150818 0.952220
vn -0.265578 0.150818 0.952220
vn -0.265579 -0.150817 0.952220
vn -0.265579 -0.150817 0.952219
vn -0.265578 -0.150817 0.952220
vn -0.265578 -0.150817 0.952220
vn -0.265579 -0.437688 0.859009
vn -0.265579 -0.437688 0.859009
vn -0.265577 -0.437687 0.859010
vn -0.265577 -0.437688 0.859010
vn -0.265579 -0.681714 0.681714
vn -0.265579 -0.681714 0.681714
vn -0.265576 -0.681715 0.681714
vn -0.265576 -0.681715 0.681714
vn -0.265577 -0.859009 0.437690
vn -0.265577 -0.859009 0.437690
vn -0.265575 -0.859010 0.437690
vn -0.265574 -0.859010 0.437690
vn -0.265575 -0.952221 0.150812
vn -0.265575 -0.952221 0.150812
vn -0.265572 -0.952222 0.150812
vn -0.265572 -0.952222 0.150812
vn -0.265579 -0.952220 -0.150814
vn -0.265579 -0.952220 -0.150814
vn -0.265576 -0.952221 -0.150814
vn -0.265576 -0.952221 -0.150814
vn -0.265580 -0.859009 -0.437688
vn -0.265580 -0.859009 -0.437688
vn -0.265577 -0.859009 -0.437689
vn -0.265578 -0.859009 -0.437689
vn -0.265579 -0.681712 -0.681715
vn -0.265579 -0.681712 -0.681715
vn -0.265576 -0.681713 -0.681717
vn -0.265576 -0.681713 -0.681716
vn -0.265581 -0.437690 -0.859008
vn -0.265581 -0.437690 -0.859008
vn -0.265579 -0.437691 -0.859008
vn -0.265579 -0.437691 -0.859008
vn -0.265581 -0.150817 -0.952219
vn -0.265581 -0.150817 -0.952219
vn -0.265581 -0.150817 -0.952219
vn -0.265581 -0.150817 -0.952219
vn 0.202259 -0.153204 -0.967274
vn 0.202259 -0.153204 -0.967274
vn 0.202259 -0.153205 -0.967274
vn 0.202259 -0.153205 -0.967274
vn 0.202260 0.153202 -0.967274
vn 0.202260 0.153202 -0.967275
vn 0.202261 0.153202 -0.967274
vn 0.202261 0.153202 -0.967274
vn 0.202260 0.444609 -0.872590
vn 0.202260 0.444609 -0.872590
vn 0.202265 0.444610 -0.872589
vn 0.202265 0.444610 -0.872589
vn 0.202261 0.692491 -0.692493
vn 0.202261 0.692491 -0.692493
vn 0.202264 0.692490 -0.692493
vn 0.202264 0.692491 -0.692492
vn 0.202265 0.872587 -0.444614
vn 0.202265 0.872587 -0.444614
vn 0.202265 0.872587 -0.444614
vn 0.202265 0.872587 -0.444614
vn 0.202268 0.967273 -0.153198
vn 0.202268 0.967273 -0.153198
vn 0.202270 0.967273 -0.153197
vn 0.202270 0.967273 -0.153197
vn 0.202262 0.967274 0.153205
vn 0.202262 0.967274 0.153205
vn 0.202262 0.967273 0.153206
vn 0.202262 0.967273 0.153206
vn 0.202259 0.872591 0.444607
vn 0.202259 0.872591 0.444607
vn 0.202257 0.872591 0.444609
vn 0.202257 0.872591 0.444609
vn 0.202262 0.692491 0.692493
vn 0.202262 0.692491 0.692493
vn 0.202266 0.692490 0.692493
vn 0.202266 0.692490 0.692493
vn 0.202261 0.444612 0.872588
vn 0.202261 0.444612 0.872588
vn 0.202265 0.444612 0.872588
vn 0.202265 0.444612 0.872588
vn 0.202261 0.153200 0.967275
vn 0.202261 0.153200 0.967275
vn 0.202261 0.153200 0.967275
vn 0.202261 0.153200 0.967275
vn 0.202260 -0.153202 0.967274
vn 0.202260 -0.153202 0.967275
vn 0.202259 -0.153203 0.967275
vn 0.202259 -0.153203 0.967275
vn 0.202259 -0.444608 0.872591
vn 0.202259 -0.444608 0.872591
vn 0.202259 -0.444608 0.872591
vn 0.202259 -0.444608 0.872591
vn 0.202254 -0.692491 0.692495
vn 0.202254 -0.692491 0.692496
vn 0.202254 -0.692491 0.692495
vn 0.202254 -0.692491 0.692495
vn 0.202250 -0.872593 0.444609
vn 0.202250 -0.872593 0.444609
vn 0.202247 -0.872594 0.444608
vn 0.202247 -0.872594 0.444608
vn 0.202251 -0.967277 0.153201
vn 0.202251 -0.967277 0.153201
vn 0.202246 -0.967278 0.153200
vn 0.202246 -0.967278 0.153200
vn 0.202252 -0.967276 -0.153201
vn 0.202252 -0.967276 -0.153201
vn 0.202247 -0.967278 -0.153200
vn 0.202247 -0.967278 -0.153200
vn 0.202250 -0.872593 -0.444608
vn 0.202250 -0.872593 -0.444608
vn 0.202246 -0.872594 -0.444608
vn 0.202246 -0.872594 -0.444608
vn 0.202254 -0.692492 -0.692494
vn 0.202254 -0.692492 -0.692494
vn 0.202253 -0.692492 -0.692494
vn 0.202253 -0.692492 -0.692494
vn 0.202258 -0.444606 -0.872592
vn 0.202258 -0.444606 -0.872592
vn 0.202258 -0.444606 -0.872592
vn 0.202258 -0.444606 -0.872592
vn -0.265576 0.859011 -0.437687
vn -0.265576 0.859011 -0.437687
vn -0.265587 0.859005 -0.437691
vn -0.265587 0.859005 -0.437691
vn -0.265585 0.952218 -0.150815
vn -0.265585 0.952218 -0.150815
vn -0.265596 0.952216 -0.150809
vn -0.265596 0.952216 -0.150809
vn -0.265584 0.952218 0.150815
vn -0.265584 0.952218 0.150815
vn -0.265589 0.952218 0.150810
vn -0.265589 0.952218 0.150810
vn -0.265576 0.859011 0.437687
vn -0.265576 0.859011 0.437687
vn -0.265585 0.859008 0.437687
vn -0.265585 0.859008 0.437687
vn -0.265578 0.681716 0.681713
vn -0.265578 0.681715 0.681713
vn -0.265595 0.681715 0.681707
vn -0.265594 0.681715 0.681707
vn -0.265579 0.437687 0.859010
vn -0.265579 0.437687 0.859010
vn -0.265584 0.437689 0.859007
vn -0.265584 0.437689 0.859007
vn -0.265578 0.150818 0.952220
vn -0.265578 0.150818 0.952220
vn -0.265571 0.150817 0.952222
vn -0.265571 0.150817 0.952222
vn -0.265578 -0.150817 0.952220
vn -0.265578 -0.150817 0.952220
vn -0.265574 -0.150818 0.952221
vn -0.265574 -0.150818 0.952221
vn -0.265577 -0.437688 0.859010
vn -0.265577 -0.437687 0.859010
vn -0.265564 -0.437682 0.859017
vn -0.265564 -0.437682 0.859017
vn -0.265576 -0.681715 0.681714
vn -0.265576 -0.681715 0.681714
vn -0.265580 -0.681716 0.681712
vn -0.265580 -0.681716 0.681712
vn -0.265574 -0.859010 0.437690
vn -0.265575 -0.859010 0.437690
vn -0.265584 -0.859006 0.437692
vn -0.265584 -0.859006 0.437692
vn -0.265572 -0.952222 0.150812
vn -0.265572 -0.952222 0.150812
vn -0.265553 -0.952228 0.150812
vn -0.265553 -0.952228 0.150812
vn -0.265576 -0.952221 -0.150814
vn -0.265576 -0.952221 -0.150814
vn -0.265556 -0.952226 -0.150816
vn -0.265556 -0.952226 -0.150816
vn -0.265578 -0.859009 -0.437689
vn -0.265577 -0.859009 -0.437689
vn -0.265583 -0.859009 -0.437687
vn -0.265583 -0.859009 -0.437687
vn -0.265576 -0.681713 -0.681716
vn -0.265576 -0.681713 -0.681717
vn -0.265579 -0.681714 -0.681714
vn -0.265579 -0.681714 -0.681714
vn -0.265579 -0.437691 -0.859008
vn -0.265579 -0.437691 -0.859008
vn -0.265568 -0.437690 -0.859012
vn -0.265568 -0.437690 -0.859012
vn -0.265581 -0.150817 -0.952219
vn -0.265581 -0.150817 -0.952219
vn -0.265578 -0.150818 -0.952220
vn -0.265578 -0.150818 -0.952220
vn -0.265581 0.150817 -0.952219
vn -0.265581 0.150817 -0.952219
vn -0.265576 0.150816 -0.952220
vn -0.265576 0.150816 -0.952220
vn -0.265581 0.437688 -0.859009
vn -0.265581 0.437688 -0.859009
vn -0.265589 0.437690 -0.859005
vn -0.265589 0.437690 -0.859005
vn -0.265578 0.681714 -0.681714
vn -0.265578 0.681714 -0.681714
vn -0.265593 0.681712 -0.681710
vn -0.265593 0.681712 -0.681710
vn 1.000000 0.000000 0.000000
vn 1.000000 0.000000 0.000000
vn 1.000000 0.000000 0.000000
vn 1.000000 0.000000 0.000000
vn 1.000000 0.000000 0.000000
vn 1.000000 0.000000 0.000000
vn 1.000000 0.000000 0.000000
vn 1.000000 0.000000 0.000000
vn 1.000000 0.000000 0.000000
vn 1.000000 0.000000 0.000000
vn 1.000000 0.000000 0.000000
vn 1.000000 0.000000 0.000000
vn 1.000000 0.000000 0.000000
vn 1.000000 0.000000 0.000000
vn 1.000000 0.000000 0.000000
vn 1.000000 0.000000 0.000000
vn 1.000000 0.000000 0.000000
vn 1.000000 0.000000 0.000000
vn 1.000000 0.000000 0.000000
vn 1.000000 0.000000 0.000000
vn -1.000000 0.000000 -0.000000
vn -1.000000 0.000000 -0.000000
vn -1.000000 0.000000 -0.000000
vn -1.000000 0.000000 -0.000000
vn -1.000000 0.000000 -0.000000
vn -1.000000 0.000000 -0.000000
vn -1.000000 0.000000 -0.000000
vn -1.000000 0.000000 -0.000000
vn -1.000000 0.000000 -0.000000
vn -1.000000 0.000000 -0.000000
vn -1.000000 0.000000 -0.000000
vn -1.000000 0.000000 -0.000000
vn -1.000000 0.000000 -0.000000
vn -1.000000 0.000000 -0.000000
vn -1.000000 0.000000 -0.000000
vn -1.000000 0.000000 -0.000000
vn -1.000000 0.000000 -0.000000
vn -1.000000 0.000000 -0.000000
vn -1.000000 0.000000 -0.000000
vn -1.000000 0.000000 -0.000000
vn -1.000000 0.000000 -0.000000
vn -1.000000 0.000000 -0.000000
vn -1.000000 0.000000 -0.000000
vn -1.000000 0.000000 -0.000000
vn -1.000000 0.000000 -0.000000
vn -1.000000 0.000000 -0.000000
vn -1.000000 0.000000 -0.000000
vn -1.000000 0.000000 -0.000000
vn -1.000000 0.000000 -0.000000
vn -1.000000 0.000000 -0.000000
vn -1.000000 0.000000 -0.000000
vn -1.000000 0.000000 -0.000000
vn -1.000000 0.000000 -0.000000
vn -1.000000 0.000000 -0.000000
vn -1.000000 0.000000 -0.000000
vn -1.000000 0.000000 -0.000000
vn -1.000000 0.000000 -0.000000
vn -1.000000 0.000000 -0.000000
vn -1.000000 0.000000 -0.000000
vn -1.000000 0.000000 -0.000000
vn 1.000000 0.000000 0.000000
vn 1.000000 0.000000 0.000000
vn 1.000000 0.000000 0.000000
vn 1.000000 0.000000 0.000000
vn 1.000000 0.000000 0.000000
vn 1.000000 0.000000 0.000000
vn 1.000000 0.000000 0.000000
vn 1.000000 0.000000 0.000000
vn 1.000000 0.000000 0.000000
vn 1.000000 0.000000 0.000000
vn 1.000000 0.000000 0.000000
vn 1.000000 0.000000 0.000000
vn 1.000000 0.000000 0.000000
vn 1.000000 0.000000 0.000000
vn 1.000000 0.000000 0.000000
vn 1.000000 0.000000 0.000000
vn 1.000000 0.000000 0.000000
vn 1.000000 0.000000 0.000000
vn 1.000000 0.000000 0.000000
vn 1.000000 0.000000 0.000000
s off
g group1 robot:robotpCylinder17
usemtl robot:aiStandardSurface3SG
f 1571/2064/6319 1572/2065/6320 1792/2066/6321 1773/2067/6322
f 1572/2065/6323 1573/2068/6324 1791/2069/6325 1792/2066/6326
f 1573/2068/6327 1574/2070/6328 1790/2071/6329 1791/2069/6330
f 1574/2070/6331 1575/2072/6332 1789/2073/6333 1790/2071/6334
f 1575/2072/6335 1576/2074/6336 1788/2075/6337 1789/2073/6338
f 1576/2074/6339 1577/2076/6340 1787/2077/6341 1788/2075/6342
f 1577/2076/6343 1578/2078/6344 1786/2079/6345 1787/2077/6346
f 1578/2078/6347 1579/2080/6348 1785/2081/6349 1786/2079/6350
f 1579/2080/6351 1580/2082/6352 1784/2083/6353 1785/2081/6354
f 1580/2082/6355 1581/2084/6356 1783/2085/6357 1784/2083/6358
f 1581/2084/6359 1582/2086/6360 1782/2087/6361 1783/2085/6362
f 1582/2086/6363 1583/2088/6364 1781/2089/6365 1782/2087/6366
f 1583/2088/6367 1584/2090/6368 1780/2091/6369 1781/2089/6370
f 1584/2090/6371 1585/2092/6372 1779/2093/6373 1780/2091/6374
f 1585/2092/6375 1586/2094/6376 1778/2095/6377 1779/2093/6378
f 1586/2094/6379 1587/2096/6380 1777/2097/6381 1778/2095/6382
f 1587/2096/6383 1588/2098/6384 1776/2099/6385 1777/2097/6386
f 1588/2098/6387 1589/2100/6388 1775/2101/6389 1776/2099/6390
f 1589/2100/6391 1590/2102/6392 1774/2103/6393 1775/2101/6394
f 1590/2102/6395 1571/2104/6396 1773/2105/6397 1774/2103/6398
f 1732/2106/6399 1731/2107/6400 1733/2108/6401
f 1734/2109/6402 1732/2106/6403 1733/2108/6404
f 1735/2110/6405 1734/2109/6406 1733/2108/6407
f 1736/2111/6408 1735/2110/6409 1733/2108/6410
f 1737/2112/6411 1736/2111/6412 1733/2108/6413
f 1738/2113/6414 1737/2112/6415 1733/2108/6416
f 1739/2114/6417 1738/2113/6418 1733/2108/6419
f 1740/2115/6420 1739/2114/6421 1733/2108/6422
f 1741/2116/6423 1740/2115/6424 1733/2108/6425
f 1742/2117/6426 1741/2116/6427 1733/2108/6428
f 1743/2118/6429 1742/2117/6430 1733/2108/6431
f 1744/2119/6432 1743/2118/6433 1733/2108/6434
f 1745/2120/6435 1744/2119/6436 1733/2108/6437
f 1746/2121/6438 1745/2120/6439 1733/2108/6440
f 1747/2122/6441 1746/2121/6442 1733/2108/6443
f 1748/2123/6444 1747/2122/6445 1733/2108/6446
f 1749/2124/6447 1748/2123/6448 1733/2108/6449
f 1750/2125/6450 1749/2124/6451 1733/2108/6452
f 1751/2126/6453 1750/2125/6454 1733/2108/6455
f 1731/2107/6456 1751/2126/6457 1733/2108/6458
f 1752/2127/6459 1753/2128/6460 1754/2129/6461
f 1753/2128/6462 1755/2130/6463 1754/2129/6464
f 1755/2130/6465 1756/2131/6466 1754/2129/6467
f 1756/2131/6468 1757/2132/6469 1754/2129/6470
f 1757/2132/6471 1758/2133/6472 1754/2129/6473
f 1758/2133/6474 1759/2134/6475 1754/2129/6476
f 1759/2134/6477 1760/2135/6478 1754/2129/6479
f 1760/2135/6480 1761/2136/6481 1754/2129/6482
f 1761/2136/6483 1762/2137/6484 1754/2129/6485
f 1762/2137/6486 1763/2138/6487 1754/2129/6488
f 1763/2138/6489 1764/2139/6490 1754/2129/6491
f 1764/2139/6492 1765/2140/6493 1754/2129/6494
f 1765/2140/6495 1766/2141/6496 1754/2129/6497
f 1766/2141/6498 1767/2142/6499 1754/2129/6500
f 1767/2142/6501 1768/2143/6502 1754/2129/6503
f 1768/2143/6504 1769/2144/6505 1754/2129/6506
f 1769/2144/6507 1770/2145/6508 1754/2129/6509
f 1770/2145/6510 1771/2146/6511 1754/2129/6512
f 1771/2146/6513 1772/2147/6514 1754/2129/6515
f 1772/2147/6516 1752/2127/6517 1754/2129/6518
f 1572/2148/6519 1571/2149/6520 1611/2150/6521 1612/2151/6522
f 1573/2152/6523 1572/2148/6524 1612/2151/6525 1613/2153/6526
f 1574/2154/6527 1573/2152/6528 1613/2153/6529 1614/2155/6530
f 1575/2156/6531 1574/2154/6532 1614/2155/6533 1615/2157/6534
f 1576/2158/6535 1575/2156/6536 1615/2157/6537 1616/2159/6538
f 1577/2160/6539 1576/2158/6540 1616/2159/6541 1617/2161/6542
f 1578/2162/6543 1577/2160/6544 1617/2161/6545 1618/2163/6546
f 1579/2164/6547 1578/2162/6548 1618/2163/6549 1619/2165/6550
f 1580/2166/6551 1579/2164/6552 1619/2165/6553 1620/2167/6554
f 1581/2168/6555 1580/2166/6556 1620/2167/6557 1621/2169/6558
f 1582/2170/6559 1581/2168/6560 1621/2169/6561 1622/2171/6562
f 1583/2172/6563 1582/2170/6564 1622/2171/6565 1623/2173/6566
f 1584/2174/6567 1583/2172/6568 1623/2173/6569 1624/2175/6570
f 1585/2176/6571 1584/2174/6572 1624/2175/6573 1625/2177/6574
f 1586/2178/6575 1585/2176/6576 1625/2177/6577 1626/2179/6578
f 1587/2180/6579 1586/2178/6580 1626/2179/6581 1627/2181/6582
f 1588/2182/6583 1587/2180/6584 1627/2181/6585 1628/2183/6586
f 1589/2184/6587 1588/2182/6588 1628/2183/6589 1629/2185/6590
f 1590/2186/6591 1589/2184/6592 1629/2185/6593 1630/2187/6594
f 1571/2149/6595 1590/2186/6596 1630/2187/6597 1611/2150/6598
f 1591/2188/6599 1592/2189/6600 1632/2190/6601 1631/2191/6602
f 1592/2189/6603 1593/2192/6604 1633/2193/6605 1632/2190/6606
f 1593/2192/6607 1594/2194/6608 1634/2195/6609 1633/2193/6610
f 1594/2194/6611 1595/2196/6612 1635/2197/6613 1634/2195/6614
f 1595/2196/6615 1596/2198/6616 1636/2199/6617 1635/2197/6618
f 1596/2198/6619 1597/2200/6620 1637/2201/6621 1636/2199/6622
f 1597/2200/6623 1598/2202/6624 1638/2203/6625 1637/2201/6626
f 1598/2202/6627 1599/2204/6628 1639/2205/6629 1638/2203/6630
f 1599/2204/6631 1600/2206/6632 1640/2207/6633 1639/2205/6634
f 1600/2206/6635 1601/2208/6636 1641/2209/6637 1640/2207/6638
f 1601/2208/6639 1602/2210/6640 1642/2211/6641 1641/2209/6642
f 1602/2210/6643 1603/2212/6644 1643/2213/6645 1642/2211/6646
f 1603/2212/6647 1604/2214/6648 1644/2215/6649 1643/2213/6650
f 1604/2214/6651 1605/2216/6652 1645/2217/6653 1644/2215/6654
f 1605/2216/6655 1606/2218/6656 1646/2219/6657 1645/2217/6658
f 1606/2218/6659 1607/2220/6660 1647/2221/6661 1646/2219/6662
f 1607/2220/6663 1608/2222/6664 1648/2223/6665 1647/2221/6666
f 1608/2222/6667 1609/2224/6668 1649/2225/6669 1648/2223/6670
f 1609/2224/6671 1610/2226/6672 1650/2227/6673 1649/2225/6674
f 1610/2226/6675 1591/2188/6676 1631/2191/6677 1650/2227/6678
f 1612/2151/6679 1611/2150/6680 1799/2228/6681 1800/2229/6682
f 1613/2153/6683 1612/2151/6684 1800/2229/6685 1801/2230/6686
f 1614/2155/6687 1613/2153/6688 1801/2230/6689 1802/2231/6690
f 1615/2157/6691 1614/2155/6692 1802/2231/6693 1803/2232/6694
f 1616/2159/6695 1615/2157/6696 1803/2232/6697 1804/2233/6698
f 1617/2161/6699 1616/2159/6700 1804/2233/6701 1805/2234/6702
f 1618/2163/6703 1617/2161/6704 1805/2234/6705 1806/2235/6706
f 1619/2165/6707 1618/2163/6708 1806/2235/6709 1807/2236/6710
f 1620/2167/6711 1619/2165/6712 1807/2236/6713 1808/2237/6714
f 1621/2169/6715 1620/2167/6716 1808/2237/6717 1809/2238/6718
f 1622/2171/6719 1621/2169/6720 1809/2238/6721 1810/2239/6722
f 1623/2173/6723 1622/2171/6724 1810/2239/6725 1811/2240/6726
f 1624/2175/6727 1623/2173/6728 1811/2240/6729 1812/2241/6730
f 1625/2177/6731 1624/2175/6732 1812/2241/6733 1793/2242/6734
f 1626/2179/6735 1625/2177/6736 1793/2242/6737 1794/2243/6738
f 1627/2181/6739 1626/2179/6740 1794/2243/6741 1795/2244/6742
f 1628/2183/6743 1627/2181/6744 1795/2244/6745 1796/2245/6746
f 1629/2185/6747 1628/2183/6748 1796/2245/6749 1797/2246/6750
f 1630/2187/6751 1629/2185/6752 1797/2246/6753 1798/2247/6754
f 1611/2150/6755 1630/2187/6756 1798/2247/6757 1799/2228/6758
f 1631/2191/6759 1632/2190/6760 1886/2248/6761 1887/2249/6762
f 1632/2190/6763 1633/2193/6764 1885/2250/6765 1886/2248/6766
f 1633/2193/6767 1634/2195/6768 1884/2251/6769 1885/2250/6770
f 1634/2195/6771 1635/2197/6772 1883/2252/6773 1884/2251/6774
f 1635/2197/6775 1636/2199/6776 1882/2253/6777 1883/2252/6778
f 1636/2199/6779 1637/2201/6780 1881/2254/6781 1882/2253/6782
f 1637/2201/6783 1638/2203/6784 1880/2255/6785 1881/2254/6786
f 1638/2203/6787 1639/2205/6788 1879/2256/6789 1880/2255/6790
f 1639/2205/6791 1640/2207/6792 1878/2257/6793 1879/2256/6794
f 1640/2207/6795 1641/2209/6796 1877/2258/6797 1878/2257/6798
f 1641/2209/6799 1642/2211/6800 1876/2259/6801 1877/2258/6802
f 1642/2211/6803 1643/2213/6804 1875/2260/6805 1876/2259/6806
f 1643/2213/6807 1644/2215/6808 1874/2261/6809 1875/2260/6810
f 1644/2215/6811 1645/2217/6812 1873/2262/6813 1874/2261/6814
f 1645/2217/6815 1646/2219/6816 1892/2263/6817 1873/2262/6818
f 1646/2219/6819 1647/2221/6820 1891/2264/6821 1892/2263/6822
f 1647/2221/6823 1648/2223/6824 1890/2265/6825 1891/2264/6826
f 1648/2223/6827 1649/2225/6828 1889/2266/6829 1890/2265/6830
f 1649/2225/6831 1650/2227/6832 1888/2267/6833 1889/2266/6834
f 1650/2227/6835 1631/2191/6836 1887/2249/6837 1888/2267/6838
f 1692/2268/6839 1691/2269/6840 1834/2270/6841 1835/2271/6842
f 1693/2272/6843 1692/2268/6844 1835/2271/6845 1836/2273/6846
f 1694/2274/6847 1693/2272/6848 1836/2273/6849 1837/2275/6850
f 1695/2276/6851 1694/2274/6852 1837/2275/6853 1838/2277/6854
f 1696/2278/6855 1695/2276/6856 1838/2277/6857 1839/2279/6858
f 1697/2280/6859 1696/2278/6860 1839/2279/6861 1840/2281/6862
f 1698/2282/6863 1697/2280/6864 1840/2281/6865 1841/2283/6866
f 1699/2284/6867 1698/2282/6868 1841/2283/6869 1842/2285/6870
f 1700/2286/6871 1699/2284/6872 1842/2285/6873 1843/2287/6874
f 1701/2288/6875 1700/2286/6876 1843/2287/6877 1844/2289/6878
f 1702/2290/6879 1701/2288/6880 1844/2289/6881 1845/2291/6882
f 1703/2292/6883 1702/2290/6884 1845/2291/6885 1846/2293/6886
f 1704/2294/6887 1703/2292/6888 1846/2293/6889 1847/2295/6890
f 1705/2296/6891 1704/2294/6892 1847/2295/6893 1848/2297/6894
f 1706/2298/6895 1705/2296/6896 1848/2297/6897 1849/2299/6898
f 1707/2300/6899 1706/2298/6900 1849/2299/6901 1850/2301/6902
f 1708/2302/6903 1707/2300/6904 1850/2301/6905 1851/2303/6906
f 1709/2304/6907 1708/2302/6908 1851/2303/6909 1852/2305/6910
f 1710/2306/6911 1709/2304/6912 1852/2305/6913 1833/2307/6914
f 1691/2269/6915 1710/2306/6916 1833/2307/6917 1834/2270/6918
f 1711/2308/6919 1712/2309/6920 1897/2310/6921 1898/2311/6922
f 1712/2309/6923 1713/2312/6924 1896/2313/6925 1897/2310/6926
f 1713/2312/6927 1714/2314/6928 1895/2315/6929 1896/2313/6930
f 1714/2314/6931 1715/2316/6932 1894/2317/6933 1895/2315/6934
f 1715/2316/6935 1716/2318/6936 1893/2319/6937 1894/2317/6938
f 1716/2318/6939 1717/2320/6940 1912/2321/6941 1893/2319/6942
f 1717/2320/6943 1718/2322/6944 1911/2323/6945 1912/2321/6946
f 1718/2322/6947 1719/2324/6948 1910/2325/6949 1911/2323/6950
f 1719/2324/6951 1720/2326/6952 1909/2327/6953 1910/2325/6954
f 1720/2326/6955 1721/2328/6956 1908/2329/6957 1909/2327/6958
f 1721/2328/6959 1722/2330/6960 1907/2331/6961 1908/2329/6962
f 1722/2330/6963 1723/2332/6964 1906/2333/6965 1907/2331/6966
f 1723/2332/6967 1724/2334/6968 1905/2335/6969 1906/2333/6970
f 1724/2334/6971 1725/2336/6972 1904/2337/6973 1905/2335/6974
f 1725/2336/6975 1726/2338/6976 1903/2339/6977 1904/2337/6978
f 1726/2338/6979 1727/2340/6980 1902/2341/6981 1903/2339/6982
f 1727/2340/6983 1728/2342/6984 1901/2343/6985 1902/2341/6986
f 1728/2342/6987 1729/2344/6988 1900/2345/6989 1901/2343/6990
f 1729/2344/6991 1730/2346/6992 1899/2347/6993 1900/2345/6994
f 1730/2346/6995 1711/2308/6996 1898/2311/6997 1899/2347/6998
f 1774/2103/6999 1773/2105/7000 1853/2348/7001 1854/2349/7002
f 1775/2101/7003 1774/2103/7004 1854/2349/7005 1855/2350/7006
f 1776/2099/7007 1775/2101/7008 1855/2350/7009 1856/2351/7010
f 1777/2097/7011 1776/2099/7012 1856/2351/7013 1857/2352/7014
f 1778/2095/7015 1777/2097/7016 1857/2352/7017 1858/2353/7018
f 1779/2093/7019 1778/2095/7020 1858/2353/7021 1859/2354/7022
f 1780/2091/7023 1779/2093/7024 1859/2354/7025 1860/2355/7026
f 1781/2089/7027 1780/2091/7028 1860/2355/7029 1861/2356/7030
f 1782/2087/7031 1781/2089/7032 1861/2356/7033 1862/2357/7034
f 1783/2085/7035 1782/2087/7036 1862/2357/7037 1863/2358/7038
f 1784/2083/7039 1783/2085/7040 1863/2358/7041 1864/2359/7042
f 1785/2081/7043 1784/2083/7044 1864/2359/7045 1865/2360/7046
f 1786/2079/7047 1785/2081/7048 1865/2360/7049 1866/2361/7050
f 1787/2077/7051 1786/2079/7052 1866/2361/7053 1867/2362/7054
f 1788/2075/7055 1787/2077/7056 1867/2362/7057 1868/2363/7058
f 1789/2073/7059 1788/2075/7060 1868/2363/7061 1869/2364/7062
f 1790/2071/7063 1789/2073/7064 1869/2364/7065 1870/2365/7066
f 1791/2069/7067 1790/2071/7068 1870/2365/7069 1871/2366/7070
f 1792/2066/7071 1791/2069/7072 1871/2366/7073 1872/2367/7074
f 1773/2067/7075 1792/2066/7076 1872/2367/7077 1853/2368/7078
f 1794/2243/7079 1793/2242/7080 1826/2369/7081 1827/2370/7082
f 1795/2244/7083 1794/2243/7084 1827/2370/7085 1828/2371/7086
f 1796/2245/7087 1795/2244/7088 1828/2371/7089 1829/2372/7090
f 1797/2246/7091 1796/2245/7092 1829/2372/7093 1830/2373/7094
f 1798/2247/7095 1797/2246/7096 1830/2373/7097 1831/2374/7098
f 1799/2228/7099 1798/2247/7100 1831/2374/7101 1832/2375/7102
f 1800/2229/7103 1799/2228/7104 1832/2375/7105 1813/2376/7106
f 1801/2230/7107 1800/2229/7108 1813/2376/7109 1814/2377/7110
f 1802/2231/7111 1801/2230/7112 1814/2377/7113 1815/2378/7114
f 1803/2232/7115 1802/2231/7116 1815/2378/7117 1816/2379/7118
f 1804/2233/7119 1803/2232/7120 1816/2379/7121 1817/2380/7122
f 1805/2234/7123 1804/2233/7124 1817/2380/7125 1818/2381/7126
f 1806/2235/7127 1805/2234/7128 1818/2381/7129 1819/2382/7130
f 1807/2236/7131 1806/2235/7132 1819/2382/7133 1820/2383/7134
f 1808/2237/7135 1807/2236/7136 1820/2383/7137 1821/2384/7138
f 1809/2238/7139 1808/2237/7140 1821/2384/7141 1822/2385/7142
f 1810/2239/7143 1809/2238/7144 1822/2385/7145 1823/2386/7146
f 1811/2240/7147 1810/2239/7148 1823/2386/7149 1824/2387/7150
f 1812/2241/7151 1811/2240/7152 1824/2387/7153 1825/2388/7154
f 1793/2242/7155 1812/2241/7156 1825/2388/7157 1826/2369/7158
f 1814/2377/7159 1813/2376/7160 1652/2389/7161 1653/2390/7162
f 1815/2378/7163 1814/2377/7164 1653/2390/7165 1654/2391/7166
f 1816/2379/7167 1815/2378/7168 1654/2391/7169 1655/2392/7170
f 1817/2380/7171 1816/2379/7172 1655/2392/7173 1656/2393/7174
f 1818/2381/7175 1817/2380/7176 1656/2393/7177 1657/2394/7178
f 1819/2382/7179 1818/2381/7180 1657/2394/7181 1658/2395/7182
f 1820/2383/7183 1819/2382/7184 1658/2395/7185 1659/2396/7186
f 1821/2384/7187 1820/2383/7188 1659/2396/7189 1660/2397/7190
f 1822/2385/7191 1821/2384/7192 1660/2397/7193 1661/2398/7194
f 1823/2386/7195 1822/2385/7196 1661/2398/7197 1662/2399/7198
f 1824/2387/7199 1823/2386/7200 1662/2399/7201 1663/2400/7202
f 1825/2388/7203 1824/2387/7204 1663/2400/7205 1664/2401/7206
f 1826/2369/7207 1825/2388/7208 1664/2401/7209 1665/2402/7210
f 1827/2370/7211 1826/2369/7212 1665/2402/7213 1666/2403/7214
f 1828/2371/7215 1827/2370/7216 1666/2403/7217 1667/2404/7218
f 1829/2372/7219 1828/2371/7220 1667/2404/7221 1668/2405/7222
f 1830/2373/7223 1829/2372/7224 1668/2405/7225 1669/2406/7226
f 1831/2374/7227 1830/2373/7228 1669/2406/7229 1670/2407/7230
f 1832/2375/7231 1831/2374/7232 1670/2407/7233 1651/2408/7234
f 1813/2376/7235 1832/2375/7236 1651/2408/7237 1652/2389/7238
f 1834/2270/7239 1833/2307/7240 1751/2126/7241 1731/2107/7242
f 1835/2271/7243 1834/2270/7244 1731/2107/7245 1732/2106/7246
f 1836/2273/7247 1835/2271/7248 1732/2106/7249 1734/2109/7250
f 1837/2275/7251 1836/2273/7252 1734/2109/7253 1735/2110/7254
f 1838/2277/7255 1837/2275/7256 1735/2110/7257 1736/2111/7258
f 1839/2279/7259 1838/2277/7260 1736/2111/7261 1737/2112/7262
f 1840/2281/7263 1839/2279/7264 1737/2112/7265 1738/2113/7266
f 1841/2283/7267 1840/2281/7268 1738/2113/7269 1739/2114/7270
f 1842/2285/7271 1841/2283/7272 1739/2114/7273 1740/2115/7274
f 1843/2287/7275 1842/2285/7276 1740/2115/7277 1741/2116/7278
f 1844/2289/7279 1843/2287/7280 1741/2116/7281 1742/2117/7282
f 1845/2291/7283 1844/2289/7284 1742/2117/7285 1743/2118/7286
f 1846/2293/7287 1845/2291/7288 1743/2118/7289 1744/2119/7290
f 1847/2295/7291 1846/2293/7292 1744/2119/7293 1745/2120/7294
f 1848/2297/7295 1847/2295/7296 1745/2120/7297 1746/2121/7298
f 1849/2299/7299 1848/2297/7300 1746/2121/7301 1747/2122/7302
f 1850/2301/7303 1849/2299/7304 1747/2122/7305 1748/2123/7306
f 1851/2303/7307 1850/2301/7308 1748/2123/7309 1749/2124/7310
f 1852/2305/7311 1851/2303/7312 1749/2124/7313 1750/2125/7314
f 1833/2307/7315 1852/2305/7316 1750/2125/7317 1751/2126/7318
f 1854/2349/7319 1853/2348/7320 1591/2409/7321 1610/2410/7322
f 1855/2350/7323 1854/2349/7324 1610/2410/7325 1609/2411/7326
f 1856/2351/7327 1855/2350/7328 1609/2411/7329 1608/2412/7330
f 1857/2352/7331 1856/2351/7332 1608/2412/7333 1607/2413/7334
f 1858/2353/7335 1857/2352/7336 1607/2413/7337 1606/2414/7338
f 1859/2354/7339 1858/2353/7340 1606/2414/7341 1605/2415/7342
f 1860/2355/7343 1859/2354/7344 1605/2415/7345 1604/2416/7346
f 1861/2356/7347 1860/2355/7348 1604/2416/7349 1603/2417/7350
f 1862/2357/7351 1861/2356/7352 1603/2417/7353 1602/2418/7354
f 1863/2358/7355 1862/2357/7356 1602/2418/7357 1601/2419/7358
f 1864/2359/7359 1863/2358/7360 1601/2419/7361 1600/2420/7362
f 1865/2360/7363 1864/2359/7364 1600/2420/7365 1599/2421/7366
f 1866/2361/7367 1865/2360/7368 1599/2421/7369 1598/2422/7370
f 1867/2362/7371 1866/2361/7372 1598/2422/7373 1597/2423/7374
f 1868/2363/7375 1867/2362/7376 1597/2423/7377 1596/2424/7378
f 1869/2364/7379 1868/2363/7380 1596/2424/7381 1595/2425/7382
f 1870/2365/7383 1869/2364/7384 1595/2425/7385 1594/2426/7386
f 1871/2366/7387 1870/2365/7388 1594/2426/7389 1593/2427/7390
f 1872/2367/7391 1871/2366/7392 1593/2427/7393 1592/2428/7394
f 1853/2368/7395 1872/2367/7396 1592/2428/7397 1591/2429/7398
f 1874/2261/7399 1873/2262/7400 1930/2430/7401 1931/2431/7402
f 1875/2260/7403 1874/2261/7404 1931/2431/7405 1932/2432/7406
f 1876/2259/7407 1875/2260/7408 1932/2432/7409 1913/2433/7410
f 1877/2258/7411 1876/2259/7412 1913/2433/7413 1914/2434/7414
f 1878/2257/7415 1877/2258/7416 1914/2434/7417 1915/2435/7418
f 1879/2256/7419 1878/2257/7420 1915/2435/7421 1916/2436/7422
f 1880/2255/7423 1879/2256/7424 1916/2436/7425 1917/2437/7426
f 1881/2254/7427 1880/2255/7428 1917/2437/7429 1918/2438/7430
f 1882/2253/7431 1881/2254/7432 1918/2438/7433 1919/2439/7434
f 1883/2252/7435 1882/2253/7436 1919/2439/7437 1920/2440/7438
f 1884/2251/7439 1883/2252/7440 1920/2440/7441 1921/2441/7442
f 1885/2250/7443 1884/2251/7444 1921/2441/7445 1922/2442/7446
f 1886/2248/7447 1885/2250/7448 1922/2442/7449 1923/2443/7450
f 1887/2249/7451 1886/2248/7452 1923/2443/7453 1924/2444/7454
f 1888/2267/7455 1887/2249/7456 1924/2444/7457 1925/2445/7458
f 1889/2266/7459 1888/2267/7460 1925/2445/7461 1926/2446/7462
f 1890/2265/7463 1889/2266/7464 1926/2446/7465 1927/2447/7466
f 1891/2264/7467 1890/2265/7468 1927/2447/7469 1928/2448/7470
f 1892/2263/7471 1891/2264/7472 1928/2448/7473 1929/2449/7474
f 1873/2262/7475 1892/2263/7476 1929/2449/7477 1930/2430/7478
f 1894/2317/7479 1893/2319/7480 1758/2133/7481 1757/2132/7482
f 1895/2315/7483 1894/2317/7484 1757/2132/7485 1756/2131/7486
f 1896/2313/7487 1895/2315/7488 1756/2131/7489 1755/2130/7490
f 1897/2310/7491 1896/2313/7492 1755/2130/7493 1753/2128/7494
f 1898/2311/7495 1897/2310/7496 1753/2128/7497 1752/2127/7498
f 1899/2347/7499 1898/2311/7500 1752/2127/7501 1772/2147/7502
f 1900/2345/7503 1899/2347/7504 1772/2147/7505 1771/2146/7506
f 1901/2343/7507 1900/2345/7508 1771/2146/7509 1770/2145/7510
f 1902/2341/7511 1901/2343/7512 1770/2145/7513 1769/2144/7514
f 1903/2339/7515 1902/2341/7516 1769/2144/7517 1768/2143/7518
f 1904/2337/7519 1903/2339/7520 1768/2143/7521 1767/2142/7522
f 1905/2335/7523 1904/2337/7524 1767/2142/7525 1766/2141/7526
f 1906/2333/7527 1905/2335/7528 1766/2141/7529 1765/2140/7530
f 1907/2331/7531 1906/2333/7532 1765/2140/7533 1764/2139/7534
f 1908/2329/7535 1907/2331/7536 1764/2139/7537 1763/2138/7538
f 1909/2327/7539 1908/2329/7540 1763/2138/7541 1762/2137/7542
f 1910/2325/7543 1909/2327/7544 1762/2137/7545 1761/2136/7546
f 1911/2323/7547 1910/2325/7548 1761/2136/7549 1760/2135/7550
f 1912/2321/7551 1911/2323/7552 1760/2135/7553 1759/2134/7554
f 1893/2319/7555 1912/2321/7556 1759/2134/7557 1758/2133/7558
f 1914/2434/7559 1913/2433/7560 1682/2450/7561 1681/2451/7562
f 1915/2435/7563 1914/2434/7564 1681/2451/7565 1680/2452/7566
f 1916/2436/7567 1915/2435/7568 1680/2452/7569 1679/2453/7570
f 1917/2437/7571 1916/2436/7572 1679/2453/7573 1678/2454/7574
f 1918/2438/7575 1917/2437/7576 1678/2454/7577 1677/2455/7578
f 1919/2439/7579 1918/2438/7580 1677/2455/7581 1676/2456/7582
f 1920/2440/7583 1919/2439/7584 1676/2456/7585 1675/2457/7586
f 1921/2441/7587 1920/2440/7588 1675/2457/7589 1674/2458/7590
f 1922/2442/7591 1921/2441/7592 1674/2458/7593 1673/2459/7594
f 1923/2443/7595 1922/2442/7596 1673/2459/7597 1672/2460/7598
f 1924/2444/7599 1923/2443/7600 1672/2460/7601 1671/2461/7602
f 1925/2445/7603 1924/2444/7604 1671/2461/7605 1690/2462/7606
f 1926/2446/7607 1925/2445/7608 1690/2462/7609 1689/2463/7610
f 1927/2447/7611 1926/2446/7612 1689/2463/7613 1688/2464/7614
f 1928/2448/7615 1927/2447/7616 1688/2464/7617 1687/2465/7618
f 1929/2449/7619 1928/2448/7620 1687/2465/7621 1686/2466/7622
f 1930/2430/7623 1929/2449/7624 1686/2466/7625 1685/2467/7626
f 1931/2431/7627 1930/2430/7628 1685/2467/7629 1684/2468/7630
f 1932/2432/7631 1931/2431/7632 1684/2468/7633 1683/2469/7634
f 1913/2433/7635 1932/2432/7636 1683/2469/7637 1682/2450/7638
f 1652/2389/7639 1651/2408/7640 1670/2407/7641 1669/2406/7642 1668/2405/7643 1667/2404/7644 1666/2403/7645 1665/2402/7646 1664/2401/7647 1663/2400/7648 1662/2399/7649 1661/2398/7650 1660/2397/7651 1659/2396/7652 1658/2395/7653 1657/2394/7654 1656/2393/7655 1655/2392/7656 1654/2391/7657 1653/2390/7658
f 1672/2460/7659 1673/2459/7660 1674/2458/7661 1675/2457/7662 1676/2456/7663 1677/2455/7664 1678/2454/7665 1679/2453/7666 1680/2452/7667 1681/2451/7668 1682/2450/7669 1683/2469/7670 1684/2468/7671 1685/2467/7672 1686/2466/7673 1687/2465/7674 1688/2464/7675 1689/2463/7676 1690/2462/7677 1671/2461/7678
f 1692/2268/7679 1693/2272/7680 1694/2274/7681 1695/2276/7682 1696/2278/7683 1697/2280/7684 1698/2282/7685 1699/2284/7686 1700/2286/7687 1701/2288/7688 1702/2290/7689 1703/2292/7690 1704/2294/7691 1705/2296/7692 1706/2298/7693 1707/2300/7694 1708/2302/7695 1709/2304/7696 1710/2306/7697 1691/2269/7698
f 1712/2309/7699 1711/2308/7700 1730/2346/7701 1729/2344/7702 1728/2342/7703 1727/2340/7704 1726/2338/7705 1725/2336/7706 1724/2334/7707 1723/2332/7708 1722/2330/7709 1721/2328/7710 1720/2326/7711 1719/2324/7712 1718/2322/7713 1717/2320/7714 1716/2318/7715 1715/2316/7716 1714/2314/7717 1713/2312/7718
g default
v -2.142843 2.445157 2.167091
v 2.142833 2.445157 2.167091
v -2.142843 2.153918 -1.933813
v 2.142833 2.153918 -1.933813
v -1.769083 1.202475 -1.589535
v 1.769073 1.202475 -1.589535
v 1.769073 1.202475 1.669529
v -1.769083 1.202475 1.669529
v -1.880416 5.314808 1.871267
v 1.880406 5.314808 1.871267
v 1.880406 4.700130 -1.692086
v -1.880416 4.700130 -1.692086
v -1.141542 5.093028 1.156155
v 1.141532 5.093028 1.156155
v 1.132152 4.670322 -1.004729
v -1.138612 4.660887 -1.011495
v -1.141542 4.466899 1.091490
v 1.141532 4.466899 1.091490
v 1.141532 4.301588 -1.011495
v -1.141542 4.301588 -1.011495
v -1.141542 5.074968 1.156155
v -1.138612 4.633988 -1.011496
v 1.132152 4.643423 -1.004729
v 1.141532 5.074968 1.156155
v -1.192140 5.111509 1.237284
v -1.189210 4.660887 -1.058102
v 1.182751 4.670322 -1.051336
v 1.192130 5.111509 1.237284
v -1.141542 4.504746 1.091490
v -1.141542 4.339436 -1.011495
v 1.141532 4.339436 -1.011495
v 1.141532 4.504746 1.091490
v -1.893970 5.278511 1.883753
v -1.893970 4.663832 -1.704571
v 1.893961 4.663832 -1.704571
v 1.893961 5.278511 1.883753
v -2.127829 4.486333 2.130269
v -2.127829 4.050026 -1.955515
v 2.127819 4.050026 -1.955515
v 2.127819 4.486333 2.130269
v 2.087223 2.445157 2.167091
v 2.072597 4.486333 2.130269
v 1.844808 5.278511 1.883753
v 1.831606 5.314808 1.871267
v 1.161192 5.111509 1.237284
v 1.111907 5.093028 1.156155
v 1.111907 5.074968 1.156155
v 1.111907 4.504746 1.091490
v 1.111907 4.466899 1.091490
v 1.111907 4.301588 -1.011495
v 1.111907 4.339436 -1.011495
v 1.111907 4.652025 -1.011496
v 1.111907 4.678924 -1.011495
v 1.161192 4.678924 -1.058102
v 1.831606 4.700130 -1.692086
v 1.844808 4.663832 -1.704571
v 2.072598 4.050026 -1.955515
v 2.087223 2.153918 -1.933813
v 1.723162 1.202475 -1.589535
v 1.723162 1.202475 1.669529
v -2.050687 2.445157 2.167091
v -2.036319 4.486333 2.130269
v -1.812517 5.278511 1.883753
v -1.799546 5.314808 1.871267
v -1.140871 5.111509 1.237284
v -1.092449 5.093028 1.156155
v -1.092449 5.074968 1.156155
v -1.092449 4.504746 1.091490
v -1.092449 4.466899 1.091490
v -1.092449 4.301588 -1.011495
v -1.092449 4.339436 -1.011495
v -1.092449 4.652025 -1.011496
v -1.092449 4.678924 -1.011495
v -1.140871 4.678924 -1.058102
v -1.799546 4.700130 -1.692086
v -1.812518 4.663832 -1.704571
v -2.036319 4.050026 -1.955515
v -2.050687 2.153918 -1.933813
v -1.693002 1.202475 -1.589535
v -1.693002 1.202475 1.669529
v -2.142843 2.312717 -1.836381
v -1.769083 1.202475 -1.509098
v -1.693002 1.202475 -1.509098
v 1.723162 1.202475 -1.509098
v 1.769073 1.202475 -1.509098
v 2.142833 2.312717 -1.836381
v 2.127819 4.050026 -1.858765
v 1.893961 4.663832 -1.618455
v 1.880406 4.700130 -1.606587
v 1.192130 4.631087 -1.003898
v 1.141532 4.631087 -0.959592
v 1.141532 4.600947 -0.959591
v 1.141532 4.339436 -0.959591
v 1.141532 4.301588 -0.959592
v 1.111907 4.301588 -0.959592
v -1.092449 4.301588 -0.959592
v -1.141542 4.301588 -0.959592
v -1.141542 4.339436 -0.959592
v -1.141542 4.600947 -0.959592
v -1.141542 4.631087 -0.959592
v -1.192140 4.631087 -1.003898
v -1.880416 4.700130 -1.606587
v -1.893970 4.663832 -1.618456
v -2.127829 4.050026 -1.858766
v -2.142843 2.445157 2.115407
v -1.769083 1.202475 1.626860
v -1.693002 1.202475 1.626860
v 1.723162 1.202475 1.626860
v 1.769073 1.202475 1.626860
v 2.142833 2.445157 2.115407
v 2.127819 4.486333 2.078946
v 1.893961 5.260663 1.849839
v 1.880406 5.294096 1.825911
v 1.192130 5.093028 1.174008
v 1.141532 5.093028 1.128621
v 1.141532 5.074968 1.128622
v 1.141532 4.504746 1.063957
v 1.141532 4.466899 1.063956
v 1.111907 4.466899 1.063956
v -1.092449 4.466899 1.063956
v -1.141542 4.466899 1.063956
v -1.141542 4.504746 1.063956
v -1.141542 5.074968 1.128621
v -1.141542 5.093028 1.128621
v -1.192140 5.093028 1.174008
v -1.880416 5.294096 1.825911
v -1.893970 5.260663 1.849839
v -2.127829 4.486333 2.078945
v -2.142843 2.307202 -0.041379
v -2.127829 4.478669 -0.040810
v -1.893970 5.086274 -0.035835
v -1.880416 5.122572 -0.035320
v -1.192140 4.878469 -0.009182
v -1.141542 4.878469 -0.007260
v -1.141542 4.851570 -0.007260
v -1.141542 4.504746 -0.003354
v -1.141542 4.466899 -0.003354
v -1.092449 4.466899 -0.003354
v 1.111907 4.466899 -0.003354
v 1.141532 4.466899 -0.003354
v 1.141532 4.504746 -0.003354
v 1.141532 4.851570 -0.007260
v 1.141532 4.878469 -0.007260
v 1.192130 4.878469 -0.009181
v 1.880406 5.122572 -0.035320
v 1.893961 5.086274 -0.035834
v 2.127819 4.478669 -0.040809
v 2.142833 2.307202 -0.041379
v 1.769073 1.202475 -0.027185
v 1.723162 1.202475 -0.027185
v -1.693002 1.202475 -0.027185
v -1.769083 1.202475 -0.027185
v -2.214271 3.448129 2.308465
v -2.214271 3.409185 2.196969
v -2.214271 3.335336 -0.041379
v -2.214271 3.248254 -1.919776
v -2.214271 3.248254 -2.021538
v -2.119043 3.248254 -2.021538
v 2.156797 3.248254 -2.021538
v 2.214261 3.248254 -2.021538
v 2.214261 3.248254 -1.919776
v 2.214261 3.335336 -0.041379
v 2.214261 3.409185 2.196969
v 2.214261 3.448129 2.308465
v 2.156796 3.448129 2.308465
v -2.119043 3.448129 2.308465
v -1.864640 1.466024 -1.677554
v -1.864640 1.466025 -1.592772
v -1.864640 1.466024 -0.030814
v -1.864640 1.466024 1.712574
v -1.864640 1.466024 1.757549
v -1.784449 1.466024 1.757549
v 1.816239 1.466024 1.757549
v 1.864630 1.466024 1.757549
v 1.864630 1.466024 1.712574
v 1.864630 1.466024 -0.030814
v 1.864630 1.466025 -1.592772
v 1.864630 1.466024 -1.677554
v 1.816239 1.466024 -1.677554
v -1.784449 1.466024 -1.677554
v -1.880858 1.510755 -1.692494
v -1.880858 1.510755 -1.606974
v -1.880858 1.510755 -0.031430
v -1.880858 1.510755 1.727122
v -1.880858 1.510755 1.772488
v -1.799970 1.510755 1.772488
v 1.832037 1.510755 1.772488
v 1.880848 1.510755 1.772488
v 1.880849 1.510755 1.727122
v 1.880848 1.510755 -0.031430
v 1.880849 1.510755 -1.606974
v 1.880848 1.510755 -1.692494
v 1.832037 1.510755 -1.692494
v -1.799970 1.510755 -1.692494
v -1.809248 1.445725 -1.626532
v -1.809248 1.445725 -1.544268
v -1.824985 1.531055 -1.558048
v -1.824985 1.531054 -1.641027
v -1.809248 1.445725 -0.028711
v -1.824985 1.531054 -0.029308
v -1.809248 1.445725 1.662888
v -1.824985 1.531054 1.677004
v -1.824985 1.531054 1.721022
v -1.809248 1.445725 1.706527
v -1.731440 1.445725 1.706527
v -1.746500 1.531054 1.721022
v 1.762285 1.445725 1.706527
v 1.777613 1.531054 1.721022
v 1.824974 1.531054 1.721022
v 1.809238 1.445725 1.706527
v 1.809238 1.445725 1.662888
v 1.824975 1.531054 1.677004
v 1.809238 1.445725 -0.028711
v 1.824974 1.531054 -0.029308
v 1.809238 1.445725 -1.544268
v 1.824975 1.531055 -1.558048
v 1.824974 1.531054 -1.641027
v 1.809238 1.445725 -1.626532
v 1.762285 1.445725 -1.626532
v 1.777613 1.531054 -1.641027
v -1.731440 1.445725 -1.626532
v -1.746500 1.531054 -1.641027
v -1.831430 1.528712 1.682785
v -1.831430 1.528712 1.726958
v -1.752668 1.528712 1.726959
v 1.783891 1.528712 1.726959
v 1.831420 1.528712 1.726958
v 1.831420 1.528712 1.682785
v 1.831420 1.528712 -0.029553
v 1.831420 1.528713 -1.563692
v 1.831420 1.528712 -1.646964
v 1.783891 1.528712 -1.646964
v -1.752668 1.528712 -1.646964
v -1.831430 1.528712 -1.646964
v -1.831430 1.528713 -1.563692
v -1.831430 1.528712 -0.029553
v -1.871916 1.514004 1.719101
v -1.871916 1.514004 1.764251
v -1.791412 1.514004 1.764251
v 1.823326 1.514004 1.764251
v 1.871906 1.514004 1.764251
v 1.871906 1.514004 1.719101
v 1.871906 1.514004 -0.031090
v 1.871906 1.514004 -1.599143
v 1.871906 1.514004 -1.684256
v 1.823326 1.514004 -1.684256
v -1.791412 1.514004 -1.684256
v -1.871916 1.514004 -1.684256
v -1.871916 1.514004 -1.599143
v -1.871916 1.514004 -0.031090
v -1.828429 1.452754 1.680093
v -1.828429 1.452754 -0.029439
v -1.828429 1.452754 -1.561063
v -1.828429 1.452754 -1.644199
v -1.749795 1.452754 -1.644199
v 1.780968 1.452754 -1.644199
v 1.828419 1.452754 -1.644199
v 1.828419 1.452754 -1.561063
v 1.828419 1.452754 -0.029439
v 1.828419 1.452754 1.680093
v 1.828419 1.452754 1.724194
v 1.780968 1.452754 1.724194
v -1.749795 1.452754 1.724194
v -1.828429 1.452754 1.724194
v -1.855272 1.462591 1.748920
v -1.855272 1.462591 1.704171
v -1.855272 1.462591 -0.030458
v -1.855272 1.462591 -1.584569
v -1.855272 1.462591 -1.668925
v -1.775483 1.462591 -1.668925
v 1.807114 1.462591 -1.668925
v 1.855262 1.462591 -1.668925
v 1.855262 1.462591 -1.584569
v 1.855262 1.462591 -0.030458
v 1.855262 1.462591 1.704171
v 1.855262 1.462591 1.748920
v 1.807114 1.462591 1.748920
v -1.775483 1.462591 1.748920
v -1.883269 1.516672 1.729284
v -1.883269 1.516672 1.774708
v -1.802277 1.516672 1.774708
v 1.834384 1.516672 1.774708
v 1.883258 1.516672 1.774708
v 1.883259 1.516672 1.729284
v 1.883258 1.516672 -0.031522
v 1.883259 1.518133 -1.609084
v 1.883258 1.516672 -1.694714
v 1.834384 1.516672 -1.694714
v -1.802277 1.516672 -1.694714
v -1.883269 1.516672 -1.694714
v -1.883269 1.518133 -1.609084
v -1.883269 1.516672 -0.031522
v -1.861859 1.458353 1.710080
v -1.861859 1.458353 1.754987
v -1.781787 1.458353 1.754987
v 1.813530 1.458353 1.754987
v 1.861849 1.458353 1.754987
v 1.861849 1.458353 1.710080
v 1.861849 1.458353 -0.030708
v 1.861849 1.458353 -1.590337
v 1.861849 1.458353 -1.674992
v 1.813530 1.458353 -1.674992
v -1.781787 1.458353 -1.674992
v -1.861859 1.458353 -1.674992
v -1.861859 1.458353 -1.590337
v -1.861859 1.458353 -0.030708
vt 0.375000 0.000000
vt 0.380376 0.000000
vt 0.380376 0.129284
vt 0.375000 0.129284
vt 0.375000 0.250000
vt 0.380376 0.250000
vt 0.380376 0.253273
vt 0.375000 0.253273
vt 0.375000 0.620716
vt 0.380376 0.620716
vt 0.380376 0.750000
vt 0.375000 0.750000
vt 0.375000 0.996727
vt 0.380376 0.996727
vt 0.380376 1.000000
vt 0.375000 1.000000
vt 0.625000 0.000000
vt 0.628273 0.000000
vt 0.628273 0.129284
vt 0.625000 0.129284
vt 0.371727 0.129284
vt 0.371727 0.000000
vt 0.380376 0.750000
vt 0.375000 0.750000
vt 0.625000 1.000000
vt 0.625000 0.996727
vt 0.625000 0.996727
vt 0.625000 1.000000
vt 0.375000 1.000000
vt 0.380376 1.000000
vt 0.380376 1.000000
vt 0.375000 1.000000
vt 0.375000 0.996727
vt 0.375000 0.996727
vt 0.380376 0.250000
vt 0.375000 0.250000
vt 0.625000 0.253273
vt 0.625000 0.250000
vt 0.375000 0.250000
vt 0.380376 0.250000
vt 0.380376 0.250000
vt 0.375000 0.250000
vt 0.625000 0.250000
vt 0.625000 0.253273
vt 0.625000 0.253273
vt 0.625000 0.250000
vt 0.380376 0.500000
vt 0.380376 0.500000
vt 0.375000 0.500000
vt 0.375000 0.500000
vt 0.375000 0.253273
vt 0.375000 0.253273
vt 0.375000 0.250000
vt 0.380376 0.250000
vt 0.380376 0.250000
vt 0.375000 0.250000
vt 0.625000 0.250000
vt 0.625000 0.253273
vt 0.625000 0.253273
vt 0.625000 0.250000
vt 0.380376 0.500000
vt 0.380376 0.500000
vt 0.375000 0.500000
vt 0.375000 0.500000
vt 0.375000 0.253273
vt 0.375000 0.253273
vt 0.375000 0.253273
vt 0.375000 0.250000
vt 0.380376 0.500000
vt 0.375000 0.500000
vt 0.625000 0.253273
vt 0.625000 0.250000
vt 0.380376 0.250000
vt 0.380376 0.500000
vt 0.375000 0.500000
vt 0.625000 0.253273
vt 0.625000 0.250000
vt 0.375000 0.253273
vt 0.375000 0.250000
vt 0.380376 0.500000
vt 0.375000 0.500000
vt 0.625000 0.250000
vt 0.625000 0.253273
vt 0.380376 0.250000
vt 0.375000 0.253273
vt 0.380376 0.500000
vt 0.375000 0.500000
vt 0.621756 0.129284
vt 0.621756 0.000000
vt 0.621756 0.250000
vt 0.621756 0.250000
vt 0.621756 0.250000
vt 0.621756 0.250000
vt 0.621756 0.250000
vt 0.621756 0.250000
vt 0.621756 0.250000
vt 0.621756 0.250000
vt 0.621756 0.253273
vt 0.625000 0.500000
vt 0.621756 0.500000
vt 0.621756 0.500000
vt 0.625000 0.500000
vt 0.625000 0.500000
vt 0.621756 0.500000
vt 0.625000 0.500000
vt 0.621756 0.500000
vt 0.625000 0.500000
vt 0.621756 0.500000
vt 0.625000 0.500000
vt 0.621756 0.500000
vt 0.625000 0.500000
vt 0.621756 0.500000
vt 0.625000 0.500000
vt 0.621756 0.500000
vt 0.621756 0.750000
vt 0.621756 0.620716
vt 0.625000 0.620716
vt 0.625000 0.750000
vt 0.625000 0.750000
vt 0.621756 0.750000
vt 0.621756 1.000000
vt 0.621756 0.996727
vt 0.625000 0.996727
vt 0.625000 1.000000
vt 0.621756 1.000000
vt 0.621756 1.000000
vt 0.125000 0.000000
vt 0.131170 0.000000
vt 0.131170 0.129284
vt 0.125000 0.129284
vt 0.375000 0.756170
vt 0.375000 0.756170
vt 0.375000 0.750000
vt 0.380376 0.750000
vt 0.380376 0.756170
vt 0.375000 0.756170
vt 0.621756 0.756170
vt 0.621756 0.750000
vt 0.625000 0.756170
vt 0.625000 0.750000
vt 0.625000 0.756170
vt 0.625000 0.756170
vt 0.875000 0.129284
vt 0.868830 0.129284
vt 0.868830 0.000000
vt 0.875000 0.000000
vt 0.625000 0.493830
vt 0.625000 0.493830
vt 0.625000 0.493830
vt 0.625000 0.493830
vt 0.625000 0.493830
vt 0.625000 0.493830
vt 0.625000 0.493830
vt 0.625000 0.493830
vt 0.621756 0.493830
vt 0.380376 0.493830
vt 0.375000 0.493830
vt 0.375000 0.493830
vt 0.375000 0.493830
vt 0.375000 0.493830
vt 0.375000 0.493830
vt 0.375000 0.493830
vt 0.375000 0.493830
vt 0.375000 0.493830
vt 0.244846 0.129284
vt 0.244846 0.000000
vt 0.375000 0.869846
vt 0.375000 0.869846
vt 0.380376 0.869846
vt 0.375000 0.869846
vt 0.621756 0.869846
vt 0.625000 0.869846
vt 0.625000 0.869846
vt 0.625000 0.869846
vt 0.755153 0.129284
vt 0.755153 0.000000
vt 0.625000 0.380153
vt 0.625000 0.380153
vt 0.625000 0.380154
vt 0.625000 0.380153
vt 0.625000 0.380154
vt 0.625000 0.380153
vt 0.625000 0.380153
vt 0.625000 0.380154
vt 0.621756 0.380154
vt 0.380376 0.380154
vt 0.375000 0.380154
vt 0.375000 0.380154
vt 0.375000 0.380154
vt 0.375000 0.380154
vt 0.375000 0.380154
vt 0.375000 0.380154
vt 0.375000 0.380154
vt 0.375000 0.380154
vt 0.375000 0.756170
vt 0.375000 0.756170
vt 0.375000 0.750000
vt 0.375000 0.750000
vt 0.375000 0.869846
vt 0.375000 0.869846
vt 0.375000 0.996727
vt 0.375000 0.996727
vt 0.375000 1.000000
vt 0.375000 1.000000
vt 0.380376 1.000000
vt 0.380376 1.000000
vt 0.621756 1.000000
vt 0.621756 1.000000
vt 0.625000 1.000000
vt 0.625000 1.000000
vt 0.625000 0.996727
vt 0.625000 0.996727
vt 0.625000 0.869846
vt 0.625000 0.869846
vt 0.625000 0.756170
vt 0.625000 0.756170
vt 0.625000 0.750000
vt 0.625000 0.750000
vt 0.621756 0.750000
vt 0.621756 0.750000
vt 0.380376 0.750000
vt 0.380376 0.750000
vt 0.375000 0.750000
vt 0.375000 0.756170
vt 0.375000 0.756170
vt 0.375000 0.750000
vt 0.375000 0.869846
vt 0.375000 0.869846
vt 0.375000 0.996727
vt 0.375000 0.996727
vt 0.375000 1.000000
vt 0.375000 1.000000
vt 0.380376 1.000000
vt 0.380376 1.000000
vt 0.621756 1.000000
vt 0.621756 1.000000
vt 0.625000 1.000000
vt 0.625000 1.000000
vt 0.625000 0.996727
vt 0.625000 0.996727
vt 0.625000 0.869846
vt 0.625000 0.869846
vt 0.625000 0.756170
vt 0.625000 0.756170
vt 0.625000 0.750000
vt 0.625000 0.750000
vt 0.621756 0.750000
vt 0.621756 0.750000
vt 0.380376 0.750000
vt 0.380376 0.750000
vt 0.375000 0.756170
vt 0.375000 0.750000
vt 0.375000 0.756170
vt 0.375000 0.750000
vt 0.375000 0.750000
vt 0.375000 0.756170
vt 0.375000 0.869846
vt 0.375000 0.869846
vt 0.375000 0.869846
vt 0.375000 0.996727
vt 0.375000 0.996727
vt 0.375000 0.996727
vt 0.375000 1.000000
vt 0.375000 1.000000
vt 0.375000 1.000000
vt 0.380376 1.000000
vt 0.380376 1.000000
vt 0.380376 1.000000
vt 0.621756 1.000000
vt 0.621756 1.000000
vt 0.621756 1.000000
vt 0.625000 1.000000
vt 0.625000 1.000000
vt 0.625000 1.000000
vt 0.625000 0.996727
vt 0.625000 0.996727
vt 0.625000 0.996727
vt 0.625000 0.869846
vt 0.625000 0.869846
vt 0.625000 0.869846
vt 0.625000 0.756170
vt 0.625000 0.756170
vt 0.625000 0.756170
vt 0.625000 0.750000
vt 0.625000 0.750000
vt 0.625000 0.750000
vt 0.621756 0.750000
vt 0.621756 0.750000
vt 0.621756 0.750000
vt 0.380376 0.750000
vt 0.380376 0.750000
vt 0.380376 0.750000
vt 0.375000 1.000000
vt 0.375000 0.996727
vt 0.380376 1.000000
vt 0.621756 1.000000
vt 0.625000 1.000000
vt 0.625000 0.996727
vt 0.625000 0.869846
vt 0.625000 0.756170
vt 0.625000 0.750000
vt 0.621756 0.750000
vt 0.380376 0.750000
vt 0.375000 0.750000
vt 0.375000 0.756170
vt 0.375000 0.869846
vt 0.375000 0.869846
vt 0.375000 0.996727
vt 0.375000 0.756170
vt 0.375000 0.750000
vt 0.380376 0.750000
vt 0.621756 0.750000
vt 0.625000 0.750000
vt 0.625000 0.756170
vt 0.625000 0.869846
vt 0.625000 0.996727
vt 0.625000 1.000000
vt 0.621756 1.000000
vt 0.380376 1.000000
vt 0.375000 1.000000
vn 0.000000 -0.139575 0.990212
vn 0.000000 -0.139575 0.990211
vn 0.000000 -0.139575 0.990212
vn 0.000000 -0.139575 0.990211
vn 0.000000 1.000000 0.000000
vn 0.000000 1.000000 0.000001
vn 0.000000 1.000000 0.000000
vn 0.000000 1.000000 0.000000
vn 0.000000 -0.012702 -0.999919
vn 0.000000 -0.012603 -0.999921
vn 0.000000 -0.079906 -0.996802
vn 0.000000 -0.079906 -0.996802
vn 0.000000 -1.000000 0.000000
vn 0.000000 -1.000000 0.000000
vn 0.000000 -1.000000 0.000000
vn 0.000000 -1.000000 0.000000
vn 0.997068 -0.074426 0.017762
vn 0.997415 -0.071749 0.003883
vn 0.999973 0.007248 0.000882
vn 0.999688 0.024282 -0.005822
vn -0.999688 0.024282 -0.005822
vn -0.999973 0.007248 0.000882
vn -0.997415 -0.071749 0.003883
vn -0.997068 -0.074426 0.017762
vn 0.000000 -0.351294 -0.936265
vn 0.000000 -0.351294 -0.936265
vn 0.000000 -0.351294 -0.936265
vn 0.000000 -0.351294 -0.936265
vn 0.962952 -0.269672 0.000003
vn 0.956621 -0.291164 0.010046
vn 0.956922 -0.290181 0.009799
vn 0.963072 -0.269244 0.000003
vn -0.000003 -0.389127 0.921184
vn 0.000000 -0.389121 0.921187
vn 0.000000 -0.389272 0.921123
vn -0.000003 -0.389273 0.921122
vn -0.963072 -0.269245 0.000000
vn -0.956922 -0.290181 0.009798
vn -0.956621 -0.291164 0.010046
vn -0.962952 -0.269673 0.000000
vn 0.000000 0.017221 0.999852
vn 0.000000 0.216812 0.976213
vn 0.000000 0.216167 0.976356
vn 0.000000 0.017168 0.999853
vn 0.999973 0.007248 0.000882
vn 0.987869 0.155154 -0.006493
vn 0.991914 0.123840 -0.027737
vn 0.999688 0.024282 -0.005822
vn 0.000000 0.952239 -0.305354
vn 0.000000 0.952239 -0.305354
vn 0.000000 0.953335 -0.301914
vn 0.000000 0.953270 -0.302119
vn 0.040672 0.939872 -0.339096
vn -0.228104 0.963049 -0.143197
vn -0.244822 0.961374 -0.125786
vn 0.041082 0.940526 -0.337228
vn -0.001471 0.999404 0.034477
vn -0.008815 0.999006 0.043698
vn -0.135718 0.972195 0.190835
vn -0.139888 0.970908 0.194340
vn 0.244821 0.961374 -0.125786
vn 0.228104 0.963049 -0.143197
vn -0.040670 0.939873 -0.339095
vn -0.041080 0.940527 -0.337226
vn 0.000000 0.000000 -1.000000
vn 0.000000 0.000000 -1.000000
vn 0.000000 0.109264 -0.994013
vn 0.000000 0.109264 -0.994013
vn -1.000000 0.000000 0.000000
vn -1.000000 0.000000 0.000000
vn -1.000000 0.000000 0.000000
vn -1.000000 0.000000 0.000000
vn 0.000000 -0.000000 1.000000
vn 0.000000 -0.000003 1.000000
vn 0.000002 -0.000003 1.000000
vn 0.000000 0.000000 1.000000
vn 1.000000 0.000000 0.000000
vn 1.000000 0.000000 0.000000
vn 1.000000 0.000000 0.000000
vn 1.000000 0.000000 0.000000
vn 1.000000 0.000000 0.000000
vn 1.000000 0.000000 0.000000
vn 1.000000 0.000000 0.000000
vn 1.000000 0.000000 0.000000
vn 0.000000 0.000000 1.000000
vn 0.000000 -0.000000 1.000000
vn 0.000000 0.000000 1.000000
vn 0.000000 0.000000 1.000000
vn -1.000000 0.000000 0.000000
vn -1.000000 0.000000 0.000000
vn -1.000000 0.000000 0.000000
vn -1.000000 0.000000 0.000000
vn 0.000000 0.109264 -0.994013
vn 0.000000 0.109264 -0.994013
vn 0.000000 0.105749 -0.994393
vn 0.000000 0.105749 -0.994393
vn -0.077802 0.980281 -0.181647
vn 0.244821 0.961374 -0.125786
vn -0.041080 0.940527 -0.337226
vn -0.070186 0.977497 -0.198932
vn -0.002794 0.999992 0.002970
vn -0.001471 0.999404 0.034477
vn -0.139888 0.970908 0.194340
vn -0.333504 0.873649 0.354278
vn 0.041082 0.940526 -0.337228
vn -0.244822 0.961374 -0.125786
vn 0.077804 0.980281 -0.181647
vn 0.070189 0.977496 -0.198933
vn 0.000000 0.953270 -0.302119
vn 0.000000 0.953335 -0.301914
vn 0.000000 0.975022 -0.222108
vn 0.000000 0.975023 -0.222105
vn 1.000000 0.000000 0.000000
vn 1.000000 0.000000 0.000000
vn 1.000000 0.000000 0.000000
vn 1.000000 0.000000 0.000000
vn 0.000000 0.000000 1.000000
vn 0.000000 0.000000 1.000000
vn 0.000000 0.000000 1.000000
vn 0.000000 0.000000 1.000000
vn -1.000000 0.000000 0.000000
vn -1.000000 0.000000 0.000000
vn -1.000000 -0.000003 0.000000
vn -1.000000 0.000000 0.000000
vn 0.000000 0.105749 -0.994393
vn 0.000000 0.105749 -0.994393
vn 0.000000 0.000000 -1.000000
vn 0.000000 0.000000 -1.000000
vn -0.935486 0.351686 -0.034405
vn -0.947869 0.318253 -0.016132
vn -0.960546 0.271245 -0.061465
vn -0.945394 0.293094 -0.142571
vn 0.000000 0.325258 -0.945625
vn 0.000000 0.376584 -0.926383
vn 0.000000 0.376648 -0.926356
vn 0.000000 0.325258 -0.945625
vn 0.960546 0.271244 -0.061466
vn 0.947869 0.318253 -0.016132
vn 0.935485 0.351688 -0.034405
vn 0.945395 0.293091 -0.142571
vn 0.000000 0.297929 0.954588
vn 0.000000 0.297956 0.954580
vn 0.000000 0.325266 0.945623
vn 0.000000 0.325265 0.945623
vn -0.947869 0.318253 -0.016132
vn -0.987869 0.155154 -0.006493
vn -0.991914 0.123840 -0.027737
vn -0.960546 0.271245 -0.061465
vn 0.000000 0.376584 -0.926383
vn 0.000000 0.192493 -0.981298
vn 0.000000 0.190561 -0.981675
vn 0.000000 0.376648 -0.926356
vn 0.991914 0.123840 -0.027737
vn 0.987869 0.155154 -0.006493
vn 0.947869 0.318253 -0.016132
vn 0.960546 0.271244 -0.061466
vn 0.000000 0.216167 0.976356
vn 0.000000 0.216812 0.976213
vn 0.000000 0.297956 0.954580
vn 0.000000 0.297929 0.954588
vn 0.000000 0.017168 0.999853
vn 0.000000 0.017200 0.999852
vn 0.000000 -0.139575 0.990211
vn 0.000000 -0.139575 0.990211
vn 0.000000 0.216168 0.976356
vn 0.000000 0.216562 0.976269
vn 0.000000 0.017200 0.999852
vn 0.000000 0.017168 0.999853
vn 0.000000 0.297946 0.954583
vn 0.000000 0.216562 0.976269
vn 0.000000 0.216168 0.976356
vn 0.000000 0.297930 0.954588
vn 0.000000 0.325266 0.945623
vn 0.000000 0.297946 0.954583
vn 0.000000 0.297930 0.954588
vn 0.000000 0.325264 0.945623
vn 0.000000 0.953309 -0.301995
vn 0.000000 0.952239 -0.305354
vn 0.000000 0.952240 -0.305350
vn 0.000000 0.953271 -0.302115
vn 0.000000 0.975022 -0.222108
vn 0.000000 0.953309 -0.301995
vn 0.000000 0.953271 -0.302115
vn 0.000000 0.975023 -0.222105
vn 0.000000 0.109264 -0.994013
vn 0.000000 0.000000 -1.000000
vn 0.000000 0.000000 -1.000000
vn 0.000000 0.109264 -0.994013
vn 0.000000 0.105749 -0.994393
vn 0.000000 0.109264 -0.994013
vn 0.000000 0.109264 -0.994013
vn 0.000000 0.105749 -0.994393
vn 0.000000 0.000000 -1.000000
vn 0.000000 0.105749 -0.994393
vn 0.000000 0.105749 -0.994393
vn 0.000000 0.000000 -1.000000
vn 0.000000 1.000000 0.000000
vn 0.000000 1.000000 0.000000
vn 0.000000 1.000000 0.000001
vn 0.000000 1.000000 0.000000
vn -0.119174 -0.011294 0.992809
vn -0.001354 -0.000128 0.999999
vn 0.000000 0.000000 1.000000
vn 0.000000 0.000000 1.000000
vn -0.144438 -0.012405 0.989436
vn -0.001359 -0.000100 0.999999
vn -0.001354 -0.000128 0.999999
vn -0.119174 -0.011294 0.992809
vn -0.316995 -0.000003 0.948427
vn -0.002305 -0.000003 0.999997
vn -0.001359 -0.000100 0.999999
vn -0.144438 -0.012405 0.989436
vn 0.110668 0.981385 0.156957
vn 0.000818 0.999430 0.033748
vn 0.001780 0.999997 0.001910
vn 0.278869 0.912654 0.298823
vn 0.105474 0.982655 0.152524
vn 0.004262 0.999259 0.038258
vn 0.000818 0.999430 0.033748
vn 0.110668 0.981385 0.156957
vn 0.000000 0.376649 -0.926356
vn 0.000000 0.376609 -0.926372
vn 0.000000 0.325258 -0.945625
vn 0.000000 0.325258 -0.945625
vn 0.000000 0.190562 -0.981675
vn 0.000000 0.191743 -0.981445
vn 0.000000 0.376609 -0.926372
vn 0.000000 0.376649 -0.926356
vn 0.000000 -0.079906 -0.996802
vn 0.000000 -0.012641 -0.999920
vn 0.000000 -0.012702 -0.999919
vn 0.000000 -0.079906 -0.996802
vn 0.000000 -0.351293 -0.936266
vn 0.000000 -0.351294 -0.936265
vn 0.000000 -0.351294 -0.936265
vn 0.000000 -0.351293 -0.936266
vn 0.000000 -1.000000 0.000000
vn 0.000000 -1.000000 0.000000
vn 0.000000 -1.000000 0.000000
vn 0.000000 -1.000000 0.000000
vn 0.000005 -0.389272 0.921123
vn 0.000000 -0.389272 0.921123
vn 0.000000 -0.389123 0.921186
vn 0.000005 -0.389127 0.921184
vn 0.000000 0.017200 0.999852
vn 0.000000 0.017221 0.999852
vn 0.000000 -0.139575 0.990211
vn 0.000000 -0.139575 0.990211
vn 0.000000 0.017200 0.999852
vn 0.000000 0.216562 0.976269
vn 0.000000 0.216812 0.976213
vn 0.000000 0.017221 0.999852
vn 0.000000 0.297956 0.954580
vn 0.000000 0.216812 0.976213
vn 0.000000 0.216562 0.976269
vn 0.000000 0.297946 0.954583
vn 0.000000 0.325266 0.945623
vn 0.000000 0.297956 0.954580
vn 0.000000 0.297946 0.954583
vn 0.000000 0.325266 0.945623
vn 0.000000 0.953335 -0.301914
vn 0.000000 0.952239 -0.305354
vn 0.000000 0.952239 -0.305354
vn 0.000000 0.953309 -0.301995
vn 0.000000 0.975022 -0.222108
vn 0.000000 0.953335 -0.301914
vn 0.000000 0.953309 -0.301995
vn 0.000000 0.975022 -0.222108
vn 0.000000 0.109264 -0.994013
vn 0.000000 0.000000 -1.000000
vn 0.000000 0.000000 -1.000000
vn 0.000000 0.109264 -0.994013
vn 0.000000 0.105749 -0.994393
vn 0.000000 0.109264 -0.994013
vn 0.000000 0.109264 -0.994013
vn 0.000000 0.105749 -0.994393
vn 0.000000 0.000000 -1.000000
vn 0.000000 0.105749 -0.994393
vn 0.000000 0.105749 -0.994393
vn 0.000000 0.000000 -1.000000
vn 0.000000 1.000000 0.000000
vn 0.000000 1.000000 0.000000
vn 0.000000 1.000000 0.000001
vn 0.000000 1.000000 0.000001
vn 0.000000 0.000000 1.000000
vn -0.001354 -0.000128 0.999999
vn 0.000000 0.000000 1.000000
vn 0.000000 0.000000 1.000000
vn -0.001354 -0.000128 0.999999
vn -0.001359 -0.000100 0.999999
vn 0.000000 -0.000000 1.000000
vn 0.000000 0.000000 1.000000
vn -0.001359 -0.000100 0.999999
vn -0.002305 -0.000003 0.999997
vn 0.000000 -0.000003 1.000000
vn 0.000000 -0.000000 1.000000
vn 0.001780 0.999997 0.001910
vn 0.000818 0.999430 0.033748
vn -0.001471 0.999404 0.034477
vn -0.002794 0.999992 0.002970
vn 0.000818 0.999430 0.033748
vn 0.004262 0.999259 0.038258
vn -0.008815 0.999006 0.043698
vn -0.001471 0.999404 0.034477
vn 0.000000 0.325258 -0.945625
vn 0.000000 0.376609 -0.926372
vn 0.000000 0.376584 -0.926383
vn 0.000000 0.325258 -0.945625
vn 0.000000 0.376609 -0.926372
vn 0.000000 0.191743 -0.981445
vn 0.000000 0.192493 -0.981298
vn 0.000000 0.376584 -0.926383
vn 0.000000 -0.079906 -0.996802
vn 0.000000 -0.012603 -0.999921
vn 0.000000 -0.012641 -0.999920
vn 0.000000 -0.079906 -0.996802
vn 0.000000 -0.351294 -0.936265
vn 0.000000 -0.351294 -0.936265
vn 0.000000 -0.351294 -0.936265
vn 0.000000 -0.351294 -0.936265
vn 0.000000 -1.000000 0.000000
vn 0.000000 -1.000000 0.000000
vn 0.000000 -1.000000 0.000000
vn 0.000000 -1.000000 0.000000
vn 0.000000 -0.389121 0.921187
vn 0.000000 -0.389123 0.921186
vn 0.000000 -0.389272 0.921123
vn 0.000000 -0.389272 0.921123
vn -0.996463 -0.065712 0.052386
vn -0.997392 -0.071938 0.005798
vn -0.999977 0.005889 -0.003257
vn -0.999512 0.007763 0.030255
vn -0.936479 -0.264538 0.230276
vn -0.950752 -0.309806 0.009515
vn -0.950779 -0.309743 0.008873
vn -0.936341 -0.264166 0.231263
vn 0.000000 -1.000000 0.000000
vn 0.000000 -1.000000 0.000000
vn 0.000000 -1.000000 0.000000
vn 0.000000 -1.000000 0.000000
vn 0.000000 -1.000000 0.000000
vn 0.000000 -1.000000 0.000000
vn 0.000000 -1.000000 0.000000
vn 0.000000 -1.000000 0.000000
vn 0.000000 -1.000000 0.000000
vn 0.000000 -1.000000 0.000000
vn 0.000000 -1.000000 0.000000
vn 0.000000 -1.000000 0.000000
vn 0.936341 -0.264166 0.231262
vn 0.950779 -0.309743 0.008873
vn 0.950752 -0.309806 0.009515
vn 0.936479 -0.264537 0.230275
vn 0.999512 0.007763 0.030255
vn 0.999977 0.005889 -0.003257
vn 0.997392 -0.071938 0.005798
vn 0.996463 -0.065712 0.052386
vn 0.980461 0.196713 0.000000
vn 0.986254 0.162380 -0.030576
vn 0.999977 0.005889 -0.003257
vn 0.999512 0.007763 0.030255
vn 0.923999 0.371588 -0.090271
vn 0.986254 0.162380 -0.030576
vn 0.980461 0.196713 0.000000
vn 0.934556 0.355816 0.000000
vn 0.927310 0.362304 -0.093974
vn 0.923999 0.371588 -0.090271
vn 0.934556 0.355816 0.000000
vn 0.936814 0.349827 0.000000
vn -0.301418 0.926317 -0.226016
vn -0.266743 0.946045 -0.183975
vn 0.172484 0.947963 0.267611
vn 0.185149 0.942304 0.278895
vn -0.091590 0.971239 -0.219786
vn -0.301418 0.926317 -0.226016
vn 0.185149 0.942304 0.278895
vn 0.463810 0.719959 0.516275
vn -0.999987 -0.000939 0.005101
vn -0.999933 0.000000 0.011597
vn -0.979083 0.000000 0.203460
vn -0.993557 -0.013956 0.112473
vn -0.999992 -0.000773 0.003895
vn -0.999987 -0.000939 0.005101
vn -0.993557 -0.013956 0.112473
vn -0.996877 -0.015374 0.077461
vn -1.000000 0.000000 0.000000
vn -0.999992 -0.000773 0.003895
vn -0.996877 -0.015374 0.077461
vn -1.000000 -0.000002 0.000000
vn 0.000000 1.000000 0.000000
vn 0.000000 0.986821 -0.161815
vn 0.000000 0.986821 -0.161815
vn 0.000000 1.000000 0.000000
vn 0.000000 1.000000 0.000000
vn 0.000000 0.986821 -0.161815
vn 0.000000 0.986821 -0.161815
vn 0.000000 1.000000 0.000000
vn 0.000000 0.986821 -0.161815
vn 0.000000 0.986821 -0.161815
vn 0.000000 1.000000 0.000000
vn 0.000000 1.000000 0.000000
vn 0.999716 -0.004637 0.023362
vn 0.999999 -0.000241 0.001214
vn 1.000000 0.000000 0.000000
vn 1.000000 0.000000 0.000000
vn 0.999482 -0.004323 0.031891
vn 0.999999 -0.000271 0.001506
vn 0.999999 -0.000241 0.001214
vn 0.999716 -0.004637 0.023362
vn 0.998410 0.000002 0.056364
vn 0.999995 0.000000 0.003319
vn 0.999999 -0.000271 0.001506
vn 0.999482 -0.004323 0.031891
vn -0.116348 0.970192 0.212580
vn 0.304326 0.924586 -0.229185
vn 0.098102 0.968893 -0.227206
vn -0.390268 0.811775 0.434411
vn -0.107634 0.972775 0.205243
vn 0.273881 0.942522 -0.191419
vn 0.304326 0.924586 -0.229185
vn -0.116348 0.970192 0.212580
vn -0.934556 0.355817 0.000000
vn -0.923998 0.371589 -0.090272
vn -0.927308 0.362310 -0.093974
vn -0.936814 0.349828 0.000000
vn -0.980461 0.196713 0.000000
vn -0.986254 0.162380 -0.030576
vn -0.923998 0.371589 -0.090272
vn -0.934556 0.355817 0.000000
vn -0.999970 0.007477 -0.001934
vn -0.999977 0.005889 -0.003257
vn -0.997392 -0.071938 0.005798
vn -0.997398 -0.072046 0.002601
vn -0.950752 -0.309806 0.009515
vn -0.953762 -0.300514 0.005396
vn -0.953903 -0.300066 0.005450
vn -0.950779 -0.309743 0.008873
vn 0.000000 -1.000000 0.000000
vn 0.000000 -1.000000 0.000000
vn 0.000000 -1.000000 0.000000
vn 0.000000 -1.000000 0.000000
vn 0.000000 -1.000000 0.000000
vn 0.000000 -1.000000 0.000000
vn 0.000000 -1.000000 0.000000
vn 0.000000 -1.000000 0.000000
vn 0.000000 -1.000000 0.000000
vn 0.000000 -1.000000 0.000000
vn 0.000000 -1.000000 0.000000
vn 0.000000 -1.000000 0.000000
vn 0.953762 -0.300514 0.005396
vn 0.950752 -0.309806 0.009515
vn 0.950779 -0.309743 0.008873
vn 0.953903 -0.300066 0.005450
vn 0.999977 0.005889 -0.003257
vn 0.999970 0.007477 -0.001934
vn 0.997398 -0.072047 0.002601
vn 0.997392 -0.071938 0.005798
vn 0.999977 0.005889 -0.003257
vn 0.986254 0.162380 -0.030576
vn 0.981694 0.188961 -0.023895
vn 0.999970 0.007477 -0.001934
vn 0.939541 0.339540 -0.044436
vn 0.981694 0.188961 -0.023895
vn 0.986254 0.162380 -0.030576
vn 0.923999 0.371588 -0.090271
vn 0.932406 0.356751 -0.057865
vn 0.939541 0.339540 -0.044436
vn 0.923999 0.371588 -0.090271
vn 0.927310 0.362304 -0.093974
vn -0.272502 0.945046 -0.180641
vn -0.284720 0.942245 -0.176375
vn -0.266743 0.946045 -0.183975
vn -0.301418 0.926317 -0.226016
vn -0.007323 0.977481 -0.210898
vn -0.272502 0.945046 -0.180641
vn -0.301418 0.926317 -0.226016
vn -0.091590 0.971239 -0.219786
vn -1.000000 0.000000 0.000000
vn -1.000000 0.000000 0.000000
vn -0.999933 0.000000 0.011597
vn -0.999987 -0.000939 0.005101
vn -1.000000 0.000000 0.000000
vn -1.000000 0.000000 0.000000
vn -0.999987 -0.000939 0.005101
vn -0.999992 -0.000773 0.003895
vn -1.000000 -0.000002 0.000000
vn -1.000000 0.000000 0.000000
vn -0.999992 -0.000773 0.003895
vn -1.000000 0.000000 0.000000
vn 0.000000 0.986821 -0.161815
vn 0.000000 0.986821 -0.161815
vn 0.000000 0.996680 -0.081422
vn 0.000000 0.996680 -0.081422
vn 0.000000 0.986821 -0.161815
vn 0.000000 0.986821 -0.161815
vn 0.000000 0.996680 -0.081422
vn 0.000000 0.996680 -0.081422
vn 0.000000 0.996680 -0.081422
vn 0.000000 0.996680 -0.081422
vn 0.000000 0.986821 -0.161815
vn 0.000000 0.986821 -0.161815
vn 1.000000 0.000000 0.000000
vn 0.999999 -0.000241 0.001214
vn 1.000000 -0.000000 0.000000
vn 1.000000 0.000000 0.000000
vn 0.999999 -0.000241 0.001214
vn 0.999999 -0.000271 0.001506
vn 1.000000 -0.000000 0.000000
vn 1.000000 -0.000000 0.000000
vn 0.999999 -0.000271 0.001506
vn 0.999995 0.000000 0.003319
vn 1.000000 0.000000 0.000000
vn 1.000000 -0.000000 0.000000
vn 0.098102 0.968893 -0.227206
vn 0.304326 0.924586 -0.229185
vn 0.272502 0.945046 -0.180641
vn 0.007325 0.977481 -0.210898
vn 0.304326 0.924586 -0.229185
vn 0.273881 0.942522 -0.191419
vn 0.284719 0.942246 -0.176375
vn 0.272502 0.945046 -0.180641
vn -0.927308 0.362310 -0.093974
vn -0.923998 0.371589 -0.090272
vn -0.939541 0.339540 -0.044436
vn -0.932406 0.356751 -0.057864
vn -0.923998 0.371589 -0.090272
vn -0.986254 0.162380 -0.030576
vn -0.981694 0.188961 -0.023895
vn -0.939541 0.339540 -0.044436
vn -0.999973 0.007248 0.000882
vn -0.999970 0.007477 -0.001934
vn -0.997398 -0.072046 0.002601
vn -0.997415 -0.071749 0.003883
vn -0.939541 0.339540 -0.044436
vn -0.981694 0.188961 -0.023895
vn -0.987869 0.155154 -0.006493
vn -0.947869 0.318253 -0.016132
vn -0.932406 0.356751 -0.057864
vn -0.939541 0.339540 -0.044436
vn -0.947869 0.318253 -0.016132
vn -0.935486 0.351686 -0.034405
vn 0.272502 0.945046 -0.180641
vn 0.284719 0.942246 -0.176375
vn 0.228104 0.963049 -0.143197
vn 0.244821 0.961374 -0.125786
vn 0.007325 0.977481 -0.210898
vn 0.272502 0.945046 -0.180641
vn 0.244821 0.961374 -0.125786
vn -0.077802 0.980281 -0.181647
vn 1.000000 -0.000000 0.000000
vn 1.000000 0.000000 0.000000
vn 1.000000 0.000000 0.000000
vn 1.000000 0.000000 0.000000
vn 1.000000 -0.000000 0.000000
vn 1.000000 -0.000000 0.000000
vn 1.000000 0.000000 0.000000
vn 1.000000 0.000000 0.000000
vn 1.000000 0.000000 0.000000
vn 1.000000 -0.000000 0.000000
vn 1.000000 0.000000 0.000000
vn 1.000000 0.000000 0.000000
vn 0.000000 1.000000 0.000000
vn 0.000000 1.000000 0.000000
vn 0.000000 0.996680 -0.081422
vn 0.000000 0.996680 -0.081422
vn 0.000000 0.996680 -0.081422
vn 0.000000 0.996680 -0.081422
vn 0.000000 1.000000 0.000000
vn 0.000000 1.000000 0.000000
vn 0.000000 0.996680 -0.081422
vn 0.000000 0.996680 -0.081422
vn 0.000000 1.000000 0.000000
vn 0.000000 1.000000 0.000000
vn -1.000000 -0.000003 0.000000
vn -1.000000 0.000000 0.000000
vn -1.000000 0.000000 0.000000
vn -1.000000 -0.000002 0.000000
vn -1.000000 0.000000 0.000000
vn -1.000000 0.000000 0.000000
vn -1.000000 0.000000 0.000000
vn -1.000000 0.000000 0.000000
vn -1.000000 0.000000 0.000000
vn -1.000000 0.000000 0.000000
vn -1.000000 0.000000 0.000000
vn -1.000000 0.000000 0.000000
vn 0.077804 0.980281 -0.181647
vn -0.244822 0.961374 -0.125786
vn -0.272502 0.945046 -0.180641
vn -0.007323 0.977481 -0.210898
vn -0.244822 0.961374 -0.125786
vn -0.228104 0.963049 -0.143197
vn -0.284720 0.942245 -0.176375
vn -0.272502 0.945046 -0.180641
vn 0.935485 0.351688 -0.034405
vn 0.947869 0.318253 -0.016132
vn 0.939541 0.339540 -0.044436
vn 0.932406 0.356751 -0.057865
vn 0.947869 0.318253 -0.016132
vn 0.987869 0.155154 -0.006493
vn 0.981694 0.188961 -0.023895
vn 0.939541 0.339540 -0.044436
vn 0.981694 0.188961 -0.023895
vn 0.987869 0.155154 -0.006493
vn 0.999973 0.007248 0.000882
vn 0.999970 0.007477 -0.001934
vn 0.999970 0.007477 -0.001934
vn 0.999973 0.007248 0.000882
vn 0.997415 -0.071749 0.003883
vn 0.997398 -0.072047 0.002601
vn 0.956621 -0.291164 0.010046
vn 0.953762 -0.300514 0.005396
vn 0.953903 -0.300066 0.005450
vn 0.956922 -0.290181 0.009799
vn 0.000000 -1.000000 0.000000
vn 0.000000 -1.000000 0.000000
vn 0.000000 -1.000000 0.000000
vn 0.000000 -1.000000 0.000000
vn 0.000000 -1.000000 0.000000
vn 0.000000 -1.000000 0.000000
vn 0.000000 -1.000000 0.000000
vn 0.000000 -1.000000 0.000000
vn 0.000000 -1.000000 0.000000
vn 0.000000 -1.000000 0.000000
vn 0.000000 -1.000000 0.000000
vn 0.000000 -1.000000 0.000000
vn -0.953762 -0.300514 0.005396
vn -0.956621 -0.291164 0.010046
vn -0.956922 -0.290181 0.009798
vn -0.953903 -0.300066 0.005450
vn -0.987869 0.155154 -0.006493
vn -0.999973 0.007248 0.000882
vn -0.999688 0.024282 -0.005822
vn -0.991914 0.123840 -0.027737
vn -0.999970 0.007477 -0.001934
vn -0.999973 0.007248 0.000882
vn -0.987869 0.155154 -0.006493
vn -0.981694 0.188961 -0.023895
vn -0.986254 0.162380 -0.030576
vn -0.999977 0.005889 -0.003257
vn -0.999970 0.007477 -0.001934
vn -0.981694 0.188961 -0.023895
vn -0.980461 0.196713 0.000000
vn -0.999512 0.007763 0.030255
vn -0.999977 0.005889 -0.003257
vn -0.986254 0.162380 -0.030576
vn 0.000000 0.192493 -0.981298
vn 0.000000 -0.012603 -0.999921
vn 0.000000 -0.012702 -0.999919
vn 0.000000 0.190561 -0.981675
vn 0.000000 0.191743 -0.981445
vn 0.000000 -0.012641 -0.999920
vn 0.000000 -0.012603 -0.999921
vn 0.000000 0.192493 -0.981298
vn 0.000000 0.190562 -0.981675
vn 0.000000 -0.012702 -0.999919
vn 0.000000 -0.012641 -0.999920
vn 0.000000 0.191743 -0.981445
vn -0.940113 -0.340863 0.000000
vn -0.940115 -0.340857 0.000000
vn -0.940118 -0.340849 0.000001
vn -0.940113 -0.340863 0.000001
vn -0.940113 -0.340864 0.000000
vn -0.940115 -0.340858 0.000000
vn -0.940115 -0.340857 0.000000
vn -0.940113 -0.340863 0.000000
vn -0.940113 -0.340864 0.000000
vn -0.940113 -0.340864 0.000000
vn -0.940115 -0.340858 0.000000
vn -0.940115 -0.340858 0.000000
vn -0.940123 -0.340835 0.000000
vn -0.940115 -0.340858 0.000000
vn -0.940113 -0.340864 0.000000
vn -0.940113 -0.340864 0.000000
vn 0.000000 -0.316778 0.948500
vn 0.000000 -0.316766 0.948504
vn 0.000000 -0.316762 0.948505
vn 0.000000 -0.316777 0.948500
vn 0.000000 -0.316778 0.948500
vn 0.000000 -0.316766 0.948504
vn 0.000000 -0.316766 0.948504
vn 0.000000 -0.316778 0.948500
vn 0.000000 -0.316759 0.948506
vn 0.000000 -0.316766 0.948504
vn 0.000000 -0.316778 0.948500
vn 0.000000 -0.316777 0.948500
vn 0.940113 -0.340863 0.000000
vn 0.940122 -0.340838 0.000000
vn 0.940117 -0.340853 0.000000
vn 0.940113 -0.340864 0.000000
vn 0.940113 -0.340864 0.000000
vn 0.940116 -0.340855 0.000000
vn 0.940122 -0.340838 0.000000
vn 0.940113 -0.340863 0.000000
vn 0.940112 -0.340865 0.000000
vn 0.940109 -0.340873 0.000000
vn 0.940116 -0.340855 0.000000
vn 0.940113 -0.340864 0.000000
vn 0.940118 -0.340849 0.000001
vn 0.940109 -0.340873 0.000000
vn 0.940112 -0.340865 0.000000
vn 0.940113 -0.340863 0.000001
vn 0.000000 -0.316777 -0.948500
vn 0.000000 -0.316785 -0.948497
vn 0.000000 -0.316778 -0.948500
vn 0.000000 -0.316777 -0.948500
vn 0.000000 -0.316777 -0.948500
vn 0.000000 -0.316785 -0.948497
vn 0.000000 -0.316785 -0.948497
vn 0.000000 -0.316777 -0.948500
vn 0.000000 -0.316784 -0.948498
vn 0.000000 -0.316785 -0.948497
vn 0.000000 -0.316777 -0.948500
vn 0.000000 -0.316777 -0.948500
vn -0.983417 -0.181358 0.000001
vn -0.983417 -0.181358 0.000000
vn -0.983417 -0.181358 0.000000
vn -0.983417 -0.181358 0.000001
vn -0.983417 -0.181358 0.000000
vn -0.983417 -0.181360 0.000000
vn -0.983417 -0.181360 0.000000
vn -0.983417 -0.181358 0.000000
vn -0.983417 -0.181360 0.000000
vn -0.983417 -0.181361 0.000000
vn -0.983417 -0.181361 0.000000
vn -0.983417 -0.181360 0.000000
vn -0.983417 -0.181360 0.000000
vn -0.983417 -0.181361 0.000000
vn -0.983417 -0.181361 0.000000
vn -0.983417 -0.181360 0.000000
vn -0.000002 -0.167473 0.985877
vn 0.000000 -0.167473 0.985877
vn 0.000000 -0.167473 0.985877
vn -0.000002 -0.167473 0.985877
vn 0.000000 -0.167473 0.985877
vn 0.000000 -0.167473 0.985877
vn 0.000000 -0.167473 0.985877
vn 0.000000 -0.167473 0.985877
vn 0.000004 -0.167472 0.985877
vn 0.000000 -0.167473 0.985877
vn 0.000000 -0.167473 0.985877
vn 0.000004 -0.167472 0.985877
vn 0.983416 -0.181363 0.000006
vn 0.983416 -0.181364 0.000000
vn 0.983416 -0.181364 0.000000
vn 0.983416 -0.181363 0.000006
vn 0.983416 -0.181364 0.000000
vn 0.983416 -0.181363 0.000000
vn 0.983416 -0.181363 0.000000
vn 0.983416 -0.181364 0.000000
vn 0.983416 -0.181363 0.000000
vn 0.983416 -0.181362 0.000000
vn 0.983416 -0.181362 0.000000
vn 0.983416 -0.181363 0.000000
vn 0.983416 -0.181363 -0.000002
vn 0.983416 -0.181362 0.000000
vn 0.983416 -0.181362 0.000000
vn 0.983416 -0.181363 -0.000002
vn 0.000000 -0.167473 -0.985877
vn 0.000000 -0.167473 -0.985877
vn 0.000000 -0.167473 -0.985877
vn 0.000000 -0.167473 -0.985877
vn 0.000000 -0.167473 -0.985877
vn 0.000000 -0.167473 -0.985877
vn 0.000000 -0.167473 -0.985877
vn 0.000000 -0.167473 -0.985877
vn 0.000000 -0.167473 -0.985877
vn 0.000000 -0.167473 -0.985877
vn 0.000000 -0.167473 -0.985877
vn 0.000000 -0.167473 -0.985877
vn 0.344094 0.938935 -0.000004
vn 0.344094 0.938935 -0.000004
vn 0.344094 0.938935 -0.000006
vn 0.344094 0.938935 -0.000005
vn 0.341466 -0.939894 0.000002
vn 0.341466 -0.939894 0.000002
vn 0.341463 -0.939895 0.000005
vn 0.341462 -0.939896 0.000006
vn 0.344087 0.938938 0.000000
vn 0.344087 0.938938 0.000000
vn 0.344090 0.938937 0.000000
vn 0.344089 0.938937 0.000000
vn 0.341463 -0.939895 0.000000
vn 0.341463 -0.939895 0.000000
vn 0.341466 -0.939894 0.000000
vn 0.341467 -0.939894 0.000000
vn 0.344086 0.938938 0.000000
vn 0.344086 0.938938 0.000000
vn 0.344091 0.938936 0.000000
vn 0.344093 0.938936 0.000000
vn 0.341466 -0.939894 0.000000
vn 0.341466 -0.939894 0.000000
vn 0.341464 -0.939895 0.000000
vn 0.341465 -0.939895 0.000000
vn 0.341471 -0.939892 0.000000
vn 0.341471 -0.939892 0.000000
vn 0.341465 -0.939894 0.000000
vn 0.341467 -0.939894 0.000000
vn 0.344090 0.938937 0.000000
vn 0.344090 0.938937 0.000000
vn 0.344092 0.938936 0.000000
vn 0.344094 0.938935 0.000000
vn 0.000000 0.929162 -0.369672
vn 0.000000 0.929162 -0.369672
vn 0.000000 0.929161 -0.369676
vn 0.000000 0.929161 -0.369674
vn 0.000000 -0.930260 -0.366901
vn 0.000000 -0.930260 -0.366901
vn 0.000000 -0.930259 -0.366904
vn 0.000000 -0.930258 -0.366906
vn 0.000000 0.929160 -0.369677
vn 0.000000 0.929160 -0.369677
vn 0.000000 0.929163 -0.369671
vn 0.000000 0.929163 -0.369671
vn 0.000000 -0.930254 -0.366916
vn 0.000000 -0.930254 -0.366916
vn 0.000000 -0.930256 -0.366910
vn 0.000000 -0.930256 -0.366910
vn 0.000000 -0.930262 -0.366897
vn 0.000000 -0.930262 -0.366897
vn 0.000000 -0.930258 -0.366907
vn 0.000000 -0.930259 -0.366904
vn 0.000000 0.929161 -0.369674
vn 0.000000 0.929161 -0.369674
vn 0.000000 0.929162 -0.369672
vn 0.000000 0.929163 -0.369670
vn -0.344088 0.938937 0.000000
vn -0.344088 0.938937 0.000000
vn -0.344093 0.938936 0.000000
vn -0.344091 0.938936 0.000000
vn -0.341464 -0.939895 0.000000
vn -0.341464 -0.939895 0.000000
vn -0.341464 -0.939895 -0.000002
vn -0.341465 -0.939895 -0.000004
vn -0.344089 0.938937 0.000000
vn -0.344089 0.938937 0.000000
vn -0.344093 0.938936 0.000000
vn -0.344092 0.938936 0.000000
vn -0.341464 -0.939895 0.000000
vn -0.341464 -0.939895 0.000000
vn -0.341464 -0.939895 0.000000
vn -0.341465 -0.939895 0.000000
vn -0.344083 0.938939 0.000000
vn -0.344083 0.938939 0.000000
vn -0.344088 0.938937 0.000000
vn -0.344090 0.938937 0.000000
vn -0.341471 -0.939892 0.000000
vn -0.341471 -0.939892 0.000000
vn -0.341469 -0.939893 0.000000
vn -0.341470 -0.939893 0.000000
vn -0.341466 -0.939894 0.000002
vn -0.341466 -0.939894 0.000002
vn -0.341463 -0.939895 0.000010
vn -0.341464 -0.939895 0.000007
vn -0.344091 0.938936 -0.000004
vn -0.344091 0.938936 -0.000004
vn -0.344092 0.938936 -0.000005
vn -0.344093 0.938936 -0.000006
vn 0.000000 0.929163 0.369670
vn 0.000000 0.929163 0.369670
vn 0.000000 0.929164 0.369668
vn 0.000000 0.929164 0.369669
vn 0.000000 -0.930262 0.366897
vn 0.000000 -0.930262 0.366897
vn 0.000000 -0.930259 0.366903
vn 0.000000 -0.930258 0.366906
vn 0.000000 0.929162 0.369673
vn 0.000000 0.929162 0.369673
vn 0.000000 0.929163 0.369670
vn 0.000000 0.929163 0.369670
vn 0.000000 -0.930253 0.366918
vn 0.000000 -0.930253 0.366918
vn 0.000000 -0.930256 0.366910
vn 0.000000 -0.930256 0.366910
vn 0.000000 -0.930255 0.366914
vn 0.000000 -0.930255 0.366914
vn 0.000000 -0.930258 0.366905
vn 0.000000 -0.930257 0.366908
vn 0.000000 0.929166 0.369663
vn 0.000000 0.929166 0.369663
vn 0.000000 0.929163 0.369670
vn 0.000000 0.929161 0.369676
vn 0.341465 -0.939894 0.000000
vn 0.341467 -0.939894 0.000000
vn 0.341473 -0.939892 0.000000
vn 0.341473 -0.939892 0.000000
vn 0.000000 -0.930259 -0.366903
vn 0.000000 -0.930258 -0.366906
vn 0.000000 -0.930263 -0.366894
vn 0.000000 -0.930263 -0.366894
vn 0.000000 -0.930257 -0.366908
vn 0.000000 -0.930257 -0.366908
vn 0.000000 -0.930242 -0.366948
vn 0.000000 -0.930242 -0.366948
vn 0.000000 -0.930257 -0.366908
vn 0.000000 -0.930258 -0.366906
vn 0.000000 -0.930260 -0.366900
vn 0.000000 -0.930260 -0.366900
vn -0.341467 -0.939894 -0.000005
vn -0.341465 -0.939894 -0.000004
vn -0.341474 -0.939891 -0.000006
vn -0.341474 -0.939891 -0.000006
vn -0.341467 -0.939894 0.000000
vn -0.341466 -0.939894 0.000000
vn -0.341484 -0.939888 0.000000
vn -0.341484 -0.939888 0.000000
vn -0.341470 -0.939893 -0.000001
vn -0.341471 -0.939892 -0.000001
vn -0.341480 -0.939889 -0.000001
vn -0.341480 -0.939889 -0.000001
vn -0.341463 -0.939895 0.000010
vn -0.341463 -0.939895 0.000011
vn -0.341464 -0.939895 0.000012
vn -0.341464 -0.939895 0.000012
vn 0.000000 -0.930256 0.366910
vn 0.000000 -0.930258 0.366907
vn 0.000000 -0.930254 0.366917
vn 0.000000 -0.930254 0.366917
vn 0.000000 -0.930258 0.366907
vn 0.000000 -0.930258 0.366907
vn 0.000000 -0.930241 0.366950
vn 0.000000 -0.930241 0.366950
vn 0.000000 -0.930259 0.366905
vn 0.000000 -0.930258 0.366906
vn 0.000000 -0.930257 0.366909
vn 0.000000 -0.930257 0.366909
vn 0.341464 -0.939895 0.000007
vn 0.341462 -0.939896 0.000006
vn 0.341471 -0.939892 0.000008
vn 0.341471 -0.939892 0.000008
vn 0.341469 -0.939893 0.000000
vn 0.341468 -0.939893 0.000000
vn 0.341476 -0.939891 0.000000
vn 0.341476 -0.939891 0.000000
vn 0.341464 -0.939895 0.000000
vn 0.341465 -0.939894 0.000000
vn 0.341473 -0.939892 0.000000
vn 0.341473 -0.939892 0.000000
vn 0.341467 -0.939894 0.000000
vn 0.341465 -0.939894 0.000000
vn 0.341467 -0.939894 0.000000
vn 0.341465 -0.939894 0.000000
vn 0.000000 -0.930258 -0.366906
vn 0.000000 -0.930259 -0.366904
vn 0.000000 -0.930258 -0.366906
vn 0.000000 -0.930259 -0.366903
vn 0.000000 -0.930256 -0.366910
vn 0.000000 -0.930256 -0.366910
vn 0.000000 -0.930257 -0.366908
vn 0.000000 -0.930257 -0.366908
vn 0.000000 -0.930259 -0.366904
vn 0.000000 -0.930258 -0.366907
vn 0.000000 -0.930258 -0.366906
vn 0.000000 -0.930257 -0.366908
vn -0.341465 -0.939895 -0.000004
vn -0.341464 -0.939895 -0.000002
vn -0.341465 -0.939894 -0.000004
vn -0.341467 -0.939894 -0.000005
vn -0.341465 -0.939895 0.000000
vn -0.341464 -0.939895 0.000000
vn -0.341466 -0.939894 0.000000
vn -0.341467 -0.939894 0.000000
vn -0.341470 -0.939893 0.000000
vn -0.341469 -0.939893 0.000000
vn -0.341471 -0.939892 -0.000001
vn -0.341470 -0.939893 -0.000001
vn -0.341464 -0.939895 0.000007
vn -0.341463 -0.939895 0.000010
vn -0.341463 -0.939895 0.000011
vn -0.341463 -0.939895 0.000010
vn 0.000000 -0.930258 0.366906
vn 0.000000 -0.930259 0.366903
vn 0.000000 -0.930258 0.366907
vn 0.000000 -0.930256 0.366910
vn 0.000000 -0.930256 0.366910
vn 0.000000 -0.930256 0.366910
vn 0.000000 -0.930258 0.366907
vn 0.000000 -0.930258 0.366907
vn 0.000000 -0.930257 0.366908
vn 0.000000 -0.930258 0.366905
vn 0.000000 -0.930258 0.366906
vn 0.000000 -0.930259 0.366905
vn 0.341462 -0.939896 0.000006
vn 0.341463 -0.939895 0.000005
vn 0.341462 -0.939896 0.000006
vn 0.341464 -0.939895 0.000007
vn 0.341467 -0.939894 0.000000
vn 0.341466 -0.939894 0.000000
vn 0.341468 -0.939893 0.000000
vn 0.341469 -0.939893 0.000000
vn 0.341465 -0.939895 0.000000
vn 0.341464 -0.939895 0.000000
vn 0.341465 -0.939894 0.000000
vn 0.341464 -0.939895 0.000000
vn 0.344093 0.938936 0.000000
vn 0.344094 0.938935 0.000000
vn 0.344089 0.938937 0.000000
vn 0.344089 0.938937 0.000000
vn 0.344090 0.938937 0.000000
vn 0.344089 0.938937 0.000000
vn 0.344088 0.938937 0.000000
vn 0.344088 0.938937 0.000000
vn 0.344094 0.938935 -0.000006
vn 0.344094 0.938935 -0.000007
vn 0.344094 0.938935 -0.000007
vn 0.344094 0.938935 -0.000007
vn 0.000000 0.929163 0.369670
vn 0.000000 0.929161 0.369675
vn 0.000000 0.929165 0.369666
vn 0.000000 0.929165 0.369666
vn 0.000000 0.929164 0.369668
vn 0.000000 0.929164 0.369668
vn 0.000000 0.929161 0.369674
vn 0.000000 0.929161 0.369674
vn 0.000000 0.929164 0.369667
vn 0.000000 0.929165 0.369665
vn 0.000000 0.929165 0.369664
vn 0.000000 0.929165 0.369664
vn -0.344095 0.938935 -0.000007
vn -0.344094 0.938935 -0.000006
vn -0.344096 0.938934 -0.000007
vn -0.344096 0.938934 -0.000007
vn -0.344090 0.938937 0.000000
vn -0.344091 0.938936 0.000000
vn -0.344087 0.938938 0.000000
vn -0.344087 0.938938 0.000000
vn -0.344094 0.938935 0.000000
vn -0.344092 0.938936 0.000000
vn -0.344088 0.938937 0.000000
vn -0.344088 0.938937 0.000000
vn -0.344093 0.938936 0.000000
vn -0.344091 0.938936 0.000000
vn -0.344090 0.938937 0.000000
vn -0.344090 0.938937 0.000000
vn 0.000000 0.929163 -0.369671
vn 0.000000 0.929163 -0.369670
vn 0.000000 0.929163 -0.369671
vn 0.000000 0.929163 -0.369671
vn 0.000000 0.929164 -0.369667
vn 0.000000 0.929164 -0.369667
vn 0.000000 0.929161 -0.369675
vn 0.000000 0.929161 -0.369675
vn 0.000000 0.929162 -0.369674
vn 0.000000 0.929165 -0.369666
vn 0.000000 0.929167 -0.369661
vn 0.000000 0.929167 -0.369661
vn 0.344091 0.938936 0.000000
vn 0.344094 0.938935 0.000000
vn 0.344089 0.938937 0.000000
vn 0.344089 0.938937 0.000000
vn 0.344094 0.938935 0.000000
vn 0.344092 0.938936 0.000000
vn 0.344094 0.938935 0.000000
vn 0.344091 0.938936 0.000000
vn 0.344093 0.938936 0.000000
vn 0.344091 0.938936 0.000000
vn 0.344094 0.938935 0.000000
vn 0.344093 0.938936 0.000000
vn 0.344089 0.938937 0.000000
vn 0.344090 0.938937 0.000000
vn 0.344089 0.938937 0.000000
vn 0.344090 0.938937 0.000000
vn 0.344094 0.938935 -0.000005
vn 0.344094 0.938935 -0.000006
vn 0.344094 0.938935 -0.000007
vn 0.344094 0.938935 -0.000006
vn 0.000000 0.929161 0.369676
vn 0.000000 0.929163 0.369670
vn 0.000000 0.929161 0.369675
vn 0.000000 0.929163 0.369670
vn 0.000000 0.929163 0.369670
vn 0.000000 0.929163 0.369670
vn 0.000000 0.929164 0.369668
vn 0.000000 0.929164 0.369668
vn 0.000000 0.929164 0.369669
vn 0.000000 0.929164 0.369668
vn 0.000000 0.929165 0.369665
vn 0.000000 0.929164 0.369667
vn -0.344093 0.938936 -0.000006
vn -0.344092 0.938936 -0.000005
vn -0.344094 0.938935 -0.000006
vn -0.344095 0.938935 -0.000007
vn -0.344090 0.938937 0.000000
vn -0.344088 0.938937 0.000000
vn -0.344091 0.938936 0.000000
vn -0.344090 0.938937 0.000000
vn -0.344092 0.938936 0.000000
vn -0.344093 0.938936 0.000000
vn -0.344092 0.938936 0.000000
vn -0.344094 0.938935 0.000000
vn -0.344091 0.938936 0.000000
vn -0.344093 0.938936 0.000000
vn -0.344091 0.938936 0.000000
vn -0.344093 0.938936 0.000000
vn 0.000000 0.929163 -0.369670
vn 0.000000 0.929162 -0.369672
vn 0.000000 0.929163 -0.369670
vn 0.000000 0.929163 -0.369671
vn 0.000000 0.929163 -0.369671
vn 0.000000 0.929163 -0.369671
vn 0.000000 0.929164 -0.369667
vn 0.000000 0.929164 -0.369667
vn 0.000000 0.929161 -0.369674
vn 0.000000 0.929161 -0.369676
vn 0.000000 0.929165 -0.369666
vn 0.000000 0.929162 -0.369674
vn -0.962952 -0.269673 0.000000
vn -0.956621 -0.291164 0.010046
vn -0.926116 -0.377239 0.000000
vn -0.926123 -0.377222 0.000000
vn -0.000002 -0.351294 0.936265
vn 0.000000 -0.351298 0.936264
vn 0.000000 -0.389121 0.921187
vn -0.000003 -0.389127 0.921184
vn 0.000000 -0.351298 0.936264
vn 0.000000 -0.351298 0.936264
vn 0.000000 -0.389123 0.921186
vn 0.000000 -0.389121 0.921187
vn 0.000005 -0.389127 0.921184
vn 0.000000 -0.389123 0.921186
vn 0.000000 -0.351298 0.936264
vn 0.000003 -0.351294 0.936265
vn 0.926126 -0.377214 0.000008
vn 0.926122 -0.377225 0.000000
vn 0.956621 -0.291164 0.010046
vn 0.962952 -0.269672 0.000003
vn 0.926122 -0.377225 0.000000
vn 0.933197 -0.359364 -0.000078
vn 0.953762 -0.300514 0.005396
vn 0.956621 -0.291164 0.010046
vn 0.933197 -0.359364 -0.000078
vn 0.940119 -0.340847 -0.000044
vn 0.950752 -0.309806 0.009515
vn 0.953762 -0.300514 0.005396
vn 0.936479 -0.264537 0.230275
vn 0.950752 -0.309806 0.009515
vn 0.940119 -0.340847 -0.000044
vn 0.940421 -0.339999 0.002900
vn 0.000000 -0.351270 -0.936274
vn 0.000000 -0.351274 -0.936273
vn 0.000000 -0.351294 -0.936265
vn 0.000000 -0.351293 -0.936266
vn 0.000000 -0.351274 -0.936273
vn 0.000000 -0.351274 -0.936273
vn 0.000000 -0.351294 -0.936265
vn 0.000000 -0.351294 -0.936265
vn 0.000000 -0.351294 -0.936265
vn 0.000000 -0.351294 -0.936265
vn 0.000000 -0.351274 -0.936273
vn 0.000000 -0.351271 -0.936274
vn -0.940415 -0.340015 0.002904
vn -0.940122 -0.340837 -0.000044
vn -0.950752 -0.309806 0.009515
vn -0.936479 -0.264538 0.230276
vn -0.940122 -0.340837 -0.000044
vn -0.933197 -0.359366 -0.000078
vn -0.953762 -0.300514 0.005396
vn -0.950752 -0.309806 0.009515
vn -0.933197 -0.359366 -0.000078
vn -0.926116 -0.377239 0.000000
vn -0.956621 -0.291164 0.010046
vn -0.953762 -0.300514 0.005396
vn -0.940113 -0.340864 0.000000
vn -0.940113 -0.340864 0.000000
vn -0.940113 -0.340864 0.000000
vn -0.940112 -0.340865 0.000000
vn 0.000000 -0.316779 0.948500
vn 0.000000 -0.316778 0.948500
vn 0.000000 -0.316777 0.948500
vn 0.000000 -0.316778 0.948500
vn 0.000000 -0.316779 0.948500
vn 0.000000 -0.316778 0.948500
vn 0.000000 -0.316778 0.948500
vn 0.000000 -0.316779 0.948500
vn 0.000000 -0.316777 0.948500
vn 0.000000 -0.316778 0.948500
vn 0.000000 -0.316779 0.948500
vn 0.000000 -0.316778 0.948500
vn 0.940113 -0.340864 0.000000
vn 0.940113 -0.340863 0.000000
vn 0.940113 -0.340864 0.000000
vn 0.940112 -0.340865 0.000000
vn 0.940113 -0.340864 0.000000
vn 0.940113 -0.340864 0.000000
vn 0.940113 -0.340863 0.000000
vn 0.940113 -0.340864 0.000000
vn 0.940113 -0.340864 0.000000
vn 0.940112 -0.340865 0.000000
vn 0.940113 -0.340864 0.000000
vn 0.940113 -0.340864 0.000000
vn 0.940113 -0.340863 0.000001
vn 0.940112 -0.340865 0.000000
vn 0.940113 -0.340864 0.000000
vn 0.940113 -0.340864 0.000001
vn 0.000000 -0.316777 -0.948500
vn 0.000000 -0.316777 -0.948500
vn 0.000000 -0.316777 -0.948500
vn 0.000000 -0.316777 -0.948500
vn 0.000000 -0.316777 -0.948500
vn 0.000000 -0.316777 -0.948500
vn 0.000000 -0.316777 -0.948500
vn 0.000000 -0.316777 -0.948500
vn 0.000000 -0.316777 -0.948500
vn 0.000000 -0.316777 -0.948500
vn 0.000000 -0.316777 -0.948500
vn 0.000000 -0.316777 -0.948500
vn -0.940113 -0.340864 0.000000
vn -0.940113 -0.340863 0.000000
vn -0.940113 -0.340863 0.000001
vn -0.940113 -0.340863 0.000001
vn -0.940113 -0.340864 0.000000
vn -0.940113 -0.340864 0.000000
vn -0.940113 -0.340863 0.000000
vn -0.940113 -0.340864 0.000000
vn -0.940113 -0.340864 0.000000
vn -0.940113 -0.340864 0.000000
vn -0.940113 -0.340864 0.000000
vn -0.940113 -0.340864 0.000000
s off
g group1 robot:robotpCube2
usemtl robot:aiStandardSurface2SG
f 1933/2470/7719 1993/2471/7720 2098/2472/7721 2085/2473/7722
f 1949/2474/7723 2001/2475/7724 2052/2476/7725 2053/2477/7726
f 2089/2478/7727 2090/2479/7728 2010/2480/7729 1935/2481/7730
f 2038/2482/7731 2039/2483/7732 2012/2484/7733 1940/2485/7734
f 1934/2486/7735 2042/2487/7736 2095/2488/7737 2096/2489/7738
f 2085/2473/7739 2086/2490/7740 2037/2491/7741 1933/2470/7742
f 1935/2481/7743 2010/2480/7744 2221/2492/7745 2222/2493/7746
f 2215/2494/7747 2216/2495/7748 2042/2496/7749 1934/2497/7750
f 2212/2498/7751 2213/2499/7752 1993/2500/7753 1933/2501/7754
f 1933/2501/7755 2037/2502/7756 2211/2503/7757 2212/2498/7758
f 2098/2472/7759 1994/2504/7760 1969/2505/7761 2085/2473/7762
f 2095/2488/7763 2043/2506/7764 1972/2507/7765 2096/2489/7766
f 1941/2508/7767 1996/2509/7768 1997/2510/7769 1957/2511/7770
f 1942/2512/7771 2045/2513/7772 2046/2514/7773 1960/2515/7774
f 2006/2516/7775 2007/2517/7776 1944/2518/7777 1958/2519/7778
f 2057/2520/7779 2058/2521/7780 1941/2508/7781 1957/2511/7782
f 1945/2522/7783 1998/2523/7784 1999/2524/7785 1953/2525/7786
f 1946/2526/7787 2047/2527/7788 2048/2528/7789 1956/2529/7790
f 2004/2530/7791 2005/2531/7792 1948/2532/7793 1954/2533/7794
f 2055/2534/7795 2056/2535/7796 1945/2522/7797 1953/2525/7798
f 2054/2536/7799 2055/2534/7800 1953/2525/7801 1961/2537/7802
f 2003/2538/7803 2004/2530/7804 1954/2533/7805 1962/2539/7806
f 1956/2529/7807 2048/2528/7808 2049/2540/7809 1964/2541/7810
f 1953/2525/7811 1999/2524/7812 2000/2542/7813 1961/2537/7814
f 2056/2535/7815 2057/2520/7816 1957/2511/7817 1945/2522/7818
f 2005/2531/7819 2006/2516/7820 1958/2519/7821 1948/2532/7822
f 1960/2515/7823 2046/2514/7824 2047/2527/7825 1946/2526/7826
f 1957/2511/7827 1997/2510/7828 1998/2523/7829 1945/2522/7830
f 2053/2477/7831 2054/2536/7832 1961/2537/7833 1949/2474/7834
f 2002/2543/7835 2003/2538/7836 1962/2539/7837 1952/2544/7838
f 1964/2541/7839 2049/2540/7840 2050/2545/7841 1950/2546/7842
f 1961/2537/7843 2000/2542/7844 2001/2475/7845 1949/2474/7846
f 2058/2521/7847 2059/2547/7848 1965/2548/7849 1941/2508/7850
f 2007/2517/7851 2008/2549/7852 1966/2550/7853 1944/2518/7854
f 1968/2551/7855 2044/2552/7856 2045/2513/7857 1942/2512/7858
f 1965/2548/7859 1995/2553/7860 1996/2509/7861 1941/2508/7862
f 2059/2547/7863 2060/2554/7864 1969/2505/7865 1965/2548/7866
f 2008/2549/7867 2009/2555/7868 1970/2556/7869 1966/2550/7870
f 1972/2507/7871 2043/2506/7872 2044/2552/7873 1968/2551/7874
f 1969/2505/7875 1994/2504/7876 1995/2553/7877 1965/2548/7878
f 2096/2489/7879 2097/2557/7880 1973/2558/7881 1934/2486/7882
f 1972/2507/7883 1974/2559/7884 2097/2557/7885 2096/2489/7886
f 1975/2560/7887 1974/2559/7888 1972/2507/7889 1968/2551/7890
f 1976/2561/7891 1975/2560/7892 1968/2551/7893 1942/2512/7894
f 1977/2562/7895 1976/2561/7896 1942/2512/7897 1960/2515/7898
f 1978/2563/7899 1977/2562/7900 1960/2515/7901 1946/2526/7902
f 1979/2564/7903 1978/2563/7904 1946/2526/7905 1956/2529/7906
f 1980/2565/7907 1979/2564/7908 1956/2529/7909 1964/2541/7910
f 1981/2566/7911 1980/2565/7912 1964/2541/7913 1950/2546/7914
f 2050/2545/7915 2051/2567/7916 1981/2566/7917 1950/2546/7918
f 1963/2568/7919 1983/2569/7920 1982/2570/7921 1951/2571/7922
f 1955/2572/7923 1984/2573/7924 1983/2569/7925 1963/2568/7926
f 1947/2574/7927 1985/2575/7928 1984/2573/7929 1955/2572/7930
f 1959/2576/7931 1986/2577/7932 1985/2575/7933 1947/2574/7934
f 1943/2578/7935 1987/2579/7936 1986/2577/7937 1959/2576/7938
f 1967/2580/7939 1988/2581/7940 1987/2579/7941 1943/2578/7942
f 1971/2582/7943 1989/2583/7944 1988/2581/7945 1967/2580/7946
f 1990/2584/7947 2091/2585/7948 2092/2586/7949 1936/2587/7950
f 2219/2588/7951 2220/2589/7952 1990/2584/7953 1936/2587/7954
f 1992/2590/7955 2040/2591/7956 2041/2592/7957 1939/2593/7958
f 1934/2497/7959 1973/2594/7960 2214/2595/7961 2215/2494/7962
f 2097/2557/7963 2098/2472/7964 1993/2471/7965 1973/2558/7966
f 2097/2557/7967 1974/2559/7968 1994/2504/7969 2098/2472/7970
f 1995/2553/7971 1994/2504/7972 1974/2559/7973 1975/2560/7974
f 1996/2509/7975 1995/2553/7976 1975/2560/7977 1976/2561/7978
f 1997/2510/7979 1996/2509/7980 1976/2561/7981 1977/2562/7982
f 1998/2523/7983 1997/2510/7984 1977/2562/7985 1978/2563/7986
f 1999/2524/7987 1998/2523/7988 1978/2563/7989 1979/2564/7990
f 2000/2542/7991 1999/2524/7992 1979/2564/7993 1980/2565/7994
f 2001/2475/7995 2000/2542/7996 1980/2565/7997 1981/2566/7998
f 2051/2567/7999 2052/2476/8000 2001/2475/8001 1981/2566/8002
f 1982/2570/8003 1983/2569/8004 2003/2538/8005 2002/2543/8006
f 1983/2569/8007 1984/2573/8008 2004/2530/8009 2003/2538/8010
f 1984/2573/8011 1985/2575/8012 2005/2531/8013 2004/2530/8014
f 1985/2575/8015 1986/2577/8016 2006/2516/8017 2005/2531/8018
f 1986/2577/8019 1987/2579/8020 2007/2517/8021 2006/2516/8022
f 1987/2579/8023 1988/2581/8024 2008/2549/8025 2007/2517/8026
f 1988/2581/8027 1989/2583/8028 2009/2555/8029 2008/2549/8030
f 2010/2480/8031 2090/2479/8032 2091/2585/8033 1990/2584/8034
f 2220/2589/8035 2221/2492/8036 2010/2480/8037 1990/2584/8038
f 2012/2484/8039 2039/2483/8040 2040/2591/8041 1992/2590/8042
f 2213/2499/8043 2214/2595/8044 1973/2594/8045 1993/2500/8046
f 1935/2596/8047 2013/2597/8048 2088/2598/8049 2089/2599/8050
f 2222/2493/8051 2223/2600/8052 2013/2601/8053 1935/2481/8054
f 1937/2602/8055 2011/2603/8056 2015/2604/8057 2014/2605/8058
f 2016/2606/8059 2015/2604/8060 2011/2603/8061 1991/2607/8062
f 2017/2608/8063 2016/2606/8064 1991/2607/8065 1938/2609/8066
f 1936/2587/8067 2018/2610/8068 2218/2611/8069 2219/2588/8070
f 2092/2612/8071 2093/2613/8072 2018/2614/8073 1936/2615/8074
f 1971/2582/8075 2019/2616/8076 2093/2613/8077 2092/2612/8078
f 2020/2617/8079 2019/2616/8080 1971/2582/8081 1967/2580/8082
f 2021/2618/8083 2020/2617/8084 1967/2580/8085 1943/2578/8086
f 2022/2619/8087 2021/2618/8088 1943/2578/8089 1959/2576/8090
f 2023/2620/8091 2022/2619/8092 1959/2576/8093 1947/2574/8094
f 2024/2621/8095 2023/2620/8096 1947/2574/8097 1955/2572/8098
f 2025/2622/8099 2024/2621/8100 1955/2572/8101 1963/2568/8102
f 2026/2623/8103 2025/2622/8104 1963/2568/8105 1951/2571/8106
f 1982/2570/8107 2027/2624/8108 2026/2623/8109 1951/2571/8110
f 2002/2543/8111 2028/2625/8112 2027/2624/8113 1982/2570/8114
f 2029/2626/8115 2028/2625/8116 2002/2543/8117 1952/2544/8118
f 1962/2539/8119 2030/2627/8120 2029/2626/8121 1952/2544/8122
f 1954/2533/8123 2031/2628/8124 2030/2627/8125 1962/2539/8126
f 1948/2532/8127 2032/2629/8128 2031/2628/8129 1954/2533/8130
f 1958/2519/8131 2033/2630/8132 2032/2629/8133 1948/2532/8134
f 1944/2518/8135 2034/2631/8136 2033/2630/8137 1958/2519/8138
f 1966/2550/8139 2035/2632/8140 2034/2631/8141 1944/2518/8142
f 1970/2556/8143 2036/2633/8144 2035/2632/8145 1966/2550/8146
f 2087/2634/8147 2088/2598/8148 2013/2597/8149 2061/2635/8150
f 2223/2600/8151 2224/2636/8152 2061/2637/8153 2013/2601/8154
f 2014/2605/8155 2015/2604/8156 2083/2638/8157 2084/2639/8158
f 2082/2640/8159 2083/2638/8160 2015/2604/8161 2016/2606/8162
f 2081/2641/8163 2082/2640/8164 2016/2606/8165 2017/2608/8166
f 2217/2642/8167 2218/2611/8168 2018/2610/8169 2080/2643/8170
f 2093/2613/8171 2094/2644/8172 2080/2645/8173 2018/2614/8174
f 2093/2613/8175 2019/2616/8176 2079/2646/8177 2094/2644/8178
f 2078/2647/8179 2079/2646/8180 2019/2616/8181 2020/2617/8182
f 2077/2648/8183 2078/2647/8184 2020/2617/8185 2021/2618/8186
f 2076/2649/8187 2077/2648/8188 2021/2618/8189 2022/2619/8190
f 2075/2650/8191 2076/2649/8192 2022/2619/8193 2023/2620/8194
f 2074/2651/8195 2075/2650/8196 2023/2620/8197 2024/2621/8198
f 2073/2652/8199 2074/2651/8200 2024/2621/8201 2025/2622/8202
f 2072/2653/8203 2073/2652/8204 2025/2622/8205 2026/2623/8206
f 2026/2623/8207 2027/2624/8208 2071/2654/8209 2072/2653/8210
f 2027/2624/8211 2028/2625/8212 2070/2655/8213 2071/2654/8214
f 2069/2656/8215 2070/2655/8216 2028/2625/8217 2029/2626/8218
f 2029/2626/8219 2030/2627/8220 2068/2657/8221 2069/2656/8222
f 2030/2627/8223 2031/2628/8224 2067/2658/8225 2068/2657/8226
f 2031/2628/8227 2032/2629/8228 2066/2659/8229 2067/2658/8230
f 2032/2629/8231 2033/2630/8232 2065/2660/8233 2066/2659/8234
f 2033/2630/8235 2034/2631/8236 2064/2661/8237 2065/2660/8238
f 2034/2631/8239 2035/2632/8240 2063/2662/8241 2064/2661/8242
f 2035/2632/8243 2036/2633/8244 2062/2663/8245 2063/2662/8246
f 2086/2490/8247 2087/2634/8248 2061/2635/8249 2037/2491/8250
f 2063/2662/8251 2062/2663/8252 2060/2554/8253 2059/2547/8254
f 2064/2661/8255 2063/2662/8256 2059/2547/8257 2058/2521/8258
f 2065/2660/8259 2064/2661/8260 2058/2521/8261 2057/2520/8262
f 2066/2659/8263 2065/2660/8264 2057/2520/8265 2056/2535/8266
f 2067/2658/8267 2066/2659/8268 2056/2535/8269 2055/2534/8270
f 2068/2657/8271 2067/2658/8272 2055/2534/8273 2054/2536/8274
f 2069/2656/8275 2068/2657/8276 2054/2536/8277 2053/2477/8278
f 2053/2477/8279 2052/2476/8280 2070/2655/8281 2069/2656/8282
f 2071/2654/8283 2070/2655/8284 2052/2476/8285 2051/2567/8286
f 2072/2653/8287 2071/2654/8288 2051/2567/8289 2050/2545/8290
f 2050/2545/8291 2049/2540/8292 2073/2652/8293 2072/2653/8294
f 2049/2540/8295 2048/2528/8296 2074/2651/8297 2073/2652/8298
f 2048/2528/8299 2047/2527/8300 2075/2650/8301 2074/2651/8302
f 2047/2527/8303 2046/2514/8304 2076/2649/8305 2075/2650/8306
f 2046/2514/8307 2045/2513/8308 2077/2648/8309 2076/2649/8310
f 2045/2513/8311 2044/2552/8312 2078/2647/8313 2077/2648/8314
f 2044/2552/8315 2043/2506/8316 2079/2646/8317 2078/2647/8318
f 2079/2646/8319 2043/2506/8320 2095/2488/8321 2094/2644/8322
f 2094/2644/8323 2095/2488/8324 2042/2487/8325 2080/2645/8326
f 2216/2495/8327 2217/2642/8328 2080/2643/8329 2042/2496/8330
f 2041/2592/8331 2040/2591/8332 2082/2640/8333 2081/2641/8334
f 2040/2591/8335 2039/2483/8336 2083/2638/8337 2082/2640/8338
f 2084/2639/8339 2083/2638/8340 2039/2483/8341 2038/2482/8342
f 2224/2636/8343 2211/2503/8344 2037/2502/8345 2061/2637/8346
f 2060/2554/8347 2086/2490/8348 2085/2473/8349 1969/2505/8350
f 2087/2634/8351 2086/2490/8352 2060/2554/8353 2062/2663/8354
f 2036/2633/8355 2088/2598/8356 2087/2634/8357 2062/2663/8358
f 1970/2556/8359 2089/2599/8360 2088/2598/8361 2036/2633/8362
f 2009/2555/8363 2090/2479/8364 2089/2478/8365 1970/2556/8366
f 1989/2583/8367 2091/2585/8368 2090/2479/8369 2009/2555/8370
f 1971/2582/8371 2092/2586/8372 2091/2585/8373 1989/2583/8374
f 2237/2664/8375 2100/2665/8376 2099/2666/8377 2236/2667/8378
f 2238/2668/8379 2101/2669/8380 2100/2665/8381 2237/2664/8382
f 2238/2668/8383 2225/2670/8384 2102/2671/8385 2101/2669/8386
f 2103/2672/8387 2102/2671/8388 2225/2670/8389 2226/2673/8390
f 2227/2674/8391 2104/2675/8392 2103/2672/8393 2226/2673/8394
f 2228/2676/8395 2105/2677/8396 2104/2675/8397 2227/2674/8398
f 2106/2678/8399 2105/2677/8400 2228/2676/8401 2229/2679/8402
f 2230/2680/8403 2107/2681/8404 2106/2678/8405 2229/2679/8406
f 2231/2682/8407 2108/2683/8408 2107/2681/8409 2230/2680/8410
f 2232/2684/8411 2109/2685/8412 2108/2683/8413 2231/2682/8414
f 2110/2686/8415 2109/2685/8416 2232/2684/8417 2233/2687/8418
f 2234/2688/8419 2111/2689/8420 2110/2686/8421 2233/2687/8422
f 2235/2690/8423 2112/2691/8424 2111/2689/8425 2234/2688/8426
f 2099/2666/8427 2112/2691/8428 2235/2690/8429 2236/2667/8430
f 2127/2692/8431 2128/2693/8432 2129/2694/8433 2130/2695/8434
f 2128/2693/8435 2131/2696/8436 2132/2697/8437 2129/2694/8438
f 2131/2696/8439 2133/2698/8440 2134/2699/8441 2132/2697/8442
f 2135/2700/8443 2134/2699/8444 2133/2698/8445 2136/2701/8446
f 2136/2701/8447 2137/2702/8448 2138/2703/8449 2135/2700/8450
f 2137/2702/8451 2139/2704/8452 2140/2705/8453 2138/2703/8454
f 2141/2706/8455 2140/2705/8456 2139/2704/8457 2142/2707/8458
f 2142/2707/8459 2143/2708/8460 2144/2709/8461 2141/2706/8462
f 2143/2708/8463 2145/2710/8464 2146/2711/8465 2144/2709/8466
f 2145/2710/8467 2147/2712/8468 2148/2713/8469 2146/2711/8470
f 2149/2714/8471 2148/2713/8472 2147/2712/8473 2150/2715/8474
f 2150/2715/8475 2151/2716/8476 2152/2717/8477 2149/2714/8478
f 2151/2716/8479 2153/2718/8480 2154/2719/8481 2152/2717/8482
f 2130/2695/8483 2154/2719/8484 2153/2718/8485 2127/2692/8486
f 2099/2666/8487 2100/2665/8488 2200/2720/8489 2201/2721/8490
f 2114/2722/8491 2113/2723/8492 2180/2724/8493 2181/2725/8494
f 2100/2665/8495 2101/2669/8496 2199/2726/8497 2200/2720/8498
f 2115/2727/8499 2114/2722/8500 2181/2725/8501 2182/2728/8502
f 2101/2669/8503 2102/2671/8504 2198/2729/8505 2199/2726/8506
f 2116/2730/8507 2115/2727/8508 2182/2728/8509 2169/2731/8510
f 2117/2732/8511 2116/2730/8512 2169/2731/8513 2170/2733/8514
f 2102/2671/8515 2103/2672/8516 2197/2734/8517 2198/2729/8518
f 2103/2672/8519 2104/2675/8520 2210/2735/8521 2197/2734/8522
f 2118/2736/8523 2117/2732/8524 2170/2733/8525 2171/2737/8526
f 2104/2675/8527 2105/2677/8528 2209/2738/8529 2210/2735/8530
f 2119/2739/8531 2118/2736/8532 2171/2737/8533 2172/2740/8534
f 2120/2741/8535 2119/2739/8536 2172/2740/8537 2173/2742/8538
f 2105/2677/8539 2106/2678/8540 2208/2743/8541 2209/2738/8542
f 2106/2678/8543 2107/2681/8544 2207/2744/8545 2208/2743/8546
f 2121/2745/8547 2120/2741/8548 2173/2742/8549 2174/2746/8550
f 2107/2681/8551 2108/2683/8552 2206/2747/8553 2207/2744/8554
f 2122/2748/8555 2121/2745/8556 2174/2746/8557 2175/2749/8558
f 2108/2683/8559 2109/2685/8560 2205/2750/8561 2206/2747/8562
f 2123/2751/8563 2122/2748/8564 2175/2749/8565 2176/2752/8566
f 2124/2753/8567 2123/2751/8568 2176/2752/8569 2177/2754/8570
f 2109/2685/8571 2110/2686/8572 2204/2755/8573 2205/2750/8574
f 2110/2686/8575 2111/2689/8576 2203/2756/8577 2204/2755/8578
f 2125/2757/8579 2124/2753/8580 2177/2754/8581 2178/2758/8582
f 2111/2689/8583 2112/2691/8584 2202/2759/8585 2203/2756/8586
f 2126/2760/8587 2125/2757/8588 2178/2758/8589 2179/2761/8590
f 2113/2723/8591 2126/2760/8592 2179/2761/8593 2180/2724/8594
f 2112/2691/8595 2099/2666/8596 2201/2721/8597 2202/2759/8598
f 2156/2762/8599 2155/2763/8600 2134/2699/8601 2135/2700/8602
f 2157/2764/8603 2156/2762/8604 2135/2700/8605 2138/2703/8606
f 2158/2765/8607 2157/2764/8608 2138/2703/8609 2140/2705/8610
f 2159/2766/8611 2158/2765/8612 2140/2705/8613 2141/2706/8614
f 2160/2767/8615 2159/2766/8616 2141/2706/8617 2144/2709/8618
f 2161/2768/8619 2160/2767/8620 2144/2709/8621 2146/2711/8622
f 2162/2769/8623 2161/2768/8624 2146/2711/8625 2148/2713/8626
f 2163/2770/8627 2162/2769/8628 2148/2713/8629 2149/2714/8630
f 2164/2771/8631 2163/2770/8632 2149/2714/8633 2152/2717/8634
f 2165/2772/8635 2164/2771/8636 2152/2717/8637 2154/2719/8638
f 2166/2773/8639 2165/2772/8640 2154/2719/8641 2130/2695/8642
f 2167/2774/8643 2166/2773/8644 2130/2695/8645 2129/2694/8646
f 2168/2775/8647 2167/2774/8648 2129/2694/8649 2132/2697/8650
f 2155/2763/8651 2168/2775/8652 2132/2697/8653 2134/2699/8654
f 2170/2733/8655 2169/2731/8656 2155/2763/8657 2156/2762/8658
f 2171/2737/8659 2170/2733/8660 2156/2762/8661 2157/2764/8662
f 2172/2740/8663 2171/2737/8664 2157/2764/8665 2158/2765/8666
f 2173/2742/8667 2172/2740/8668 2158/2765/8669 2159/2766/8670
f 2174/2746/8671 2173/2742/8672 2159/2766/8673 2160/2767/8674
f 2175/2749/8675 2174/2746/8676 2160/2767/8677 2161/2768/8678
f 2176/2752/8679 2175/2749/8680 2161/2768/8681 2162/2769/8682
f 2177/2754/8683 2176/2752/8684 2162/2769/8685 2163/2770/8686
f 2178/2758/8687 2177/2754/8688 2163/2770/8689 2164/2771/8690
f 2179/2761/8691 2178/2758/8692 2164/2771/8693 2165/2772/8694
f 2180/2724/8695 2179/2761/8696 2165/2772/8697 2166/2773/8698
f 2181/2725/8699 2180/2724/8700 2166/2773/8701 2167/2774/8702
f 2182/2728/8703 2181/2725/8704 2167/2774/8705 2168/2775/8706
f 2169/2731/8707 2182/2728/8708 2168/2775/8709 2155/2763/8710
f 2184/2776/8711 2183/2777/8712 2133/2698/8713 2131/2696/8714
f 2185/2778/8715 2184/2776/8716 2131/2696/8717 2128/2693/8718
f 2186/2779/8719 2185/2778/8720 2128/2693/8721 2127/2692/8722
f 2187/2780/8723 2186/2779/8724 2127/2692/8725 2153/2718/8726
f 2188/2781/8727 2187/2780/8728 2153/2718/8729 2151/2716/8730
f 2189/2782/8731 2188/2781/8732 2151/2716/8733 2150/2715/8734
f 2190/2783/8735 2189/2782/8736 2150/2715/8737 2147/2712/8738
f 2191/2784/8739 2190/2783/8740 2147/2712/8741 2145/2710/8742
f 2192/2785/8743 2191/2784/8744 2145/2710/8745 2143/2708/8746
f 2193/2786/8747 2192/2785/8748 2143/2708/8749 2142/2707/8750
f 2194/2787/8751 2193/2786/8752 2142/2707/8753 2139/2704/8754
f 2195/2788/8755 2194/2787/8756 2139/2704/8757 2137/2702/8758
f 2196/2789/8759 2195/2788/8760 2137/2702/8761 2136/2701/8762
f 2183/2777/8763 2196/2789/8764 2136/2701/8765 2133/2698/8766
f 2198/2729/8767 2197/2734/8768 2196/2789/8769 2183/2777/8770
f 2199/2726/8771 2198/2729/8772 2183/2777/8773 2184/2776/8774
f 2200/2720/8775 2199/2726/8776 2184/2776/8777 2185/2778/8778
f 2201/2721/8779 2200/2720/8780 2185/2778/8781 2186/2779/8782
f 2202/2759/8783 2201/2721/8784 2186/2779/8785 2187/2780/8786
f 2203/2756/8787 2202/2759/8788 2187/2780/8789 2188/2781/8790
f 2204/2755/8791 2203/2756/8792 2188/2781/8793 2189/2782/8794
f 2205/2750/8795 2204/2755/8796 2189/2782/8797 2190/2783/8798
f 2206/2747/8799 2205/2750/8800 2190/2783/8801 2191/2784/8802
f 2207/2744/8803 2206/2747/8804 2191/2784/8805 2192/2785/8806
f 2208/2743/8807 2207/2744/8808 2192/2785/8809 2193/2786/8810
f 2209/2738/8811 2208/2743/8812 2193/2786/8813 2194/2787/8814
f 2210/2735/8815 2209/2738/8816 2194/2787/8817 2195/2788/8818
f 2197/2734/8819 2210/2735/8820 2195/2788/8821 2196/2789/8822
f 2212/2498/8823 2211/2503/8824 2116/2730/8825 2117/2732/8826
f 2117/2732/8827 2118/2736/8828 2213/2499/8829 2212/2498/8830
f 2118/2736/8831 2119/2739/8832 2214/2595/8833 2213/2499/8834
f 2215/2494/8835 2214/2595/8836 2119/2739/8837 2120/2741/8838
f 2120/2741/8839 2121/2745/8840 2216/2495/8841 2215/2494/8842
f 2121/2745/8843 2122/2748/8844 2217/2642/8845 2216/2495/8846
f 2122/2748/8847 2123/2751/8848 2218/2611/8849 2217/2642/8850
f 2219/2588/8851 2218/2611/8852 2123/2751/8853 2124/2753/8854
f 2124/2753/8855 2125/2757/8856 2220/2589/8857 2219/2588/8858
f 2125/2757/8859 2126/2760/8860 2221/2492/8861 2220/2589/8862
f 2222/2493/8863 2221/2492/8864 2126/2760/8865 2113/2723/8866
f 2113/2723/8867 2114/2722/8868 2223/2600/8869 2222/2493/8870
f 2114/2722/8871 2115/2727/8872 2224/2636/8873 2223/2600/8874
f 2115/2727/8875 2116/2730/8876 2211/2503/8877 2224/2636/8878
f 2226/2673/8879 2225/2670/8880 2038/2482/8881 1940/2485/8882
f 2012/2484/8883 2227/2674/8884 2226/2673/8885 1940/2485/8886
f 1992/2590/8887 2228/2676/8888 2227/2674/8889 2012/2484/8890
f 2229/2679/8891 2228/2676/8892 1992/2590/8893 1939/2593/8894
f 2041/2592/8895 2230/2680/8896 2229/2679/8897 1939/2593/8898
f 2081/2641/8899 2231/2682/8900 2230/2680/8901 2041/2592/8902
f 2017/2608/8903 2232/2684/8904 2231/2682/8905 2081/2641/8906
f 2233/2687/8907 2232/2684/8908 2017/2608/8909 1938/2609/8910
f 1991/2607/8911 2234/2688/8912 2233/2687/8913 1938/2609/8914
f 2011/2603/8915 2235/2690/8916 2234/2688/8917 1991/2607/8918
f 2236/2667/8919 2235/2690/8920 2011/2603/8921 1937/2602/8922
f 2014/2605/8923 2237/2664/8924 2236/2667/8925 1937/2602/8926
f 2084/2639/8927 2238/2668/8928 2237/2664/8929 2014/2605/8930
f 2038/2482/8931 2225/2670/8932 2238/2668/8933 2084/2639/8934
g default
v 2.837765 2.046033 -2.519219
v 2.236174 2.046033 -2.519219
v 2.236174 2.818938 -2.847147
v 2.236174 3.489005 -3.127153
v 2.837765 3.489005 -3.127153
v 2.837765 2.818938 -2.847146
v 2.837765 2.045427 -2.489922
v 2.236174 2.045427 -2.489922
v 2.236174 2.831299 -2.817486
v 2.236174 3.510956 -3.100535
v 2.837765 3.510956 -3.100535
v 2.837765 2.831299 -2.817486
vt 0.375000 0.786716
vt 0.625000 0.786716
vt 0.625000 0.789917
vt 0.375000 0.789917
vt 0.161716 0.118586
vt 0.161716 0.000000
vt 0.164917 0.000000
vt 0.164917 0.118586
vt 0.161716 0.250000
vt 0.164917 0.250000
vt 0.375000 0.460083
vt 0.625000 0.460083
vt 0.625000 0.463284
vt 0.375000 0.463284
vt 0.835083 0.250000
vt 0.835083 0.118586
vt 0.838284 0.118586
vt 0.838284 0.250000
vt 0.838284 0.000000
vt 0.835083 0.000000
vn 0.000000 -0.999786 -0.020679
vn 0.000000 -0.999786 -0.020679
vn 0.000000 -0.999786 -0.020679
vn 0.000000 -0.999786 -0.020679
vn -1.000000 0.000000 0.000000
vn -1.000000 0.000000 0.000000
vn -1.000000 0.000000 0.000000
vn -1.000000 0.000000 0.000000
vn -1.000000 0.000000 0.000000
vn -1.000000 0.000000 0.000000
vn -1.000000 0.000000 0.000000
vn -1.000000 0.000000 0.000000
vn 0.000000 0.771492 -0.636240
vn 0.000000 0.771492 -0.636240
vn 0.000000 0.771492 -0.636240
vn 0.000000 0.771492 -0.636240
vn 1.000000 -0.000000 0.000000
vn 1.000000 -0.000000 0.000000
vn 1.000000 0.000000 0.000000
vn 1.000000 -0.000000 0.000000
vn 1.000000 0.000000 0.000000
vn 1.000000 0.000000 0.000000
vn 1.000000 -0.000000 0.000000
vn 1.000000 0.000000 0.000000
s off
g group1 robot:robotpCube9
usemtl robot:aiStandardSurface1SG
f 2240/2790/8935 2239/2791/8936 2245/2792/8937 2246/2793/8938
f 2241/2794/8939 2240/2795/8940 2246/2796/8941 2247/2797/8942
f 2242/2798/8943 2241/2794/8944 2247/2797/8945 2248/2799/8946
f 2248/2800/8947 2249/2801/8948 2243/2802/8949 2242/2803/8950
f 2249/2804/8951 2250/2805/8952 2244/2806/8953 2243/2807/8954
f 2239/2808/8955 2244/2806/8956 2250/2805/8957 2245/2809/8958
g default
v -0.206250 7.064749 -2.800858
v -0.266962 7.243916 -2.747814
v -0.365196 7.407063 -2.699514
v -0.496660 7.547060 -2.658067
v -0.655606 7.657791 -2.625285
v -0.835089 7.734415 -2.602600
v -1.027264 7.773582 -2.591004
v -1.223733 7.773582 -2.591004
v -1.415908 7.734415 -2.602600
v -1.595391 7.657791 -2.625285
v -1.754338 7.547060 -2.658067
v -1.885801 7.407063 -2.699514
v -1.984035 7.243916 -2.747814
v -2.044747 7.064749 -2.800858
v -2.065284 6.877395 -2.856324
v -0.185714 6.877395 -2.856324
v -0.206250 6.986742 -2.537368
v -0.266962 7.165908 -2.484325
v -0.365196 7.329055 -2.436024
v -0.496660 7.469053 -2.394577
v -0.655606 7.579783 -2.361795
v -0.835089 7.656408 -2.339110
v -1.027264 7.695575 -2.327514
v -1.223733 7.695575 -2.327514
v -1.415908 7.656408 -2.339110
v -1.595391 7.579783 -2.361795
v -1.754338 7.469053 -2.394577
v -1.885801 7.329055 -2.436024
v -1.984035 7.165908 -2.484325
v -2.044747 6.986742 -2.537368
v -2.065284 6.799388 -2.592835
v -0.185714 6.799388 -2.592835
v -0.417443 7.021705 -2.813601
v -0.464207 7.159709 -2.772744
v -0.539873 7.285373 -2.735541
v -0.641133 7.393207 -2.703616
v -0.763562 7.478499 -2.678365
v -0.901810 7.537519 -2.660892
v -1.049833 7.567688 -2.651960
v -1.201164 7.567688 -2.651960
v -1.349188 7.537519 -2.660892
v -1.487436 7.478499 -2.678365
v -1.609865 7.393207 -2.703616
v -1.711125 7.285373 -2.735541
v -1.786790 7.159709 -2.772744
v -1.833554 7.021705 -2.813601
v -1.849373 6.877395 -2.856324
v -0.401626 6.877395 -2.856324
v -0.417443 6.943698 -2.550112
v -0.464207 7.081702 -2.509255
v -0.539873 7.207366 -2.472051
v -0.641133 7.315200 -2.440126
v -0.763562 7.400491 -2.414875
v -0.901810 7.459511 -2.397402
v -1.049833 7.489681 -2.388471
v -1.201164 7.489681 -2.388471
v -1.349188 7.459511 -2.397402
v -1.487436 7.400491 -2.414875
v -1.609865 7.315200 -2.440126
v -1.711125 7.207366 -2.472051
v -1.786790 7.081702 -2.509255
v -1.833554 6.943698 -2.550112
v -1.849373 6.799388 -2.592835
v -0.401626 6.799388 -2.592835
v -2.065284 6.711261 -2.856325
v -2.065284 6.633253 -2.592835
v -1.849373 6.711261 -2.856325
v -1.849373 6.633253 -2.592835
v -0.185714 6.633253 -2.592835
v -0.401626 6.633253 -2.592835
v -0.401626 6.711261 -2.856325
v -0.185714 6.711261 -2.856325
vt 0.375000 0.312500
vt 0.383333 0.312500
vt 0.383333 0.687500
vt 0.375000 0.687500
vt 0.391667 0.312500
vt 0.391667 0.687500
vt 0.400000 0.312500
vt 0.400000 0.687500
vt 0.408333 0.312500
vt 0.408333 0.687500
vt 0.416667 0.312500
vt 0.416667 0.687500
vt 0.425000 0.312500
vt 0.425000 0.687500
vt 0.433333 0.312500
vt 0.433333 0.687500
vt 0.441667 0.312500
vt 0.441667 0.687500
vt 0.450000 0.312500
vt 0.450000 0.687500
vt 0.458333 0.312500
vt 0.458333 0.687500
vt 0.466667 0.312500
vt 0.466667 0.687500
vt 0.475000 0.312500
vt 0.475000 0.687500
vt 0.483333 0.312500
vt 0.483333 0.687500
vt 0.491667 0.312500
vt 0.491667 0.687500
vt 0.616666 0.312500
vt 0.625000 0.312500
vt 0.625000 0.687500
vt 0.616666 0.687500
vt 0.642742 0.092697
vt 0.652836 0.123764
vt 0.652836 0.123764
vt 0.642742 0.092697
vt 0.626409 0.064408
vt 0.626409 0.064408
vt 0.604552 0.040134
vt 0.604552 0.040134
vt 0.578125 0.020933
vt 0.578125 0.020933
vt 0.548284 0.007647
vt 0.548284 0.007647
vt 0.516333 0.000856
vt 0.516333 0.000856
vt 0.483667 0.000856
vt 0.483667 0.000856
vt 0.451716 0.007647
vt 0.451716 0.007647
vt 0.421875 0.020933
vt 0.421875 0.020933
vt 0.395448 0.040134
vt 0.395448 0.040134
vt 0.373591 0.064408
vt 0.373591 0.064408
vt 0.357258 0.092697
vt 0.357258 0.092697
vt 0.347164 0.123764
vt 0.347164 0.123764
vt 0.343750 0.156250
vt 0.343750 0.156250
vt 0.656250 0.156250
vt 0.656250 0.156250
vt 0.652836 0.876236
vt 0.642742 0.907303
vt 0.642742 0.907303
vt 0.652836 0.876236
vt 0.626409 0.935591
vt 0.626409 0.935591
vt 0.604552 0.959866
vt 0.604552 0.959866
vt 0.578125 0.979066
vt 0.578125 0.979066
vt 0.548284 0.992353
vt 0.548284 0.992353
vt 0.516333 0.999144
vt 0.516333 0.999144
vt 0.483667 0.999144
vt 0.483667 0.999144
vt 0.451716 0.992353
vt 0.451716 0.992353
vt 0.421875 0.979066
vt 0.421875 0.979066
vt 0.395448 0.959866
vt 0.395448 0.959866
vt 0.373591 0.935591
vt 0.373591 0.935591
vt 0.357258 0.907303
vt 0.357258 0.907303
vt 0.347164 0.876236
vt 0.347164 0.876236
vt 0.343750 0.843750
vt 0.343750 0.843750
vt 0.656250 0.843750
vt 0.656250 0.843750
vt 0.491667 0.687500
vt 0.343750 0.156250
vt 0.343750 0.156250
vt 0.343750 0.843750
vt 0.656250 0.843750
vt 0.656250 0.843750
vt 0.656250 0.156250
vt 0.616666 0.312500
vn 0.951057 0.296303 0.087722
vn 0.951057 0.296303 0.087722
vn 0.951057 0.296303 0.087722
vn 0.951057 0.296303 0.087722
vn 0.913546 0.390004 0.115462
vn 0.809016 0.563606 0.166858
vn 0.809016 0.563606 0.166858
vn 0.913546 0.390004 0.115462
vn 0.809016 0.563606 0.166858
vn 0.669130 0.712574 0.210960
vn 0.669130 0.712573 0.210960
vn 0.809016 0.563606 0.166858
vn 0.669130 0.712574 0.210960
vn 0.500001 0.830398 0.245843
vn 0.500002 0.830397 0.245842
vn 0.669130 0.712573 0.210960
vn 0.500001 0.830398 0.245843
vn 0.309018 0.911931 0.269981
vn 0.309018 0.911931 0.269981
vn 0.500002 0.830397 0.245842
vn 0.309018 0.911931 0.269981
vn 0.104529 0.953609 0.282320
vn 0.104528 0.953609 0.282320
vn 0.309018 0.911931 0.269981
vn 0.104529 0.953609 0.282320
vn -0.104529 0.953608 0.282320
vn -0.104528 0.953609 0.282320
vn 0.104528 0.953609 0.282320
vn -0.104529 0.953608 0.282320
vn -0.309018 0.911931 0.269981
vn -0.309018 0.911931 0.269981
vn -0.104528 0.953609 0.282320
vn -0.309018 0.911931 0.269981
vn -0.500001 0.830398 0.245843
vn -0.500002 0.830397 0.245842
vn -0.309018 0.911931 0.269981
vn -0.500001 0.830398 0.245843
vn -0.669130 0.712574 0.210960
vn -0.669130 0.712573 0.210960
vn -0.500002 0.830397 0.245842
vn -0.669130 0.712574 0.210960
vn -0.809016 0.563606 0.166858
vn -0.809016 0.563606 0.166858
vn -0.669130 0.712573 0.210960
vn -0.809016 0.563606 0.166858
vn -0.913546 0.390003 0.115462
vn -0.913546 0.390003 0.115462
vn -0.809016 0.563606 0.166858
vn -0.913546 0.390003 0.115462
vn -0.978148 0.199358 0.059021
vn -0.978148 0.199358 0.059021
vn -0.913546 0.390003 0.115462
vn -0.978148 0.199358 0.059021
vn -0.994522 0.100229 0.029673
vn -0.994522 0.100229 0.029673
vn -0.978148 0.199358 0.059021
vn 0.994522 0.100224 0.029672
vn 0.978148 0.199356 0.059020
vn 0.978148 0.199355 0.059020
vn 0.994522 0.100224 0.029672
vn 0.000001 0.283877 -0.958861
vn 0.000001 0.283877 -0.958861
vn 0.000001 0.283877 -0.958861
vn 0.000001 0.283877 -0.958861
vn 0.000000 0.283876 -0.958861
vn 0.000000 0.283876 -0.958861
vn 0.000000 0.283876 -0.958861
vn 0.000000 0.283876 -0.958861
vn 0.000000 0.283876 -0.958861
vn 0.000000 0.283876 -0.958861
vn 0.000000 0.283876 -0.958861
vn 0.000000 0.283876 -0.958861
vn 0.000002 0.283876 -0.958861
vn 0.000002 0.283876 -0.958861
vn 0.000002 0.283876 -0.958861
vn 0.000002 0.283876 -0.958861
vn 0.000002 0.283876 -0.958861
vn 0.000002 0.283876 -0.958861
vn 0.000002 0.283876 -0.958861
vn 0.000002 0.283876 -0.958861
vn -0.000003 0.283876 -0.958861
vn -0.000003 0.283876 -0.958861
vn -0.000003 0.283876 -0.958861
vn -0.000003 0.283876 -0.958861
vn 0.000000 0.283876 -0.958861
vn 0.000000 0.283876 -0.958861
vn 0.000000 0.283876 -0.958861
vn 0.000000 0.283876 -0.958861
vn 0.000003 0.283876 -0.958861
vn 0.000003 0.283876 -0.958861
vn 0.000003 0.283876 -0.958861
vn 0.000003 0.283876 -0.958861
vn -0.000002 0.283876 -0.958861
vn -0.000002 0.283876 -0.958861
vn -0.000002 0.283876 -0.958861
vn -0.000002 0.283876 -0.958861
vn -0.000002 0.283876 -0.958861
vn -0.000002 0.283876 -0.958861
vn -0.000002 0.283876 -0.958861
vn -0.000002 0.283876 -0.958861
vn 0.000000 0.283876 -0.958861
vn 0.000000 0.283876 -0.958861
vn 0.000000 0.283876 -0.958861
vn 0.000000 0.283876 -0.958861
vn 0.000000 0.283876 -0.958861
vn 0.000000 0.283876 -0.958861
vn 0.000000 0.283876 -0.958861
vn 0.000000 0.283876 -0.958861
vn -0.000001 0.283877 -0.958861
vn -0.000001 0.283877 -0.958861
vn -0.000001 0.283877 -0.958861
vn -0.000001 0.283877 -0.958861
vn -0.000001 0.283874 -0.958862
vn -0.000001 0.283874 -0.958862
vn -0.000001 0.283874 -0.958862
vn -0.000001 0.283874 -0.958862
vn 0.000001 0.283874 -0.958862
vn 0.000001 0.283874 -0.958862
vn 0.000001 0.283874 -0.958862
vn 0.000001 0.283874 -0.958862
vn -0.000002 -0.283875 0.958861
vn -0.000002 -0.283875 0.958861
vn -0.000002 -0.283875 0.958861
vn -0.000002 -0.283875 0.958861
vn 0.000002 -0.283878 0.958860
vn 0.000002 -0.283878 0.958860
vn 0.000002 -0.283878 0.958860
vn 0.000002 -0.283878 0.958860
vn 0.000000 -0.283876 0.958861
vn 0.000000 -0.283876 0.958861
vn 0.000000 -0.283876 0.958861
vn 0.000000 -0.283876 0.958861
vn -0.000001 -0.283874 0.958862
vn -0.000001 -0.283874 0.958862
vn -0.000001 -0.283874 0.958862
vn -0.000001 -0.283874 0.958862
vn 0.000001 -0.283873 0.958862
vn 0.000001 -0.283873 0.958862
vn 0.000001 -0.283873 0.958862
vn 0.000001 -0.283873 0.958862
vn 0.000000 -0.283876 0.958861
vn 0.000000 -0.283876 0.958861
vn 0.000000 -0.283876 0.958861
vn 0.000000 -0.283876 0.958861
vn 0.000000 -0.283878 0.958860
vn 0.000000 -0.283878 0.958860
vn 0.000000 -0.283878 0.958860
vn 0.000000 -0.283878 0.958860
vn 0.000000 -0.283876 0.958861
vn 0.000000 -0.283876 0.958861
vn 0.000000 -0.283876 0.958861
vn 0.000000 -0.283876 0.958861
vn -0.000001 -0.283873 0.958862
vn -0.000001 -0.283873 0.958862
vn -0.000001 -0.283873 0.958862
vn -0.000001 -0.283873 0.958862
vn 0.000001 -0.283874 0.958862
vn 0.000001 -0.283874 0.958862
vn 0.000001 -0.283874 0.958862
vn 0.000001 -0.283874 0.958862
vn 0.000000 -0.283876 0.958861
vn 0.000000 -0.283876 0.958861
vn 0.000000 -0.283876 0.958861
vn 0.000000 -0.283876 0.958861
vn -0.000002 -0.283878 0.958860
vn -0.000002 -0.283878 0.958860
vn -0.000002 -0.283878 0.958860
vn -0.000002 -0.283878 0.958860
vn 0.000002 -0.283875 0.958861
vn 0.000002 -0.283875 0.958861
vn 0.000002 -0.283875 0.958861
vn 0.000002 -0.283875 0.958861
vn 0.000001 -0.283874 0.958862
vn 0.000001 -0.283874 0.958862
vn 0.000001 -0.283874 0.958862
vn 0.000001 -0.283874 0.958862
vn -0.000001 -0.283874 0.958862
vn -0.000001 -0.283874 0.958862
vn -0.000001 -0.283874 0.958862
vn -0.000001 -0.283874 0.958862
vn -0.978148 -0.199355 -0.059020
vn -0.978148 -0.199356 -0.059020
vn -0.994522 -0.100224 -0.029672
vn -0.994522 -0.100224 -0.029672
vn -0.809015 -0.563607 -0.166858
vn -0.809016 -0.563606 -0.166858
vn -0.913546 -0.390003 -0.115462
vn -0.913545 -0.390005 -0.115462
vn -0.913545 -0.390005 -0.115462
vn -0.913546 -0.390003 -0.115462
vn -0.978148 -0.199356 -0.059020
vn -0.978148 -0.199355 -0.059020
vn -0.669131 -0.712572 -0.210960
vn -0.669131 -0.712572 -0.210961
vn -0.809016 -0.563606 -0.166858
vn -0.809015 -0.563607 -0.166858
vn -0.500002 -0.830397 -0.245844
vn -0.500001 -0.830397 -0.245844
vn -0.669131 -0.712572 -0.210961
vn -0.669131 -0.712572 -0.210960
vn -0.309018 -0.911931 -0.269982
vn -0.309018 -0.911931 -0.269982
vn -0.500001 -0.830397 -0.245844
vn -0.500002 -0.830397 -0.245844
vn -0.104530 -0.953609 -0.282320
vn -0.104530 -0.953609 -0.282320
vn -0.309018 -0.911931 -0.269982
vn -0.309018 -0.911931 -0.269982
vn 0.104530 -0.953609 -0.282320
vn 0.104530 -0.953609 -0.282320
vn -0.104530 -0.953609 -0.282320
vn -0.104530 -0.953609 -0.282320
vn 0.309018 -0.911931 -0.269982
vn 0.309018 -0.911931 -0.269982
vn 0.104530 -0.953609 -0.282320
vn 0.104530 -0.953609 -0.282320
vn 0.500002 -0.830397 -0.245844
vn 0.500002 -0.830397 -0.245844
vn 0.309018 -0.911931 -0.269982
vn 0.309018 -0.911931 -0.269982
vn 0.669131 -0.712572 -0.210961
vn 0.669131 -0.712573 -0.210961
vn 0.500002 -0.830397 -0.245844
vn 0.500002 -0.830397 -0.245844
vn 0.809016 -0.563607 -0.166858
vn 0.809016 -0.563606 -0.166858
vn 0.669131 -0.712573 -0.210961
vn 0.669131 -0.712572 -0.210961
vn 0.913545 -0.390004 -0.115462
vn 0.913546 -0.390003 -0.115462
vn 0.809016 -0.563606 -0.166858
vn 0.809016 -0.563607 -0.166858
vn 0.978148 -0.199358 -0.059021
vn 0.978148 -0.199358 -0.059021
vn 0.913546 -0.390003 -0.115462
vn 0.913545 -0.390004 -0.115462
vn 0.994522 -0.100228 -0.029673
vn 0.994522 -0.100228 -0.029673
vn 0.978148 -0.199358 -0.059021
vn 0.978148 -0.199358 -0.059021
vn 0.000000 -0.958861 -0.283877
vn 0.000000 -0.958861 -0.283877
vn 0.000000 -0.958861 -0.283877
vn 0.000000 -0.958861 -0.283877
vn 0.000000 -0.958861 -0.283877
vn 0.000000 -0.958861 -0.283877
vn 0.000000 -0.958861 -0.283877
vn 0.000000 -0.958861 -0.283877
vn -1.000000 0.000000 0.000000
vn -1.000000 0.000000 0.000000
vn -1.000000 0.000000 0.000000
vn -1.000000 0.000000 0.000000
vn 0.000000 0.000000 -1.000000
vn 0.000000 0.000000 -1.000000
vn 0.000000 0.000000 -1.000000
vn 0.000000 0.000000 -1.000000
vn 1.000000 0.000000 0.000000
vn 1.000000 0.000000 0.000000
vn 1.000000 0.000000 0.000000
vn 1.000000 0.000000 0.000000
vn 0.000000 -0.000000 1.000000
vn 0.000000 -0.000000 1.000000
vn 0.000000 -0.000000 1.000000
vn 0.000000 -0.000000 1.000000
vn 0.000000 0.000000 1.000000
vn 0.000000 0.000000 1.000000
vn 0.000000 0.000000 1.000000
vn 0.000000 0.000000 1.000000
vn -1.000000 0.000000 0.000000
vn -1.000000 0.000000 0.000000
vn -1.000000 0.000000 0.000000
vn -1.000000 0.000000 0.000000
vn -0.000000 0.000000 -1.000000
vn -0.000000 0.000000 -1.000000
vn -0.000000 0.000000 -1.000000
vn -0.000000 0.000000 -1.000000
vn 1.000000 0.000000 0.000000
vn 1.000000 0.000000 0.000000
vn 1.000000 0.000000 0.000000
vn 1.000000 0.000000 0.000000
s off
g group1 robot:pCylinder7robot
usemtl robot:aiStandardSurface1SG
f 2251/2810/8959 2252/2811/8960 2268/2812/8961 2267/2813/8962
f 2252/2811/8963 2253/2814/8964 2269/2815/8965 2268/2812/8966
f 2253/2814/8967 2254/2816/8968 2270/2817/8969 2269/2815/8970
f 2254/2816/8971 2255/2818/8972 2271/2819/8973 2270/2817/8974
f 2255/2818/8975 2256/2820/8976 2272/2821/8977 2271/2819/8978
f 2256/2820/8979 2257/2822/8980 2273/2823/8981 2272/2821/8982
f 2257/2822/8983 2258/2824/8984 2274/2825/8985 2273/2823/8986
f 2258/2824/8987 2259/2826/8988 2275/2827/8989 2274/2825/8990
f 2259/2826/8991 2260/2828/8992 2276/2829/8993 2275/2827/8994
f 2260/2828/8995 2261/2830/8996 2277/2831/8997 2276/2829/8998
f 2261/2830/8999 2262/2832/9000 2278/2833/9001 2277/2831/9002
f 2262/2832/9003 2263/2834/9004 2279/2835/9005 2278/2833/9006
f 2263/2834/9007 2264/2836/9008 2280/2837/9009 2279/2835/9010
f 2264/2836/9011 2265/2838/9012 2281/2839/9013 2280/2837/9014
f 2266/2840/9015 2251/2841/9016 2267/2842/9017 2282/2843/9018
f 2252/2844/9019 2251/2845/9020 2283/2846/9021 2284/2847/9022
f 2253/2848/9023 2252/2844/9024 2284/2847/9025 2285/2849/9026
f 2254/2850/9027 2253/2848/9028 2285/2849/9029 2286/2851/9030
f 2255/2852/9031 2254/2850/9032 2286/2851/9033 2287/2853/9034
f 2256/2854/9035 2255/2852/9036 2287/2853/9037 2288/2855/9038
f 2257/2856/9039 2256/2854/9040 2288/2855/9041 2289/2857/9042
f 2258/2858/9043 2257/2856/9044 2289/2857/9045 2290/2859/9046
f 2259/2860/9047 2258/2858/9048 2290/2859/9049 2291/2861/9050
f 2260/2862/9051 2259/2860/9052 2291/2861/9053 2292/2863/9054
f 2261/2864/9055 2260/2862/9056 2292/2863/9057 2293/2865/9058
f 2262/2866/9059 2261/2864/9060 2293/2865/9061 2294/2867/9062
f 2263/2868/9063 2262/2866/9064 2294/2867/9065 2295/2869/9066
f 2264/2870/9067 2263/2868/9068 2295/2869/9069 2296/2871/9070
f 2265/2872/9071 2264/2870/9072 2296/2871/9073 2297/2873/9074
f 2251/2845/9075 2266/2874/9076 2298/2875/9077 2283/2846/9078
f 2267/2876/9079 2268/2877/9080 2300/2878/9081 2299/2879/9082
f 2268/2877/9083 2269/2880/9084 2301/2881/9085 2300/2878/9086
f 2269/2880/9087 2270/2882/9088 2302/2883/9089 2301/2881/9090
f 2270/2882/9091 2271/2884/9092 2303/2885/9093 2302/2883/9094
f 2271/2884/9095 2272/2886/9096 2304/2887/9097 2303/2885/9098
f 2272/2886/9099 2273/2888/9100 2305/2889/9101 2304/2887/9102
f 2273/2888/9103 2274/2890/9104 2306/2891/9105 2305/2889/9106
f 2274/2890/9107 2275/2892/9108 2307/2893/9109 2306/2891/9110
f 2275/2892/9111 2276/2894/9112 2308/2895/9113 2307/2893/9114
f 2276/2894/9115 2277/2896/9116 2309/2897/9117 2308/2895/9118
f 2277/2896/9119 2278/2898/9120 2310/2899/9121 2309/2897/9122
f 2278/2898/9123 2279/2900/9124 2311/2901/9125 2310/2899/9126
f 2279/2900/9127 2280/2902/9128 2312/2903/9129 2311/2901/9130
f 2280/2902/9131 2281/2904/9132 2313/2905/9133 2312/2903/9134
f 2282/2906/9135 2267/2876/9136 2299/2879/9137 2314/2907/9138
f 2299/2879/9139 2283/2846/9140 2298/2875/9141 2314/2907/9142
f 2301/2881/9143 2285/2849/9144 2284/2847/9145 2300/2878/9146
f 2300/2878/9147 2284/2847/9148 2283/2846/9149 2299/2879/9150
f 2302/2883/9151 2286/2851/9152 2285/2849/9153 2301/2881/9154
f 2303/2885/9155 2287/2853/9156 2286/2851/9157 2302/2883/9158
f 2304/2887/9159 2288/2855/9160 2287/2853/9161 2303/2885/9162
f 2305/2889/9163 2289/2857/9164 2288/2855/9165 2304/2887/9166
f 2306/2891/9167 2290/2859/9168 2289/2857/9169 2305/2889/9170
f 2307/2893/9171 2291/2861/9172 2290/2859/9173 2306/2891/9174
f 2308/2895/9175 2292/2863/9176 2291/2861/9177 2307/2893/9178
f 2309/2897/9179 2293/2865/9180 2292/2863/9181 2308/2895/9182
f 2310/2899/9183 2294/2867/9184 2293/2865/9185 2309/2897/9186
f 2311/2901/9187 2295/2869/9188 2294/2867/9189 2310/2899/9190
f 2312/2903/9191 2296/2871/9192 2295/2869/9193 2311/2901/9194
f 2313/2905/9195 2297/2873/9196 2296/2871/9197 2312/2903/9198
f 2316/2908/9199 2315/2909/9200 2317/2910/9201 2318/2911/9202
f 2319/2912/9203 2320/2913/9204 2321/2914/9205 2322/2915/9206
f 2281/2839/9207 2265/2872/9208 2315/2909/9209 2316/2908/9210
f 2265/2872/9211 2297/2873/9212 2317/2910/9213 2315/2909/9214
f 2297/2873/9215 2313/2905/9216 2318/2911/9217 2317/2910/9218
f 2313/2905/9219 2281/2839/9220 2316/2908/9221 2318/2911/9222
f 2282/2906/9223 2314/2907/9224 2320/2913/9225 2319/2912/9226
f 2314/2907/9227 2298/2875/9228 2321/2914/9229 2320/2913/9230
f 2298/2875/9231 2266/2840/9232 2322/2915/9233 2321/2914/9234
f 2266/2840/9235 2282/2906/9236 2319/2912/9237 2322/2915/9238
g default
v -2.444686 5.960242 2.740771
v 2.431846 5.960242 2.740771
v -2.291547 8.681453 2.104481
v 2.291547 8.681453 2.104481
v -2.291547 8.864628 -1.873104
v 2.291547 8.864628 -1.873104
v -2.444686 4.780469 -2.808257
v 2.431846 4.780469 -2.808257
v -0.841793 5.960242 2.740771
v -0.916619 8.758498 2.104481
v -0.916619 8.941672 -1.873104
v -0.841793 4.780469 -2.808257
v 0.925972 5.960242 2.740771
v 1.008281 8.758498 2.104481
v 1.008281 8.941672 -1.873104
v 0.925972 4.780469 -2.808257
v -2.434132 7.659742 2.538315
v -2.434132 7.659742 -2.519034
v -0.894171 7.713673 -2.519034
v 0.983588 7.713673 -2.519034
v 2.434132 7.659742 -2.519034
v 2.434132 7.659742 2.538315
v 0.983588 7.713673 2.538315
v -0.894171 7.713673 2.538315
v -2.530893 6.832858 2.673286
v -2.530893 6.832858 -2.740771
v -0.862744 6.854430 -2.740771
v 0.949018 6.854430 -2.740771
v 2.492371 6.832858 -2.740771
v 2.492371 6.832858 2.673286
v 0.949019 6.854430 2.673286
v -0.862744 6.854430 2.673286
v -2.291547 8.806783 1.044812
v -2.434132 7.659742 1.044812
v -2.530893 6.832858 1.044812
v -2.444686 5.825271 1.044812
v -0.841793 5.825271 1.044812
v 0.925972 5.825271 1.044812
v 2.431846 5.825271 1.044812
v 2.492371 6.832858 1.044812
v 2.434132 7.659742 1.044812
v 2.291547 8.806783 1.044812
v 1.008281 8.883826 1.044812
v -0.916619 8.883826 1.044812
v -2.444686 5.719225 -0.047731
v -2.530893 6.832858 -0.047732
v -2.434132 7.659742 -0.047732
v -2.291547 8.883909 -0.047732
v -0.916619 8.960953 -0.047732
v 1.008281 8.960953 -0.047732
v 2.291547 8.883909 -0.047732
v 2.434132 7.659742 -0.047731
v 2.492371 6.832858 -0.047731
v 2.431846 5.719225 -0.047731
v 0.925972 5.719225 -0.047731
v -0.841793 5.719225 -0.047731
v -2.444686 5.449282 -1.097850
v -2.530893 6.832858 -1.097850
v -2.434132 7.659742 -1.097850
v -2.291547 8.893550 -1.097850
v -0.916619 8.970593 -1.097850
v 1.008281 8.970593 -1.097850
v 2.291547 8.893550 -1.097850
v 2.434132 7.659742 -1.097850
v 2.492371 6.832858 -1.097850
v 2.431846 5.449282 -1.097850
v 0.925972 5.449282 -1.097850
v -0.841793 5.449282 -1.097850
v -2.049040 5.960242 2.740771
v -2.119141 6.838182 2.673286
v -2.054020 7.673054 2.538315
v -1.952170 8.700470 2.104481
v -1.952170 8.825800 1.044812
v -1.952170 8.902926 -0.047732
v -1.952170 8.912566 -1.097850
v -1.952170 8.883645 -1.873104
v -2.054020 7.673054 -2.519034
v -2.119140 6.838182 -2.740771
v -2.049040 4.780469 -2.808257
v -2.049040 5.449282 -1.097850
v -2.049040 5.719225 -0.047731
v -2.049040 5.825271 1.044812
v -2.340477 8.451151 -2.094766
v -2.340477 8.470147 -1.097850
v -2.340477 8.463815 -0.047732
v -2.340477 8.413156 1.044812
v -2.340477 8.330835 2.253359
v -1.987122 8.347895 2.253359
v -0.908915 8.399948 2.253359
v 0.999807 8.399948 2.253359
v 2.340477 8.330835 2.253359
v 2.340477 8.413156 1.044812
v 2.340477 8.463815 -0.047732
v 2.340477 8.470147 -1.097850
v 2.340477 8.451151 -2.094766
v 0.999807 8.520263 -2.094766
v -0.908915 8.520263 -2.094766
v -1.987122 8.468210 -2.094766
v -2.291547 8.728859 1.703656
v -2.340477 8.361974 1.796220
v -2.434132 7.659742 1.973390
v -2.530893 6.832858 2.057307
v -2.444686 5.909188 2.099266
v -2.049040 5.909188 2.099266
v -0.841793 5.909188 2.099266
v 0.925972 5.909188 2.099266
v 2.431846 5.909188 2.099266
v 2.492371 6.832858 2.057307
v 2.434132 7.659742 1.973390
v 2.340477 8.361974 1.796220
v 2.291547 8.728859 1.703656
v 1.008281 8.805904 1.703656
v -0.916619 8.805904 1.703656
v -1.952170 8.747877 1.703656
v 2.048733 5.960242 2.740771
v 2.099724 6.838346 2.673286
v 2.065096 7.673462 2.538315
v 1.999394 8.348419 2.253359
v 1.965068 8.701055 2.104481
v 1.965068 8.748461 1.703656
v 1.965068 8.826384 1.044812
v 1.965068 8.903509 -0.047732
v 1.965068 8.913151 -1.097850
v 1.965068 8.884229 -1.873104
v 1.999394 8.468733 -2.094766
v 2.065096 7.673462 -2.519034
v 2.099724 6.838346 -2.740771
v 2.048733 4.780469 -2.808257
v 2.048733 5.449282 -1.097850
v 2.048733 5.719225 -0.047731
v 2.048733 5.825271 1.044812
v 2.048733 5.909188 2.099266
v -2.482527 6.343285 2.711148
v -2.482527 6.314641 2.080848
v -2.482527 6.267560 1.044812
v -2.482527 6.208064 -0.047731
v -2.482527 6.056615 -1.097850
v -2.482527 5.681383 -2.778633
v -2.079811 5.683720 -2.778633
v -0.850989 5.690853 -2.778633
v 0.936088 5.690853 -2.778633
v 2.071116 5.683792 -2.778633
v 2.458414 5.681383 -2.778633
v 2.458414 6.056615 -1.097850
v 2.458414 6.208064 -0.047731
v 2.458414 6.267560 1.044812
v 2.458414 6.314641 2.080848
v 2.458414 6.343285 2.711148
v 2.071116 6.345693 2.711148
v 0.936088 6.352753 2.711148
v -0.850989 6.352753 2.711148
v -2.079812 6.345622 2.711148
v -2.444686 5.145171 -1.875577
v -2.482528 5.885996 -1.862108
v -2.530893 6.832858 -1.844891
v -2.434132 7.659742 -1.744067
v -2.340477 8.461509 -1.551151
v -2.291547 8.880399 -1.450360
v -1.952170 8.899416 -1.450360
v -0.916619 8.957443 -1.450360
v 1.008281 8.957443 -1.450360
v 1.965068 8.899999 -1.450360
v 2.291547 8.880399 -1.450360
v 2.340477 8.461509 -1.551151
v 2.434132 7.659742 -1.744067
v 2.492371 6.832858 -1.844891
v 2.458414 5.885996 -1.862107
v 2.431846 5.145171 -1.875577
v 2.048733 5.145171 -1.875577
v 0.925972 5.145171 -1.875577
v -0.841793 5.145171 -1.875577
v -2.049040 5.145171 -1.875577
v -2.444686 5.103162 -1.983010
v -2.482528 5.862427 -1.967680
v -2.530893 6.832858 -1.948085
v -2.434132 7.659742 -1.833333
v -2.340477 8.460316 -1.613768
v -2.291547 8.878582 -1.499055
v -1.952170 8.897599 -1.499055
v -0.916619 8.955625 -1.499055
v 1.008281 8.955625 -1.499055
v 1.965068 8.898183 -1.499055
v 2.291547 8.878582 -1.499055
v 2.340477 8.460316 -1.613768
v 2.434132 7.659742 -1.833333
v 2.492371 6.832858 -1.948085
v 2.458414 5.862427 -1.967679
v 2.431846 5.103162 -1.983010
v 2.048733 5.103162 -1.983010
v 0.925972 5.103162 -1.983010
v -0.841793 5.103162 -1.983010
v -2.049040 5.103162 -1.983010
v -2.366809 5.165039 -1.974459
v -2.403436 5.899925 -1.959621
v -2.366809 5.205700 -1.870475
v -2.403436 5.922737 -1.857438
v -2.450249 6.839197 -1.940655
v -2.450249 6.839197 -1.840775
v -2.356594 7.639532 -1.829588
v -2.356594 7.639532 -1.743188
v -2.265947 8.414400 -1.617073
v -2.265947 8.415555 -1.556466
v -2.218587 8.819237 -1.506043
v -2.218587 8.820995 -1.458912
v -1.890108 8.839402 -1.458912
v -1.890108 8.837642 -1.506043
v -0.887806 8.893806 -1.506043
v -0.887806 8.895565 -1.458912
v 0.975288 8.893806 -1.506043
v 0.975288 8.895565 -1.458912
v 1.901355 8.838208 -1.506043
v 1.901355 8.839965 -1.458912
v 2.217350 8.819237 -1.506043
v 2.217350 8.820995 -1.458912
v 2.264709 8.415555 -1.556466
v 2.264709 8.414400 -1.617073
v 2.355357 7.639532 -1.829588
v 2.355357 7.639532 -1.743188
v 2.411727 6.839197 -1.840775
v 2.411727 6.839197 -1.940655
v 2.378859 5.922737 -1.857438
v 2.378859 5.899925 -1.959620
v 2.353144 5.165039 -1.974459
v 2.353144 5.205700 -1.870475
v 1.982333 5.205700 -1.870475
v 1.982333 5.165039 -1.974459
v 0.895622 5.165039 -1.974459
v 0.895622 5.205700 -1.870475
v -0.815382 5.205700 -1.870475
v -0.815382 5.165039 -1.974459
v -1.983867 5.205700 -1.870475
v -1.983867 5.165039 -1.974459
v -2.428296 5.116185 -1.981210
v -2.465882 5.870319 -1.965983
v -2.513920 6.834192 -1.946522
v -2.417813 7.655489 -1.832545
v -2.324791 8.450653 -1.614464
v -2.276191 8.866091 -1.500526
v -1.939108 8.884980 -1.500526
v -0.910555 8.942615 -1.500526
v 1.001337 8.942615 -1.500526
v 1.951659 8.885560 -1.500526
v 2.275931 8.866091 -1.500526
v 2.324531 8.450653 -1.614464
v 2.417552 7.655489 -1.832545
v 2.475399 6.834192 -1.946521
v 2.441670 5.870319 -1.965983
v 2.415281 5.116185 -1.981210
v 2.034758 5.116185 -1.981210
v 0.919584 5.116185 -1.981210
v -0.836234 5.116185 -1.981210
v -2.035324 5.116185 -1.981210
v -2.380528 5.154139 -1.975965
v -2.417369 5.893320 -1.961040
v -2.464455 6.838080 -1.941964
v -2.370253 7.643092 -1.830248
v -2.279076 8.422489 -1.616490
v -2.231440 8.829691 -1.504812
v -1.901041 8.848205 -1.504812
v -0.892881 8.904696 -1.504812
v 0.981100 8.904696 -1.504812
v 1.912578 8.848773 -1.504812
v 2.230421 8.829691 -1.504812
v 2.278056 8.422489 -1.616490
v 2.369234 7.643092 -1.830247
v 2.425933 6.838080 -1.941964
v 2.392874 5.893320 -1.961040
v 2.367008 5.154139 -1.975965
v 1.994030 5.154139 -1.975965
v 0.900968 5.154139 -1.975965
v -0.820035 5.154139 -1.975965
v -1.995348 5.154139 -1.975965
v -2.384593 5.191878 -1.871641
v -1.998750 5.191878 -1.871641
v -0.821413 5.191878 -1.871641
v 0.902553 5.191878 -1.871641
v 1.997496 5.191878 -1.871641
v 2.371116 5.191878 -1.871641
v 2.397026 5.914348 -1.858504
v 2.430142 6.837750 -1.841715
v 2.373346 7.644147 -1.743388
v 2.282011 8.426049 -1.555252
v 2.234293 8.834561 -1.456959
v 1.915904 8.853675 -1.456959
v 0.982822 8.909694 -1.456959
v -0.894385 8.909694 -1.456959
v -1.904280 8.853106 -1.456959
v -2.235248 8.834561 -1.456959
v -2.282966 8.426049 -1.555252
v -2.374300 7.644147 -1.743389
v -2.468664 6.837750 -1.841715
v -2.421497 5.914348 -1.858505
v -2.424721 5.160689 -1.874269
v -2.032332 5.160689 -1.874269
v -0.835022 5.160689 -1.874269
v 0.918191 5.160689 -1.874269
v 2.031710 5.160689 -1.874269
v 2.411669 5.160689 -1.874269
v 2.438018 5.895415 -1.860910
v 2.471697 6.834483 -1.843836
v 2.413936 7.654560 -1.743841
v 2.321053 8.449728 -1.552513
v 2.272525 8.865169 -1.452553
v 1.948734 8.884609 -1.452553
v 0.999822 8.941579 -1.452553
v -0.909232 8.941579 -1.452553
v -1.936260 8.884030 -1.452553
v -2.272842 8.865169 -1.452553
v -2.321370 8.449728 -1.552513
v -2.414253 7.654560 -1.743841
v -2.510218 6.834483 -1.843836
v -2.462251 5.895415 -1.860911
vt 0.375000 0.000000
vt 0.393512 0.000000
vt 0.393512 0.030727
vt 0.375000 0.030727
vt 0.375000 0.250000
vt 0.393512 0.250000
vt 0.393512 0.273808
vt 0.375000 0.273808
vt 0.375000 0.719273
vt 0.393512 0.719273
vt 0.393512 0.750000
vt 0.375000 0.750000
vt 0.375000 0.976192
vt 0.393512 0.976192
vt 0.393512 1.000000
vt 0.375000 1.000000
vt 0.625000 0.000000
vt 0.648808 0.000000
vt 0.648808 0.030727
vt 0.625000 0.030727
vt 0.351192 0.030727
vt 0.351192 0.000000
vt 0.555000 0.030727
vt 0.450000 0.030727
vt 0.450000 0.000000
vt 0.555000 0.000000
vt 0.555000 0.273808
vt 0.450000 0.273808
vt 0.450000 0.250000
vt 0.555000 0.250000
vt 0.450000 0.750000
vt 0.450000 0.719273
vt 0.555000 0.719273
vt 0.555000 0.750000
vt 0.450000 1.000000
vt 0.450000 0.976192
vt 0.555000 0.976192
vt 0.555000 1.000000
vt 0.607191 0.000000
vt 0.607191 0.030727
vt 0.607191 0.250000
vt 0.607191 0.273808
vt 0.607191 0.719273
vt 0.607191 0.750000
vt 0.607191 0.976192
vt 0.607191 1.000000
vt 0.351192 0.250000
vt 0.351192 0.224262
vt 0.375000 0.224262
vt 0.375000 0.500000
vt 0.393512 0.500000
vt 0.393512 0.525738
vt 0.375000 0.525738
vt 0.555000 0.525738
vt 0.450000 0.525738
vt 0.450000 0.500000
vt 0.555000 0.500000
vt 0.607191 0.500000
vt 0.607191 0.525738
vt 0.625000 0.224262
vt 0.648808 0.224262
vt 0.648808 0.250000
vt 0.625000 0.250000
vt 0.555000 0.224262
vt 0.607191 0.224262
vt 0.450000 0.224262
vt 0.393512 0.224262
vt 0.351192 0.175000
vt 0.351192 0.070000
vt 0.375000 0.070000
vt 0.375000 0.175000
vt 0.375000 0.575000
vt 0.393512 0.575000
vt 0.393512 0.680000
vt 0.375000 0.680000
vt 0.555000 0.680000
vt 0.450000 0.680000
vt 0.450000 0.575000
vt 0.555000 0.575000
vt 0.607191 0.575000
vt 0.607191 0.680000
vt 0.625000 0.070000
vt 0.648808 0.070000
vt 0.648808 0.175000
vt 0.625000 0.175000
vt 0.607191 0.070000
vt 0.607191 0.175000
vt 0.555000 0.175000
vt 0.555000 0.070000
vt 0.450000 0.175000
vt 0.450000 0.070000
vt 0.393512 0.070000
vt 0.393512 0.175000
vt 0.125000 0.224262
vt 0.153848 0.224262
vt 0.153848 0.250000
vt 0.125000 0.250000
vt 0.125000 0.070000
vt 0.153848 0.070000
vt 0.153848 0.175000
vt 0.125000 0.175000
vt 0.125000 0.000000
vt 0.153848 0.000000
vt 0.153848 0.030727
vt 0.125000 0.030727
vt 0.393512 0.778848
vt 0.375000 0.778848
vt 0.555000 0.778848
vt 0.450000 0.778848
vt 0.607191 0.778848
vt 0.875000 0.030727
vt 0.846152 0.030727
vt 0.846152 0.000000
vt 0.875000 0.000000
vt 0.846152 0.175000
vt 0.846152 0.070000
vt 0.875000 0.070000
vt 0.875000 0.175000
vt 0.846152 0.250000
vt 0.846152 0.224262
vt 0.875000 0.224262
vt 0.875000 0.250000
vt 0.555000 0.471152
vt 0.607191 0.471152
vt 0.450000 0.471152
vt 0.375000 0.471152
vt 0.393512 0.471152
vt 0.312059 0.030727
vt 0.247165 0.030727
vt 0.247165 0.000000
vt 0.312059 0.000000
vt 0.247165 0.175000
vt 0.247165 0.070000
vt 0.312059 0.070000
vt 0.312059 0.175000
vt 0.247165 0.250000
vt 0.247165 0.224262
vt 0.312059 0.224262
vt 0.312059 0.250000
vt 0.375000 0.312941
vt 0.393512 0.312941
vt 0.393512 0.377835
vt 0.375000 0.377835
vt 0.555000 0.377835
vt 0.450000 0.377835
vt 0.450000 0.312941
vt 0.555000 0.312941
vt 0.607191 0.312941
vt 0.607191 0.377835
vt 0.687941 0.250000
vt 0.687941 0.224262
vt 0.752835 0.224262
vt 0.752835 0.250000
vt 0.687941 0.175000
vt 0.687941 0.070000
vt 0.752835 0.070000
vt 0.752835 0.175000
vt 0.752835 0.030727
vt 0.687941 0.030727
vt 0.687941 0.000000
vt 0.752835 0.000000
vt 0.607191 0.872165
vt 0.607191 0.937059
vt 0.555000 0.937059
vt 0.555000 0.872165
vt 0.450000 0.937059
vt 0.450000 0.872165
vt 0.375000 0.872165
vt 0.393512 0.872165
vt 0.393512 0.937059
vt 0.375000 0.937059
vt 0.184791 0.030727
vt 0.184791 0.000000
vt 0.184791 0.175000
vt 0.184791 0.070000
vt 0.184791 0.250000
vt 0.184791 0.224262
vt 0.393512 0.440209
vt 0.375000 0.440209
vt 0.555000 0.440209
vt 0.450000 0.440209
vt 0.607191 0.440209
vt 0.815209 0.224262
vt 0.815209 0.250000
vt 0.815209 0.070000
vt 0.815209 0.175000
vt 0.815209 0.030727
vt 0.815209 0.000000
vt 0.607191 0.809791
vt 0.555000 0.809791
vt 0.450000 0.809791
vt 0.375000 0.809791
vt 0.393512 0.809791
vt 0.625000 0.273808
vt 0.625000 0.312941
vt 0.625000 0.377835
vt 0.625000 0.440209
vt 0.625000 0.471152
vt 0.625000 0.500000
vt 0.625000 0.525738
vt 0.625000 0.575000
vt 0.625000 0.680000
vt 0.625000 0.719273
vt 0.625000 0.750000
vt 0.625000 0.778848
vt 0.625000 0.872165
vt 0.625000 0.809791
vt 0.625000 0.937059
vt 0.625000 0.976192
vt 0.625000 1.000000
vt 0.157604 0.030727
vt 0.157604 0.000000
vt 0.157604 0.070000
vt 0.157604 0.175000
vt 0.157604 0.224262
vt 0.157604 0.250000
vt 0.393512 0.467396
vt 0.375000 0.467396
vt 0.450000 0.467396
vt 0.555000 0.467396
vt 0.607191 0.467396
vt 0.625000 0.467396
vt 0.842396 0.224262
vt 0.842396 0.250000
vt 0.842396 0.175000
vt 0.842396 0.070000
vt 0.842396 0.030727
vt 0.842396 0.000000
vt 0.607191 0.782604
vt 0.625000 0.782604
vt 0.555000 0.782604
vt 0.450000 0.782604
vt 0.393512 0.782604
vt 0.375000 0.782604
vt 0.153848 0.000000
vt 0.153848 0.030727
vt 0.157604 0.030727
vt 0.157604 0.000000
vt 0.153848 0.070000
vt 0.157604 0.070000
vt 0.153848 0.175000
vt 0.157604 0.175000
vt 0.153848 0.224262
vt 0.157604 0.224262
vt 0.153848 0.250000
vt 0.157604 0.250000
vt 0.393512 0.467396
vt 0.375000 0.467396
vt 0.375000 0.471152
vt 0.393512 0.471152
vt 0.450000 0.471152
vt 0.450000 0.467396
vt 0.555000 0.471152
vt 0.555000 0.467396
vt 0.607191 0.471152
vt 0.607191 0.467396
vt 0.625000 0.471152
vt 0.625000 0.467396
vt 0.842396 0.224262
vt 0.842396 0.250000
vt 0.846152 0.250000
vt 0.846152 0.224262
vt 0.846152 0.175000
vt 0.842396 0.175000
vt 0.842396 0.070000
vt 0.846152 0.070000
vt 0.842396 0.030727
vt 0.846152 0.030727
vt 0.846152 0.000000
vt 0.842396 0.000000
vt 0.607191 0.782604
vt 0.625000 0.782604
vt 0.625000 0.778848
vt 0.607191 0.778848
vt 0.555000 0.778848
vt 0.555000 0.782604
vt 0.450000 0.782604
vt 0.450000 0.778848
vt 0.393512 0.782604
vt 0.393512 0.778848
vt 0.375000 0.778848
vt 0.375000 0.782604
vt 0.153848 0.000000
vt 0.153848 0.030727
vt 0.153848 0.070000
vt 0.153848 0.175000
vt 0.153848 0.224262
vt 0.153848 0.250000
vt 0.375000 0.471152
vt 0.393512 0.471152
vt 0.450000 0.471152
vt 0.555000 0.471152
vt 0.607191 0.471152
vt 0.625000 0.471152
vt 0.846152 0.250000
vt 0.846152 0.224262
vt 0.846152 0.175000
vt 0.846152 0.070000
vt 0.846152 0.030727
vt 0.846152 0.000000
vt 0.625000 0.778848
vt 0.607191 0.778848
vt 0.555000 0.778848
vt 0.450000 0.778848
vt 0.393512 0.778848
vt 0.375000 0.778848
vt 0.153848 0.000000
vt 0.153848 0.030727
vt 0.153848 0.070000
vt 0.153848 0.175000
vt 0.153848 0.224262
vt 0.153848 0.250000
vt 0.375000 0.471152
vt 0.393512 0.471152
vt 0.450000 0.471152
vt 0.555000 0.471152
vt 0.607191 0.471152
vt 0.625000 0.471152
vt 0.846152 0.250000
vt 0.846152 0.224262
vt 0.846152 0.175000
vt 0.846152 0.070000
vt 0.846152 0.030727
vt 0.846152 0.000000
vt 0.625000 0.778848
vt 0.607191 0.778848
vt 0.555000 0.778848
vt 0.450000 0.778848
vt 0.393512 0.778848
vt 0.375000 0.778848
vt 0.393512 0.782604
vt 0.375000 0.782604
vt 0.375000 0.782604
vt 0.393512 0.782604
vt 0.450000 0.782604
vt 0.450000 0.782604
vt 0.555000 0.782604
vt 0.555000 0.782604
vt 0.607191 0.782604
vt 0.607191 0.782604
vt 0.625000 0.782604
vt 0.625000 0.782604
vt 0.842396 0.030727
vt 0.842396 0.000000
vt 0.842396 0.000000
vt 0.842396 0.030727
vt 0.842396 0.070000
vt 0.842396 0.070000
vt 0.842396 0.175000
vt 0.842396 0.175000
vt 0.842396 0.224262
vt 0.842396 0.224262
vt 0.842396 0.250000
vt 0.842396 0.250000
vt 0.607191 0.467396
vt 0.625000 0.467396
vt 0.625000 0.467396
vt 0.607191 0.467396
vt 0.555000 0.467396
vt 0.555000 0.467396
vt 0.450000 0.467396
vt 0.450000 0.467396
vt 0.393512 0.467396
vt 0.393512 0.467396
vt 0.375000 0.467396
vt 0.375000 0.467396
vt 0.157604 0.224262
vt 0.157604 0.250000
vt 0.157604 0.250000
vt 0.157604 0.224262
vt 0.157604 0.175000
vt 0.157604 0.175000
vt 0.157604 0.070000
vt 0.157604 0.070000
vt 0.157604 0.030727
vt 0.157604 0.030727
vt 0.157604 0.000000
vt 0.157604 0.000000
vn -0.000225 0.076853 0.997043
vn -0.000225 0.076853 0.997042
vn -0.000225 0.076853 0.997043
vn -0.000225 0.076853 0.997042
vn -0.055561 0.991544 0.117272
vn -0.055561 0.991544 0.117272
vn -0.055561 0.991544 0.117272
vn -0.055561 0.991544 0.117273
vn -0.000219 0.032813 -0.999461
vn -0.000216 0.032686 -0.999466
vn -0.000096 0.032689 -0.999466
vn -0.000096 0.032818 -0.999461
vn 0.000000 -0.996848 0.079333
vn 0.000000 -0.996848 0.079333
vn 0.000000 -0.996848 0.079334
vn 0.000000 -0.996848 0.079334
vn 0.997745 -0.066981 0.004197
vn 0.997938 -0.064060 0.004014
vn 0.997937 -0.064156 0.002605
vn 0.997745 -0.067070 0.002750
vn -0.995440 -0.095308 0.003907
vn -0.995827 -0.091184 0.003702
vn -0.995830 -0.091048 0.005705
vn -0.995442 -0.095182 0.005965
vn 0.000206 0.075510 0.997145
vn -0.000202 0.075524 0.997144
vn -0.000088 0.075526 0.997144
vn 0.000090 0.075511 0.997145
vn 0.019806 0.992884 0.117430
vn -0.019474 0.992890 0.117431
vn -0.019514 0.992889 0.117431
vn 0.019851 0.992883 0.117429
vn -0.000038 0.032573 -0.999469
vn -0.000087 0.032572 -0.999469
vn 0.000089 0.032570 -0.999469
vn 0.000039 0.032570 -0.999469
vn 0.000000 -0.996848 0.079334
vn 0.000000 -0.996848 0.079333
vn 0.000000 -0.996848 0.079333
vn 0.000000 -0.996848 0.079334
vn 0.000238 0.076147 0.997097
vn 0.000543 0.076144 0.997097
vn 0.000206 0.075510 0.997145
vn 0.000090 0.075511 0.997145
vn 0.059516 0.991318 0.117244
vn 0.059516 0.991318 0.117245
vn 0.019806 0.992884 0.117430
vn 0.019851 0.992883 0.117429
vn 0.000039 0.032570 -0.999469
vn 0.000089 0.032570 -0.999469
vn 0.000232 0.032687 -0.999466
vn 0.000102 0.032689 -0.999466
vn 0.000000 -0.996848 0.079334
vn 0.000000 -0.996848 0.079333
vn 0.000000 -0.996848 0.079333
vn 0.000000 -0.996848 0.079334
vn -0.991214 0.131719 0.012059
vn -0.991316 0.131350 0.006286
vn -0.990547 0.137049 0.005785
vn -0.990162 0.139342 0.012756
vn -0.024653 0.473408 -0.880498
vn -0.024458 0.469650 -0.882514
vn -0.021020 0.469649 -0.882603
vn -0.021059 0.473164 -0.880723
vn 0.007803 0.466595 -0.884437
vn -0.007676 0.466656 -0.884406
vn -0.008575 0.466643 -0.884404
vn 0.008716 0.466580 -0.884436
vn 0.026161 0.469668 -0.882456
vn 0.022413 0.469670 -0.882557
vn 0.007803 0.466595 -0.884437
vn 0.008716 0.466580 -0.884436
vn 0.990547 0.137048 0.005785
vn 0.991316 0.131350 0.006286
vn 0.991214 0.131719 0.012059
vn 0.990162 0.139342 0.012756
vn 0.007202 0.384600 0.923055
vn 0.006436 0.384611 0.923056
vn 0.018500 0.387907 0.921513
vn 0.021607 0.387913 0.921443
vn -0.007084 0.384665 0.923029
vn -0.006331 0.384675 0.923030
vn 0.006436 0.384611 0.923056
vn 0.007202 0.384600 0.923055
vn -0.017401 0.391618 0.919963
vn -0.017350 0.387878 0.921547
vn -0.020200 0.387884 0.921487
vn -0.020409 0.391901 0.919781
vn -0.992450 0.122637 0.001653
vn -0.999492 0.031865 0.000858
vn -0.999672 0.025606 0.000946
vn -0.992426 0.122839 0.001355
vn -0.012205 0.356802 -0.934100
vn -0.012434 0.358606 -0.933406
vn -0.002695 0.126006 -0.992026
vn -0.002657 0.124739 -0.992186
vn 0.001095 0.128788 -0.991672
vn -0.001074 0.128566 -0.991700
vn -0.004854 0.363526 -0.931571
vn 0.004946 0.363770 -0.931476
vn 0.013324 0.359548 -0.933031
vn 0.002907 0.126668 -0.991941
vn 0.001095 0.128788 -0.991672
vn 0.004946 0.363770 -0.931476
vn 0.999936 0.011272 0.000664
vn 0.999881 0.015439 0.000603
vn 0.995409 0.095698 0.001658
vn 0.995764 0.091940 0.001359
vn 0.002786 0.127557 0.991827
vn 0.009689 0.258655 0.965921
vn 0.003621 0.264325 0.964427
vn 0.001032 0.126972 0.991906
vn 0.003621 0.264325 0.964427
vn -0.003554 0.264033 0.964507
vn -0.001012 0.126923 0.991912
vn 0.001032 0.126972 0.991906
vn -0.002612 0.128657 0.991686
vn -0.002594 0.127447 0.991842
vn -0.009031 0.257622 0.966204
vn -0.008777 0.254089 0.967141
vn -0.993088 0.117366 -0.001290
vn -0.993067 0.117540 -0.001726
vn -0.992994 0.118124 -0.003194
vn -0.992994 0.118124 -0.003194
vn -0.999888 0.014595 0.003248
vn -0.999651 0.026280 0.002877
vn -0.993165 0.116715 -0.000453
vn -0.993187 0.116533 -0.000285
vn -0.998845 -0.045917 0.014136
vn -0.998845 -0.045917 0.014136
vn -0.998916 -0.045767 0.008467
vn -0.998902 -0.045804 0.009856
vn 0.000000 -0.931331 0.364174
vn 0.000000 -0.931331 0.364174
vn 0.000000 -0.931331 0.364174
vn 0.000000 -0.931331 0.364174
vn 0.000000 -0.931331 0.364174
vn 0.000000 -0.931331 0.364174
vn 0.000000 -0.931331 0.364174
vn 0.000000 -0.931331 0.364174
vn 0.000000 -0.931331 0.364174
vn 0.000000 -0.931331 0.364174
vn 0.000000 -0.931331 0.364174
vn 0.000000 -0.931331 0.364174
vn 0.999458 -0.032177 0.006924
vn 0.999465 -0.032151 0.005948
vn 0.999430 -0.032257 0.009931
vn 0.999430 -0.032257 0.009931
vn 0.995623 0.093465 -0.000455
vn 0.999910 0.013276 0.002020
vn 0.999980 0.005881 0.002282
vn 0.996395 0.084831 -0.000286
vn 0.992994 0.118125 -0.003194
vn 0.993067 0.117540 -0.001726
vn 0.993088 0.117367 -0.001290
vn 0.992994 0.118125 -0.003194
vn 0.019935 0.999106 -0.037271
vn 0.019897 0.999107 -0.037271
vn 0.059887 0.997511 -0.037213
vn 0.059887 0.997511 -0.037213
vn -0.019600 0.999113 -0.037271
vn -0.019566 0.999114 -0.037271
vn 0.019897 0.999107 -0.037271
vn 0.019935 0.999106 -0.037271
vn -0.055908 0.997742 -0.037221
vn -0.055908 0.997742 -0.037221
vn -0.055908 0.997742 -0.037221
vn -0.055908 0.997742 -0.037221
vn -0.996406 -0.084625 0.003769
vn -0.997199 -0.074528 0.006383
vn -0.997206 -0.073938 0.010614
vn -0.996412 -0.084427 0.005886
vn -0.993159 0.116766 0.000764
vn -0.999460 0.032823 0.001615
vn -0.999442 0.033385 0.000885
vn -0.992849 0.119367 0.001496
vn -0.993092 0.117274 0.003858
vn -0.993092 0.117318 0.002394
vn -0.992397 0.122973 0.005068
vn -0.992402 0.122734 0.008654
vn -0.055729 0.994550 0.088121
vn -0.055729 0.994553 0.088085
vn -0.055901 0.997618 0.040420
vn -0.055900 0.997617 0.040442
vn 0.019898 0.998984 0.040438
vn -0.019567 0.998990 0.040439
vn -0.019520 0.995917 0.088142
vn 0.019852 0.995910 0.088141
vn 0.059696 0.994324 0.088066
vn 0.059880 0.997387 0.040412
vn 0.019898 0.998984 0.040438
vn 0.019852 0.995910 0.088141
vn 0.992402 0.122734 0.008654
vn 0.992397 0.122973 0.005068
vn 0.993092 0.117318 0.002394
vn 0.993092 0.117274 0.003858
vn 0.995505 0.094695 0.001500
vn 0.999862 0.016578 0.000621
vn 0.999864 0.016475 0.001134
vn 0.995631 0.093376 0.000766
vn 0.998616 -0.052400 0.004488
vn 0.998223 -0.059523 0.002651
vn 0.998227 -0.059384 0.004140
vn 0.998620 -0.051985 0.007463
vn 0.000000 -0.984950 0.172837
vn 0.000000 -0.996109 0.088134
vn 0.000000 -0.996109 0.088134
vn 0.000000 -0.984950 0.172837
vn 0.000000 -0.996109 0.088134
vn 0.000000 -0.996109 0.088134
vn 0.000000 -0.984950 0.172837
vn 0.000000 -0.984950 0.172837
vn 0.000000 -0.984950 0.172837
vn 0.000000 -0.984950 0.172837
vn 0.000000 -0.996109 0.088134
vn 0.000000 -0.996109 0.088134
vn -0.997199 -0.074528 0.006383
vn -0.997978 -0.062798 0.009829
vn -0.997972 -0.061661 0.015806
vn -0.997206 -0.073938 0.010614
vn -0.993272 0.115807 -0.000039
vn -0.999580 0.028847 0.002751
vn -0.999460 0.032823 0.001615
vn -0.993159 0.116766 0.000764
vn -0.993320 0.115390 -0.000217
vn -0.993324 0.115356 -0.000132
vn -0.993092 0.117318 0.002394
vn -0.993092 0.117274 0.003858
vn -0.055900 0.997617 0.040442
vn -0.055901 0.997618 0.040420
vn -0.055946 0.998431 -0.002503
vn -0.055945 0.998431 -0.002507
vn 0.019922 0.999798 -0.002499
vn -0.019590 0.999805 -0.002499
vn -0.019567 0.998990 0.040439
vn 0.019898 0.998984 0.040438
vn 0.059880 0.997387 0.040412
vn 0.059929 0.998200 -0.002502
vn 0.019922 0.999798 -0.002499
vn 0.019898 0.998984 0.040438
vn 0.993092 0.117274 0.003858
vn 0.993092 0.117318 0.002394
vn 0.993324 0.115356 -0.000132
vn 0.993320 0.115390 -0.000217
vn 0.995631 0.093376 0.000766
vn 0.999864 0.016475 0.001134
vn 0.999896 0.014276 0.001932
vn 0.995796 0.091600 -0.000039
vn 0.999002 -0.044136 0.006908
vn 0.998616 -0.052400 0.004488
vn 0.998620 -0.051985 0.007463
vn 0.998999 -0.043336 0.011109
vn 0.000000 -0.954055 0.299631
vn 0.000000 -0.984950 0.172837
vn 0.000000 -0.984950 0.172837
vn 0.000000 -0.954055 0.299631
vn 0.000000 -0.984950 0.172837
vn 0.000000 -0.984950 0.172837
vn 0.000000 -0.954055 0.299631
vn 0.000000 -0.954055 0.299631
vn 0.000000 -0.954055 0.299631
vn 0.000000 -0.954055 0.299631
vn 0.000000 -0.984950 0.172837
vn 0.000000 -0.984950 0.172837
vn -0.000202 0.075524 0.997144
vn -0.000508 0.076138 0.997097
vn -0.000223 0.076141 0.997097
vn -0.000088 0.075526 0.997144
vn -0.009031 0.257622 0.966204
vn -0.002594 0.127447 0.991842
vn -0.001012 0.126923 0.991912
vn -0.003554 0.264033 0.964507
vn -0.020200 0.387884 0.921487
vn -0.017350 0.387878 0.921547
vn -0.006331 0.384675 0.923030
vn -0.007084 0.384665 0.923029
vn -0.019474 0.992890 0.117431
vn -0.055561 0.991544 0.117272
vn -0.055561 0.991544 0.117272
vn -0.019514 0.992889 0.117431
vn -0.055901 0.997618 0.040420
vn -0.055729 0.994553 0.088085
vn -0.019520 0.995917 0.088142
vn -0.019567 0.998990 0.040439
vn -0.055946 0.998431 -0.002503
vn -0.055901 0.997618 0.040420
vn -0.019567 0.998990 0.040439
vn -0.019590 0.999805 -0.002499
vn -0.055908 0.997742 -0.037221
vn -0.055908 0.997742 -0.037221
vn -0.019566 0.999114 -0.037271
vn -0.019600 0.999113 -0.037271
vn -0.007676 0.466656 -0.884406
vn -0.021020 0.469649 -0.882603
vn -0.024458 0.469650 -0.882514
vn -0.008575 0.466643 -0.884404
vn -0.002695 0.126006 -0.992026
vn -0.012434 0.358606 -0.933406
vn -0.004854 0.363526 -0.931571
vn -0.001074 0.128566 -0.991700
vn -0.000096 0.032689 -0.999466
vn -0.000216 0.032686 -0.999466
vn -0.000087 0.032572 -0.999469
vn -0.000038 0.032573 -0.999469
vn 0.000000 -0.931331 0.364174
vn 0.000000 -0.931331 0.364174
vn 0.000000 -0.931331 0.364174
vn 0.000000 -0.931331 0.364174
vn 0.000000 -0.984950 0.172837
vn 0.000000 -0.954055 0.299631
vn 0.000000 -0.954055 0.299631
vn 0.000000 -0.984950 0.172837
vn 0.000000 -0.996109 0.088134
vn 0.000000 -0.984950 0.172837
vn 0.000000 -0.984950 0.172837
vn 0.000000 -0.996109 0.088134
vn 0.000000 -0.996848 0.079334
vn 0.000000 -0.996848 0.079333
vn 0.000000 -0.996848 0.079333
vn 0.000000 -0.996848 0.079334
vn -0.993187 0.116533 -0.000285
vn -0.993165 0.116715 -0.000453
vn -0.993067 0.117540 -0.001726
vn -0.993088 0.117366 -0.001290
vn -0.993092 0.117318 0.002394
vn -0.993324 0.115356 -0.000132
vn -0.993272 0.115807 -0.000039
vn -0.993159 0.116766 0.000764
vn -0.992397 0.122973 0.005068
vn -0.993092 0.117318 0.002394
vn -0.993159 0.116766 0.000764
vn -0.992849 0.119367 0.001496
vn -0.990547 0.137049 0.005785
vn -0.991316 0.131350 0.006286
vn -0.992450 0.122637 0.001653
vn -0.992426 0.122839 0.001355
vn -0.008777 0.254089 0.967141
vn -0.009031 0.257622 0.966204
vn -0.017350 0.387878 0.921547
vn -0.017401 0.391618 0.919963
vn -0.006331 0.384675 0.923030
vn -0.017350 0.387878 0.921547
vn -0.009031 0.257622 0.966204
vn -0.003554 0.264033 0.964507
vn 0.006436 0.384611 0.923056
vn -0.006331 0.384675 0.923030
vn -0.003554 0.264033 0.964507
vn 0.003621 0.264325 0.964427
vn 0.009689 0.258655 0.965921
vn 0.018500 0.387907 0.921513
vn 0.006436 0.384611 0.923056
vn 0.003621 0.264325 0.964427
vn 0.995764 0.091940 0.001359
vn 0.995409 0.095698 0.001658
vn 0.991316 0.131350 0.006286
vn 0.990547 0.137048 0.005785
vn 0.993092 0.117318 0.002394
vn 0.992397 0.122973 0.005068
vn 0.995505 0.094695 0.001500
vn 0.995631 0.093376 0.000766
vn 0.993324 0.115356 -0.000132
vn 0.993092 0.117318 0.002394
vn 0.995631 0.093376 0.000766
vn 0.995796 0.091600 -0.000039
vn 0.993088 0.117367 -0.001290
vn 0.993067 0.117540 -0.001726
vn 0.995623 0.093465 -0.000455
vn 0.996395 0.084831 -0.000286
vn 0.022413 0.469670 -0.882557
vn 0.013324 0.359548 -0.933031
vn 0.004946 0.363770 -0.931476
vn 0.007803 0.466595 -0.884437
vn 0.004946 0.363770 -0.931476
vn -0.004854 0.363526 -0.931571
vn -0.007676 0.466656 -0.884406
vn 0.007803 0.466595 -0.884437
vn -0.012434 0.358606 -0.933406
vn -0.021020 0.469649 -0.882603
vn -0.007676 0.466656 -0.884406
vn -0.004854 0.363526 -0.931571
vn -0.021059 0.473164 -0.880723
vn -0.021020 0.469649 -0.882603
vn -0.012434 0.358606 -0.933406
vn -0.012205 0.356802 -0.934100
vn -0.992402 0.122734 0.008654
vn -0.992397 0.122973 0.005068
vn -0.991316 0.131350 0.006286
vn -0.991214 0.131719 0.012059
vn -0.992450 0.122637 0.001653
vn -0.991316 0.131350 0.006286
vn -0.992397 0.122973 0.005068
vn -0.992849 0.119367 0.001496
vn -0.992849 0.119367 0.001496
vn -0.999442 0.033385 0.000885
vn -0.999492 0.031865 0.000858
vn -0.992450 0.122637 0.001653
vn -0.995827 -0.091184 0.003702
vn -0.996406 -0.084625 0.003769
vn -0.996412 -0.084427 0.005886
vn -0.995830 -0.091048 0.005705
vn 0.000000 -0.996109 0.088134
vn 0.000000 -0.996109 0.088134
vn 0.000000 -0.996848 0.079333
vn 0.000000 -0.996848 0.079333
vn 0.000000 -0.996848 0.079333
vn 0.000000 -0.996848 0.079333
vn 0.000000 -0.996109 0.088134
vn 0.000000 -0.996109 0.088134
vn 0.000000 -0.996848 0.079333
vn 0.000000 -0.996848 0.079333
vn 0.000000 -0.996109 0.088134
vn 0.000000 -0.996109 0.088134
vn 0.000000 -0.996109 0.088134
vn 0.000000 -0.996848 0.079333
vn 0.000000 -0.996848 0.079333
vn 0.000000 -0.996109 0.088134
vn 0.998223 -0.059523 0.002651
vn 0.997937 -0.064156 0.002605
vn 0.997938 -0.064060 0.004014
vn 0.998227 -0.059384 0.004140
vn 0.995409 0.095698 0.001658
vn 0.999881 0.015439 0.000603
vn 0.999862 0.016578 0.000621
vn 0.995505 0.094695 0.001500
vn 0.991316 0.131350 0.006286
vn 0.995409 0.095698 0.001658
vn 0.995505 0.094695 0.001500
vn 0.992397 0.122973 0.005068
vn 0.991214 0.131719 0.012059
vn 0.991316 0.131350 0.006286
vn 0.992397 0.122973 0.005068
vn 0.992402 0.122734 0.008654
vn 0.059516 0.991318 0.117245
vn 0.059696 0.994324 0.088066
vn 0.019852 0.995910 0.088141
vn 0.019806 0.992884 0.117430
vn 0.019852 0.995910 0.088141
vn -0.019520 0.995917 0.088142
vn -0.019474 0.992890 0.117431
vn 0.019806 0.992884 0.117430
vn -0.055729 0.994553 0.088085
vn -0.055561 0.991544 0.117272
vn -0.019474 0.992890 0.117431
vn -0.019520 0.995917 0.088142
vn -0.055561 0.991544 0.117273
vn -0.055561 0.991544 0.117272
vn -0.055729 0.994553 0.088085
vn -0.055729 0.994550 0.088121
vn 0.000554 0.076831 0.997044
vn 0.000543 0.076144 0.997097
vn 0.000238 0.076147 0.997097
vn 0.000240 0.076851 0.997043
vn 0.009453 0.255678 0.966716
vn 0.009689 0.258655 0.965921
vn 0.002786 0.127557 0.991827
vn 0.002810 0.128872 0.991657
vn 0.018549 0.391684 0.919913
vn 0.018500 0.387907 0.921513
vn 0.009689 0.258655 0.965921
vn 0.009453 0.255678 0.966716
vn 0.021607 0.387913 0.921443
vn 0.018500 0.387907 0.921513
vn 0.018549 0.391684 0.919913
vn 0.021835 0.391988 0.919711
vn 0.059517 0.991318 0.117245
vn 0.059516 0.991318 0.117245
vn 0.059516 0.991318 0.117244
vn 0.059517 0.991318 0.117245
vn 0.059696 0.994321 0.088106
vn 0.059696 0.994324 0.088066
vn 0.059516 0.991318 0.117245
vn 0.059517 0.991318 0.117245
vn 0.059878 0.997386 0.040436
vn 0.059880 0.997387 0.040412
vn 0.059696 0.994324 0.088066
vn 0.059696 0.994321 0.088106
vn 0.059928 0.998200 -0.002507
vn 0.059929 0.998200 -0.002502
vn 0.059880 0.997387 0.040412
vn 0.059878 0.997386 0.040436
vn 0.059887 0.997511 -0.037213
vn 0.059887 0.997511 -0.037213
vn 0.059888 0.997511 -0.037213
vn 0.059888 0.997511 -0.037213
vn 0.022446 0.473219 -0.880659
vn 0.022413 0.469670 -0.882557
vn 0.026161 0.469668 -0.882456
vn 0.026372 0.473480 -0.880410
vn 0.013118 0.358265 -0.933528
vn 0.013324 0.359548 -0.933031
vn 0.022413 0.469670 -0.882557
vn 0.022446 0.473219 -0.880659
vn 0.002886 0.126087 -0.992015
vn 0.002907 0.126668 -0.991941
vn 0.013324 0.359548 -0.933031
vn 0.013118 0.358265 -0.933528
vn 0.000102 0.032689 -0.999466
vn 0.000232 0.032687 -0.999466
vn 0.000234 0.032814 -0.999461
vn 0.000102 0.032817 -0.999461
vn 0.000000 -0.931331 0.364174
vn 0.000000 -0.931331 0.364174
vn 0.000000 -0.931331 0.364174
vn 0.000000 -0.931331 0.364174
vn 0.000000 -0.984950 0.172837
vn 0.000000 -0.984950 0.172837
vn 0.000000 -0.954055 0.299631
vn 0.000000 -0.954055 0.299631
vn 0.000000 -0.996109 0.088134
vn 0.000000 -0.996109 0.088134
vn 0.000000 -0.984950 0.172837
vn 0.000000 -0.984950 0.172837
vn 0.000000 -0.996848 0.079333
vn 0.000000 -0.996848 0.079333
vn 0.000000 -0.996109 0.088134
vn 0.000000 -0.996109 0.088134
vn 0.000000 -0.996848 0.079334
vn 0.000000 -0.996848 0.079333
vn 0.000000 -0.996848 0.079333
vn 0.000000 -0.996848 0.079333
vn -0.999492 0.031865 0.000858
vn -0.995827 -0.091184 0.003702
vn -0.995440 -0.095308 0.003907
vn -0.999672 0.025606 0.000946
vn -0.999442 0.033385 0.000885
vn -0.996406 -0.084625 0.003769
vn -0.995827 -0.091184 0.003702
vn -0.999492 0.031865 0.000858
vn -0.999460 0.032823 0.001615
vn -0.997199 -0.074528 0.006383
vn -0.996406 -0.084625 0.003769
vn -0.999442 0.033385 0.000885
vn -0.999580 0.028847 0.002751
vn -0.997978 -0.062798 0.009829
vn -0.997199 -0.074528 0.006383
vn -0.999460 0.032823 0.001615
vn -0.998902 -0.045804 0.009856
vn -0.998916 -0.045767 0.008467
vn -0.999651 0.026280 0.002877
vn -0.999888 0.014595 0.003248
vn -0.002657 0.124739 -0.992186
vn -0.002695 0.126006 -0.992026
vn -0.000216 0.032686 -0.999466
vn -0.000219 0.032813 -0.999461
vn -0.000087 0.032572 -0.999469
vn -0.000216 0.032686 -0.999466
vn -0.002695 0.126006 -0.992026
vn -0.001074 0.128566 -0.991700
vn 0.000089 0.032570 -0.999469
vn -0.000087 0.032572 -0.999469
vn -0.001074 0.128566 -0.991700
vn 0.001095 0.128788 -0.991672
vn 0.000232 0.032687 -0.999466
vn 0.000089 0.032570 -0.999469
vn 0.001095 0.128788 -0.991672
vn 0.002907 0.126668 -0.991941
vn 0.000234 0.032814 -0.999461
vn 0.000232 0.032687 -0.999466
vn 0.002907 0.126668 -0.991941
vn 0.002886 0.126087 -0.992015
vn 0.999910 0.013276 0.002020
vn 0.999465 -0.032151 0.005948
vn 0.999458 -0.032177 0.006924
vn 0.999980 0.005881 0.002282
vn 0.999864 0.016475 0.001134
vn 0.998616 -0.052400 0.004488
vn 0.999002 -0.044136 0.006908
vn 0.999896 0.014276 0.001932
vn 0.999862 0.016578 0.000621
vn 0.998223 -0.059523 0.002651
vn 0.998616 -0.052400 0.004488
vn 0.999864 0.016475 0.001134
vn 0.999881 0.015439 0.000603
vn 0.997937 -0.064156 0.002605
vn 0.998223 -0.059523 0.002651
vn 0.999862 0.016578 0.000621
vn 0.997745 -0.067070 0.002750
vn 0.997937 -0.064156 0.002605
vn 0.999881 0.015439 0.000603
vn 0.999936 0.011272 0.000664
vn 0.002810 0.128872 0.991657
vn 0.002786 0.127557 0.991827
vn 0.000543 0.076144 0.997097
vn 0.000554 0.076831 0.997044
vn 0.000206 0.075510 0.997145
vn 0.000543 0.076144 0.997097
vn 0.002786 0.127557 0.991827
vn 0.001032 0.126972 0.991906
vn 0.001032 0.126972 0.991906
vn -0.001012 0.126923 0.991912
vn -0.000202 0.075524 0.997144
vn 0.000206 0.075510 0.997145
vn -0.002594 0.127447 0.991842
vn -0.000508 0.076138 0.997097
vn -0.000202 0.075524 0.997144
vn -0.001012 0.126923 0.991912
vn -0.000521 0.076827 0.997044
vn -0.000508 0.076138 0.997097
vn -0.002594 0.127447 0.991842
vn -0.002612 0.128657 0.991686
vn -0.998349 -0.056165 0.012034
vn -0.998269 -0.056213 0.017307
vn -0.997972 -0.061661 0.015806
vn -0.997978 -0.062798 0.009829
vn -0.999768 0.021232 0.003508
vn -0.998349 -0.056165 0.012034
vn -0.997978 -0.062798 0.009829
vn -0.999580 0.028847 0.002751
vn -0.993254 0.115957 -0.000343
vn -0.999768 0.021232 0.003508
vn -0.999580 0.028847 0.002751
vn -0.993272 0.115807 -0.000039
vn -0.993298 0.115572 -0.001388
vn -0.993254 0.115957 -0.000343
vn -0.993272 0.115807 -0.000039
vn -0.993324 0.115356 -0.000132
vn -0.993270 0.115777 -0.003131
vn -0.993298 0.115572 -0.001388
vn -0.993324 0.115356 -0.000132
vn -0.993320 0.115390 -0.000217
vn -0.055945 0.998431 -0.002507
vn -0.055946 0.998431 -0.002503
vn -0.055908 0.997742 -0.037220
vn -0.055908 0.997742 -0.037220
vn -0.019600 0.999113 -0.037273
vn -0.055908 0.997742 -0.037220
vn -0.055946 0.998431 -0.002503
vn -0.019590 0.999805 -0.002499
vn 0.019935 0.999106 -0.037273
vn -0.019600 0.999113 -0.037273
vn -0.019590 0.999805 -0.002499
vn 0.019922 0.999798 -0.002499
vn 0.059887 0.997511 -0.037215
vn 0.019935 0.999106 -0.037273
vn 0.019922 0.999798 -0.002499
vn 0.059929 0.998200 -0.002502
vn 0.059888 0.997511 -0.037215
vn 0.059887 0.997511 -0.037215
vn 0.059929 0.998200 -0.002502
vn 0.059928 0.998200 -0.002507
vn 0.993320 0.115390 -0.000217
vn 0.993324 0.115356 -0.000132
vn 0.993298 0.115572 -0.001388
vn 0.993270 0.115777 -0.003131
vn 0.996172 0.087420 -0.000344
vn 0.993298 0.115572 -0.001388
vn 0.993324 0.115356 -0.000132
vn 0.995796 0.091600 -0.000039
vn 0.995796 0.091600 -0.000039
vn 0.999896 0.014276 0.001932
vn 0.999950 0.009658 0.002464
vn 0.996172 0.087420 -0.000344
vn 0.999896 0.014276 0.001932
vn 0.999002 -0.044136 0.006908
vn 0.999185 -0.039467 0.008456
vn 0.999950 0.009658 0.002464
vn 0.999146 -0.039502 0.012161
vn 0.999185 -0.039467 0.008456
vn 0.999002 -0.044136 0.006908
vn 0.998999 -0.043336 0.011109
vn 0.000000 -0.954055 0.299631
vn 0.000000 -0.954055 0.299631
vn 0.000000 -0.931331 0.364174
vn 0.000000 -0.931331 0.364174
vn 0.000000 -0.931331 0.364174
vn 0.000000 -0.931331 0.364174
vn 0.000000 -0.954055 0.299631
vn 0.000000 -0.954055 0.299631
vn 0.000000 -0.954055 0.299631
vn 0.000000 -0.954055 0.299631
vn 0.000000 -0.931331 0.364174
vn 0.000000 -0.931331 0.364174
vn 0.000000 -0.954055 0.299631
vn 0.000000 -0.931331 0.364174
vn 0.000000 -0.931331 0.364174
vn 0.000000 -0.954055 0.299631
vn 0.000000 -0.931331 0.364174
vn 0.000000 -0.931331 0.364174
vn 0.000000 -0.954055 0.299631
vn 0.000000 -0.954055 0.299631
vn -0.089800 -0.024579 0.995656
vn -0.089800 -0.024579 0.995656
vn -0.089798 -0.024579 0.995657
vn -0.089797 -0.024579 0.995657
vn 0.049341 0.020676 -0.998568
vn 0.049341 0.020676 -0.998568
vn 0.049347 0.020677 -0.998568
vn 0.049345 0.020677 -0.998568
vn -0.089803 -0.024579 0.995656
vn -0.089803 -0.024579 0.995656
vn -0.089798 -0.024579 0.995657
vn -0.089797 -0.024579 0.995657
vn 0.049347 0.020676 -0.998568
vn 0.049347 0.020676 -0.998568
vn 0.049346 0.020677 -0.998568
vn 0.049346 0.020677 -0.998568
vn -0.081045 -0.127698 0.988496
vn -0.081045 -0.127698 0.988496
vn -0.081036 -0.127698 0.988497
vn -0.081035 -0.127698 0.988497
vn 0.041524 0.116144 -0.992364
vn 0.041524 0.116144 -0.992364
vn 0.041524 0.116143 -0.992364
vn 0.041524 0.116143 -0.992364
vn -0.111785 -0.250652 0.961602
vn -0.111785 -0.250652 0.961602
vn -0.111778 -0.250652 0.961602
vn -0.111779 -0.250652 0.961602
vn 0.069828 0.225647 -0.971703
vn 0.069828 0.225647 -0.971703
vn 0.069829 0.225648 -0.971703
vn 0.069829 0.225648 -0.971703
vn -0.111790 -0.250650 0.961601
vn -0.111790 -0.250650 0.961601
vn -0.111784 -0.250651 0.961602
vn -0.111786 -0.250651 0.961602
vn 0.069840 0.225645 -0.971703
vn 0.069840 0.225645 -0.971703
vn 0.069835 0.225647 -0.971703
vn 0.069831 0.225648 -0.971703
vn -0.007479 0.133465 -0.991025
vn -0.007479 0.133465 -0.991025
vn -0.007479 0.133476 -0.991024
vn -0.007479 0.133470 -0.991025
vn 0.006135 -0.109486 0.993969
vn 0.006135 -0.109486 0.993969
vn 0.006135 -0.109489 0.993969
vn 0.006136 -0.109492 0.993969
vn 0.006136 -0.109491 0.993969
vn 0.006136 -0.109491 0.993969
vn 0.006135 -0.109491 0.993969
vn 0.006135 -0.109492 0.993969
vn -0.007479 0.133470 -0.991025
vn -0.007479 0.133470 -0.991025
vn -0.007479 0.133473 -0.991024
vn -0.007479 0.133472 -0.991024
vn 0.000000 -0.112320 0.993672
vn 0.000000 -0.112320 0.993672
vn 0.000000 -0.112318 0.993672
vn 0.000000 -0.112318 0.993672
vn 0.000000 0.136897 -0.990585
vn 0.000000 0.136897 -0.990585
vn 0.000000 0.136895 -0.990586
vn 0.000000 0.136895 -0.990586
vn -0.006536 -0.108869 0.994035
vn -0.006536 -0.108869 0.994035
vn -0.006536 -0.108870 0.994035
vn -0.006536 -0.108870 0.994035
vn 0.007968 0.132721 -0.991121
vn 0.007968 0.132721 -0.991121
vn 0.007968 0.132721 -0.991121
vn 0.007968 0.132721 -0.991121
vn -0.006537 -0.108862 0.994035
vn -0.006537 -0.108862 0.994035
vn -0.006536 -0.108869 0.994035
vn -0.006537 -0.108866 0.994035
vn 0.007967 0.132716 -0.991122
vn 0.007967 0.132716 -0.991122
vn 0.007968 0.132719 -0.991122
vn 0.007968 0.132723 -0.991121
vn -0.068774 0.225781 -0.971747
vn -0.068774 0.225781 -0.971747
vn -0.068770 0.225782 -0.971747
vn -0.068771 0.225782 -0.971748
vn 0.110100 -0.250884 0.961736
vn 0.110100 -0.250884 0.961736
vn 0.110097 -0.250885 0.961736
vn 0.110096 -0.250885 0.961736
vn 0.110090 -0.250884 0.961737
vn 0.110090 -0.250884 0.961737
vn 0.110090 -0.250886 0.961736
vn 0.110090 -0.250886 0.961736
vn -0.068768 0.225783 -0.971747
vn -0.068768 0.225783 -0.971748
vn -0.068774 0.225782 -0.971747
vn -0.068773 0.225782 -0.971747
vn -0.041358 0.118062 -0.992145
vn -0.041358 0.118062 -0.992145
vn -0.041361 0.118062 -0.992145
vn -0.041361 0.118062 -0.992144
vn 0.080702 -0.131432 0.988035
vn 0.080702 -0.131432 0.988035
vn 0.080698 -0.131432 0.988035
vn 0.080698 -0.131432 0.988035
vn -0.049404 0.019928 -0.998580
vn -0.049404 0.019928 -0.998580
vn -0.049402 0.019928 -0.998580
vn -0.049401 0.019928 -0.998580
vn 0.089912 -0.023251 0.995678
vn 0.089912 -0.023251 0.995678
vn 0.089908 -0.023250 0.995679
vn 0.089909 -0.023250 0.995679
vn 0.089920 -0.023250 0.995678
vn 0.089920 -0.023250 0.995678
vn 0.089907 -0.023250 0.995679
vn 0.089912 -0.023250 0.995678
vn -0.049395 0.019928 -0.998581
vn -0.049395 0.019928 -0.998581
vn -0.049402 0.019928 -0.998580
vn -0.049406 0.019928 -0.998580
vn 0.000000 0.083973 -0.996468
vn 0.000000 0.083973 -0.996468
vn 0.000000 0.083989 -0.996467
vn 0.000000 0.083979 -0.996468
vn 0.000000 -0.136910 0.990583
vn 0.000000 -0.136910 0.990583
vn 0.000000 -0.136902 0.990585
vn 0.000000 -0.136894 0.990586
vn 0.000000 -0.136909 0.990584
vn 0.000000 -0.136909 0.990584
vn 0.000000 -0.136901 0.990585
vn 0.000000 -0.136895 0.990586
vn 0.000000 0.083973 -0.996468
vn 0.000000 0.083973 -0.996468
vn 0.000000 0.083988 -0.996467
vn 0.000000 0.083980 -0.996467
vn -0.000000 0.083981 -0.996467
vn -0.000000 0.083981 -0.996467
vn -0.000000 0.083984 -0.996467
vn -0.000000 0.083984 -0.996467
vn 0.000000 -0.136910 0.990583
vn 0.000000 -0.136910 0.990583
vn 0.000000 -0.136899 0.990585
vn 0.000000 -0.136898 0.990585
vn 0.000000 0.083990 -0.996467
vn 0.000000 0.083990 -0.996467
vn 0.000000 0.083986 -0.996467
vn 0.000000 0.083982 -0.996467
vn 0.000000 -0.136911 0.990583
vn 0.000000 -0.136911 0.990583
vn 0.000000 -0.136895 0.990586
vn 0.000000 -0.136901 0.990585
vn 0.000000 -0.136905 0.990584
vn 0.000000 -0.136905 0.990584
vn 0.000000 -0.136894 0.990586
vn 0.000000 -0.136899 0.990585
vn 0.000000 0.083981 -0.996467
vn 0.000000 0.083981 -0.996467
vn 0.000000 0.083982 -0.996467
vn 0.000001 0.083985 -0.996467
vn -0.089797 -0.024579 0.995657
vn -0.089798 -0.024579 0.995657
vn -0.089797 -0.024579 0.995657
vn -0.089798 -0.024579 0.995657
vn -0.089797 -0.024579 0.995657
vn -0.089798 -0.024579 0.995657
vn -0.089795 -0.024579 0.995657
vn -0.089796 -0.024579 0.995657
vn -0.081035 -0.127698 0.988497
vn -0.081036 -0.127698 0.988497
vn -0.081033 -0.127698 0.988497
vn -0.081033 -0.127698 0.988497
vn -0.111779 -0.250652 0.961602
vn -0.111778 -0.250652 0.961602
vn -0.111780 -0.250652 0.961602
vn -0.111778 -0.250652 0.961603
vn -0.111786 -0.250651 0.961602
vn -0.111784 -0.250651 0.961602
vn -0.111776 -0.250652 0.961603
vn -0.111780 -0.250651 0.961602
vn 0.006136 -0.109492 0.993969
vn 0.006135 -0.109489 0.993969
vn 0.006136 -0.109494 0.993969
vn 0.006136 -0.109497 0.993968
vn 0.006135 -0.109492 0.993969
vn 0.006135 -0.109491 0.993969
vn 0.006135 -0.109492 0.993969
vn 0.006135 -0.109493 0.993969
vn 0.000000 -0.112318 0.993672
vn 0.000000 -0.112318 0.993672
vn 0.000000 -0.112318 0.993672
vn 0.000000 -0.112318 0.993672
vn -0.006536 -0.108870 0.994035
vn -0.006536 -0.108870 0.994035
vn -0.006536 -0.108874 0.994034
vn -0.006536 -0.108871 0.994034
vn -0.006537 -0.108866 0.994035
vn -0.006536 -0.108869 0.994035
vn -0.006537 -0.108878 0.994034
vn -0.006536 -0.108872 0.994034
vn 0.110096 -0.250885 0.961736
vn 0.110097 -0.250885 0.961736
vn 0.110092 -0.250886 0.961736
vn 0.110087 -0.250886 0.961737
vn 0.110090 -0.250886 0.961736
vn 0.110090 -0.250886 0.961736
vn 0.110091 -0.250886 0.961736
vn 0.110091 -0.250886 0.961736
vn 0.080698 -0.131432 0.988035
vn 0.080698 -0.131432 0.988035
vn 0.080696 -0.131432 0.988035
vn 0.080696 -0.131432 0.988035
vn 0.089909 -0.023250 0.995679
vn 0.089908 -0.023250 0.995679
vn 0.089904 -0.023250 0.995679
vn 0.089905 -0.023250 0.995679
vn 0.089912 -0.023250 0.995678
vn 0.089907 -0.023250 0.995679
vn 0.089908 -0.023250 0.995679
vn 0.089906 -0.023250 0.995679
vn 0.000000 -0.136894 0.990586
vn 0.000000 -0.136902 0.990585
vn 0.000000 -0.136894 0.990586
vn 0.000000 -0.136900 0.990585
vn 0.000000 -0.136895 0.990586
vn 0.000000 -0.136901 0.990585
vn 0.000000 -0.136894 0.990586
vn 0.000000 -0.136898 0.990585
vn 0.000000 -0.136898 0.990585
vn 0.000000 -0.136899 0.990585
vn 0.000000 -0.136894 0.990586
vn 0.000000 -0.136894 0.990586
vn 0.000000 -0.136901 0.990585
vn 0.000000 -0.136895 0.990586
vn 0.000000 -0.136898 0.990585
vn 0.000000 -0.136893 0.990586
vn 0.000000 -0.136899 0.990585
vn 0.000000 -0.136894 0.990586
vn 0.000000 -0.136900 0.990585
vn 0.000000 -0.136894 0.990586
vn -0.089798 -0.024579 0.995657
vn -0.089797 -0.024579 0.995657
vn -0.089802 -0.024579 0.995656
vn -0.089802 -0.024579 0.995656
vn -0.089796 -0.024579 0.995657
vn -0.089795 -0.024579 0.995657
vn -0.089800 -0.024580 0.995656
vn -0.089800 -0.024580 0.995656
vn -0.081033 -0.127698 0.988497
vn -0.081033 -0.127698 0.988497
vn -0.081037 -0.127697 0.988497
vn -0.081037 -0.127697 0.988497
vn -0.111778 -0.250652 0.961603
vn -0.111780 -0.250652 0.961602
vn -0.111790 -0.250650 0.961602
vn -0.111790 -0.250650 0.961601
vn -0.111780 -0.250651 0.961602
vn -0.111776 -0.250652 0.961603
vn -0.111762 -0.250654 0.961604
vn -0.111762 -0.250654 0.961604
vn 0.006136 -0.109497 0.993968
vn 0.006136 -0.109494 0.993969
vn 0.006136 -0.109502 0.993968
vn 0.006136 -0.109502 0.993968
vn 0.006135 -0.109493 0.993969
vn 0.006135 -0.109492 0.993969
vn 0.006136 -0.109496 0.993968
vn 0.006136 -0.109496 0.993968
vn 0.000000 -0.112318 0.993672
vn 0.000000 -0.112318 0.993672
vn 0.000000 -0.112329 0.993671
vn 0.000000 -0.112329 0.993671
vn -0.006536 -0.108871 0.994034
vn -0.006536 -0.108874 0.994034
vn -0.006537 -0.108881 0.994033
vn -0.006537 -0.108881 0.994033
vn -0.006536 -0.108872 0.994034
vn -0.006537 -0.108878 0.994034
vn -0.006537 -0.108887 0.994033
vn -0.006537 -0.108887 0.994033
vn 0.110087 -0.250886 0.961737
vn 0.110092 -0.250886 0.961736
vn 0.110072 -0.250886 0.961738
vn 0.110072 -0.250886 0.961738
vn 0.110091 -0.250886 0.961736
vn 0.110091 -0.250886 0.961736
vn 0.110093 -0.250884 0.961736
vn 0.110093 -0.250884 0.961736
vn 0.080696 -0.131432 0.988035
vn 0.080696 -0.131432 0.988035
vn 0.080693 -0.131433 0.988035
vn 0.080693 -0.131433 0.988035
vn 0.089905 -0.023250 0.995679
vn 0.089904 -0.023250 0.995679
vn 0.089893 -0.023250 0.995680
vn 0.089893 -0.023250 0.995680
vn 0.089906 -0.023250 0.995679
vn 0.089908 -0.023250 0.995679
vn 0.089914 -0.023250 0.995678
vn 0.089914 -0.023250 0.995678
vn 0.000000 -0.136900 0.990585
vn 0.000000 -0.136894 0.990586
vn 0.000000 -0.136909 0.990584
vn 0.000000 -0.136909 0.990584
vn 0.000000 -0.136898 0.990585
vn 0.000000 -0.136894 0.990586
vn 0.000000 -0.136909 0.990584
vn 0.000000 -0.136909 0.990584
vn 0.000000 -0.136894 0.990586
vn 0.000000 -0.136894 0.990586
vn 0.000000 -0.136911 0.990583
vn 0.000000 -0.136911 0.990583
vn 0.000000 -0.136893 0.990586
vn 0.000000 -0.136898 0.990585
vn 0.000000 -0.136912 0.990583
vn 0.000000 -0.136912 0.990583
vn 0.000000 -0.136894 0.990586
vn 0.000000 -0.136900 0.990585
vn 0.000000 -0.136909 0.990584
vn 0.000000 -0.136909 0.990584
vn 0.000000 0.083994 -0.996466
vn 0.000001 0.083987 -0.996467
vn 0.000000 0.084000 -0.996466
vn 0.000000 0.084000 -0.996466
vn 0.000000 0.083988 -0.996467
vn 0.000000 0.083982 -0.996467
vn 0.000000 0.084000 -0.996466
vn 0.000000 0.084000 -0.996466
vn -0.000000 0.083989 -0.996467
vn -0.000000 0.083989 -0.996467
vn 0.000000 0.084000 -0.996466
vn 0.000000 0.084000 -0.996466
vn 0.000000 0.083993 -0.996466
vn 0.000000 0.083996 -0.996466
vn 0.000000 0.084001 -0.996466
vn 0.000000 0.084001 -0.996466
vn 0.000000 0.083992 -0.996466
vn 0.000000 0.083996 -0.996466
vn 0.000000 0.084000 -0.996466
vn 0.000000 0.084000 -0.996466
vn -0.049406 0.019928 -0.998580
vn -0.049408 0.019929 -0.998580
vn -0.049400 0.019928 -0.998580
vn -0.049400 0.019928 -0.998580
vn -0.049404 0.019928 -0.998580
vn -0.049402 0.019928 -0.998580
vn -0.049412 0.019928 -0.998580
vn -0.049412 0.019928 -0.998580
vn -0.041360 0.118062 -0.992145
vn -0.041360 0.118062 -0.992145
vn -0.041355 0.118064 -0.992144
vn -0.041355 0.118064 -0.992144
vn -0.068775 0.225782 -0.971747
vn -0.068774 0.225782 -0.971747
vn -0.068768 0.225783 -0.971747
vn -0.068768 0.225783 -0.971747
vn -0.068770 0.225782 -0.971747
vn -0.068772 0.225782 -0.971747
vn -0.068776 0.225782 -0.971747
vn -0.068776 0.225782 -0.971747
vn 0.007968 0.132719 -0.991122
vn 0.007968 0.132723 -0.991121
vn 0.007968 0.132715 -0.991122
vn 0.007968 0.132715 -0.991122
vn 0.007968 0.132720 -0.991122
vn 0.007968 0.132721 -0.991121
vn 0.007968 0.132718 -0.991122
vn 0.007968 0.132718 -0.991122
vn 0.000000 0.136895 -0.990586
vn 0.000000 0.136895 -0.990586
vn 0.000000 0.136900 -0.990585
vn 0.000000 0.136900 -0.990585
vn -0.007479 0.133475 -0.991024
vn -0.007479 0.133476 -0.991024
vn -0.007479 0.133479 -0.991023
vn -0.007479 0.133479 -0.991023
vn -0.007479 0.133477 -0.991024
vn -0.007479 0.133476 -0.991024
vn -0.007479 0.133474 -0.991024
vn -0.007479 0.133474 -0.991024
vn 0.069830 0.225647 -0.971703
vn 0.069829 0.225648 -0.971703
vn 0.069832 0.225645 -0.971704
vn 0.069832 0.225645 -0.971704
vn 0.069832 0.225647 -0.971703
vn 0.069831 0.225648 -0.971703
vn 0.069836 0.225646 -0.971703
vn 0.069836 0.225646 -0.971703
vn 0.041526 0.116142 -0.992364
vn 0.041526 0.116142 -0.992364
vn 0.041532 0.116142 -0.992364
vn 0.041532 0.116142 -0.992364
vn 0.049345 0.020677 -0.998568
vn 0.049345 0.020677 -0.998568
vn 0.049345 0.020677 -0.998568
vn 0.049345 0.020677 -0.998568
vn 0.049348 0.020677 -0.998568
vn 0.049347 0.020677 -0.998568
vn 0.049345 0.020677 -0.998568
vn 0.049345 0.020677 -0.998568
vn 0.000001 0.083985 -0.996467
vn 0.000000 0.083982 -0.996467
vn 0.000001 0.083987 -0.996467
vn 0.000000 0.083994 -0.996466
vn 0.000000 0.083982 -0.996467
vn 0.000000 0.083986 -0.996467
vn 0.000000 0.083982 -0.996467
vn 0.000000 0.083988 -0.996467
vn -0.000000 0.083984 -0.996467
vn -0.000000 0.083984 -0.996467
vn -0.000000 0.083989 -0.996467
vn -0.000000 0.083989 -0.996467
vn 0.000000 0.083980 -0.996467
vn 0.000000 0.083988 -0.996467
vn 0.000000 0.083996 -0.996466
vn 0.000000 0.083993 -0.996466
vn 0.000000 0.083979 -0.996468
vn 0.000000 0.083989 -0.996467
vn 0.000000 0.083996 -0.996466
vn 0.000000 0.083992 -0.996466
vn -0.049406 0.019928 -0.998580
vn -0.049402 0.019928 -0.998580
vn -0.049408 0.019929 -0.998580
vn -0.049406 0.019928 -0.998580
vn -0.049401 0.019928 -0.998580
vn -0.049402 0.019928 -0.998580
vn -0.049402 0.019928 -0.998580
vn -0.049404 0.019928 -0.998580
vn -0.041361 0.118062 -0.992144
vn -0.041361 0.118062 -0.992145
vn -0.041360 0.118062 -0.992145
vn -0.041360 0.118062 -0.992145
vn -0.068773 0.225782 -0.971747
vn -0.068774 0.225782 -0.971747
vn -0.068774 0.225782 -0.971747
vn -0.068775 0.225782 -0.971747
vn -0.068771 0.225782 -0.971748
vn -0.068770 0.225782 -0.971747
vn -0.068772 0.225782 -0.971747
vn -0.068770 0.225782 -0.971747
vn 0.007968 0.132723 -0.991121
vn 0.007968 0.132719 -0.991122
vn 0.007968 0.132723 -0.991121
vn 0.007968 0.132719 -0.991122
vn 0.007968 0.132721 -0.991121
vn 0.007968 0.132721 -0.991121
vn 0.007968 0.132721 -0.991121
vn 0.007968 0.132720 -0.991122
vn 0.000000 0.136895 -0.990586
vn 0.000000 0.136895 -0.990586
vn 0.000000 0.136895 -0.990586
vn 0.000000 0.136895 -0.990586
vn -0.007479 0.133472 -0.991024
vn -0.007479 0.133473 -0.991024
vn -0.007479 0.133476 -0.991024
vn -0.007479 0.133475 -0.991024
vn -0.007479 0.133470 -0.991025
vn -0.007479 0.133476 -0.991024
vn -0.007479 0.133476 -0.991024
vn -0.007479 0.133477 -0.991024
vn 0.069831 0.225648 -0.971703
vn 0.069835 0.225647 -0.971703
vn 0.069829 0.225648 -0.971703
vn 0.069830 0.225647 -0.971703
vn 0.069829 0.225648 -0.971703
vn 0.069829 0.225648 -0.971703
vn 0.069831 0.225648 -0.971703
vn 0.069832 0.225647 -0.971703
vn 0.041524 0.116143 -0.992364
vn 0.041524 0.116143 -0.992364
vn 0.041526 0.116142 -0.992364
vn 0.041526 0.116142 -0.992364
vn 0.049346 0.020677 -0.998568
vn 0.049346 0.020677 -0.998568
vn 0.049345 0.020677 -0.998568
vn 0.049345 0.020677 -0.998568
vn 0.049345 0.020677 -0.998568
vn 0.049347 0.020677 -0.998568
vn 0.049347 0.020677 -0.998568
vn 0.049348 0.020677 -0.998568
vn 0.000000 -0.123373 0.992360
vn 0.000000 -0.123373 0.992360
vn 0.000000 -0.123373 0.992360
vn 0.000000 -0.123373 0.992360
vn 0.000000 -0.123373 0.992360
vn 0.000000 -0.123373 0.992360
vn 0.000000 -0.123373 0.992360
vn 0.000000 -0.123373 0.992360
vn 0.000000 -0.123373 0.992360
vn 0.000000 -0.123373 0.992360
vn 0.000000 -0.123373 0.992360
vn 0.000000 -0.123373 0.992360
vn 0.000000 -0.123373 0.992360
vn 0.000000 -0.123373 0.992360
vn 0.000000 -0.123373 0.992360
vn 0.000000 -0.123373 0.992360
vn 0.000000 -0.123373 0.992360
vn 0.000000 -0.123373 0.992360
vn 0.000000 -0.123373 0.992360
vn 0.000000 -0.123373 0.992360
vn 0.000000 0.109746 -0.993960
vn 0.000000 0.109746 -0.993960
vn 0.000000 0.109746 -0.993960
vn 0.000000 0.109746 -0.993960
vn 0.000000 0.109746 -0.993960
vn 0.000000 0.109746 -0.993960
vn 0.000000 0.109746 -0.993960
vn 0.000000 0.109746 -0.993960
vn 0.000000 0.109746 -0.993960
vn 0.000000 0.109746 -0.993960
vn 0.000000 0.109746 -0.993960
vn 0.000000 0.109746 -0.993960
vn 0.000000 0.109746 -0.993960
vn 0.000000 0.109746 -0.993960
vn 0.000000 0.109746 -0.993960
vn 0.000000 0.109746 -0.993960
vn 0.000000 0.109746 -0.993960
vn 0.000000 0.109746 -0.993960
vn 0.000000 0.109746 -0.993960
vn 0.000000 0.109746 -0.993960
s off
g group1 robot:robotpCube7
usemtl robot:aiStandardSurface2SG
f 2323/2916/9239 2391/2917/9240 2474/2918/9241 2455/2919/9242
f 2325/2920/9243 2394/2921/9244 2436/2922/9245 2421/2923/9246
f 2460/2924/9247 2461/2925/9248 2401/2926/9249 2329/2927/9250
f 2425/2928/9251 2426/2929/9252 2391/2930/9253 2323/2931/9254
f 2324/2932/9255 2429/2933/9256 2469/2934/9257 2470/2935/9258
f 2455/2919/9259 2456/2936/9260 2425/2937/9261 2323/2916/9262
f 2472/2938/9263 2473/2939/9264 2331/2940/9265 2335/2941/9266
f 2434/2942/9267 2435/2943/9268 2332/2944/9269 2336/2945/9270
f 2334/2946/9271 2462/2947/9272 2463/2948/9273 2338/2949/9274
f 2331/2950/9275 2427/2951/9276 2428/2952/9277 2335/2953/9278
f 2437/2954/9279 2471/2955/9280 2472/2938/9281 2335/2941/9282
f 2441/2956/9283 2442/2957/9284 2434/2942/9285 2336/2945/9286
f 2338/2949/9287 2463/2948/9288 2464/2958/9289 2450/2959/9290
f 2335/2953/9291 2428/2952/9292 2454/2960/9293 2437/2961/9294
f 2421/2962/9295 2422/2963/9296 2409/2964/9297 2325/2920/9298
f 2327/2965/9299 2398/2966/9300 2420/2967/9301 2405/2968/9302
f 2418/2969/9303 2419/2970/9304 2333/2971/9305 2337/2972/9306
f 2446/2973/9307 2447/2974/9308 2418/2969/9309 2337/2972/9310
f 2413/2975/9311 2432/2976/9312 2433/2977/9313 2326/2978/9314
f 2336/2945/9315 2412/2979/9316 2440/2980/9317 2441/2956/9318
f 2332/2944/9319 2411/2981/9320 2412/2979/9321 2336/2945/9322
f 2409/2964/9323 2410/2982/9324 2394/2921/9325 2325/2920/9326
f 2423/2983/9327 2424/2984/9328 2347/2985/9329 2339/2986/9330
f 2340/2987/9331 2399/2988/9332 2400/2989/9333 2348/2990/9334
f 2350/2991/9335 2349/2992/9336 2341/2993/9337 2342/2994/9338
f 2448/2995/9339 2449/2996/9340 2350/2991/9341 2342/2994/9342
f 2352/2997/9343 2430/2998/9344 2431/2999/9345 2344/3000/9346
f 2438/3001/9347 2439/3002/9348 2345/3003/9349 2353/3004/9350
f 2345/3003/9351 2346/3005/9352 2354/3006/9353 2353/3004/9354
f 2347/2985/9355 2392/3007/9356 2393/3008/9357 2339/2986/9358
f 2405/3009/9359 2499/3010/9360 2500/3011/9361 2327/3012/9362
f 2348/3013/9363 2497/3014/9364 2498/3015/9365 2340/3016/9366
f 2329/3017/9367 2495/3018/9368 2496/3019/9369 2460/3020/9370
f 2329/2927/9371 2401/2926/9372 2514/3021/9373 2495/3022/9374
f 2512/3023/9375 2513/3024/9376 2334/2946/9377 2338/2949/9378
f 2450/2959/9379 2511/3025/9380 2512/3023/9381 2338/2949/9382
f 2465/3026/9383 2509/3027/9384 2510/3028/9385 2330/3029/9386
f 2507/3030/9387 2508/3031/9388 2351/3032/9389 2343/3033/9390
f 2505/3034/9391 2506/3035/9392 2417/3036/9393 2328/3037/9394
f 2337/2972/9395 2503/3038/9396 2504/3039/9397 2446/2973/9398
f 2333/2971/9399 2502/3040/9400 2503/3038/9401 2337/2972/9402
f 2500/3041/9403 2501/3042/9404 2398/2966/9405 2327/2965/9406
f 2457/3043/9407 2458/3044/9408 2367/3045/9409 2358/3046/9410
f 2369/3047/9411 2368/3048/9412 2357/3049/9413 2356/3050/9414
f 2370/3051/9415 2407/3052/9416 2408/3053/9417 2355/3054/9418
f 2355/3055/9419 2395/3056/9420 2396/3057/9421 2370/3058/9422
f 2372/3059/9423 2371/3060/9424 2366/3061/9425 2365/3062/9426
f 2443/3063/9427 2444/3064/9428 2372/3059/9429 2365/3062/9430
f 2364/3065/9431 2414/3066/9432 2415/3067/9433 2373/3068/9434
f 2363/3069/9435 2362/3070/9436 2375/3071/9437 2374/3072/9438
f 2467/3073/9439 2468/3074/9440 2361/3075/9441 2376/3076/9442
f 2452/3077/9443 2453/3078/9444 2360/3079/9445 2377/3080/9446
f 2360/3079/9447 2359/3081/9448 2378/3082/9449 2377/3080/9450
f 2367/3083/9451 2403/3084/9452 2404/3085/9453 2358/3086/9454
f 2458/3044/9455 2459/3087/9456 2379/3088/9457 2367/3045/9458
f 2381/3089/9459 2380/3090/9460 2368/3048/9461 2369/3047/9462
f 2382/3091/9463 2406/3092/9464 2407/3052/9465 2370/3051/9466
f 2370/3058/9467 2396/3057/9468 2397/3093/9469 2382/3094/9470
f 2384/3095/9471 2383/3096/9472 2371/3060/9473 2372/3059/9474
f 2444/3064/9475 2445/3097/9476 2384/3095/9477 2372/3059/9478
f 2373/3068/9479 2415/3067/9480 2416/3098/9481 2385/3099/9482
f 2374/3072/9483 2375/3071/9484 2387/3100/9485 2386/3101/9486
f 2466/3102/9487 2467/3073/9488 2376/3076/9489 2388/3103/9490
f 2451/3104/9491 2452/3077/9492 2377/3080/9493 2389/3105/9494
f 2377/3080/9495 2378/3082/9496 2390/3106/9497 2389/3105/9498
f 2379/3107/9499 2402/3108/9500 2403/3084/9501 2367/3083/9502
f 2473/2939/9503 2474/2918/9504 2391/2917/9505 2331/2940/9506
f 2393/3008/9507 2392/3007/9508 2354/3006/9509 2346/3005/9510
f 2394/2921/9511 2410/2982/9512 2411/2981/9513 2332/2944/9514
f 2435/2943/9515 2436/2922/9516 2394/2921/9517 2332/2944/9518
f 2396/3057/9519 2395/3056/9520 2366/3061/9521 2371/3060/9522
f 2397/3093/9523 2396/3057/9524 2371/3060/9525 2383/3096/9526
f 2398/2966/9527 2501/3042/9528 2502/3040/9529 2333/2971/9530
f 2419/2970/9531 2420/2967/9532 2398/2966/9533 2333/2971/9534
f 2400/2989/9535 2399/2988/9536 2341/2993/9537 2349/2992/9538
f 2401/2926/9539 2461/2925/9540 2462/2947/9541 2334/2946/9542
f 2513/3024/9543 2514/3021/9544 2401/2926/9545 2334/2946/9546
f 2403/3084/9547 2402/3108/9548 2390/3106/9549 2378/3082/9550
f 2404/3085/9551 2403/3084/9552 2378/3082/9553 2359/3081/9554
f 2391/2930/9555 2426/2929/9556 2427/2951/9557 2331/2950/9558
f 2340/3016/9559 2498/3015/9560 2499/3010/9561 2405/3009/9562
f 2407/3052/9563 2406/3092/9564 2381/3089/9565 2369/3047/9566
f 2408/3053/9567 2407/3052/9568 2369/3047/9569 2356/3050/9570
f 2409/2964/9571 2422/2963/9572 2423/2983/9573 2339/2986/9574
f 2339/2986/9575 2393/3008/9576 2410/2982/9577 2409/2964/9578
f 2411/2981/9579 2410/2982/9580 2393/3008/9581 2346/3005/9582
f 2412/2979/9583 2411/2981/9584 2346/3005/9585 2345/3003/9586
f 2439/3002/9587 2440/2980/9588 2412/2979/9589 2345/3003/9590
f 2344/3000/9591 2431/2999/9592 2432/2976/9593 2413/2975/9594
f 2415/3067/9595 2414/3066/9596 2363/3069/9597 2374/3072/9598
f 2416/3098/9599 2415/3067/9600 2374/3072/9601 2386/3101/9602
f 2417/3036/9603 2506/3035/9604 2507/3030/9605 2343/3033/9606
f 2447/2974/9607 2448/2995/9608 2342/2994/9609 2418/2969/9610
f 2342/2994/9611 2341/2993/9612 2419/2970/9613 2418/2969/9614
f 2399/2988/9615 2420/2967/9616 2419/2970/9617 2341/2993/9618
f 2405/2968/9619 2420/2967/9620 2399/2988/9621 2340/2987/9622
f 2355/3054/9623 2408/3053/9624 2422/2963/9625 2421/2962/9626
f 2423/2983/9627 2422/2963/9628 2408/3053/9629 2356/3050/9630
f 2356/3050/9631 2357/3049/9632 2424/2984/9633 2423/2983/9634
f 2456/2936/9635 2457/3043/9636 2358/3046/9637 2425/2937/9638
f 2358/3086/9639 2404/3085/9640 2426/2929/9641 2425/2928/9642
f 2427/2951/9643 2426/2929/9644 2404/3085/9645 2359/3081/9646
f 2428/2952/9647 2427/2951/9648 2359/3081/9649 2360/3079/9650
f 2453/3078/9651 2454/2960/9652 2428/2952/9653 2360/3079/9654
f 2468/3074/9655 2469/2934/9656 2429/2933/9657 2361/3075/9658
f 2431/2999/9659 2430/2998/9660 2362/3070/9661 2363/3069/9662
f 2432/2976/9663 2431/2999/9664 2363/3069/9665 2414/3066/9666
f 2433/2977/9667 2432/2976/9668 2414/3066/9669 2364/3065/9670
f 2442/2957/9671 2443/3063/9672 2365/3062/9673 2434/2942/9674
f 2365/3062/9675 2366/3061/9676 2435/2943/9677 2434/2942/9678
f 2395/3056/9679 2436/2922/9680 2435/2943/9681 2366/3061/9682
f 2421/2923/9683 2436/2922/9684 2395/3056/9685 2355/3055/9686
f 2470/2935/9687 2471/2955/9688 2437/2954/9689 2324/2932/9690
f 2344/3000/9691 2439/3002/9692 2438/3001/9693 2352/2997/9694
f 2413/2975/9695 2440/2980/9696 2439/3002/9697 2344/3000/9698
f 2441/2956/9699 2440/2980/9700 2413/2975/9701 2326/2978/9702
f 2433/3109/9703 2442/2957/9704 2441/2956/9705 2326/2978/9706
f 2364/3110/9707 2443/3063/9708 2442/2957/9709 2433/3109/9710
f 2373/3111/9711 2444/3064/9712 2443/3063/9713 2364/3110/9714
f 2385/3112/9715 2445/3097/9716 2444/3064/9717 2373/3111/9718
f 2446/2973/9719 2504/3039/9720 2505/3113/9721 2328/3114/9722
f 2417/3115/9723 2447/2974/9724 2446/2973/9725 2328/3114/9726
f 2343/3116/9727 2448/2995/9728 2447/2974/9729 2417/3115/9730
f 2351/3117/9731 2449/2996/9732 2448/2995/9733 2343/3116/9734
f 2450/2959/9735 2464/2958/9736 2465/3118/9737 2330/3119/9738
f 2510/3120/9739 2511/3025/9740 2450/2959/9741 2330/3119/9742
f 2376/3121/9743 2452/3077/9744 2451/3104/9745 2388/3122/9746
f 2361/3123/9747 2453/3078/9748 2452/3077/9749 2376/3121/9750
f 2429/3124/9751 2454/2960/9752 2453/3078/9753 2361/3123/9754
f 2437/2961/9755 2454/2960/9756 2429/3124/9757 2324/3125/9758
f 2424/2984/9759 2456/2936/9760 2455/2919/9761 2347/2985/9762
f 2357/3049/9763 2457/3043/9764 2456/2936/9765 2424/2984/9766
f 2368/3048/9767 2458/3044/9768 2457/3043/9769 2357/3049/9770
f 2380/3090/9771 2459/3087/9772 2458/3044/9773 2368/3048/9774
f 2460/3020/9775 2496/3019/9776 2497/3014/9777 2348/3013/9778
f 2348/2990/9779 2400/2989/9780 2461/2925/9781 2460/2924/9782
f 2462/2947/9783 2461/2925/9784 2400/2989/9785 2349/2992/9786
f 2463/2948/9787 2462/2947/9788 2349/2992/9789 2350/2991/9790
f 2464/2958/9791 2463/2948/9792 2350/2991/9793 2449/2996/9794
f 2465/3118/9795 2464/2958/9796 2449/2996/9797 2351/3117/9798
f 2508/3031/9799 2509/3027/9800 2465/3026/9801 2351/3032/9802
f 2375/3071/9803 2467/3073/9804 2466/3102/9805 2387/3100/9806
f 2362/3070/9807 2468/3074/9808 2467/3073/9809 2375/3071/9810
f 2430/2998/9811 2469/2934/9812 2468/3074/9813 2362/3070/9814
f 2470/2935/9815 2469/2934/9816 2430/2998/9817 2352/2997/9818
f 2352/2997/9819 2438/3001/9820 2471/2955/9821 2470/2935/9822
f 2472/2938/9823 2471/2955/9824 2438/3001/9825 2353/3004/9826
f 2353/3004/9827 2354/3006/9828 2473/2939/9829 2472/2938/9830
f 2392/3007/9831 2474/2918/9832 2473/2939/9833 2354/3006/9834
f 2455/2919/9835 2474/2918/9836 2392/3007/9837 2347/2985/9838
f 2476/3126/9839 2475/3127/9840 2379/3088/9841 2459/3087/9842
f 2477/3128/9843 2476/3126/9844 2459/3087/9845 2380/3090/9846
f 2478/3129/9847 2477/3128/9848 2380/3090/9849 2381/3089/9850
f 2479/3130/9851 2478/3129/9852 2381/3089/9853 2406/3092/9854
f 2480/3131/9855 2479/3130/9856 2406/3092/9857 2382/3091/9858
f 2382/3094/9859 2397/3093/9860 2481/3132/9861 2480/3133/9862
f 2482/3134/9863 2481/3132/9864 2397/3093/9865 2383/3096/9866
f 2483/3135/9867 2482/3134/9868 2383/3096/9869 2384/3095/9870
f 2484/3136/9871 2483/3135/9872 2384/3095/9873 2445/3097/9874
f 2485/3137/9875 2484/3136/9876 2445/3097/9877 2385/3112/9878
f 2385/3099/9879 2416/3098/9880 2486/3138/9881 2485/3139/9882
f 2487/3140/9883 2486/3138/9884 2416/3098/9885 2386/3101/9886
f 2386/3101/9887 2387/3100/9888 2488/3141/9889 2487/3140/9890
f 2387/3100/9891 2466/3102/9892 2489/3142/9893 2488/3141/9894
f 2490/3143/9895 2489/3142/9896 2466/3102/9897 2388/3103/9898
f 2388/3122/9899 2451/3104/9900 2491/3144/9901 2490/3145/9902
f 2492/3146/9903 2491/3144/9904 2451/3104/9905 2389/3105/9906
f 2389/3105/9907 2390/3106/9908 2493/3147/9909 2492/3146/9910
f 2402/3108/9911 2494/3148/9912 2493/3147/9913 2390/3106/9914
f 2475/3149/9915 2494/3148/9916 2402/3108/9917 2379/3107/9918
f 2496/3019/9919 2495/3018/9920 2555/3150/9921 2556/3151/9922
f 2475/3127/9923 2476/3126/9924 2634/3152/9925 2615/3153/9926
f 2497/3014/9927 2496/3019/9928 2556/3151/9929 2557/3154/9930
f 2476/3126/9931 2477/3128/9932 2633/3155/9933 2634/3152/9934
f 2498/3015/9935 2497/3014/9936 2557/3154/9937 2558/3156/9938
f 2477/3128/9939 2478/3129/9940 2632/3157/9941 2633/3155/9942
f 2499/3010/9943 2498/3015/9944 2558/3156/9945 2559/3158/9946
f 2478/3129/9947 2479/3130/9948 2631/3159/9949 2632/3157/9950
f 2500/3011/9951 2499/3010/9952 2559/3158/9953 2560/3160/9954
f 2479/3130/9955 2480/3131/9956 2630/3161/9957 2631/3159/9958
f 2480/3133/9959 2481/3132/9960 2629/3162/9961 2630/3163/9962
f 2501/3042/9963 2500/3041/9964 2560/3164/9965 2561/3165/9966
f 2502/3040/9967 2501/3042/9968 2561/3165/9969 2562/3166/9970
f 2481/3132/9971 2482/3134/9972 2628/3167/9973 2629/3162/9974
f 2503/3038/9975 2502/3040/9976 2562/3166/9977 2563/3168/9978
f 2482/3134/9979 2483/3135/9980 2627/3169/9981 2628/3167/9982
f 2504/3039/9983 2503/3038/9984 2563/3168/9985 2564/3170/9986
f 2483/3135/9987 2484/3136/9988 2626/3171/9989 2627/3169/9990
f 2505/3113/9991 2504/3039/9992 2564/3170/9993 2565/3172/9994
f 2484/3136/9995 2485/3137/9996 2625/3173/9997 2626/3171/9998
f 2485/3139/9999 2486/3138/10000 2624/3174/10001 2625/3175/10002
f 2506/3035/10003 2505/3034/10004 2565/3176/10005 2566/3177/10006
f 2507/3030/10007 2506/3035/10008 2566/3177/10009 2567/3178/10010
f 2486/3138/10011 2487/3140/10012 2623/3179/10013 2624/3174/10014
f 2487/3140/10015 2488/3141/10016 2622/3180/10017 2623/3179/10018
f 2508/3031/10019 2507/3030/10020 2567/3178/10021 2568/3181/10022
f 2488/3141/10023 2489/3142/10024 2621/3182/10025 2622/3180/10026
f 2509/3027/10027 2508/3031/10028 2568/3181/10029 2569/3183/10030
f 2510/3028/10031 2509/3027/10032 2569/3183/10033 2570/3184/10034
f 2489/3142/10035 2490/3143/10036 2620/3185/10037 2621/3182/10038
f 2490/3145/10039 2491/3144/10040 2619/3186/10041 2620/3187/10042
f 2511/3025/10043 2510/3120/10044 2570/3188/10045 2571/3189/10046
f 2512/3023/10047 2511/3025/10048 2571/3189/10049 2572/3190/10050
f 2491/3144/10051 2492/3146/10052 2618/3191/10053 2619/3186/10054
f 2492/3146/10055 2493/3147/10056 2617/3192/10057 2618/3191/10058
f 2513/3024/10059 2512/3023/10060 2572/3190/10061 2573/3193/10062
f 2493/3147/10063 2494/3148/10064 2616/3194/10065 2617/3192/10066
f 2514/3021/10067 2513/3024/10068 2573/3193/10069 2574/3195/10070
f 2495/3022/10071 2514/3021/10072 2574/3195/10073 2555/3196/10074
f 2494/3148/10075 2475/3149/10076 2615/3197/10077 2616/3194/10078
f 2556/3151/10079 2555/3150/10080 2575/3198/10081 2576/3199/10082
f 2557/3154/10083 2556/3151/10084 2576/3199/10085 2577/3200/10086
f 2558/3156/10087 2557/3154/10088 2577/3200/10089 2578/3201/10090
f 2559/3158/10091 2558/3156/10092 2578/3201/10093 2579/3202/10094
f 2560/3160/10095 2559/3158/10096 2579/3202/10097 2580/3203/10098
f 2561/3165/10099 2560/3164/10100 2580/3204/10101 2581/3205/10102
f 2562/3166/10103 2561/3165/10104 2581/3205/10105 2582/3206/10106
f 2563/3168/10107 2562/3166/10108 2582/3206/10109 2583/3207/10110
f 2564/3170/10111 2563/3168/10112 2583/3207/10113 2584/3208/10114
f 2565/3172/10115 2564/3170/10116 2584/3208/10117 2585/3209/10118
f 2566/3177/10119 2565/3176/10120 2585/3210/10121 2586/3211/10122
f 2567/3178/10123 2566/3177/10124 2586/3211/10125 2587/3212/10126
f 2568/3181/10127 2567/3178/10128 2587/3212/10129 2588/3213/10130
f 2569/3183/10131 2568/3181/10132 2588/3213/10133 2589/3214/10134
f 2570/3184/10135 2569/3183/10136 2589/3214/10137 2590/3215/10138
f 2571/3189/10139 2570/3188/10140 2590/3216/10141 2591/3217/10142
f 2572/3190/10143 2571/3189/10144 2591/3217/10145 2592/3218/10146
f 2573/3193/10147 2572/3190/10148 2592/3218/10149 2593/3219/10150
f 2574/3195/10151 2573/3193/10152 2593/3219/10153 2594/3220/10154
f 2555/3196/10155 2574/3195/10156 2594/3220/10157 2575/3221/10158
f 2576/3199/10159 2575/3198/10160 2515/3222/10161 2516/3223/10162
f 2577/3200/10163 2576/3199/10164 2516/3223/10165 2519/3224/10166
f 2578/3201/10167 2577/3200/10168 2519/3224/10169 2521/3225/10170
f 2579/3202/10171 2578/3201/10172 2521/3225/10173 2523/3226/10174
f 2580/3203/10175 2579/3202/10176 2523/3226/10177 2525/3227/10178
f 2581/3205/10179 2580/3204/10180 2525/3228/10181 2528/3229/10182
f 2582/3206/10183 2581/3205/10184 2528/3229/10185 2529/3230/10186
f 2583/3207/10187 2582/3206/10188 2529/3230/10189 2531/3231/10190
f 2584/3208/10191 2583/3207/10192 2531/3231/10193 2533/3232/10194
f 2585/3209/10195 2584/3208/10196 2533/3232/10197 2535/3233/10198
f 2586/3211/10199 2585/3210/10200 2535/3234/10201 2538/3235/10202
f 2587/3212/10203 2586/3211/10204 2538/3235/10205 2539/3236/10206
f 2588/3213/10207 2587/3212/10208 2539/3236/10209 2542/3237/10210
f 2589/3214/10211 2588/3213/10212 2542/3237/10213 2544/3238/10214
f 2590/3215/10215 2589/3214/10216 2544/3238/10217 2545/3239/10218
f 2591/3217/10219 2590/3216/10220 2545/3240/10221 2548/3241/10222
f 2592/3218/10223 2591/3217/10224 2548/3241/10225 2549/3242/10226
f 2593/3219/10227 2592/3218/10228 2549/3242/10229 2552/3243/10230
f 2594/3220/10231 2593/3219/10232 2552/3243/10233 2554/3244/10234
f 2575/3221/10235 2594/3220/10236 2554/3244/10237 2515/3245/10238
f 2596/3246/10239 2595/3247/10240 2517/3248/10241 2553/3249/10242
f 2597/3250/10243 2596/3246/10244 2553/3249/10245 2551/3251/10246
f 2598/3252/10247 2597/3250/10248 2551/3251/10249 2550/3253/10250
f 2599/3254/10251 2598/3252/10252 2550/3253/10253 2547/3255/10254
f 2600/3256/10255 2599/3254/10256 2547/3255/10257 2546/3257/10258
f 2601/3258/10259 2600/3259/10260 2546/3260/10261 2543/3261/10262
f 2602/3262/10263 2601/3258/10264 2543/3261/10265 2541/3263/10266
f 2603/3264/10267 2602/3262/10268 2541/3263/10269 2540/3265/10270
f 2604/3266/10271 2603/3264/10272 2540/3265/10273 2537/3267/10274
f 2605/3268/10275 2604/3266/10276 2537/3267/10277 2536/3269/10278
f 2606/3270/10279 2605/3271/10280 2536/3272/10281 2534/3273/10282
f 2607/3274/10283 2606/3270/10284 2534/3273/10285 2532/3275/10286
f 2608/3276/10287 2607/3274/10288 2532/3275/10289 2530/3277/10290
f 2609/3278/10291 2608/3276/10292 2530/3277/10293 2527/3279/10294
f 2610/3280/10295 2609/3278/10296 2527/3279/10297 2526/3281/10298
f 2611/3282/10299 2610/3283/10300 2526/3284/10301 2524/3285/10302
f 2612/3286/10303 2611/3282/10304 2524/3285/10305 2522/3287/10306
f 2613/3288/10307 2612/3286/10308 2522/3287/10309 2520/3289/10310
f 2614/3290/10311 2613/3288/10312 2520/3289/10313 2518/3291/10314
f 2595/3292/10315 2614/3290/10316 2518/3291/10317 2517/3293/10318
f 2616/3194/10319 2615/3197/10320 2595/3247/10321 2596/3246/10322
f 2617/3192/10323 2616/3194/10324 2596/3246/10325 2597/3250/10326
f 2618/3191/10327 2617/3192/10328 2597/3250/10329 2598/3252/10330
f 2619/3186/10331 2618/3191/10332 2598/3252/10333 2599/3254/10334
f 2620/3187/10335 2619/3186/10336 2599/3254/10337 2600/3256/10338
f 2621/3182/10339 2620/3185/10340 2600/3259/10341 2601/3258/10342
f 2622/3180/10343 2621/3182/10344 2601/3258/10345 2602/3262/10346
f 2623/3179/10347 2622/3180/10348 2602/3262/10349 2603/3264/10350
f 2624/3174/10351 2623/3179/10352 2603/3264/10353 2604/3266/10354
f 2625/3175/10355 2624/3174/10356 2604/3266/10357 2605/3268/10358
f 2626/3171/10359 2625/3173/10360 2605/3271/10361 2606/3270/10362
f 2627/3169/10363 2626/3171/10364 2606/3270/10365 2607/3274/10366
f 2628/3167/10367 2627/3169/10368 2607/3274/10369 2608/3276/10370
f 2629/3162/10371 2628/3167/10372 2608/3276/10373 2609/3278/10374
f 2630/3163/10375 2629/3162/10376 2609/3278/10377 2610/3280/10378
f 2631/3159/10379 2630/3161/10380 2610/3283/10381 2611/3282/10382
f 2632/3157/10383 2631/3159/10384 2611/3282/10385 2612/3286/10386
f 2633/3155/10387 2632/3157/10388 2612/3286/10389 2613/3288/10390
f 2634/3152/10391 2633/3155/10392 2613/3288/10393 2614/3290/10394
f 2615/3153/10395 2634/3152/10396 2614/3290/10397 2595/3292/10398
f 2516/3223/10399 2515/3245/10400 2554/3244/10401 2552/3243/10402 2549/3242/10403 2548/3241/10404 2545/3239/10405 2544/3238/10406 2542/3237/10407 2539/3236/10408 2538/3235/10409 2535/3233/10410 2533/3232/10411 2531/3231/10412 2529/3230/10413 2528/3229/10414 2525/3227/10415 2523/3226/10416 2521/3225/10417 2519/3224/10418
f 2518/3291/10419 2520/3289/10420 2522/3287/10421 2524/3285/10422 2526/3281/10423 2527/3279/10424 2530/3277/10425 2532/3275/10426 2534/3273/10427 2536/3269/10428 2537/3267/10429 2540/3265/10430 2541/3263/10431 2543/3261/10432 2546/3257/10433 2547/3255/10434 2550/3253/10435 2551/3251/10436 2553/3249/10437 2517/3293/10438
g default
v -2.258148 2.046033 -2.519219
v -2.859738 2.046033 -2.519219
v -2.859738 2.818938 -2.847147
v -2.859738 3.489005 -3.127153
v -2.258148 3.489005 -3.127153
v -2.258148 2.818938 -2.847146
v -2.258148 2.045427 -2.489922
v -2.859738 2.045427 -2.489922
v -2.859738 2.831299 -2.817486
v -2.859738 3.510956 -3.100535
v -2.258148 3.510956 -3.100535
v -2.258148 2.831299 -2.817486
vt 0.375000 0.786716
vt 0.625000 0.786716
vt 0.625000 0.789917
vt 0.375000 0.789917
vt 0.161716 0.118586
vt 0.161716 0.000000
vt 0.164917 0.000000
vt 0.164917 0.118586
vt 0.161716 0.250000
vt 0.164917 0.250000
vt 0.375000 0.460083
vt 0.625000 0.460083
vt 0.625000 0.463284
vt 0.375000 0.463284
vt 0.835083 0.250000
vt 0.835083 0.118586
vt 0.838284 0.118586
vt 0.838284 0.250000
vt 0.838284 0.000000
vt 0.835083 0.000000
vn 0.000000 -0.999786 -0.020672
vn 0.000000 -0.999786 -0.020672
vn 0.000000 -0.999786 -0.020672
vn 0.000000 -0.999786 -0.020672
vn -1.000000 0.000000 0.000000
vn -1.000000 0.000000 0.000000
vn -1.000000 0.000000 0.000000
vn -1.000000 0.000000 0.000000
vn -1.000000 0.000000 0.000000
vn -1.000000 0.000000 0.000000
vn -1.000000 0.000000 0.000000
vn -1.000000 0.000000 0.000000
vn 0.000000 0.771492 -0.636240
vn 0.000000 0.771492 -0.636240
vn 0.000000 0.771492 -0.636240
vn 0.000000 0.771492 -0.636240
vn 1.000000 -0.000000 0.000000
vn 1.000000 -0.000000 0.000000
vn 1.000000 0.000000 0.000000
vn 1.000000 -0.000000 0.000000
vn 1.000000 0.000000 0.000000
vn 1.000000 0.000000 0.000000
vn 1.000000 -0.000000 0.000000
vn 1.000000 0.000000 0.000000
s off
g group1 robot:robotpCube8
usemtl robot:aiStandardSurface1SG
f 2636/3294/10439 2635/3295/10440 2641/3296/10441 2642/3297/10442
f 2637/3298/10443 2636/3299/10444 2642/3300/10445 2643/3301/10446
f 2638/3302/10447 2637/3298/10448 2643/3301/10449 2644/3303/10450
f 2644/3304/10451 2645/3305/10452 2639/3306/10453 2638/3307/10454
f 2645/3308/10455 2646/3309/10456 2640/3310/10457 2639/3311/10458
f 2635/3312/10459 2640/3310/10460 2646/3309/10461 2641/3313/10462
g default
v 2.258569 4.119291 1.751113
v 2.872971 4.119291 1.751113
v 2.258569 2.968218 -3.800147
v 2.872971 2.968218 -3.800147
v 2.258569 2.076976 -3.206188
v 2.872971 2.076976 -3.206188
v 2.258569 4.805663 -0.959908
v 2.258569 2.520074 -0.226514
v 2.872971 2.520074 -0.226514
v 2.872971 4.805663 -0.959908
v 2.258569 2.038198 -2.483959
v 2.258569 3.519334 -3.102619
v 2.872971 3.519334 -3.102619
v 2.872971 2.038198 -2.483959
v 2.258569 4.154591 -2.197350
v 2.258569 2.199242 -1.522665
v 2.872971 2.199242 -1.522665
v 2.872971 4.154591 -2.197350
v 2.258569 5.130790 0.441030
v 2.258569 3.050685 1.174423
v 2.872971 3.050685 1.174423
v 2.872971 5.130790 0.441030
v 2.258569 5.060219 1.082741
v 2.258569 3.602992 1.673824
v 2.872971 3.602992 1.673824
v 2.872971 5.060219 1.082741
v 2.258569 4.652808 1.670011
v 2.258569 4.377634 1.440257
v 2.258569 4.050351 0.826542
v 2.258569 3.600467 -0.574396
v 2.258569 3.184232 -1.870547
v 2.258569 2.832492 -2.815730
v 2.258569 2.430840 -3.810923
v 2.872971 2.430840 -3.810923
v 2.872971 2.832492 -2.815730
v 2.872971 3.184232 -1.870547
v 2.872971 3.600466 -0.574396
v 2.872971 4.050351 0.826542
v 2.872971 4.377635 1.440257
v 2.872971 4.652808 1.670011
v 2.258569 2.786042 0.633986
v 2.258569 3.853233 0.212718
v 2.258569 5.020489 -0.172794
v 2.872971 5.020489 -0.172794
v 2.872971 3.853233 0.212718
v 2.872971 2.786042 0.633986
v 2.258569 2.038782 -2.517436
v 2.258569 2.818393 -2.849667
v 2.258569 3.494388 -3.133112
v 2.872971 3.494388 -3.133112
v 2.872971 2.818393 -2.849667
v 2.872971 2.038782 -2.517436
v 2.271322 2.061421 -2.527084
v 2.271322 2.817256 -2.848113
v 2.271322 2.060757 -2.494965
v 2.271322 2.830807 -2.815596
v 2.271322 3.472621 -3.122032
v 2.271322 3.496686 -3.092851
v 2.860218 3.496686 -3.092851
v 2.860218 3.472621 -3.122032
v 2.860218 2.830807 -2.815596
v 2.860218 2.817256 -2.848113
v 2.860218 2.061421 -2.527084
v 2.860218 2.060757 -2.494965
v 2.860909 2.059534 -2.494368
v 2.860909 2.830898 -2.815603
v 2.860909 3.497914 -3.093380
v 2.270631 3.497914 -3.093380
v 2.270631 2.830898 -2.815603
v 2.270631 2.059534 -2.494368
v 2.871822 2.040230 -2.484950
v 2.871822 2.832340 -2.815718
v 2.871822 3.517294 -3.101739
v 2.259718 3.517294 -3.101739
v 2.259718 2.832340 -2.815718
v 2.259718 2.040230 -2.484950
v 2.872971 2.038500 -2.482158
v 2.258569 2.038500 -2.482158
v 2.258569 2.833150 -2.813959
v 2.258569 3.520524 -3.100923
v 2.872971 3.520524 -3.100923
v 2.872971 2.833150 -2.813959
v 2.872971 2.038886 -2.519303
v 2.258569 2.038886 -2.519303
v 2.258569 2.817342 -2.852274
v 2.258569 3.492961 -3.134921
v 2.872971 3.492961 -3.134921
v 2.872971 2.817342 -2.852274
v 2.861775 2.058657 -2.525906
v 2.269765 2.058657 -2.525906
v 2.269765 2.817394 -2.848302
v 2.269765 3.475278 -3.123384
v 2.861775 3.475278 -3.123384
v 2.861775 2.817394 -2.848302
v 2.871271 2.041799 -2.518721
v 2.260269 2.041799 -2.518721
v 2.260269 2.818241 -2.849460
v 2.260269 3.491486 -3.131635
v 2.871271 3.491486 -3.131635
v 2.871271 2.818241 -2.849460
v 2.860218 2.061385 -2.525365
v 2.271322 2.061385 -2.525365
v 2.271322 2.817981 -2.846372
v 2.271322 3.473909 -3.120470
v 2.860218 3.473909 -3.120470
v 2.860218 2.817981 -2.846372
v 2.860218 2.060792 -2.496686
v 2.271322 2.060792 -2.496686
v 2.271322 2.830081 -2.817338
v 2.271322 3.495397 -3.094414
v 2.860218 3.495397 -3.094414
v 2.860218 2.830081 -2.817338
vt 0.375000 0.000000
vt 0.625000 0.000000
vt 0.625000 0.118586
vt 0.375000 0.118586
vt 0.625000 0.263138
vt 0.375000 0.263138
vt 0.375000 0.631414
vt 0.625000 0.631414
vt 0.625000 0.750000
vt 0.375000 0.750000
vt 0.375000 0.986862
vt 0.625000 0.986862
vt 0.625000 1.000000
vt 0.375000 1.000000
vt 0.638138 0.000000
vt 0.638138 0.118586
vt 0.361862 0.118586
vt 0.361862 0.000000
vt 0.125000 0.000000
vt 0.161425 0.000000
vt 0.161425 0.118586
vt 0.125000 0.118586
vt 0.625000 0.786425
vt 0.375000 0.786425
vt 0.875000 0.118586
vt 0.838575 0.118586
vt 0.838575 0.000000
vt 0.875000 0.000000
vt 0.375000 0.463575
vt 0.625000 0.463575
vt 0.625000 0.500000
vt 0.375000 0.500000
vt 0.269066 0.118586
vt 0.210441 0.118586
vt 0.210441 0.000000
vt 0.269066 0.000000
vt 0.375000 0.355934
vt 0.625000 0.355934
vt 0.625000 0.414559
vt 0.375000 0.414559
vt 0.789559 0.118586
vt 0.730934 0.118586
vt 0.730934 0.000000
vt 0.789559 0.000000
vt 0.375000 0.835441
vt 0.625000 0.835441
vt 0.625000 0.894066
vt 0.375000 0.894066
vt 0.165194 0.118586
vt 0.165109 0.118586
vt 0.165109 0.000000
vt 0.165194 0.000000
vt 0.375000 0.790109
vt 0.625000 0.790109
vt 0.625000 0.790194
vt 0.375000 0.790194
vt 0.834891 0.118586
vt 0.834806 0.118586
vt 0.834806 0.000000
vt 0.834891 0.000000
vt 0.375000 0.459806
vt 0.625000 0.459806
vt 0.625000 0.459891
vt 0.375000 0.459891
vt 0.304668 0.000000
vt 0.304668 0.118586
vt 0.625000 0.929668
vt 0.375000 0.929668
vt 0.695332 0.118586
vt 0.695332 0.000000
vt 0.375000 0.320332
vt 0.625000 0.320332
vt 0.332431 0.118586
vt 0.332431 0.000000
vt 0.375000 0.957431
vt 0.625000 0.957431
vt 0.667569 0.118586
vt 0.667569 0.000000
vt 0.625000 0.292569
vt 0.375000 0.292569
vt 0.361862 0.250000
vt 0.332431 0.250000
vt 0.269066 0.250000
vt 0.304668 0.250000
vt 0.210441 0.250000
vt 0.165109 0.250000
vt 0.165194 0.250000
vt 0.161425 0.250000
vt 0.125000 0.250000
vt 0.838575 0.250000
vt 0.875000 0.250000
vt 0.834806 0.250000
vt 0.834891 0.250000
vt 0.730934 0.250000
vt 0.789559 0.250000
vt 0.695332 0.250000
vt 0.638138 0.250000
vt 0.667569 0.250000
vt 0.161524 0.118586
vt 0.161524 0.000000
vt 0.161716 0.000000
vt 0.161716 0.118586
vt 0.161524 0.250000
vt 0.161716 0.250000
vt 0.375000 0.463284
vt 0.625000 0.463284
vt 0.625000 0.463476
vt 0.375000 0.463476
vt 0.838284 0.250000
vt 0.838284 0.118586
vt 0.838476 0.118586
vt 0.838476 0.250000
vt 0.838476 0.000000
vt 0.838284 0.000000
vt 0.375000 0.786524
vt 0.625000 0.786524
vt 0.625000 0.786716
vt 0.375000 0.786716
vt 0.161524 0.118586
vt 0.161524 0.000000
vt 0.161524 0.000000
vt 0.161524 0.118586
vt 0.165109 0.118586
vt 0.165109 0.000000
vt 0.161524 0.250000
vt 0.161524 0.250000
vt 0.165109 0.250000
vt 0.625000 0.459891
vt 0.375000 0.459891
vt 0.625000 0.463476
vt 0.375000 0.463476
vt 0.375000 0.463476
vt 0.625000 0.463476
vt 0.834891 0.118586
vt 0.834891 0.250000
vt 0.838476 0.118586
vt 0.838476 0.250000
vt 0.838476 0.250000
vt 0.838476 0.118586
vt 0.838476 0.000000
vt 0.838476 0.000000
vt 0.834891 0.000000
vt 0.375000 0.786524
vt 0.625000 0.786524
vt 0.625000 0.786524
vt 0.375000 0.786524
vt 0.375000 0.790109
vt 0.625000 0.790109
vt 0.834891 0.118586
vt 0.834891 0.000000
vt 0.834891 0.000000
vt 0.834891 0.118586
vt 0.834891 0.250000
vt 0.834891 0.250000
vt 0.375000 0.459891
vt 0.625000 0.459891
vt 0.625000 0.459891
vt 0.375000 0.459891
vt 0.165109 0.118586
vt 0.165109 0.250000
vt 0.165109 0.250000
vt 0.165109 0.118586
vt 0.165109 0.000000
vt 0.165109 0.000000
vt 0.625000 0.790109
vt 0.375000 0.790109
vt 0.375000 0.790109
vt 0.625000 0.790109
vt 0.375000 0.786524
vt 0.625000 0.786524
vt 0.161524 0.118586
vt 0.161524 0.000000
vt 0.161524 0.250000
vt 0.625000 0.463476
vt 0.375000 0.463476
vt 0.838476 0.118586
vt 0.838476 0.250000
vt 0.838476 0.000000
vt 0.625000 0.789917
vt 0.375000 0.789917
vt 0.164917 0.000000
vt 0.164917 0.118586
vt 0.164917 0.250000
vt 0.375000 0.460083
vt 0.625000 0.460083
vt 0.835083 0.250000
vt 0.835083 0.118586
vt 0.835083 0.000000
vn 0.000000 0.150287 0.988642
vn 0.000000 0.150287 0.988642
vn 0.000000 0.150287 0.988642
vn 0.000000 0.150287 0.988642
vn 0.000000 0.931993 0.362476
vn 0.000000 0.931993 0.362476
vn 0.000000 0.579102 0.815255
vn 0.000000 0.579102 0.815255
vn 0.000000 -0.554570 -0.832137
vn 0.000000 -0.554570 -0.832137
vn 0.000000 -0.863093 -0.505045
vn 0.000000 -0.863093 -0.505045
vn 0.000000 -0.474921 0.880029
vn 0.000000 -0.474921 0.880029
vn 0.000000 -0.148049 0.988980
vn 0.000000 -0.148049 0.988980
vn 1.000000 0.000000 0.000000
vn 1.000000 0.000000 0.000000
vn 1.000000 0.000000 0.000000
vn 1.000000 0.000000 0.000000
vn -1.000000 0.000000 0.000000
vn -1.000000 0.000000 0.000000
vn -1.000000 0.000000 0.000000
vn -1.000000 0.000000 0.000000
vn -1.000000 0.000000 0.000000
vn -1.000000 0.000000 0.000000
vn -1.000000 0.000000 0.000000
vn -1.000000 0.000000 0.000000
vn 0.000000 -0.998466 -0.055368
vn 0.000000 -0.998466 -0.055368
vn 0.000000 -0.998466 -0.055368
vn 0.000000 -0.998466 -0.055368
vn 1.000000 0.000000 0.000000
vn 1.000000 0.000000 0.000000
vn 1.000000 0.000000 0.000000
vn 1.000000 0.000000 0.000000
vn 0.000000 0.785133 -0.619327
vn 0.000000 0.785133 -0.619327
vn 0.000000 0.785133 -0.619327
vn 0.000000 0.785133 -0.619327
vn -1.000000 0.000000 -0.000000
vn -1.000000 0.000000 -0.000000
vn -1.000000 0.000000 0.000000
vn -1.000000 0.000000 0.000000
vn 0.000000 0.919436 -0.393241
vn 0.000000 0.919436 -0.393241
vn 0.000000 0.857399 -0.514652
vn 0.000000 0.857399 -0.514652
vn 1.000000 0.000000 0.000000
vn 1.000000 0.000000 0.000000
vn 1.000000 0.000000 0.000000
vn 1.000000 0.000000 0.000000
vn 0.000000 -0.977960 0.208792
vn 0.000000 -0.977960 0.208792
vn 0.000000 -0.964920 0.262543
vn 0.000000 -0.964920 0.262543
vn -1.000000 0.000000 0.000000
vn -1.000000 0.000000 0.000000
vn -1.000000 0.000000 0.000000
vn -1.000000 0.000000 0.000000
vn 0.000000 -0.986253 0.165243
vn 0.000000 -0.986253 0.165243
vn 0.000000 -0.986256 0.165226
vn 0.000000 -0.986256 0.165226
vn 1.000000 0.000000 0.000000
vn 1.000000 0.000000 0.000000
vn 1.000000 0.000000 0.000000
vn 1.000000 0.000000 0.000000
vn 0.000000 0.818565 -0.574414
vn 0.000000 0.818565 -0.574414
vn 0.000000 0.818567 -0.574411
vn 0.000000 0.818567 -0.574411
vn -1.000000 0.000000 0.000000
vn -1.000000 0.000000 0.000000
vn -1.000000 0.000000 -0.000000
vn -1.000000 0.000000 0.000000
vn 0.000000 -0.964920 0.262543
vn 0.000000 -0.964920 0.262543
vn 0.000000 -0.935170 0.354199
vn 0.000000 -0.935170 0.354199
vn 1.000000 0.000000 0.000000
vn 1.000000 0.000000 0.000000
vn 1.000000 0.000000 0.000000
vn 1.000000 0.000000 0.000000
vn 0.000000 0.974111 -0.226070
vn 0.000000 0.974111 -0.226070
vn 0.000000 0.919436 -0.393241
vn 0.000000 0.919436 -0.393241
vn -1.000000 0.000000 0.000000
vn -1.000000 0.000000 0.000000
vn -1.000000 0.000000 0.000000
vn -1.000000 0.000000 0.000000
vn 0.000000 -0.786342 0.617791
vn 0.000000 -0.786342 0.617791
vn 0.000000 -0.474921 0.880029
vn 0.000000 -0.474921 0.880029
vn 1.000000 0.000000 0.000000
vn 1.000000 0.000000 0.000000
vn 1.000000 0.000000 0.000000
vn 1.000000 0.000000 0.000000
vn 0.000000 0.931993 0.362476
vn 0.000000 0.931993 0.362476
vn 0.000000 0.999500 -0.031627
vn 0.000000 0.999500 -0.031627
vn -1.000000 0.000000 0.000000
vn -1.000000 0.000000 0.000000
vn -1.000000 0.000000 0.000000
vn -1.000000 0.000000 0.000000
vn -1.000000 0.000000 0.000000
vn -1.000000 0.000000 0.000000
vn -1.000000 0.000000 0.000000
vn -1.000000 0.000000 -0.000000
vn -1.000000 0.000000 -0.000000
vn -1.000000 0.000000 0.000000
vn -1.000000 0.000000 0.000000
vn -1.000000 0.000000 -0.000000
vn -1.000000 0.000000 -0.000000
vn -1.000000 0.000000 -0.000000
vn -1.000000 0.000000 -0.000000
vn -1.000000 0.000000 0.000000
vn -1.000000 0.000000 0.000000
vn -1.000000 0.000000 0.000000
vn -1.000000 0.000000 0.000000
vn -1.000000 0.000000 0.000000
vn -1.000000 0.000000 0.000000
vn -1.000000 0.000000 0.000000
vn -1.000000 0.000000 0.000000
vn 0.000000 0.020048 -0.999799
vn 0.000000 0.020048 -0.999799
vn 0.000000 -0.554570 -0.832137
vn 0.000000 -0.554570 -0.832137
vn 1.000000 0.000000 0.000000
vn 1.000000 0.000000 0.000000
vn 1.000000 0.000000 0.000000
vn 1.000000 0.000000 0.000000
vn 1.000000 0.000000 0.000000
vn 1.000000 0.000000 0.000000
vn 1.000000 0.000000 0.000000
vn 1.000000 0.000000 0.000000
vn 1.000000 0.000000 0.000000
vn 1.000000 0.000000 0.000000
vn 1.000000 0.000000 0.000000
vn 1.000000 0.000000 0.000000
vn 1.000000 0.000000 0.000000
vn 1.000000 0.000000 0.000000
vn 1.000000 0.000000 0.000000
vn 1.000000 0.000000 0.000000
vn 1.000000 0.000000 0.000000
vn 1.000000 0.000000 0.000000
vn 1.000000 0.000000 0.000000
vn 1.000000 0.000000 0.000000
vn 1.000000 0.000000 0.000000
vn 1.000000 0.000000 0.000000
vn 1.000000 0.000000 0.000000
vn -1.000000 0.000000 0.000000
vn -1.000000 0.000000 0.000000
vn -1.000000 0.000000 0.000000
vn -1.000000 0.000000 0.000000
vn -1.000000 0.000000 0.000000
vn -1.000000 0.000000 0.000000
vn -1.000000 0.000000 0.000000
vn -1.000000 0.000000 0.000000
vn 0.000000 0.999500 -0.031627
vn 0.000000 0.999500 -0.031627
vn 0.000000 0.974111 -0.226070
vn 0.000000 0.974111 -0.226070
vn 1.000000 0.000000 0.000000
vn 1.000000 0.000000 0.000000
vn 1.000000 0.000000 0.000000
vn 1.000000 0.000000 0.000000
vn 1.000000 0.000000 0.000000
vn 1.000000 0.000000 0.000000
vn 1.000000 0.000000 0.000000
vn 1.000000 0.000000 0.000000
vn 0.000000 -0.935170 0.354199
vn 0.000000 -0.935170 0.354199
vn 0.000000 -0.786342 0.617791
vn 0.000000 -0.786342 0.617791
vn -1.000000 0.000000 0.000000
vn -1.000000 -0.000001 0.000000
vn -1.000000 0.000000 0.000000
vn -1.000000 0.000000 0.000000
vn -1.000000 0.000000 -0.000000
vn -1.000000 0.000000 0.000000
vn -1.000000 0.000000 0.000000
vn -1.000000 0.000000 0.000000
vn 0.000000 0.771491 -0.636240
vn 0.000000 0.771491 -0.636240
vn 0.000000 0.771484 -0.636248
vn 0.000000 0.771484 -0.636248
vn 1.000000 -0.000000 0.000000
vn 1.000000 0.000000 0.000000
vn 1.000000 0.000000 0.000000
vn 1.000000 0.000000 0.000000
vn 1.000000 0.000000 0.000000
vn 1.000000 0.000000 0.000000
vn 1.000000 0.000000 0.000000
vn 1.000000 0.000000 0.000000
vn 0.000000 -0.999787 -0.020622
vn 0.000000 -0.999787 -0.020622
vn 0.000000 -0.999786 -0.020663
vn 0.000000 -0.999786 -0.020663
vn -0.038440 0.391676 0.919300
vn -0.038440 0.391676 0.919300
vn -0.038101 0.391319 0.919466
vn -0.038064 0.391280 0.919484
vn -0.077756 -0.384209 -0.919966
vn -0.077756 -0.384209 -0.919966
vn -0.078135 -0.383766 -0.920119
vn -0.078110 -0.383795 -0.920109
vn -0.109081 0.384309 0.916738
vn -0.109081 0.384309 0.916738
vn -0.109436 0.383910 0.916863
vn -0.109398 0.383953 0.916849
vn -0.009359 -0.385361 -0.922719
vn -0.009359 -0.385361 -0.922719
vn -0.008982 -0.384955 -0.922892
vn -0.008953 -0.384923 -0.922905
vn 0.000000 -0.396002 -0.918250
vn 0.000000 -0.396002 -0.918250
vn 0.000000 -0.396012 -0.918245
vn 0.000000 -0.396012 -0.918245
vn 0.000000 0.453617 0.891197
vn 0.000000 0.453617 0.891197
vn 0.000000 0.453633 0.891188
vn 0.000000 0.453633 0.891188
vn 0.009387 -0.385361 -0.922718
vn 0.009387 -0.385361 -0.922718
vn 0.008949 -0.384923 -0.922905
vn 0.008981 -0.384955 -0.922892
vn 0.109039 0.384310 0.916742
vn 0.109039 0.384310 0.916742
vn 0.109395 0.383953 0.916849
vn 0.109438 0.383910 0.916862
vn 0.038463 0.391676 0.919299
vn 0.038463 0.391676 0.919299
vn 0.038075 0.391279 0.919484
vn 0.038114 0.391319 0.919465
vn 0.077823 -0.384208 -0.919961
vn 0.077823 -0.384208 -0.919961
vn 0.078121 -0.383795 -0.920108
vn 0.078143 -0.383765 -0.920119
vn 0.000000 0.392043 0.919947
vn 0.000000 0.392043 0.919947
vn 0.000000 0.392049 0.919944
vn 0.000000 0.392049 0.919944
vn 0.000000 -0.438500 -0.898731
vn 0.000000 -0.438500 -0.898731
vn 0.000000 -0.438496 -0.898733
vn 0.000000 -0.438496 -0.898733
vn 0.078207 -0.383688 -0.920145
vn 0.078195 -0.383700 -0.920141
vn 0.078684 -0.383224 -0.920298
vn 0.078684 -0.383224 -0.920298
vn 0.008883 -0.384862 -0.922931
vn 0.008867 -0.384849 -0.922937
vn 0.008293 -0.384403 -0.923128
vn 0.008293 -0.384403 -0.923128
vn 0.000000 -0.396017 -0.918243
vn 0.000000 -0.396017 -0.918243
vn 0.000000 -0.395969 -0.918264
vn 0.000000 -0.395969 -0.918264
vn -0.008874 -0.384849 -0.922937
vn -0.008890 -0.384862 -0.922931
vn -0.008299 -0.384401 -0.923129
vn -0.008299 -0.384401 -0.923129
vn -0.078195 -0.383700 -0.920141
vn -0.078207 -0.383688 -0.920145
vn -0.078691 -0.383223 -0.920298
vn -0.078691 -0.383223 -0.920298
vn 0.000000 -0.438493 -0.898735
vn 0.000000 -0.438493 -0.898735
vn 0.000000 -0.438503 -0.898730
vn 0.000000 -0.438503 -0.898730
vn 0.078143 -0.383765 -0.920119
vn 0.078121 -0.383795 -0.920108
vn 0.078195 -0.383700 -0.920141
vn 0.078207 -0.383688 -0.920145
vn 0.008981 -0.384955 -0.922892
vn 0.008949 -0.384923 -0.922905
vn 0.008867 -0.384849 -0.922937
vn 0.008883 -0.384862 -0.922931
vn 0.000000 -0.396012 -0.918245
vn 0.000000 -0.396012 -0.918245
vn 0.000000 -0.396017 -0.918243
vn 0.000000 -0.396017 -0.918243
vn -0.008953 -0.384923 -0.922905
vn -0.008982 -0.384955 -0.922892
vn -0.008890 -0.384862 -0.922931
vn -0.008874 -0.384849 -0.922937
vn -0.078110 -0.383795 -0.920109
vn -0.078135 -0.383766 -0.920119
vn -0.078207 -0.383688 -0.920145
vn -0.078195 -0.383700 -0.920141
vn 0.000000 -0.438496 -0.898733
vn 0.000000 -0.438496 -0.898733
vn 0.000000 -0.438493 -0.898735
vn 0.000000 -0.438493 -0.898735
vn 0.000000 -0.986256 0.165226
vn 0.000000 -0.986256 0.165226
vn 0.000000 -0.977960 0.208792
vn 0.000000 -0.977960 0.208792
vn -1.000000 0.000000 -0.000000
vn -1.000000 0.000000 0.000000
vn -1.000000 0.000000 0.000000
vn -1.000000 0.000000 0.000000
vn -1.000000 0.000000 0.000000
vn -1.000000 0.000000 0.000000
vn -1.000000 0.000000 -0.000000
vn -1.000000 0.000000 -0.000000
vn 0.000000 0.857399 -0.514652
vn 0.000000 0.857399 -0.514652
vn 0.000000 0.818565 -0.574414
vn 0.000000 0.818565 -0.574414
vn 1.000000 0.000000 0.000000
vn 1.000000 0.000000 0.000000
vn 1.000000 0.000000 0.000000
vn 1.000000 0.000000 0.000000
vn 1.000000 0.000000 0.000000
vn 1.000000 0.000000 0.000000
vn 1.000000 0.000000 0.000000
vn 1.000000 0.000000 0.000000
vn 0.000000 -0.998466 -0.055368
vn 0.000000 -0.998466 -0.055368
vn 0.000000 -0.998467 -0.055355
vn 0.000000 -0.998467 -0.055355
vn -1.000000 0.000000 0.000000
vn -1.000000 0.000000 0.000000
vn -1.000000 0.000000 0.000000
vn -1.000000 0.000000 0.000000
vn -1.000000 0.000000 0.000000
vn -1.000000 0.000000 0.000000
vn -1.000000 0.000000 0.000000
vn -1.000000 0.000000 0.000000
vn 0.000000 0.785141 -0.619317
vn 0.000000 0.785141 -0.619317
vn 0.000000 0.785133 -0.619327
vn 0.000000 0.785133 -0.619327
vn 1.000000 0.000000 0.000000
vn 1.000000 0.000000 0.000000
vn 1.000000 0.000000 0.000000
vn 1.000000 0.000000 0.000000
vn 1.000000 0.000000 0.000000
vn 1.000000 0.000000 0.000000
vn 1.000000 0.000000 0.000000
vn 1.000000 0.000000 0.000000
vn 0.000000 0.392058 0.919941
vn 0.000000 0.392058 0.919941
vn 0.000000 0.392098 0.919923
vn 0.000000 0.392098 0.919923
vn -0.037916 0.391141 0.919550
vn -0.037945 0.391165 0.919538
vn -0.037425 0.390729 0.919745
vn -0.037425 0.390729 0.919745
vn -0.109534 0.383800 0.916897
vn -0.109559 0.383771 0.916906
vn -0.109920 0.383363 0.917033
vn -0.109920 0.383363 0.917033
vn 0.000000 0.453651 0.891179
vn 0.000000 0.453651 0.891179
vn 0.000000 0.453623 0.891194
vn 0.000000 0.453623 0.891194
vn 0.109564 0.383771 0.916905
vn 0.109541 0.383799 0.916896
vn 0.109901 0.383364 0.917035
vn 0.109901 0.383364 0.917035
vn 0.037952 0.391165 0.919538
vn 0.037923 0.391141 0.919549
vn 0.037416 0.390729 0.919745
vn 0.037416 0.390729 0.919745
vn 0.000000 0.392049 0.919944
vn 0.000000 0.392049 0.919944
vn 0.000000 0.392058 0.919941
vn 0.000000 0.392058 0.919941
vn -0.038064 0.391280 0.919484
vn -0.038101 0.391319 0.919466
vn -0.037945 0.391165 0.919538
vn -0.037916 0.391141 0.919550
vn -0.109398 0.383953 0.916849
vn -0.109436 0.383910 0.916863
vn -0.109559 0.383771 0.916906
vn -0.109534 0.383800 0.916897
vn 0.000000 0.453633 0.891188
vn 0.000000 0.453633 0.891188
vn 0.000000 0.453651 0.891179
vn 0.000000 0.453651 0.891179
vn 0.109438 0.383910 0.916862
vn 0.109395 0.383953 0.916849
vn 0.109541 0.383799 0.916896
vn 0.109564 0.383771 0.916905
vn 0.038114 0.391319 0.919465
vn 0.038075 0.391279 0.919484
vn 0.037923 0.391141 0.919549
vn 0.037952 0.391165 0.919538
vn 0.000000 -0.999786 -0.020663
vn 0.000000 -0.999786 -0.020663
vn 0.000000 -0.999786 -0.020668
vn 0.000000 -0.999786 -0.020668
vn -1.000000 0.000000 0.000000
vn -1.000000 0.000000 0.000000
vn -1.000000 0.000000 -0.000000
vn -1.000000 0.000000 0.000000
vn -1.000000 0.000000 0.000000
vn -1.000000 0.000000 0.000000
vn -1.000000 0.000000 0.000000
vn -1.000000 0.000000 -0.000000
vn 0.000000 0.771491 -0.636240
vn 0.000000 0.771491 -0.636240
vn 0.000000 0.771491 -0.636240
vn 0.000000 0.771491 -0.636240
vn 1.000000 0.000000 0.000000
vn 1.000000 0.000000 0.000000
vn 1.000000 0.000000 0.000000
vn 1.000000 -0.000000 0.000000
vn 1.000000 0.000000 0.000000
vn 1.000000 0.000000 0.000000
vn 1.000000 0.000000 0.000000
vn 1.000000 -0.000000 0.000000
vn 0.000000 -0.999786 -0.020668
vn 0.000000 -0.999786 -0.020668
vn 0.000000 -0.999786 -0.020708
vn 0.000000 -0.999786 -0.020708
vn -1.000000 0.000000 0.000000
vn -1.000000 0.000000 -0.000000
vn -1.000000 0.000000 -0.000000
vn -1.000000 0.000001 -0.000000
vn -1.000000 0.000000 -0.000000
vn -1.000000 0.000000 0.000000
vn -1.000000 0.000001 -0.000000
vn -1.000000 0.000001 -0.000000
vn 0.000000 0.771489 -0.636243
vn 0.000000 0.771489 -0.636243
vn 0.000000 0.771491 -0.636240
vn 0.000000 0.771491 -0.636240
vn 1.000000 0.000001 0.000000
vn 1.000000 0.000000 0.000000
vn 1.000000 0.000000 0.000000
vn 1.000000 0.000000 0.000000
vn 1.000000 -0.000000 0.000000
vn 1.000000 0.000000 0.000000
vn 1.000000 0.000000 0.000000
vn 1.000000 -0.000000 0.000000
s off
g group1 robot:robotpCube10
usemtl robot:aiStandardSurface2SG
f 2647/3314/10463 2648/3315/10464 2686/3316/10465 2673/3317/10466
f 2672/3318/10467 2669/3319/10468 2673/3317/10469 2686/3316/10470
f 2679/3320/10471 2680/3321/10472 2652/3322/10473 2651/3323/10474
f 2670/3324/10475 2671/3325/10476 2648/3326/10477 2647/3327/10478
f 2648/3315/10479 2671/3328/10480 2685/3329/10481 2686/3316/10482
f 2673/3317/10483 2674/3330/10484 2670/3331/10485 2647/3314/10486
f 2651/3332/10487 2730/3333/10488 2731/3334/10489 2679/3335/10490
f 2651/3323/10491 2652/3322/10492 2729/3336/10493 2730/3337/10494
f 2680/3338/10495 2734/3339/10496 2729/3340/10497 2652/3341/10498
f 2732/3342/10499 2733/3343/10500 2650/3344/10501 2649/3345/10502
f 2676/3346/10503 2677/3347/10504 2662/3348/10505 2654/3349/10506
f 2653/3350/10507 2656/3351/10508 2664/3352/10509 2661/3353/10510
f 2682/3354/10511 2683/3355/10512 2655/3356/10513 2663/3357/10514
f 2662/3358/10515 2663/3359/10516 2655/3360/10517 2654/3361/10518
f 2725/3362/10519 2678/3363/10520 2657/3364/10521 2724/3365/10522
f 2657/3366/10523 2660/3367/10524 2723/3368/10525 2724/3369/10526
f 2681/3370/10527 2728/3371/10528 2723/3372/10529 2660/3373/10530
f 2726/3374/10531 2727/3375/10532 2659/3376/10533 2658/3377/10534
f 2687/3378/10535 2688/3379/10536 2676/3346/10537 2654/3349/10538
f 2654/3361/10539 2655/3360/10540 2692/3380/10541 2687/3381/10542
f 2683/3355/10543 2691/3382/10544 2692/3383/10545 2655/3356/10546
f 2689/3384/10547 2690/3385/10548 2656/3351/10549 2653/3350/10550
f 2674/3330/10551 2675/3386/10552 2666/3387/10553 2670/3331/10554
f 2666/3388/10555 2667/3389/10556 2671/3325/10557 2670/3324/10558
f 2684/3390/10559 2685/3329/10560 2671/3328/10561 2667/3391/10562
f 2669/3319/10563 2672/3318/10564 2668/3392/10565 2665/3393/10566
f 2669/3394/10567 2674/3330/10568 2673/3317/10569
f 2665/3395/10570 2675/3386/10571 2674/3330/10572 2669/3394/10573
f 2653/3396/10574 2676/3346/10575 2688/3379/10576 2689/3397/10577
f 2661/3398/10578 2677/3347/10579 2676/3346/10580 2653/3396/10581
f 2658/3399/10582 2678/3363/10583 2725/3362/10584 2726/3400/10585
f 2679/3335/10586 2731/3334/10587 2732/3401/10588 2649/3402/10589
f 2649/3345/10590 2650/3344/10591 2680/3321/10592 2679/3320/10593
f 2733/3403/10594 2734/3339/10595 2680/3338/10596 2650/3404/10597
f 2727/3405/10598 2728/3371/10599 2681/3370/10600 2659/3406/10601
f 2656/3407/10602 2683/3355/10603 2682/3354/10604 2664/3408/10605
f 2690/3409/10606 2691/3382/10607 2683/3355/10608 2656/3407/10609
f 2672/3410/10610 2685/3329/10611 2684/3390/10612 2668/3411/10613
f 2686/3316/10614 2685/3329/10615 2672/3410/10616
f 2675/3386/10617 2688/3379/10618 2687/3378/10619 2666/3387/10620
f 2689/3397/10621 2688/3379/10622 2675/3386/10623 2665/3395/10624
f 2665/3393/10625 2668/3392/10626 2690/3385/10627 2689/3384/10628
f 2668/3411/10629 2684/3390/10630 2691/3382/10631 2690/3409/10632
f 2692/3383/10633 2691/3382/10634 2684/3390/10635 2667/3391/10636
f 2687/3381/10637 2692/3380/10638 2667/3389/10639 2666/3388/10640
f 2700/3412/10641 2699/3413/10642 2748/3414/10643 2749/3415/10644
f 2703/3416/10645 2700/3412/10646 2749/3415/10647 2750/3417/10648
f 2750/3418/10649 2751/3419/10650 2706/3420/10651 2703/3421/10652
f 2751/3422/10653 2752/3423/10654 2708/3424/10655 2706/3425/10656
f 2709/3426/10657 2708/3424/10658 2752/3423/10659 2747/3427/10660
f 2699/3428/10661 2709/3429/10662 2747/3430/10663 2748/3431/10664
f 2694/3432/10665 2693/3433/10666 2742/3434/10667 2743/3435/10668
f 2657/3364/10669 2678/3363/10670 2721/3436/10671 2722/3437/10672
f 2695/3438/10673 2694/3432/10674 2743/3435/10675 2744/3439/10676
f 2678/3363/10677 2658/3399/10678 2720/3440/10679 2721/3436/10680
f 2658/3377/10681 2659/3376/10682 2719/3441/10683 2720/3442/10684
f 2696/3443/10685 2695/3444/10686 2744/3445/10687 2745/3446/10688
f 2659/3406/10689 2681/3370/10690 2718/3447/10691 2719/3448/10692
f 2697/3449/10693 2696/3450/10694 2745/3451/10695 2746/3452/10696
f 2698/3453/10697 2697/3449/10698 2746/3452/10699 2741/3454/10700
f 2681/3370/10701 2660/3373/10702 2717/3455/10703 2718/3447/10704
f 2693/3456/10705 2698/3457/10706 2741/3458/10707 2742/3459/10708
f 2660/3367/10709 2657/3366/10710 2722/3460/10711 2717/3461/10712
f 2712/3462/10713 2711/3463/10714 2710/3464/10715 2707/3465/10716
f 2713/3466/10717 2712/3462/10718 2707/3465/10719 2705/3467/10720
f 2714/3468/10721 2713/3469/10722 2705/3470/10723 2704/3471/10724
f 2715/3472/10725 2714/3473/10726 2704/3474/10727 2702/3475/10728
f 2716/3476/10729 2715/3472/10730 2702/3475/10731 2701/3477/10732
f 2711/3478/10733 2716/3479/10734 2701/3480/10735 2710/3481/10736
f 2718/3447/10737 2717/3455/10738 2711/3463/10739 2712/3462/10740
f 2719/3448/10741 2718/3447/10742 2712/3462/10743 2713/3466/10744
f 2720/3442/10745 2719/3441/10746 2713/3469/10747 2714/3468/10748
f 2721/3436/10749 2720/3440/10750 2714/3473/10751 2715/3472/10752
f 2722/3437/10753 2721/3436/10754 2715/3472/10755 2716/3476/10756
f 2717/3461/10757 2722/3460/10758 2716/3479/10759 2711/3478/10760
f 2724/3369/10761 2723/3368/10762 2663/3359/10763 2662/3358/10764
f 2677/3347/10765 2725/3362/10766 2724/3365/10767 2662/3348/10768
f 2726/3400/10769 2725/3362/10770 2677/3347/10771 2661/3398/10772
f 2661/3353/10773 2664/3352/10774 2727/3375/10775 2726/3374/10776
f 2664/3408/10777 2682/3354/10778 2728/3371/10779 2727/3405/10780
f 2723/3372/10781 2728/3371/10782 2682/3354/10783 2663/3357/10784
f 2730/3337/10785 2729/3336/10786 2698/3457/10787 2693/3456/10788
f 2731/3334/10789 2730/3333/10790 2693/3433/10791 2694/3432/10792
f 2732/3401/10793 2731/3334/10794 2694/3432/10795 2695/3438/10796
f 2695/3444/10797 2696/3443/10798 2733/3343/10799 2732/3342/10800
f 2696/3450/10801 2697/3449/10802 2734/3339/10803 2733/3403/10804
f 2729/3340/10805 2734/3339/10806 2697/3449/10807 2698/3453/10808
f 2736/3482/10809 2735/3483/10810 2709/3429/10811 2699/3428/10812
f 2737/3484/10813 2736/3485/10814 2699/3413/10815 2700/3412/10816
f 2738/3486/10817 2737/3484/10818 2700/3412/10819 2703/3416/10820
f 2739/3487/10821 2738/3488/10822 2703/3421/10823 2706/3420/10824
f 2740/3489/10825 2739/3490/10826 2706/3425/10827 2708/3424/10828
f 2735/3491/10829 2740/3489/10830 2708/3424/10831 2709/3426/10832
f 2742/3459/10833 2741/3458/10834 2735/3483/10835 2736/3482/10836
f 2743/3435/10837 2742/3434/10838 2736/3485/10839 2737/3484/10840
f 2744/3439/10841 2743/3435/10842 2737/3484/10843 2738/3486/10844
f 2745/3446/10845 2744/3445/10846 2738/3488/10847 2739/3487/10848
f 2746/3452/10849 2745/3451/10850 2739/3490/10851 2740/3489/10852
f 2741/3454/10853 2746/3452/10854 2740/3489/10855 2735/3491/10856
f 2748/3431/10857 2747/3430/10858 2753/3492/10859 2754/3493/10860
f 2749/3415/10861 2748/3414/10862 2754/3494/10863 2755/3495/10864
f 2750/3417/10865 2749/3415/10866 2755/3495/10867 2756/3496/10868
f 2756/3497/10869 2757/3498/10870 2751/3419/10871 2750/3418/10872
f 2757/3499/10873 2758/3500/10874 2752/3423/10875 2751/3422/10876
f 2747/3427/10877 2752/3423/10878 2758/3500/10879 2753/3501/10880
f 2754/3493/10881 2753/3492/10882 2710/3481/10883 2701/3480/10884
f 2755/3495/10885 2754/3494/10886 2701/3477/10887 2702/3475/10888
f 2756/3496/10889 2755/3495/10890 2702/3475/10891 2704/3474/10892
f 2704/3471/10893 2705/3470/10894 2757/3498/10895 2756/3497/10896
f 2705/3467/10897 2707/3465/10898 2758/3500/10899 2757/3499/10900
f 2753/3501/10901 2758/3500/10902 2707/3465/10903 2710/3464/10904
g default
v -1.879526 4.662141 -1.715001
v -1.884703 4.929357 -0.262999
v -1.884703 5.126101 0.951827
v -1.884703 5.150682 1.822830
v -1.848781 4.662141 -1.714997
v -1.853364 4.929357 -0.263000
v -1.853364 5.126101 0.951832
v -1.853364 5.150682 1.822840
v -1.884703 4.703672 -1.697816
v -1.884703 5.044537 -0.262999
v -1.853364 5.044537 -0.263000
v -1.853364 4.703672 -1.697812
v -1.884703 5.241280 0.951827
v -1.853364 5.241280 0.951832
v -1.884703 5.265862 1.822830
v -1.853364 5.265862 1.822840
vt 0.375000 0.312500
vt 0.391667 0.312500
vt 0.391667 0.687500
vt 0.375000 0.687500
vt 0.408333 0.312500
vt 0.408333 0.687500
vt 0.425000 0.312500
vt 0.425000 0.687500
vt 0.375000 0.312500
vt 0.391667 0.312500
vt 0.391667 0.687500
vt 0.375000 0.687500
vt 0.408333 0.312500
vt 0.408333 0.687500
vt 0.425000 0.312500
vt 0.425000 0.687500
vt 0.375000 0.312500
vt 0.391667 0.312500
vt 0.391667 0.687500
vt 0.375000 0.687500
vt 0.408333 0.312500
vt 0.408333 0.687500
vt 0.425000 0.312500
vt 0.425000 0.687500
vn 0.000011 0.972922 -0.231134
vn 0.000011 0.972922 -0.231134
vn 0.000011 0.972922 -0.231134
vn 0.000011 0.972922 -0.231134
vn 0.000012 0.980031 -0.198846
vn 0.000010 0.994417 -0.105523
vn 0.000010 0.994418 -0.105510
vn 0.000012 0.980031 -0.198847
vn 0.000010 0.994417 -0.105523
vn 0.000008 0.999602 -0.028211
vn 0.000008 0.999602 -0.028211
vn 0.000010 0.994418 -0.105510
vn 0.000011 0.983484 -0.180993
vn 0.000011 0.985212 -0.171338
vn 0.000011 0.985208 -0.171360
vn 0.000011 0.983484 -0.180993
vn 0.000011 0.985212 -0.171338
vn 0.000008 0.994417 -0.105523
vn 0.000008 0.994418 -0.105510
vn 0.000011 0.985208 -0.171360
vn 0.000008 0.994417 -0.105523
vn 0.000004 0.999602 -0.028211
vn 0.000004 0.999602 -0.028211
vn 0.000008 0.994418 -0.105510
vn -0.999422 -0.033593 0.005284
vn -0.999422 -0.033593 0.005284
vn -0.999422 -0.033593 0.005284
vn -0.999422 -0.033593 0.005284
vn 0.999547 0.029746 -0.004679
vn 0.999547 0.029746 -0.004679
vn 0.999547 0.029746 -0.004679
vn 0.999547 0.029746 -0.004679
vn 0.000135 0.382369 -0.924010
vn 0.000135 0.382369 -0.924010
vn 0.000135 0.382369 -0.924010
vn 0.000135 0.382369 -0.924010
vn -1.000000 0.000000 0.000000
vn -1.000000 0.000000 0.000000
vn -1.000000 0.000000 0.000000
vn -1.000000 0.000000 0.000000
vn 1.000000 0.000000 0.000000
vn 1.000000 0.000000 0.000000
vn 1.000000 0.000000 0.000000
vn 1.000000 0.000000 0.000000
vn -1.000000 0.000000 -0.000000
vn -1.000000 0.000000 -0.000000
vn -1.000000 0.000000 -0.000000
vn -1.000000 0.000000 -0.000000
vn 1.000000 0.000000 0.000000
vn 1.000000 0.000000 0.000000
vn 1.000000 0.000000 0.000000
vn 1.000000 0.000000 0.000000
s off
g group1 robot:robotpCylinder16
usemtl robot:aiStandardSurface1SG
f 2767/3502/10905 2768/3503/10906 2769/3504/10907 2770/3505/10908
f 2768/3503/10909 2771/3506/10910 2772/3507/10911 2769/3504/10912
f 2771/3506/10913 2773/3508/10914 2774/3509/10915 2772/3507/10916
f 2759/3510/10917 2760/3511/10918 2764/3512/10919 2763/3513/10920
f 2760/3511/10921 2761/3514/10922 2765/3515/10923 2764/3512/10924
f 2761/3514/10925 2762/3516/10926 2766/3517/10927 2765/3515/10928
f 2759/3518/10929 2760/3519/10930 2768/3503/10931 2767/3502/10932
f 2764/3520/10933 2763/3521/10934 2770/3505/10935 2769/3504/10936
f 2763/3521/10937 2759/3518/10938 2767/3502/10939 2770/3505/10940
f 2760/3519/10941 2761/3522/10942 2771/3506/10943 2768/3503/10944
f 2765/3523/10945 2764/3520/10946 2769/3504/10947 2772/3507/10948
f 2761/3522/10949 2762/3524/10950 2773/3508/10951 2771/3506/10952
f 2766/3525/10953 2765/3523/10954 2772/3507/10955 2774/3509/10956
g default
v 2.525520 4.640535 0.483220
v 2.525520 4.610798 0.378706
v 2.525520 4.562363 0.281435
v 2.525520 4.496880 0.194721
v 2.525520 4.416577 0.121515
v 2.525520 4.324191 0.064312
v 2.525520 4.222866 0.025059
v 2.525520 4.116054 0.005092
v 2.525520 4.007391 0.005092
v 2.525520 3.900579 0.025059
v 2.525520 3.799254 0.064312
v 2.525520 3.706868 0.121515
v 2.525520 3.626565 0.194721
v 2.525520 3.561082 0.281435
v 2.525520 3.512647 0.378706
v 2.525520 3.482910 0.483220
v 2.525520 3.472884 0.591419
v 2.525520 3.482910 0.699618
v 2.525520 3.512647 0.804132
v 2.525520 3.561082 0.901403
v 2.525520 3.626565 0.988117
v 2.525520 3.706868 1.061323
v 2.525520 3.799255 1.118526
v 2.525520 3.900579 1.157779
v 2.525520 4.007391 1.177746
v 2.525520 4.116054 1.177746
v 2.525520 4.222866 1.157779
v 2.525520 4.324191 1.118526
v 2.525520 4.416577 1.061322
v 2.525520 4.496880 0.988117
v 2.525520 4.562363 0.901403
v 2.525520 4.610798 0.804132
v 2.525520 4.640535 0.699618
v 2.525520 4.650561 0.591419
v 1.824089 4.640535 0.483220
v 1.824089 4.610798 0.378706
v 1.824089 4.562363 0.281435
v 1.824089 4.496880 0.194721
v 1.824089 4.416577 0.121515
v 1.824089 4.324191 0.064312
v 1.824089 4.222866 0.025059
v 1.824089 4.116054 0.005092
v 1.824089 4.007391 0.005092
v 1.824089 3.900579 0.025059
v 1.824089 3.799254 0.064312
v 1.824089 3.706868 0.121515
v 1.824089 3.626565 0.194721
v 1.824089 3.561082 0.281435
v 1.824089 3.512647 0.378706
v 1.824089 3.482910 0.483220
v 1.824089 3.472884 0.591419
v 1.824089 3.482910 0.699618
v 1.824089 3.512647 0.804132
v 1.824089 3.561082 0.901403
v 1.824089 3.626565 0.988117
v 1.824089 3.706868 1.061323
v 1.824089 3.799255 1.118526
v 1.824089 3.900579 1.157779
v 1.824089 4.007391 1.177746
v 1.824089 4.116054 1.177746
v 1.824089 4.222866 1.157779
v 1.824089 4.324191 1.118526
v 1.824089 4.416577 1.061322
v 1.824089 4.496880 0.988117
v 1.824089 4.562363 0.901403
v 1.824089 4.610798 0.804132
v 1.824089 4.640535 0.699618
v 1.824089 4.650561 0.591419
v 2.525520 4.061723 0.591419
v 1.824089 4.061723 0.591419
vt 0.375000 0.312500
vt 0.382353 0.312500
vt 0.382353 0.687500
vt 0.375000 0.687500
vt 0.389706 0.312500
vt 0.389706 0.687500
vt 0.397059 0.312500
vt 0.397059 0.687500
vt 0.404412 0.312500
vt 0.404412 0.687500
vt 0.411765 0.312500
vt 0.411765 0.687500
vt 0.419118 0.312500
vt 0.419118 0.687500
vt 0.426471 0.312500
vt 0.426471 0.687500
vt 0.433824 0.312500
vt 0.433824 0.687500
vt 0.441177 0.312500
vt 0.441177 0.687500
vt 0.448529 0.312500
vt 0.448529 0.687500
vt 0.455882 0.312500
vt 0.455882 0.687500
vt 0.463235 0.312500
vt 0.463235 0.687500
vt 0.470588 0.312500
vt 0.470588 0.687500
vt 0.477941 0.312500
vt 0.477941 0.687500
vt 0.485294 0.312500
vt 0.485294 0.687500
vt 0.492647 0.312500
vt 0.492647 0.687500
vt 0.500000 0.312500
vt 0.500000 0.687500
vt 0.507353 0.312500
vt 0.507353 0.687500
vt 0.514706 0.312500
vt 0.514706 0.687500
vt 0.522059 0.312500
vt 0.522059 0.687500
vt 0.529412 0.312500
vt 0.529412 0.687500
vt 0.536765 0.312500
vt 0.536765 0.687500
vt 0.544118 0.312500
vt 0.544118 0.687500
vt 0.551471 0.312500
vt 0.551471 0.687500
vt 0.558824 0.312500
vt 0.558824 0.687500
vt 0.566177 0.312500
vt 0.566177 0.687500
vt 0.573530 0.312500
vt 0.573530 0.687500
vt 0.580883 0.312500
vt 0.580883 0.687500
vt 0.588235 0.312500
vt 0.588235 0.687500
vt 0.595588 0.312500
vt 0.595588 0.687500
vt 0.602941 0.312500
vt 0.602941 0.687500
vt 0.610294 0.312500
vt 0.610294 0.687500
vt 0.617647 0.312500
vt 0.617647 0.687500
vt 0.625000 0.312500
vt 0.625000 0.687500
vt 0.645699 0.099806
vt 0.653590 0.127539
vt 0.500000 0.156250
vt 0.632846 0.073995
vt 0.615470 0.050985
vt 0.594162 0.031560
vt 0.569647 0.016381
vt 0.542760 0.005965
vt 0.514417 0.000667
vt 0.485583 0.000667
vt 0.457240 0.005965
vt 0.430353 0.016381
vt 0.405838 0.031560
vt 0.384530 0.050985
vt 0.367154 0.073995
vt 0.354301 0.099806
vt 0.346410 0.127539
vt 0.343750 0.156250
vt 0.346410 0.184961
vt 0.354301 0.212694
vt 0.367154 0.238505
vt 0.384530 0.261515
vt 0.405838 0.280940
vt 0.430353 0.296119
vt 0.457240 0.306535
vt 0.485583 0.311833
vt 0.514417 0.311833
vt 0.542760 0.306535
vt 0.569647 0.296119
vt 0.594162 0.280940
vt 0.615470 0.261515
vt 0.632846 0.238505
vt 0.645699 0.212694
vt 0.653590 0.184961
vt 0.656250 0.156250
vt 0.653590 0.872461
vt 0.645699 0.900194
vt 0.500000 0.843750
vt 0.632846 0.926005
vt 0.615470 0.949015
vt 0.594162 0.968440
vt 0.569647 0.983619
vt 0.542760 0.994035
vt 0.514417 0.999333
vt 0.485583 0.999333
vt 0.457240 0.994035
vt 0.430353 0.983619
vt 0.405838 0.968440
vt 0.384530 0.949015
vt 0.367154 0.926005
vt 0.354301 0.900194
vt 0.346410 0.872461
vt 0.343750 0.843750
vt 0.346410 0.815039
vt 0.354301 0.787306
vt 0.367154 0.761495
vt 0.384530 0.738485
vt 0.405838 0.719060
vt 0.430353 0.703881
vt 0.457240 0.693465
vt 0.485583 0.688167
vt 0.514417 0.688167
vt 0.542760 0.693465
vt 0.569647 0.703881
vt 0.594162 0.719060
vt 0.615470 0.738485
vt 0.632846 0.761495
vt 0.645699 0.787306
vt 0.653590 0.815039
vt 0.656250 0.843750
vn 0.000000 0.961826 -0.273663
vn 0.000000 0.961826 -0.273663
vn 0.000000 0.961826 -0.273663
vn 0.000000 0.961826 -0.273663
vn 0.000000 0.932472 -0.361242
vn 0.000000 0.850217 -0.526432
vn 0.000000 0.850217 -0.526432
vn 0.000000 0.932472 -0.361242
vn 0.000000 0.850217 -0.526432
vn 0.000000 0.739009 -0.673696
vn 0.000000 0.739009 -0.673696
vn 0.000000 0.850217 -0.526432
vn 0.000000 0.739009 -0.673696
vn 0.000000 0.602635 -0.798017
vn 0.000000 0.602635 -0.798017
vn 0.000000 0.739009 -0.673696
vn 0.000000 0.602635 -0.798017
vn 0.000000 0.445738 -0.895163
vn 0.000000 0.445738 -0.895163
vn 0.000000 0.602635 -0.798017
vn 0.000000 0.445738 -0.895163
vn 0.000000 0.273663 -0.961826
vn 0.000000 0.273663 -0.961826
vn 0.000000 0.445738 -0.895163
vn 0.000000 0.273663 -0.961826
vn 0.000000 0.092268 -0.995734
vn 0.000000 0.092268 -0.995734
vn 0.000000 0.273663 -0.961826
vn 0.000000 0.092268 -0.995734
vn 0.000000 -0.092269 -0.995734
vn 0.000000 -0.092269 -0.995734
vn 0.000000 0.092268 -0.995734
vn 0.000000 -0.092269 -0.995734
vn 0.000000 -0.273663 -0.961826
vn 0.000000 -0.273663 -0.961826
vn 0.000000 -0.092269 -0.995734
vn 0.000000 -0.273663 -0.961826
vn 0.000000 -0.445738 -0.895163
vn 0.000000 -0.445738 -0.895163
vn 0.000000 -0.273663 -0.961826
vn 0.000000 -0.445738 -0.895163
vn 0.000000 -0.602635 -0.798017
vn 0.000000 -0.602635 -0.798017
vn 0.000000 -0.445738 -0.895163
vn 0.000000 -0.602635 -0.798017
vn 0.000000 -0.739009 -0.673696
vn 0.000000 -0.739009 -0.673696
vn 0.000000 -0.602635 -0.798017
vn 0.000000 -0.739009 -0.673696
vn 0.000000 -0.850217 -0.526432
vn 0.000000 -0.850217 -0.526432
vn 0.000000 -0.739009 -0.673696
vn 0.000000 -0.850217 -0.526432
vn 0.000000 -0.932472 -0.361242
vn 0.000000 -0.932472 -0.361242
vn 0.000000 -0.850217 -0.526432
vn 0.000000 -0.932472 -0.361242
vn 0.000000 -0.982973 -0.183750
vn 0.000000 -0.982973 -0.183750
vn 0.000000 -0.932472 -0.361242
vn 0.000000 -0.982973 -0.183750
vn 0.000000 -1.000000 0.000000
vn 0.000000 -1.000000 0.000000
vn 0.000000 -0.982973 -0.183750
vn 0.000000 -1.000000 0.000000
vn 0.000000 -0.982973 0.183749
vn 0.000000 -0.982973 0.183749
vn 0.000000 -1.000000 0.000000
vn 0.000000 -0.982973 0.183749
vn 0.000000 -0.932472 0.361242
vn 0.000000 -0.932472 0.361242
vn 0.000000 -0.982973 0.183749
vn 0.000000 -0.932472 0.361242
vn 0.000000 -0.850217 0.526432
vn 0.000000 -0.850217 0.526432
vn 0.000000 -0.932472 0.361242
vn 0.000000 -0.850217 0.526432
vn 0.000000 -0.739009 0.673696
vn 0.000000 -0.739009 0.673696
vn 0.000000 -0.850217 0.526432
vn 0.000000 -0.739009 0.673696
vn 0.000000 -0.602635 0.798017
vn 0.000000 -0.602635 0.798017
vn 0.000000 -0.739009 0.673696
vn 0.000000 -0.602635 0.798017
vn 0.000000 -0.445738 0.895163
vn 0.000000 -0.445738 0.895163
vn 0.000000 -0.602635 0.798017
vn 0.000000 -0.445738 0.895163
vn 0.000000 -0.273663 0.961826
vn 0.000000 -0.273663 0.961826
vn 0.000000 -0.445738 0.895163
vn 0.000000 -0.273663 0.961826
vn 0.000000 -0.092268 0.995734
vn 0.000000 -0.092268 0.995734
vn 0.000000 -0.273663 0.961826
vn 0.000000 -0.092268 0.995734
vn 0.000000 0.092269 0.995734
vn 0.000000 0.092269 0.995734
vn 0.000000 -0.092268 0.995734
vn 0.000000 0.092269 0.995734
vn 0.000000 0.273663 0.961826
vn 0.000000 0.273663 0.961826
vn 0.000000 0.092269 0.995734
vn 0.000000 0.273663 0.961826
vn 0.000000 0.445738 0.895163
vn 0.000000 0.445738 0.895163
vn 0.000000 0.273663 0.961826
vn 0.000000 0.445738 0.895163
vn 0.000000 0.602635 0.798017
vn 0.000000 0.602635 0.798017
vn 0.000000 0.445738 0.895163
vn 0.000000 0.602635 0.798017
vn 0.000000 0.739009 0.673696
vn 0.000000 0.739009 0.673696
vn 0.000000 0.602635 0.798017
vn 0.000000 0.739009 0.673696
vn 0.000000 0.850217 0.526432
vn 0.000000 0.850217 0.526432
vn 0.000000 0.739009 0.673696
vn 0.000000 0.850217 0.526432
vn 0.000000 0.932472 0.361242
vn 0.000000 0.932472 0.361242
vn 0.000000 0.850217 0.526432
vn 0.000000 0.932472 0.361242
vn 0.000000 0.982973 0.183750
vn 0.000000 0.982973 0.183750
vn 0.000000 0.932472 0.361242
vn 0.000000 0.982973 0.183750
vn 0.000000 1.000000 0.000000
vn 0.000000 1.000000 0.000000
vn 0.000000 0.982973 0.183750
vn 0.000000 1.000000 0.000000
vn 0.000000 0.982973 -0.183750
vn 0.000000 0.982973 -0.183750
vn 0.000000 1.000000 0.000000
vn 1.000000 0.000000 0.000000
vn 1.000000 0.000000 0.000000
vn 1.000000 0.000000 0.000000
vn 1.000000 0.000000 0.000000
vn 1.000000 0.000000 0.000000
vn 1.000000 0.000000 0.000000
vn 1.000000 0.000000 0.000000
vn 1.000000 0.000000 0.000000
vn 1.000000 0.000000 0.000000
vn 1.000000 0.000000 0.000000
vn 1.000000 0.000000 0.000000
vn 1.000000 0.000000 0.000000
vn 1.000000 0.000000 0.000000
vn 1.000000 0.000000 0.000000
vn 1.000000 0.000000 0.000000
vn 1.000000 0.000000 0.000000
vn 1.000000 0.000000 0.000000
vn 1.000000 0.000000 0.000000
vn 1.000000 0.000000 0.000000
vn 1.000000 0.000000 0.000000
vn 1.000000 0.000000 0.000000
vn 1.000000 0.000000 0.000000
vn 1.000000 0.000000 0.000000
vn 1.000000 0.000000 0.000000
vn 1.000000 0.000000 0.000000
vn 1.000000 0.000000 0.000000
vn 1.000000 0.000000 0.000000
vn 1.000000 0.000000 0.000000
vn 1.000000 0.000000 0.000000
vn 1.000000 0.000000 0.000000
vn 1.000000 0.000000 0.000000
vn 1.000000 0.000000 0.000000
vn 1.000000 0.000000 0.000000
vn 1.000000 0.000000 0.000000
vn 1.000000 0.000000 0.000000
vn 1.000000 0.000000 0.000000
vn 1.000000 0.000000 0.000000
vn 1.000000 0.000000 0.000000
vn 1.000000 0.000000 0.000000
vn 1.000000 0.000000 0.000000
vn 1.000000 0.000000 0.000000
vn 1.000000 0.000000 0.000000
vn 1.000000 0.000000 0.000000
vn 1.000000 0.000000 0.000000
vn 1.000000 0.000000 0.000000
vn 1.000000 0.000000 0.000000
vn 1.000000 0.000000 0.000000
vn 1.000000 0.000000 0.000000
vn 1.000000 0.000000 0.000000
vn 1.000000 0.000000 0.000000
vn 1.000000 0.000000 0.000000
vn 1.000000 0.000000 0.000000
vn 1.000000 0.000000 0.000000
vn 1.000000 0.000000 0.000000
vn 1.000000 0.000000 0.000000
vn 1.000000 0.000000 0.000000
vn 1.000000 0.000000 0.000000
vn 1.000000 0.000000 0.000000
vn 1.000000 0.000000 0.000000
vn 1.000000 0.000000 0.000000
vn 1.000000 0.000000 0.000000
vn 1.000000 0.000000 0.000000
vn 1.000000 0.000000 0.000000
vn 1.000000 0.000000 0.000000
vn 1.000000 0.000000 0.000000
vn 1.000000 0.000000 0.000000
vn 1.000000 0.000000 0.000000
vn 1.000000 0.000000 0.000000
vn 1.000000 0.000000 0.000000
vn 1.000000 0.000000 0.000000
vn 1.000000 0.000000 0.000000
vn 1.000000 0.000000 0.000000
vn 1.000000 0.000000 0.000000
vn 1.000000 0.000000 0.000000
vn 1.000000 0.000000 0.000000
vn 1.000000 0.000000 0.000000
vn 1.000000 0.000000 0.000000
vn 1.000000 0.000000 0.000000
vn 1.000000 0.000000 0.000000
vn 1.000000 0.000000 0.000000
vn 1.000000 0.000000 0.000000
vn 1.000000 0.000000 0.000000
vn 1.000000 0.000000 0.000000
vn 1.000000 0.000000 0.000000
vn 1.000000 0.000000 0.000000
vn 1.000000 0.000000 0.000000
vn 1.000000 0.000000 0.000000
vn 1.000000 0.000000 0.000000
vn 1.000000 0.000000 0.000000
vn 1.000000 0.000000 0.000000
vn 1.000000 0.000000 0.000000
vn 1.000000 0.000000 0.000000
vn 1.000000 0.000000 0.000000
vn 1.000000 0.000000 0.000000
vn 1.000000 0.000000 0.000000
vn 1.000000 0.000000 0.000000
vn 1.000000 0.000000 0.000000
vn 1.000000 0.000000 0.000000
vn 1.000000 0.000000 0.000000
vn 1.000000 0.000000 0.000000
vn 1.000000 0.000000 0.000000
vn 1.000000 0.000000 0.000000
vn -1.000000 0.000000 0.000000
vn -1.000000 0.000000 0.000000
vn -1.000000 0.000000 0.000000
vn -1.000000 0.000000 0.000000
vn -1.000000 0.000000 0.000000
vn -1.000000 0.000000 0.000000
vn -1.000000 0.000000 0.000000
vn -1.000000 0.000000 0.000000
vn -1.000000 0.000000 0.000000
vn -1.000000 0.000000 0.000000
vn -1.000000 0.000000 0.000000
vn -1.000000 0.000000 0.000000
vn -1.000000 0.000000 0.000000
vn -1.000000 0.000000 0.000000
vn -1.000000 0.000000 0.000000
vn -1.000000 0.000000 0.000000
vn -1.000000 0.000000 0.000000
vn -1.000000 0.000000 0.000000
vn -1.000000 0.000000 0.000000
vn -1.000000 0.000000 0.000000
vn -1.000000 0.000000 0.000000
vn -1.000000 0.000000 0.000000
vn -1.000000 0.000000 0.000000
vn -1.000000 0.000000 0.000000
vn -1.000000 0.000000 0.000000
vn -1.000000 0.000000 0.000000
vn -1.000000 0.000000 0.000000
vn -1.000000 0.000000 0.000000
vn -1.000000 0.000000 0.000000
vn -1.000000 0.000000 0.000000
vn -1.000000 0.000000 0.000000
vn -1.000000 0.000000 0.000000
vn -1.000000 0.000000 0.000000
vn -1.000000 0.000000 0.000000
vn -1.000000 0.000000 0.000000
vn -1.000000 0.000000 0.000000
vn -1.000000 0.000000 0.000000
vn -1.000000 0.000000 0.000000
vn -1.000000 0.000000 0.000000
vn -1.000000 0.000000 0.000000
vn -1.000000 0.000000 0.000000
vn -1.000000 0.000000 0.000000
vn -1.000000 0.000000 0.000000
vn -1.000000 0.000000 0.000000
vn -1.000000 0.000000 0.000000
vn -1.000000 0.000000 0.000000
vn -1.000000 0.000000 0.000000
vn -1.000000 0.000000 0.000000
vn -1.000000 0.000000 0.000000
vn -1.000000 0.000000 0.000000
vn -1.000000 0.000000 0.000000
vn -1.000000 0.000000 0.000000
vn -1.000000 0.000000 0.000000
vn -1.000000 0.000000 0.000000
vn -1.000000 0.000000 0.000000
vn -1.000000 0.000000 0.000000
vn -1.000000 0.000000 0.000000
vn -1.000000 0.000000 0.000000
vn -1.000000 0.000000 0.000000
vn -1.000000 0.000000 0.000000
vn -1.000000 0.000000 0.000000
vn -1.000000 0.000000 0.000000
vn -1.000000 0.000000 0.000000
vn -1.000000 0.000000 0.000000
vn -1.000000 0.000000 0.000000
vn -1.000000 0.000000 0.000000
vn -1.000000 0.000000 0.000000
vn -1.000000 0.000000 0.000000
vn -1.000000 0.000000 0.000000
vn -1.000000 0.000000 0.000000
vn -1.000000 0.000000 0.000000
vn -1.000000 0.000000 0.000000
vn -1.000000 0.000000 0.000000
vn -1.000000 0.000000 0.000000
vn -1.000000 0.000000 0.000000
vn -1.000000 0.000000 0.000000
vn -1.000000 0.000000 0.000000
vn -1.000000 0.000000 0.000000
vn -1.000000 0.000000 0.000000
vn -1.000000 0.000000 0.000000
vn -1.000000 0.000000 0.000000
vn -1.000000 0.000000 0.000000
vn -1.000000 0.000000 0.000000
vn -1.000000 0.000000 0.000000
vn -1.000000 0.000000 0.000000
vn -1.000000 0.000000 0.000000
vn -1.000000 0.000000 0.000000
vn -1.000000 0.000000 0.000000
vn -1.000000 0.000000 0.000000
vn -1.000000 0.000000 0.000000
vn -1.000000 0.000000 0.000000
vn -1.000000 0.000000 0.000000
vn -1.000000 0.000000 0.000000
vn -1.000000 0.000000 0.000000
vn -1.000000 0.000000 0.000000
vn -1.000000 0.000000 0.000000
vn -1.000000 0.000000 0.000000
vn -1.000000 0.000000 0.000000
vn -1.000000 0.000000 0.000000
vn -1.000000 0.000000 0.000000
vn -1.000000 0.000000 0.000000
vn -1.000000 0.000000 0.000000
s off
g group1 robot:robotpCylinder2
usemtl robot:initialShadingGroup
f 2775/3526/10957 2776/3527/10958 2810/3528/10959 2809/3529/10960
f 2776/3527/10961 2777/3530/10962 2811/3531/10963 2810/3528/10964
f 2777/3530/10965 2778/3532/10966 2812/3533/10967 2811/3531/10968
f 2778/3532/10969 2779/3534/10970 2813/3535/10971 2812/3533/10972
f 2779/3534/10973 2780/3536/10974 2814/3537/10975 2813/3535/10976
f 2780/3536/10977 2781/3538/10978 2815/3539/10979 2814/3537/10980
f 2781/3538/10981 2782/3540/10982 2816/3541/10983 2815/3539/10984
f 2782/3540/10985 2783/3542/10986 2817/3543/10987 2816/3541/10988
f 2783/3542/10989 2784/3544/10990 2818/3545/10991 2817/3543/10992
f 2784/3544/10993 2785/3546/10994 2819/3547/10995 2818/3545/10996
f 2785/3546/10997 2786/3548/10998 2820/3549/10999 2819/3547/11000
f 2786/3548/11001 2787/3550/11002 2821/3551/11003 2820/3549/11004
f 2787/3550/11005 2788/3552/11006 2822/3553/11007 2821/3551/11008
f 2788/3552/11009 2789/3554/11010 2823/3555/11011 2822/3553/11012
f 2789/3554/11013 2790/3556/11014 2824/3557/11015 2823/3555/11016
f 2790/3556/11017 2791/3558/11018 2825/3559/11019 2824/3557/11020
f 2791/3558/11021 2792/3560/11022 2826/3561/11023 2825/3559/11024
f 2792/3560/11025 2793/3562/11026 2827/3563/11027 2826/3561/11028
f 2793/3562/11029 2794/3564/11030 2828/3565/11031 2827/3563/11032
f 2794/3564/11033 2795/3566/11034 2829/3567/11035 2828/3565/11036
f 2795/3566/11037 2796/3568/11038 2830/3569/11039 2829/3567/11040
f 2796/3568/11041 2797/3570/11042 2831/3571/11043 2830/3569/11044
f 2797/3570/11045 2798/3572/11046 2832/3573/11047 2831/3571/11048
f 2798/3572/11049 2799/3574/11050 2833/3575/11051 2832/3573/11052
f 2799/3574/11053 2800/3576/11054 2834/3577/11055 2833/3575/11056
f 2800/3576/11057 2801/3578/11058 2835/3579/11059 2834/3577/11060
f 2801/3578/11061 2802/3580/11062 2836/3581/11063 2835/3579/11064
f 2802/3580/11065 2803/3582/11066 2837/3583/11067 2836/3581/11068
f 2803/3582/11069 2804/3584/11070 2838/3585/11071 2837/3583/11072
f 2804/3584/11073 2805/3586/11074 2839/3587/11075 2838/3585/11076
f 2805/3586/11077 2806/3588/11078 2840/3589/11079 2839/3587/11080
f 2806/3588/11081 2807/3590/11082 2841/3591/11083 2840/3589/11084
f 2807/3590/11085 2808/3592/11086 2842/3593/11087 2841/3591/11088
f 2808/3592/11089 2775/3594/11090 2809/3595/11091 2842/3593/11092
f 2776/3596/11093 2775/3597/11094 2843/3598/11095
f 2777/3599/11096 2776/3596/11097 2843/3598/11098
f 2778/3600/11099 2777/3599/11100 2843/3598/11101
f 2779/3601/11102 2778/3600/11103 2843/3598/11104
f 2780/3602/11105 2779/3601/11106 2843/3598/11107
f 2781/3603/11108 2780/3602/11109 2843/3598/11110
f 2782/3604/11111 2781/3603/11112 2843/3598/11113
f 2783/3605/11114 2782/3604/11115 2843/3598/11116
f 2784/3606/11117 2783/3605/11118 2843/3598/11119
f 2785/3607/11120 2784/3606/11121 2843/3598/11122
f 2786/3608/11123 2785/3607/11124 2843/3598/11125
f 2787/3609/11126 2786/3608/11127 2843/3598/11128
f 2788/3610/11129 2787/3609/11130 2843/3598/11131
f 2789/3611/11132 2788/3610/11133 2843/3598/11134
f 2790/3612/11135 2789/3611/11136 2843/3598/11137
f 2791/3613/11138 2790/3612/11139 2843/3598/11140
f 2792/3614/11141 2791/3613/11142 2843/3598/11143
f 2793/3615/11144 2792/3614/11145 2843/3598/11146
f 2794/3616/11147 2793/3615/11148 2843/3598/11149
f 2795/3617/11150 2794/3616/11151 2843/3598/11152
f 2796/3618/11153 2795/3617/11154 2843/3598/11155
f 2797/3619/11156 2796/3618/11157 2843/3598/11158
f 2798/3620/11159 2797/3619/11160 2843/3598/11161
f 2799/3621/11162 2798/3620/11163 2843/3598/11164
f 2800/3622/11165 2799/3621/11166 2843/3598/11167
f 2801/3623/11168 2800/3622/11169 2843/3598/11170
f 2802/3624/11171 2801/3623/11172 2843/3598/11173
f 2803/3625/11174 2802/3624/11175 2843/3598/11176
f 2804/3626/11177 2803/3625/11178 2843/3598/11179
f 2805/3627/11180 2804/3626/11181 2843/3598/11182
f 2806/3628/11183 2805/3627/11184 2843/3598/11185
f 2807/3629/11186 2806/3628/11187 2843/3598/11188
f 2808/3630/11189 2807/3629/11190 2843/3598/11191
f 2775/3597/11192 2808/3630/11193 2843/3598/11194
f 2809/3631/11195 2810/3632/11196 2844/3633/11197
f 2810/3632/11198 2811/3634/11199 2844/3633/11200
f 2811/3634/11201 2812/3635/11202 2844/3633/11203
f 2812/3635/11204 2813/3636/11205 2844/3633/11206
f 2813/3636/11207 2814/3637/11208 2844/3633/11209
f 2814/3637/11210 2815/3638/11211 2844/3633/11212
f 2815/3638/11213 2816/3639/11214 2844/3633/11215
f 2816/3639/11216 2817/3640/11217 2844/3633/11218
f 2817/3640/11219 2818/3641/11220 2844/3633/11221
f 2818/3641/11222 2819/3642/11223 2844/3633/11224
f 2819/3642/11225 2820/3643/11226 2844/3633/11227
f 2820/3643/11228 2821/3644/11229 2844/3633/11230
f 2821/3644/11231 2822/3645/11232 2844/3633/11233
f 2822/3645/11234 2823/3646/11235 2844/3633/11236
f 2823/3646/11237 2824/3647/11238 2844/3633/11239
f 2824/3647/11240 2825/3648/11241 2844/3633/11242
f 2825/3648/11243 2826/3649/11244 2844/3633/11245
f 2826/3649/11246 2827/3650/11247 2844/3633/11248
f 2827/3650/11249 2828/3651/11250 2844/3633/11251
f 2828/3651/11252 2829/3652/11253 2844/3633/11254
f 2829/3652/11255 2830/3653/11256 2844/3633/11257
f 2830/3653/11258 2831/3654/11259 2844/3633/11260
f 2831/3654/11261 2832/3655/11262 2844/3633/11263
f 2832/3655/11264 2833/3656/11265 2844/3633/11266
f 2833/3656/11267 2834/3657/11268 2844/3633/11269
f 2834/3657/11270 2835/3658/11271 2844/3633/11272
f 2835/3658/11273 2836/3659/11274 2844/3633/11275
f 2836/3659/11276 2837/3660/11277 2844/3633/11278
f 2837/3660/11279 2838/3661/11280 2844/3633/11281
f 2838/3661/11282 2839/3662/11283 2844/3633/11284
f 2839/3662/11285 2840/3663/11286 2844/3633/11287
f 2840/3663/11288 2841/3664/11289 2844/3633/11290
f 2841/3664/11291 2842/3665/11292 2844/3633/11293
f 2842/3665/11294 2809/3631/11295 2844/3633/11296
